Fitter report for taxi
Sun Apr 20 21:34:17 2025
Quartus II 64-Bit Version 13.0.1 Build 232 06/12/2013 Service Pack 1 SJ Web Edition


---------------------
; Table of Contents ;
---------------------
  1. Legal Notice
  2. Fitter Summary
  3. Fitter Settings
  4. Parallel Compilation
  5. Incremental Compilation Preservation Summary
  6. Incremental Compilation Partition Settings
  7. Incremental Compilation Placement Preservation
  8. Pin-Out File
  9. Fitter Resource Usage Summary
 10. Fitter Partition Statistics
 11. Input Pins
 12. Output Pins
 13. I/O Bank Usage
 14. All Package Pins
 15. Output Pin Default Load For Reported TCO
 16. Fitter Resource Utilization by Entity
 17. Delay Chain Summary
 18. Pad To Core Delay Chain Fanout
 19. Control Signals
 20. Global & Other Fast Signals
 21. Non-Global High Fan-Out Signals
 22. Other Routing Usage Summary
 23. LAB Logic Elements
 24. LAB-wide Signals
 25. LAB Signals Sourced
 26. LAB Signals Sourced Out
 27. LAB Distinct Inputs
 28. Fitter Device Options
 29. Operating Settings and Conditions
 30. Estimated Delay Added for Hold Timing Summary
 31. Estimated Delay Added for Hold Timing Details
 32. Fitter Messages
 33. Fitter Suppressed Messages



----------------
; Legal Notice ;
----------------
Copyright (C) 1991-2013 Altera Corporation
Your use of Altera Corporation's design tools, logic functions 
and other software and tools, and its AMPP partner logic 
functions, and any output files from any of the foregoing 
(including device programming or simulation files), and any 
associated documentation or information are expressly subject 
to the terms and conditions of the Altera Program License 
Subscription Agreement, Altera MegaCore Function License 
Agreement, or other applicable license agreement, including, 
without limitation, that your use is for the sole purpose of 
programming logic devices manufactured by Altera and sold by 
Altera or its authorized distributors.  Please refer to the 
applicable agreement for further details.



+--------------------------------------------------------------------------------------+
; Fitter Summary                                                                       ;
+------------------------------------+-------------------------------------------------+
; Fitter Status                      ; Successful - Sun Apr 20 21:34:17 2025           ;
; Quartus II 64-Bit Version          ; 13.0.1 Build 232 06/12/2013 SP 1 SJ Web Edition ;
; Revision Name                      ; taxi                                            ;
; Top-level Entity Name              ; taxi                                            ;
; Family                             ; Cyclone II                                      ;
; Device                             ; EP2C70F896C6                                    ;
; Timing Models                      ; Final                                           ;
; Total logic elements               ; 9,128 / 68,416 ( 13 % )                         ;
;     Total combinational functions  ; 9,091 / 68,416 ( 13 % )                         ;
;     Dedicated logic registers      ; 229 / 68,416 ( < 1 % )                          ;
; Total registers                    ; 229                                             ;
; Total pins                         ; 81 / 622 ( 13 % )                               ;
; Total virtual pins                 ; 0                                               ;
; Total memory bits                  ; 0 / 1,152,000 ( 0 % )                           ;
; Embedded Multiplier 9-bit elements ; 0 / 300 ( 0 % )                                 ;
; Total PLLs                         ; 0 / 4 ( 0 % )                                   ;
+------------------------------------+-------------------------------------------------+


+----------------------------------------------------------------------------------------------------------------------------------------------+
; Fitter Settings                                                                                                                              ;
+----------------------------------------------------------------------------+--------------------------------+--------------------------------+
; Option                                                                     ; Setting                        ; Default Value                  ;
+----------------------------------------------------------------------------+--------------------------------+--------------------------------+
; Device                                                                     ; EP2C70F896C6                   ;                                ;
; Minimum Core Junction Temperature                                          ; 0                              ;                                ;
; Maximum Core Junction Temperature                                          ; 85                             ;                                ;
; Fit Attempts to Skip                                                       ; 0                              ; 0.0                            ;
; Device I/O Standard                                                        ; 3.3-V LVTTL                    ;                                ;
; Use smart compilation                                                      ; Off                            ; Off                            ;
; Enable parallel Assembler and TimeQuest Timing Analyzer during compilation ; On                             ; On                             ;
; Enable compact report table                                                ; Off                            ; Off                            ;
; Auto Merge PLLs                                                            ; On                             ; On                             ;
; Ignore PLL Mode When Merging PLLs                                          ; Off                            ; Off                            ;
; Router Timing Optimization Level                                           ; Normal                         ; Normal                         ;
; Placement Effort Multiplier                                                ; 1.0                            ; 1.0                            ;
; Router Effort Multiplier                                                   ; 1.0                            ; 1.0                            ;
; Always Enable Input Buffers                                                ; Off                            ; Off                            ;
; Optimize Hold Timing                                                       ; IO Paths and Minimum TPD Paths ; IO Paths and Minimum TPD Paths ;
; Optimize Multi-Corner Timing                                               ; On                             ; On                             ;
; PowerPlay Power Optimization                                               ; Normal compilation             ; Normal compilation             ;
; Optimize Timing                                                            ; Normal compilation             ; Normal compilation             ;
; Optimize Timing for ECOs                                                   ; Off                            ; Off                            ;
; Regenerate full fit report during ECO compiles                             ; Off                            ; Off                            ;
; Optimize IOC Register Placement for Timing                                 ; Normal                         ; Normal                         ;
; Limit to One Fitting Attempt                                               ; Off                            ; Off                            ;
; Final Placement Optimizations                                              ; Automatically                  ; Automatically                  ;
; Fitter Aggressive Routability Optimizations                                ; Automatically                  ; Automatically                  ;
; Fitter Initial Placement Seed                                              ; 1                              ; 1                              ;
; PCI I/O                                                                    ; Off                            ; Off                            ;
; Weak Pull-Up Resistor                                                      ; Off                            ; Off                            ;
; Enable Bus-Hold Circuitry                                                  ; Off                            ; Off                            ;
; Auto Global Memory Control Signals                                         ; Off                            ; Off                            ;
; Auto Packed Registers                                                      ; Auto                           ; Auto                           ;
; Auto Delay Chains                                                          ; On                             ; On                             ;
; Auto Delay Chains for High Fanout Input Pins                               ; Off                            ; Off                            ;
; Perform Physical Synthesis for Combinational Logic for Fitting             ; Off                            ; Off                            ;
; Perform Physical Synthesis for Combinational Logic for Performance         ; Off                            ; Off                            ;
; Perform Register Duplication for Performance                               ; Off                            ; Off                            ;
; Perform Logic to Memory Mapping for Fitting                                ; Off                            ; Off                            ;
; Perform Register Retiming for Performance                                  ; Off                            ; Off                            ;
; Perform Asynchronous Signal Pipelining                                     ; Off                            ; Off                            ;
; Fitter Effort                                                              ; Auto Fit                       ; Auto Fit                       ;
; Physical Synthesis Effort Level                                            ; Normal                         ; Normal                         ;
; Auto Global Clock                                                          ; On                             ; On                             ;
; Auto Global Register Control Signals                                       ; On                             ; On                             ;
; Force Fitter to Avoid Periphery Placement Warnings                         ; Off                            ; Off                            ;
+----------------------------------------------------------------------------+--------------------------------+--------------------------------+


Parallel compilation was disabled, but you have multiple processors available. Enable parallel compilation to reduce compilation time.
+-------------------------------------+
; Parallel Compilation                ;
+----------------------------+--------+
; Processors                 ; Number ;
+----------------------------+--------+
; Number detected on machine ; 12     ;
; Maximum allowed            ; 1      ;
+----------------------------+--------+


+----------------------------------------------+
; Incremental Compilation Preservation Summary ;
+---------------------+------------------------+
; Type                ; Value                  ;
+---------------------+------------------------+
; Placement (by node) ;                        ;
;     -- Requested    ; 0 / 9412 ( 0.00 % )    ;
;     -- Achieved     ; 0 / 9412 ( 0.00 % )    ;
;                     ;                        ;
; Routing (by net)    ;                        ;
;     -- Requested    ; 0 / 0 ( 0.00 % )       ;
;     -- Achieved     ; 0 / 0 ( 0.00 % )       ;
+---------------------+------------------------+


+----------------------------------------------------------------------------------------------------------------------------------------------------------------------------------------+
; Incremental Compilation Partition Settings                                                                                                                                             ;
+--------------------------------+----------------+-------------------+-------------------------+------------------------+------------------------------+--------------------------------+
; Partition Name                 ; Partition Type ; Netlist Type Used ; Preservation Level Used ; Netlist Type Requested ; Preservation Level Requested ; Contents                       ;
+--------------------------------+----------------+-------------------+-------------------------+------------------------+------------------------------+--------------------------------+
; Top                            ; User-created   ; Source File       ; N/A                     ; Source File            ; N/A                          ;                                ;
; hard_block:auto_generated_inst ; Auto-generated ; Source File       ; N/A                     ; Source File            ; N/A                          ; hard_block:auto_generated_inst ;
+--------------------------------+----------------+-------------------+-------------------------+------------------------+------------------------------+--------------------------------+


+------------------------------------------------------------------------------------------------------------+
; Incremental Compilation Placement Preservation                                                             ;
+--------------------------------+---------+-------------------+-------------------------+-------------------+
; Partition Name                 ; # Nodes ; # Preserved Nodes ; Preservation Level Used ; Netlist Type Used ;
+--------------------------------+---------+-------------------+-------------------------+-------------------+
; Top                            ; 9410    ; 0                 ; N/A                     ; Source File       ;
; hard_block:auto_generated_inst ; 2       ; 0                 ; N/A                     ; Source File       ;
+--------------------------------+---------+-------------------+-------------------------+-------------------+


+--------------+
; Pin-Out File ;
+--------------+
The pin-out file can be found in D:/FPGA/taxi/output_files/taxi.pin.


+-----------------------------------------------------------------------+
; Fitter Resource Usage Summary                                         ;
+---------------------------------------------+-------------------------+
; Resource                                    ; Usage                   ;
+---------------------------------------------+-------------------------+
; Total logic elements                        ; 9,128 / 68,416 ( 13 % ) ;
;     -- Combinational with no register       ; 8899                    ;
;     -- Register only                        ; 37                      ;
;     -- Combinational with a register        ; 192                     ;
;                                             ;                         ;
; Logic element usage by number of LUT inputs ;                         ;
;     -- 4 input functions                    ; 2451                    ;
;     -- 3 input functions                    ; 2455                    ;
;     -- <=2 input functions                  ; 4185                    ;
;     -- Register only                        ; 37                      ;
;                                             ;                         ;
; Logic elements by mode                      ;                         ;
;     -- normal mode                          ; 6030                    ;
;     -- arithmetic mode                      ; 3061                    ;
;                                             ;                         ;
; Total registers*                            ; 229 / 70,234 ( < 1 % )  ;
;     -- Dedicated logic registers            ; 229 / 68,416 ( < 1 % )  ;
;     -- I/O registers                        ; 0 / 1,818 ( 0 % )       ;
;                                             ;                         ;
; Total LABs:  partially or completely used   ; 667 / 4,276 ( 16 % )    ;
; Virtual pins                                ; 0                       ;
; I/O pins                                    ; 81 / 622 ( 13 % )       ;
;     -- Clock pins                           ; 1 / 8 ( 13 % )          ;
;                                             ;                         ;
; Global signals                              ; 9                       ;
; M4Ks                                        ; 0 / 250 ( 0 % )         ;
; Total block memory bits                     ; 0 / 1,152,000 ( 0 % )   ;
; Total block memory implementation bits      ; 0 / 1,152,000 ( 0 % )   ;
; Embedded Multiplier 9-bit elements          ; 0 / 300 ( 0 % )         ;
; PLLs                                        ; 0 / 4 ( 0 % )           ;
; Global clocks                               ; 9 / 16 ( 56 % )         ;
; JTAGs                                       ; 0 / 1 ( 0 % )           ;
; ASMI blocks                                 ; 0 / 1 ( 0 % )           ;
; CRC blocks                                  ; 0 / 1 ( 0 % )           ;
; Average interconnect usage (total/H/V)      ; 3% / 3% / 3%            ;
; Peak interconnect usage (total/H/V)         ; 21% / 19% / 24%         ;
; Maximum fan-out                             ; 118                     ;
; Highest non-global fan-out                  ; 118                     ;
; Total fan-out                               ; 25722                   ;
; Average fan-out                             ; 2.73                    ;
+---------------------------------------------+-------------------------+
*  Register count does not include registers inside RAM blocks or DSP blocks.



+------------------------------------------------------------------------------------------------------+
; Fitter Partition Statistics                                                                          ;
+---------------------------------------------+-----------------------+--------------------------------+
; Statistic                                   ; Top                   ; hard_block:auto_generated_inst ;
+---------------------------------------------+-----------------------+--------------------------------+
; Difficulty Clustering Region                ; Low                   ; Low                            ;
;                                             ;                       ;                                ;
; Total logic elements                        ; 9128 / 68416 ( 13 % ) ; 0 / 68416 ( 0 % )              ;
;     -- Combinational with no register       ; 8899                  ; 0                              ;
;     -- Register only                        ; 37                    ; 0                              ;
;     -- Combinational with a register        ; 192                   ; 0                              ;
;                                             ;                       ;                                ;
; Logic element usage by number of LUT inputs ;                       ;                                ;
;     -- 4 input functions                    ; 2451                  ; 0                              ;
;     -- 3 input functions                    ; 2455                  ; 0                              ;
;     -- <=2 input functions                  ; 4185                  ; 0                              ;
;     -- Register only                        ; 37                    ; 0                              ;
;                                             ;                       ;                                ;
; Logic elements by mode                      ;                       ;                                ;
;     -- normal mode                          ; 6030                  ; 0                              ;
;     -- arithmetic mode                      ; 3061                  ; 0                              ;
;                                             ;                       ;                                ;
; Total registers                             ; 229                   ; 0                              ;
;     -- Dedicated logic registers            ; 229 / 68416 ( < 1 % ) ; 0 / 68416 ( 0 % )              ;
;                                             ;                       ;                                ;
; Total LABs:  partially or completely used   ; 667 / 4276 ( 16 % )   ; 0 / 4276 ( 0 % )               ;
;                                             ;                       ;                                ;
; Virtual pins                                ; 0                     ; 0                              ;
; I/O pins                                    ; 81                    ; 0                              ;
; Embedded Multiplier 9-bit elements          ; 0 / 300 ( 0 % )       ; 0 / 300 ( 0 % )                ;
; Total memory bits                           ; 0                     ; 0                              ;
; Total RAM block bits                        ; 0                     ; 0                              ;
; Clock control block                         ; 9 / 20 ( 45 % )       ; 0 / 20 ( 0 % )                 ;
;                                             ;                       ;                                ;
; Connections                                 ;                       ;                                ;
;     -- Input Connections                    ; 0                     ; 0                              ;
;     -- Registered Input Connections         ; 0                     ; 0                              ;
;     -- Output Connections                   ; 0                     ; 0                              ;
;     -- Registered Output Connections        ; 0                     ; 0                              ;
;                                             ;                       ;                                ;
; Internal Connections                        ;                       ;                                ;
;     -- Total Connections                    ; 25722                 ; 0                              ;
;     -- Registered Connections               ; 1950                  ; 0                              ;
;                                             ;                       ;                                ;
; External Connections                        ;                       ;                                ;
;     -- Top                                  ; 0                     ; 0                              ;
;     -- hard_block:auto_generated_inst       ; 0                     ; 0                              ;
;                                             ;                       ;                                ;
; Partition Interface                         ;                       ;                                ;
;     -- Input Ports                          ; 17                    ; 0                              ;
;     -- Output Ports                         ; 64                    ; 0                              ;
;     -- Bidir Ports                          ; 0                     ; 0                              ;
;                                             ;                       ;                                ;
; Registered Ports                            ;                       ;                                ;
;     -- Registered Input Ports               ; 0                     ; 0                              ;
;     -- Registered Output Ports              ; 0                     ; 0                              ;
;                                             ;                       ;                                ;
; Port Connectivity                           ;                       ;                                ;
;     -- Input Ports driven by GND            ; 0                     ; 0                              ;
;     -- Output Ports driven by GND           ; 0                     ; 0                              ;
;     -- Input Ports driven by VCC            ; 0                     ; 0                              ;
;     -- Output Ports driven by VCC           ; 0                     ; 0                              ;
;     -- Input Ports with no Source           ; 0                     ; 0                              ;
;     -- Output Ports with no Source          ; 0                     ; 0                              ;
;     -- Input Ports with no Fanout           ; 0                     ; 0                              ;
;     -- Output Ports with no Fanout          ; 0                     ; 0                              ;
+---------------------------------------------+-----------------------+--------------------------------+


+-----------------------------------------------------------------------------------------------------------------------------------------------------------------------------------------------------------------------------------------------------------------+
; Input Pins                                                                                                                                                                                                                                                      ;
+-----------+-------+----------+--------------+--------------+-------------+-----------------------+--------------------+--------+----------------+---------------+-----------------+----------+--------------+--------------+-------------+----------------------+
; Name      ; Pin # ; I/O Bank ; X coordinate ; Y coordinate ; Cell number ; Combinational Fan-Out ; Registered Fan-Out ; Global ; Input Register ; Power Up High ; PCI I/O Enabled ; Bus Hold ; Weak Pull Up ; I/O Standard ; Termination ; Location assigned by ;
+-----------+-------+----------+--------------+--------------+-------------+-----------------------+--------------------+--------+----------------+---------------+-----------------+----------+--------------+--------------+-------------+----------------------+
; A1        ; L7    ; 2        ; 0            ; 43           ; 4           ; 7                     ; 0                  ; no     ; no             ; no            ; no              ; no       ; Off          ; 3.3-V LVTTL  ; Off         ; User                 ;
; A2        ; L4    ; 2        ; 0            ; 36           ; 4           ; 7                     ; 0                  ; no     ; no             ; no            ; no              ; no       ; Off          ; 3.3-V LVTTL  ; Off         ; User                 ;
; CLK       ; AD15  ; 7        ; 49           ; 0            ; 1           ; 1                     ; 0                  ; yes    ; no             ; no            ; no              ; no       ; Off          ; 3.3-V LVTTL  ; Off         ; User                 ;
; CT0       ; AD25  ; 6        ; 95           ; 2            ; 1           ; 7                     ; 0                  ; no     ; no             ; no            ; no              ; no       ; Off          ; 3.3-V LVTTL  ; Off         ; User                 ;
; CT1       ; AD24  ; 6        ; 95           ; 2            ; 2           ; 4                     ; 0                  ; no     ; no             ; no            ; no              ; no       ; Off          ; 3.3-V LVTTL  ; Off         ; User                 ;
; EN        ; AA23  ; 6        ; 95           ; 8            ; 1           ; 46                    ; 0                  ; no     ; no             ; no            ; no              ; no       ; Off          ; 3.3-V LVTTL  ; Off         ; User                 ;
; KEY3      ; U29   ; 6        ; 95           ; 23           ; 2           ; 5                     ; 0                  ; no     ; no             ; no            ; no              ; no       ; Off          ; 3.3-V LVTTL  ; Off         ; User                 ;
; KEY_REST  ; T29   ; 6        ; 95           ; 24           ; 0           ; 1                     ; 0                  ; no     ; no             ; no            ; no              ; no       ; Off          ; 3.3-V LVTTL  ; Off         ; User                 ;
; PAUSE     ; AB25  ; 6        ; 95           ; 8            ; 0           ; 3                     ; 0                  ; no     ; no             ; no            ; no              ; no       ; Off          ; 3.3-V LVTTL  ; Off         ; User                 ;
; SHOW_DIS  ; L8    ; 2        ; 0            ; 43           ; 3           ; 3                     ; 0                  ; no     ; no             ; no            ; no              ; no       ; Off          ; 3.3-V LVTTL  ; Off         ; User                 ;
; SHOW_LAST ; T9    ; 1        ; 0            ; 22           ; 0           ; 3                     ; 0                  ; no     ; no             ; no            ; no              ; no       ; Off          ; 3.3-V LVTTL  ; Off         ; User                 ;
; SP1       ; AC27  ; 6        ; 95           ; 11           ; 1           ; 0                     ; 0                  ; no     ; no             ; no            ; no              ; no       ; Off          ; 3.3-V LVTTL  ; Off         ; User                 ;
; SP2       ; AC26  ; 6        ; 95           ; 4            ; 0           ; 18                    ; 0                  ; no     ; no             ; no            ; no              ; no       ; Off          ; 3.3-V LVTTL  ; Off         ; User                 ;
; SP3       ; AC24  ; 6        ; 95           ; 3            ; 3           ; 18                    ; 0                  ; no     ; no             ; no            ; no              ; no       ; Off          ; 3.3-V LVTTL  ; Off         ; User                 ;
; SP4       ; AC23  ; 6        ; 95           ; 2            ; 0           ; 14                    ; 0                  ; no     ; no             ; no            ; no              ; no       ; Off          ; 3.3-V LVTTL  ; Off         ; User                 ;
; START     ; AB26  ; 6        ; 95           ; 9            ; 2           ; 5                     ; 0                  ; no     ; no             ; no            ; no              ; no       ; Off          ; 3.3-V LVTTL  ; Off         ; User                 ;
; SW_SUM    ; L5    ; 2        ; 0            ; 41           ; 1           ; 4                     ; 0                  ; no     ; no             ; no            ; no              ; no       ; Off          ; 3.3-V LVTTL  ; Off         ; User                 ;
+-----------+-------+----------+--------------+--------------+-------------+-----------------------+--------------------+--------+----------------+---------------+-----------------+----------+--------------+--------------+-------------+----------------------+


+---------------------------------------------------------------------------------------------------------------------------------------------------------------------------------------------------------------------------------------------------------------------------------------------------------------------------------------+
; Output Pins                                                                                                                                                                                                                                                                                                                           ;
+---------+-------+----------+--------------+--------------+-------------+-----------------+------------------------+---------------+-----------------+------------+---------------+----------+--------------+--------------+------------------+-------------+----------------------+------+----------------------+---------------------+
; Name    ; Pin # ; I/O Bank ; X coordinate ; Y coordinate ; Cell number ; Output Register ; Output Enable Register ; Power Up High ; PCI I/O Enabled ; Open Drain ; TRI Primitive ; Bus Hold ; Weak Pull Up ; I/O Standard ; Current Strength ; Termination ; Location assigned by ; Load ; Output Enable Source ; Output Enable Group ;
+---------+-------+----------+--------------+--------------+-------------+-----------------+------------------------+---------------+-----------------+------------+---------------+----------+--------------+--------------+------------------+-------------+----------------------+------+----------------------+---------------------+
; OUT0[0] ; AE8   ; 8        ; 1            ; 0            ; 3           ; no              ; no                     ; no            ; no              ; no         ; no            ; no       ; Off          ; 3.3-V LVTTL  ; 24mA             ; Off         ; User                 ; 0 pF ; -                    ; -                   ;
; OUT0[1] ; AF9   ; 8        ; 13           ; 0            ; 2           ; no              ; no                     ; no            ; no              ; no         ; no            ; no       ; Off          ; 3.3-V LVTTL  ; 24mA             ; Off         ; User                 ; 0 pF ; -                    ; -                   ;
; OUT0[2] ; AH9   ; 8        ; 24           ; 0            ; 3           ; no              ; no                     ; no            ; no              ; no         ; no            ; no       ; Off          ; 3.3-V LVTTL  ; 24mA             ; Off         ; User                 ; 0 pF ; -                    ; -                   ;
; OUT0[3] ; AD10  ; 8        ; 15           ; 0            ; 0           ; no              ; no                     ; no            ; no              ; no         ; no            ; no       ; Off          ; 3.3-V LVTTL  ; 24mA             ; Off         ; User                 ; 0 pF ; -                    ; -                   ;
; OUT0[4] ; AF10  ; 8        ; 18           ; 0            ; 0           ; no              ; no                     ; no            ; no              ; no         ; no            ; no       ; Off          ; 3.3-V LVTTL  ; 24mA             ; Off         ; User                 ; 0 pF ; -                    ; -                   ;
; OUT0[5] ; AD11  ; 8        ; 20           ; 0            ; 2           ; no              ; no                     ; no            ; no              ; no         ; no            ; no       ; Off          ; 3.3-V LVTTL  ; 24mA             ; Off         ; User                 ; 0 pF ; -                    ; -                   ;
; OUT0[6] ; AD12  ; 8        ; 24           ; 0            ; 0           ; no              ; no                     ; no            ; no              ; no         ; no            ; no       ; Off          ; 3.3-V LVTTL  ; 24mA             ; Off         ; User                 ; 0 pF ; -                    ; -                   ;
; OUT1[0] ; AG13  ; 8        ; 40           ; 0            ; 2           ; no              ; no                     ; no            ; no              ; no         ; no            ; no       ; Off          ; 3.3-V LVTTL  ; 24mA             ; Off         ; User                 ; 0 pF ; -                    ; -                   ;
; OUT1[1] ; AE16  ; 7        ; 51           ; 0            ; 0           ; no              ; no                     ; no            ; no              ; no         ; no            ; no       ; Off          ; 3.3-V LVTTL  ; 24mA             ; Off         ; User                 ; 0 pF ; -                    ; -                   ;
; OUT1[2] ; AF16  ; 7        ; 56           ; 0            ; 2           ; no              ; no                     ; no            ; no              ; no         ; no            ; no       ; Off          ; 3.3-V LVTTL  ; 24mA             ; Off         ; User                 ; 0 pF ; -                    ; -                   ;
; OUT1[3] ; AG16  ; 7        ; 53           ; 0            ; 0           ; no              ; no                     ; no            ; no              ; no         ; no            ; no       ; Off          ; 3.3-V LVTTL  ; 24mA             ; Off         ; User                 ; 0 pF ; -                    ; -                   ;
; OUT1[4] ; AE17  ; 7        ; 58           ; 0            ; 2           ; no              ; no                     ; no            ; no              ; no         ; no            ; no       ; Off          ; 3.3-V LVTTL  ; 24mA             ; Off         ; User                 ; 0 pF ; -                    ; -                   ;
; OUT1[5] ; AF17  ; 7        ; 62           ; 0            ; 0           ; no              ; no                     ; no            ; no              ; no         ; no            ; no       ; Off          ; 3.3-V LVTTL  ; 24mA             ; Off         ; User                 ; 0 pF ; -                    ; -                   ;
; OUT1[6] ; AD17  ; 7        ; 60           ; 0            ; 3           ; no              ; no                     ; no            ; no              ; no         ; no            ; no       ; Off          ; 3.3-V LVTTL  ; 24mA             ; Off         ; User                 ; 0 pF ; -                    ; -                   ;
; OUT2[0] ; AE7   ; 8        ; 1            ; 0            ; 2           ; no              ; no                     ; no            ; no              ; no         ; no            ; no       ; Off          ; 3.3-V LVTTL  ; 24mA             ; Off         ; User                 ; 0 pF ; -                    ; -                   ;
; OUT2[1] ; AF7   ; 8        ; 7            ; 0            ; 2           ; no              ; no                     ; no            ; no              ; no         ; no            ; no       ; Off          ; 3.3-V LVTTL  ; 24mA             ; Off         ; User                 ; 0 pF ; -                    ; -                   ;
; OUT2[2] ; AH5   ; 8        ; 5            ; 0            ; 0           ; no              ; no                     ; no            ; no              ; no         ; no            ; no       ; Off          ; 3.3-V LVTTL  ; 24mA             ; Off         ; User                 ; 0 pF ; -                    ; -                   ;
; OUT2[3] ; AG4   ; 8        ; 1            ; 0            ; 1           ; no              ; no                     ; no            ; no              ; no         ; no            ; no       ; Off          ; 3.3-V LVTTL  ; 24mA             ; Off         ; User                 ; 0 pF ; -                    ; -                   ;
; OUT2[4] ; AB18  ; 7        ; 71           ; 0            ; 1           ; no              ; no                     ; no            ; no              ; no         ; no            ; no       ; Off          ; 3.3-V LVTTL  ; 24mA             ; Off         ; User                 ; 0 pF ; -                    ; -                   ;
; OUT2[5] ; AB19  ; 7        ; 71           ; 0            ; 0           ; no              ; no                     ; no            ; no              ; no         ; no            ; no       ; Off          ; 3.3-V LVTTL  ; 24mA             ; Off         ; User                 ; 0 pF ; -                    ; -                   ;
; OUT2[6] ; AE19  ; 7        ; 76           ; 0            ; 3           ; no              ; no                     ; no            ; no              ; no         ; no            ; no       ; Off          ; 3.3-V LVTTL  ; 24mA             ; Off         ; User                 ; 0 pF ; -                    ; -                   ;
; OUT3[0] ; P6    ; 2        ; 0            ; 31           ; 1           ; no              ; no                     ; no            ; no              ; no         ; no            ; no       ; Off          ; 3.3-V LVTTL  ; 24mA             ; Off         ; User                 ; 0 pF ; -                    ; -                   ;
; OUT3[1] ; P4    ; 2        ; 0            ; 30           ; 0           ; no              ; no                     ; no            ; no              ; no         ; no            ; no       ; Off          ; 3.3-V LVTTL  ; 24mA             ; Off         ; User                 ; 0 pF ; -                    ; -                   ;
; OUT3[2] ; N10   ; 2        ; 0            ; 37           ; 0           ; no              ; no                     ; no            ; no              ; no         ; no            ; no       ; Off          ; 3.3-V LVTTL  ; 24mA             ; Off         ; User                 ; 0 pF ; -                    ; -                   ;
; OUT3[3] ; N7    ; 2        ; 0            ; 35           ; 3           ; no              ; no                     ; no            ; no              ; no         ; no            ; no       ; Off          ; 3.3-V LVTTL  ; 24mA             ; Off         ; User                 ; 0 pF ; -                    ; -                   ;
; OUT3[4] ; M8    ; 2        ; 0            ; 41           ; 3           ; no              ; no                     ; no            ; no              ; no         ; no            ; no       ; Off          ; 3.3-V LVTTL  ; 24mA             ; Off         ; User                 ; 0 pF ; -                    ; -                   ;
; OUT3[5] ; M7    ; 2        ; 0            ; 37           ; 3           ; no              ; no                     ; no            ; no              ; no         ; no            ; no       ; Off          ; 3.3-V LVTTL  ; 24mA             ; Off         ; User                 ; 0 pF ; -                    ; -                   ;
; OUT3[6] ; M6    ; 2        ; 0            ; 37           ; 2           ; no              ; no                     ; no            ; no              ; no         ; no            ; no       ; Off          ; 3.3-V LVTTL  ; 24mA             ; Off         ; User                 ; 0 pF ; -                    ; -                   ;
; OUT4[0] ; P1    ; 2        ; 0            ; 30           ; 1           ; no              ; no                     ; no            ; no              ; no         ; no            ; no       ; Off          ; 3.3-V LVTTL  ; 24mA             ; Off         ; User                 ; 0 pF ; -                    ; -                   ;
; OUT4[1] ; P2    ; 2        ; 0            ; 30           ; 2           ; no              ; no                     ; no            ; no              ; no         ; no            ; no       ; Off          ; 3.3-V LVTTL  ; 24mA             ; Off         ; User                 ; 0 pF ; -                    ; -                   ;
; OUT4[2] ; P3    ; 2        ; 0            ; 31           ; 2           ; no              ; no                     ; no            ; no              ; no         ; no            ; no       ; Off          ; 3.3-V LVTTL  ; 24mA             ; Off         ; User                 ; 0 pF ; -                    ; -                   ;
; OUT4[3] ; N2    ; 2        ; 0            ; 32           ; 0           ; no              ; no                     ; no            ; no              ; no         ; no            ; no       ; Off          ; 3.3-V LVTTL  ; 24mA             ; Off         ; User                 ; 0 pF ; -                    ; -                   ;
; OUT4[4] ; N3    ; 2        ; 0            ; 32           ; 1           ; no              ; no                     ; no            ; no              ; no         ; no            ; no       ; Off          ; 3.3-V LVTTL  ; 24mA             ; Off         ; User                 ; 0 pF ; -                    ; -                   ;
; OUT4[5] ; M1    ; 2        ; 0            ; 33           ; 0           ; no              ; no                     ; no            ; no              ; no         ; no            ; no       ; Off          ; 3.3-V LVTTL  ; 24mA             ; Off         ; User                 ; 0 pF ; -                    ; -                   ;
; OUT4[6] ; M2    ; 2        ; 0            ; 33           ; 1           ; no              ; no                     ; no            ; no              ; no         ; no            ; no       ; Off          ; 3.3-V LVTTL  ; 24mA             ; Off         ; User                 ; 0 pF ; -                    ; -                   ;
; OUT5[0] ; M3    ; 2        ; 0            ; 33           ; 2           ; no              ; no                     ; no            ; no              ; no         ; no            ; no       ; Off          ; 3.3-V LVTTL  ; 24mA             ; Off         ; User                 ; 0 pF ; -                    ; -                   ;
; OUT5[1] ; L1    ; 2        ; 0            ; 34           ; 0           ; no              ; no                     ; no            ; no              ; no         ; no            ; no       ; Off          ; 3.3-V LVTTL  ; 24mA             ; Off         ; User                 ; 0 pF ; -                    ; -                   ;
; OUT5[2] ; L2    ; 2        ; 0            ; 34           ; 1           ; no              ; no                     ; no            ; no              ; no         ; no            ; no       ; Off          ; 3.3-V LVTTL  ; 24mA             ; Off         ; User                 ; 0 pF ; -                    ; -                   ;
; OUT5[3] ; L3    ; 2        ; 0            ; 36           ; 3           ; no              ; no                     ; no            ; no              ; no         ; no            ; no       ; Off          ; 3.3-V LVTTL  ; 24mA             ; Off         ; User                 ; 0 pF ; -                    ; -                   ;
; OUT5[4] ; K1    ; 2        ; 0            ; 35           ; 0           ; no              ; no                     ; no            ; no              ; no         ; no            ; no       ; Off          ; 3.3-V LVTTL  ; 24mA             ; Off         ; User                 ; 0 pF ; -                    ; -                   ;
; OUT5[5] ; K4    ; 2        ; 0            ; 38           ; 2           ; no              ; no                     ; no            ; no              ; no         ; no            ; no       ; Off          ; 3.3-V LVTTL  ; 24mA             ; Off         ; User                 ; 0 pF ; -                    ; -                   ;
; OUT5[6] ; K5    ; 2        ; 0            ; 42           ; 3           ; no              ; no                     ; no            ; no              ; no         ; no            ; no       ; Off          ; 3.3-V LVTTL  ; 24mA             ; Off         ; User                 ; 0 pF ; -                    ; -                   ;
; OUT6[0] ; H6    ; 2        ; 0            ; 47           ; 1           ; no              ; no                     ; no            ; no              ; no         ; no            ; no       ; Off          ; 3.3-V LVTTL  ; 24mA             ; Off         ; User                 ; 0 pF ; -                    ; -                   ;
; OUT6[1] ; H4    ; 2        ; 0            ; 44           ; 1           ; no              ; no                     ; no            ; no              ; no         ; no            ; no       ; Off          ; 3.3-V LVTTL  ; 24mA             ; Off         ; User                 ; 0 pF ; -                    ; -                   ;
; OUT6[2] ; H7    ; 2        ; 0            ; 49           ; 2           ; no              ; no                     ; no            ; no              ; no         ; no            ; no       ; Off          ; 3.3-V LVTTL  ; 24mA             ; Off         ; User                 ; 0 pF ; -                    ; -                   ;
; OUT6[3] ; H8    ; 2        ; 0            ; 49           ; 3           ; no              ; no                     ; no            ; no              ; no         ; no            ; no       ; Off          ; 3.3-V LVTTL  ; 24mA             ; Off         ; User                 ; 0 pF ; -                    ; -                   ;
; OUT6[4] ; G4    ; 2        ; 0            ; 47           ; 3           ; no              ; no                     ; no            ; no              ; no         ; no            ; no       ; Off          ; 3.3-V LVTTL  ; 24mA             ; Off         ; User                 ; 0 pF ; -                    ; -                   ;
; OUT6[5] ; F4    ; 2        ; 0            ; 48           ; 3           ; no              ; no                     ; no            ; no              ; no         ; no            ; no       ; Off          ; 3.3-V LVTTL  ; 24mA             ; Off         ; User                 ; 0 pF ; -                    ; -                   ;
; OUT6[6] ; E4    ; 2        ; 0            ; 46           ; 1           ; no              ; no                     ; no            ; no              ; no         ; no            ; no       ; Off          ; 3.3-V LVTTL  ; 24mA             ; Off         ; User                 ; 0 pF ; -                    ; -                   ;
; OUT7[0] ; K3    ; 2        ; 0            ; 38           ; 1           ; no              ; no                     ; no            ; no              ; no         ; no            ; no       ; Off          ; 3.3-V LVTTL  ; 24mA             ; Off         ; User                 ; 0 pF ; -                    ; -                   ;
; OUT7[1] ; J1    ; 2        ; 0            ; 36           ; 0           ; no              ; no                     ; no            ; no              ; no         ; no            ; no       ; Off          ; 3.3-V LVTTL  ; 24mA             ; Off         ; User                 ; 0 pF ; -                    ; -                   ;
; OUT7[2] ; J2    ; 2        ; 0            ; 36           ; 1           ; no              ; no                     ; no            ; no              ; no         ; no            ; no       ; Off          ; 3.3-V LVTTL  ; 24mA             ; Off         ; User                 ; 0 pF ; -                    ; -                   ;
; OUT7[3] ; H1    ; 2        ; 0            ; 39           ; 3           ; no              ; no                     ; no            ; no              ; no         ; no            ; no       ; Off          ; 3.3-V LVTTL  ; 24mA             ; Off         ; User                 ; 0 pF ; -                    ; -                   ;
; OUT7[4] ; H2    ; 2        ; 0            ; 38           ; 0           ; no              ; no                     ; no            ; no              ; no         ; no            ; no       ; Off          ; 3.3-V LVTTL  ; 24mA             ; Off         ; User                 ; 0 pF ; -                    ; -                   ;
; OUT7[5] ; H3    ; 2        ; 0            ; 44           ; 0           ; no              ; no                     ; no            ; no              ; no         ; no            ; no       ; Off          ; 3.3-V LVTTL  ; 24mA             ; Off         ; User                 ; 0 pF ; -                    ; -                   ;
; OUT7[6] ; G1    ; 2        ; 0            ; 39           ; 1           ; no              ; no                     ; no            ; no              ; no         ; no            ; no       ; Off          ; 3.3-V LVTTL  ; 24mA             ; Off         ; User                 ; 0 pF ; -                    ; -                   ;
; dot0    ; AF12  ; 8        ; 29           ; 0            ; 0           ; no              ; no                     ; no            ; no              ; no         ; no            ; no       ; Off          ; 3.3-V LVTTL  ; 24mA             ; Off         ; User                 ; 0 pF ; -                    ; -                   ;
; dot1    ; AC17  ; 7        ; 60           ; 0            ; 2           ; no              ; no                     ; no            ; no              ; no         ; no            ; no       ; Off          ; 3.3-V LVTTL  ; 24mA             ; Off         ; User                 ; 0 pF ; -                    ; -                   ;
; dot2    ; AC19  ; 7        ; 74           ; 0            ; 1           ; no              ; no                     ; no            ; no              ; no         ; no            ; no       ; Off          ; 3.3-V LVTTL  ; 24mA             ; Off         ; User                 ; 0 pF ; -                    ; -                   ;
; dot3    ; M4    ; 2        ; 0            ; 33           ; 3           ; no              ; no                     ; no            ; no              ; no         ; no            ; no       ; Off          ; 3.3-V LVTTL  ; 24mA             ; Off         ; User                 ; 0 pF ; -                    ; -                   ;
; dot4    ; L6    ; 2        ; 0            ; 41           ; 0           ; no              ; no                     ; no            ; no              ; no         ; no            ; no       ; Off          ; 3.3-V LVTTL  ; 24mA             ; Off         ; User                 ; 0 pF ; -                    ; -                   ;
; dot5    ; K6    ; 2        ; 0            ; 42           ; 2           ; no              ; no                     ; no            ; no              ; no         ; no            ; no       ; Off          ; 3.3-V LVTTL  ; 24mA             ; Off         ; User                 ; 0 pF ; -                    ; -                   ;
; dot6    ; K2    ; 2        ; 0            ; 35           ; 1           ; no              ; no                     ; no            ; no              ; no         ; no            ; no       ; Off          ; 3.3-V LVTTL  ; 24mA             ; Off         ; User                 ; 0 pF ; -                    ; -                   ;
; dot7    ; G2    ; 2        ; 0            ; 39           ; 2           ; no              ; no                     ; no            ; no              ; no         ; no            ; no       ; Off          ; 3.3-V LVTTL  ; 24mA             ; Off         ; User                 ; 0 pF ; -                    ; -                   ;
+---------+-------+----------+--------------+--------------+-------------+-----------------+------------------------+---------------+-----------------+------------+---------------+----------+--------------+--------------+------------------+-------------+----------------------+------+----------------------+---------------------+


+------------------------------------------------------------+
; I/O Bank Usage                                             ;
+----------+------------------+---------------+--------------+
; I/O Bank ; Usage            ; VCCIO Voltage ; VREF Voltage ;
+----------+------------------+---------------+--------------+
; 1        ; 1 / 85 ( 1 % )   ; 3.3V          ; --           ;
; 2        ; 46 / 79 ( 58 % ) ; 3.3V          ; --           ;
; 3        ; 0 / 72 ( 0 % )   ; 3.3V          ; --           ;
; 4        ; 0 / 74 ( 0 % )   ; 3.3V          ; --           ;
; 5        ; 0 / 85 ( 0 % )   ; 3.3V          ; --           ;
; 6        ; 11 / 81 ( 14 % ) ; 3.3V          ; --           ;
; 7        ; 12 / 74 ( 16 % ) ; 3.3V          ; --           ;
; 8        ; 13 / 72 ( 18 % ) ; 3.3V          ; --           ;
+----------+------------------+---------------+--------------+


+------------------------------------------------------------------------------------------------------------------------------------------------------------------------+
; All Package Pins                                                                                                                                                       ;
+----------+------------+----------+------------------------------------------+--------+--------------+---------+------------+-----------------+----------+--------------+
; Location ; Pad Number ; I/O Bank ; Pin Name/Usage                           ; Dir.   ; I/O Standard ; Voltage ; I/O Type   ; User Assignment ; Bus Hold ; Weak Pull Up ;
+----------+------------+----------+------------------------------------------+--------+--------------+---------+------------+-----------------+----------+--------------+
; A2       ;            ;          ; GND                                      ; gnd    ;              ;         ; --         ;                 ; --       ; --           ;
; A3       ; 627        ; 3        ; GND*                                     ;        ;              ;         ; Column I/O ;                 ; no       ; Off          ;
; A4       ;            ; 3        ; VCCIO3                                   ; power  ;              ; 3.3V    ; --         ;                 ; --       ; --           ;
; A5       ; 619        ; 3        ; GND*                                     ;        ;              ;         ; Column I/O ;                 ; no       ; Off          ;
; A6       ; 615        ; 3        ; GND*                                     ;        ;              ;         ; Column I/O ;                 ; no       ; Off          ;
; A7       ; 612        ; 3        ; GND*                                     ;        ;              ;         ; Column I/O ;                 ; no       ; Off          ;
; A8       ; 606        ; 3        ; GND*                                     ;        ;              ;         ; Column I/O ;                 ; no       ; Off          ;
; A9       ; 594        ; 3        ; GND*                                     ;        ;              ;         ; Column I/O ;                 ; no       ; Off          ;
; A10      ; 592        ; 3        ; GND*                                     ;        ;              ;         ; Column I/O ;                 ; no       ; Off          ;
; A11      ; 586        ; 3        ; GND*                                     ;        ;              ;         ; Column I/O ;                 ; no       ; Off          ;
; A12      ; 578        ; 3        ; GND*                                     ;        ;              ;         ; Column I/O ;                 ; no       ; Off          ;
; A13      ;            ;          ; GND                                      ; gnd    ;              ;         ; --         ;                 ; --       ; --           ;
; A14      ; 569        ; 3        ; GND*                                     ;        ;              ;         ; Column I/O ;                 ; no       ; Off          ;
; A15      ;            ; 3        ; VCCIO3                                   ; power  ;              ; 3.3V    ; --         ;                 ; --       ; --           ;
; A16      ;            ; 4        ; VCCIO4                                   ; power  ;              ; 3.3V    ; --         ;                 ; --       ; --           ;
; A17      ; 549        ; 4        ; GND*                                     ;        ;              ;         ; Column I/O ;                 ; no       ; Off          ;
; A18      ;            ;          ; GND                                      ; gnd    ;              ;         ; --         ;                 ; --       ; --           ;
; A19      ; 545        ; 4        ; GND*                                     ;        ;              ;         ; Column I/O ;                 ; no       ; Off          ;
; A20      ; 540        ; 4        ; GND*                                     ;        ;              ;         ; Column I/O ;                 ; no       ; Off          ;
; A21      ; 532        ; 4        ; GND*                                     ;        ;              ;         ; Column I/O ;                 ; no       ; Off          ;
; A22      ; 528        ; 4        ; GND*                                     ;        ;              ;         ; Column I/O ;                 ; no       ; Off          ;
; A23      ; 518        ; 4        ; GND*                                     ;        ;              ;         ; Column I/O ;                 ; no       ; Off          ;
; A24      ; 514        ; 4        ; GND*                                     ;        ;              ;         ; Column I/O ;                 ; no       ; Off          ;
; A25      ; 510        ; 4        ; GND*                                     ;        ;              ;         ; Column I/O ;                 ; no       ; Off          ;
; A26      ; 503        ; 4        ; GND*                                     ;        ;              ;         ; Column I/O ;                 ; no       ; Off          ;
; A27      ;            ; 4        ; VCCIO4                                   ; power  ;              ; 3.3V    ; --         ;                 ; --       ; --           ;
; A28      ; 497        ; 4        ; GND*                                     ;        ;              ;         ; Column I/O ;                 ; no       ; Off          ;
; A29      ;            ;          ; GND                                      ; gnd    ;              ;         ; --         ;                 ; --       ; --           ;
; AA1      ; 120        ; 1        ; GND*                                     ;        ;              ;         ; Row I/O    ;                 ; no       ; Off          ;
; AA2      ; 121        ; 1        ; GND*                                     ;        ;              ;         ; Row I/O    ;                 ; no       ; Off          ;
; AA3      ; 122        ; 1        ; GND*                                     ;        ;              ;         ; Row I/O    ;                 ; no       ; Off          ;
; AA4      ; 123        ; 1        ; GND*                                     ;        ;              ;         ; Row I/O    ;                 ; no       ; Off          ;
; AA5      ; 140        ; 1        ; GND*                                     ;        ;              ;         ; Row I/O    ;                 ; no       ; Off          ;
; AA6      ; 141        ; 1        ; GND*                                     ;        ;              ;         ; Row I/O    ;                 ; no       ; Off          ;
; AA7      ; 149        ; 1        ; GND*                                     ;        ;              ;         ; Row I/O    ;                 ; no       ; Off          ;
; AA8      ; 161        ; 1        ; GND*                                     ;        ;              ;         ; Row I/O    ;                 ; no       ; Off          ;
; AA9      ; 166        ; 1        ; GND*                                     ;        ;              ;         ; Row I/O    ;                 ; no       ; Off          ;
; AA10     ; 167        ; 1        ; GND*                                     ;        ;              ;         ; Row I/O    ;                 ; no       ; Off          ;
; AA11     ;            ;          ; GND                                      ; gnd    ;              ;         ; --         ;                 ; --       ; --           ;
; AA12     ;            ;          ; GND                                      ; gnd    ;              ;         ; --         ;                 ; --       ; --           ;
; AA13     ;            ;          ; VCCINT                                   ; power  ;              ; 1.2V    ; --         ;                 ; --       ; --           ;
; AA14     ;            ;          ; VCCINT                                   ; power  ;              ; 1.2V    ; --         ;                 ; --       ; --           ;
; AA15     ;            ;          ; GND                                      ; gnd    ;              ;         ; --         ;                 ; --       ; --           ;
; AA16     ;            ;          ; GND                                      ; gnd    ;              ;         ; --         ;                 ; --       ; --           ;
; AA17     ;            ;          ; VCCINT                                   ; power  ;              ; 1.2V    ; --         ;                 ; --       ; --           ;
; AA18     ;            ;          ; VCCINT                                   ; power  ;              ; 1.2V    ; --         ;                 ; --       ; --           ;
; AA19     ;            ;          ; GND                                      ; gnd    ;              ;         ; --         ;                 ; --       ; --           ;
; AA20     ;            ;          ; GND                                      ; gnd    ;              ;         ; --         ;                 ; --       ; --           ;
; AA21     ;            ;          ; GND_PLL4                                 ; gnd    ;              ;         ; --         ;                 ; --       ; --           ;
; AA22     ;            ;          ; GND_PLL4                                 ; gnd    ;              ;         ; --         ;                 ; --       ; --           ;
; AA23     ; 340        ; 6        ; EN                                       ; input  ; 3.3-V LVTTL  ;         ; Row I/O    ; Y               ; no       ; Off          ;
; AA24     ; 339        ; 6        ; GND*                                     ;        ;              ;         ; Row I/O    ;                 ; no       ; Off          ;
; AA25     ; 347        ; 6        ; GND*                                     ;        ;              ;         ; Row I/O    ;                 ; no       ; Off          ;
; AA26     ; 356        ; 6        ; GND*                                     ;        ;              ;         ; Row I/O    ;                 ; no       ; Off          ;
; AA27     ; 357        ; 6        ; GND*                                     ;        ;              ;         ; Row I/O    ;                 ; no       ; Off          ;
; AA28     ; 369        ; 6        ; GND*                                     ;        ;              ;         ; Row I/O    ;                 ; --       ; --           ;
; AA29     ; 376        ; 6        ; GND*                                     ;        ;              ;         ; Row I/O    ;                 ; no       ; Off          ;
; AA30     ; 377        ; 6        ; GND*                                     ;        ;              ;         ; Row I/O    ;                 ; no       ; Off          ;
; AB1      ; 124        ; 1        ; GND*                                     ;        ;              ;         ; Row I/O    ;                 ; no       ; Off          ;
; AB2      ; 125        ; 1        ; GND*                                     ;        ;              ;         ; Row I/O    ;                 ; no       ; Off          ;
; AB3      ;            ; 1        ; VCCIO1                                   ; power  ;              ; 3.3V    ; --         ;                 ; --       ; --           ;
; AB4      ;            ;          ; GND                                      ; gnd    ;              ;         ; --         ;                 ; --       ; --           ;
; AB5      ; 151        ; 1        ; GND*                                     ;        ;              ;         ; Row I/O    ;                 ; no       ; Off          ;
; AB6      ; 150        ; 1        ; GND*                                     ;        ;              ;         ; Row I/O    ;                 ; no       ; Off          ;
; AB7      ; 168        ; 1        ; GND*                                     ;        ;              ;         ; Row I/O    ;                 ; no       ; Off          ;
; AB8      ;            ;          ; GND_PLL1                                 ; gnd    ;              ;         ; --         ;                 ; --       ; --           ;
; AB9      ;            ;          ; VCCD_PLL1                                ; power  ;              ; 1.2V    ; --         ;                 ; --       ; --           ;
; AB10     ;            ;          ; GND                                      ; gnd    ;              ;         ; --         ;                 ; --       ; --           ;
; AB11     ;            ; 8        ; VCCIO8                                   ; power  ;              ; 3.3V    ; --         ;                 ; --       ; --           ;
; AB12     ; 218        ; 8        ; GND*                                     ;        ;              ;         ; Column I/O ;                 ; no       ; Off          ;
; AB13     ; 224        ; 8        ; GND*                                     ;        ;              ;         ; Column I/O ;                 ; no       ; Off          ;
; AB14     ;            ;          ; GND                                      ; gnd    ;              ;         ; --         ;                 ; --       ; --           ;
; AB15     ;            ; 8        ; VCCIO8                                   ; power  ;              ; 3.3V    ; --         ;                 ; --       ; --           ;
; AB16     ;            ; 7        ; VCCIO7                                   ; power  ;              ; 3.3V    ; --         ;                 ; --       ; --           ;
; AB17     ;            ;          ; GND                                      ; gnd    ;              ;         ; --         ;                 ; --       ; --           ;
; AB18     ; 279        ; 7        ; OUT2[4]                                  ; output ; 3.3-V LVTTL  ;         ; Column I/O ; Y               ; no       ; Off          ;
; AB19     ; 280        ; 7        ; OUT2[5]                                  ; output ; 3.3-V LVTTL  ;         ; Column I/O ; Y               ; no       ; Off          ;
; AB20     ;            ; 7        ; VCCIO7                                   ; power  ;              ; 3.3V    ; --         ;                 ; --       ; --           ;
; AB21     ;            ;          ; GND                                      ; gnd    ;              ;         ; --         ;                 ; --       ; --           ;
; AB22     ;            ;          ; VCCD_PLL4                                ; power  ;              ; 1.2V    ; --         ;                 ; --       ; --           ;
; AB23     ; 318        ; 6        ; GND*                                     ;        ;              ;         ; Row I/O    ;                 ; no       ; Off          ;
; AB24     ; 323        ; 6        ; GND*                                     ;        ;              ;         ; Row I/O    ;                 ; no       ; Off          ;
; AB25     ; 341        ; 6        ; PAUSE                                    ; input  ; 3.3-V LVTTL  ;         ; Row I/O    ; Y               ; no       ; Off          ;
; AB26     ; 342        ; 6        ; START                                    ; input  ; 3.3-V LVTTL  ;         ; Row I/O    ; Y               ; no       ; Off          ;
; AB27     ;            ;          ; GND                                      ; gnd    ;              ;         ; --         ;                 ; --       ; --           ;
; AB28     ;            ; 6        ; VCCIO6                                   ; power  ;              ; 3.3V    ; --         ;                 ; --       ; --           ;
; AB29     ; 371        ; 6        ; GND*                                     ;        ;              ;         ; Row I/O    ;                 ; no       ; Off          ;
; AB30     ; 372        ; 6        ; GND*                                     ;        ;              ;         ; Row I/O    ;                 ; no       ; Off          ;
; AC1      ; 132        ; 1        ; GND*                                     ;        ;              ;         ; Row I/O    ;                 ; no       ; Off          ;
; AC2      ; 133        ; 1        ; GND*                                     ;        ;              ;         ; Row I/O    ;                 ; no       ; Off          ;
; AC3      ; 134        ; 1        ; GND*                                     ;        ;              ;         ; Row I/O    ;                 ; no       ; Off          ;
; AC4      ; 135        ; 1        ; GND*                                     ;        ;              ;         ; Row I/O    ;                 ; no       ; Off          ;
; AC5      ; 153        ; 1        ; GND*                                     ;        ;              ;         ; Row I/O    ;                 ; no       ; Off          ;
; AC6      ; 152        ; 1        ; GND*                                     ;        ;              ;         ; Row I/O    ;                 ; no       ; Off          ;
; AC7      ; 169        ; 1        ; GND*                                     ;        ;              ;         ; Row I/O    ;                 ; no       ; Off          ;
; AC8      ;            ;          ; GND_PLL1                                 ; gnd    ;              ;         ; --         ;                 ; --       ; --           ;
; AC9      ;            ;          ; VCCA_PLL1                                ; power  ;              ; 1.2V    ; --         ;                 ; --       ; --           ;
; AC10     ;            ;          ; GNDA_PLL1                                ; gnd    ;              ;         ; --         ;                 ; --       ; --           ;
; AC11     ; 196        ; 8        ; GND*                                     ;        ;              ;         ; Column I/O ;                 ; no       ; Off          ;
; AC12     ; 201        ; 8        ; GND*                                     ;        ;              ;         ; Column I/O ;                 ; no       ; Off          ;
; AC13     ; 223        ; 8        ; GND*                                     ;        ;              ;         ; Column I/O ;                 ; no       ; Off          ;
; AC14     ; 231        ; 8        ; GND*                                     ;        ;              ;         ; Column I/O ;                 ; no       ; Off          ;
; AC15     ; 245        ; 7        ; GND+                                     ;        ;              ;         ; Column I/O ;                 ; --       ; --           ;
; AC16     ; 250        ; 7        ; GND*                                     ;        ;              ;         ; Column I/O ;                 ; no       ; Off          ;
; AC17     ; 259        ; 7        ; dot1                                     ; output ; 3.3-V LVTTL  ;         ; Column I/O ; Y               ; no       ; Off          ;
; AC18     ; 272        ; 7        ; GND*                                     ;        ;              ;         ; Column I/O ;                 ; no       ; Off          ;
; AC19     ; 282        ; 7        ; dot2                                     ; output ; 3.3-V LVTTL  ;         ; Column I/O ; Y               ; no       ; Off          ;
; AC20     ; 293        ; 7        ; GND*                                     ;        ;              ;         ; Column I/O ;                 ; no       ; Off          ;
; AC21     ; 307        ; 7        ; GND*                                     ;        ;              ;         ; Column I/O ;                 ; no       ; Off          ;
; AC22     ;            ;          ; VCCA_PLL4                                ; power  ;              ; 1.2V    ; --         ;                 ; --       ; --           ;
; AC23     ; 321        ; 6        ; SP4                                      ; input  ; 3.3-V LVTTL  ;         ; Row I/O    ; Y               ; no       ; Off          ;
; AC24     ; 322        ; 6        ; SP3                                      ; input  ; 3.3-V LVTTL  ;         ; Row I/O    ; Y               ; no       ; Off          ;
; AC25     ; 328        ; 6        ; GND*                                     ;        ;              ;         ; Row I/O    ;                 ; no       ; Off          ;
; AC26     ; 329        ; 6        ; SP2                                      ; input  ; 3.3-V LVTTL  ;         ; Row I/O    ; Y               ; no       ; Off          ;
; AC27     ; 350        ; 6        ; SP1                                      ; input  ; 3.3-V LVTTL  ;         ; Row I/O    ; Y               ; no       ; Off          ;
; AC28     ; 351        ; 6        ; GND*                                     ;        ;              ;         ; Row I/O    ;                 ; no       ; Off          ;
; AC29     ; 365        ; 6        ; GND*                                     ;        ;              ;         ; Row I/O    ;                 ; no       ; Off          ;
; AC30     ; 366        ; 6        ; GND*                                     ;        ;              ;         ; Row I/O    ;                 ; no       ; Off          ;
; AD1      ; 136        ; 1        ; GND*                                     ;        ;              ;         ; Row I/O    ;                 ; no       ; Off          ;
; AD2      ; 137        ; 1        ; GND*                                     ;        ;              ;         ; Row I/O    ;                 ; no       ; Off          ;
; AD3      ; 138        ; 1        ; GND*                                     ;        ;              ;         ; Row I/O    ;                 ; no       ; Off          ;
; AD4      ; 139        ; 1        ; GND*                                     ;        ;              ;         ; Row I/O    ;                 ; no       ; Off          ;
; AD5      ; 160        ; 1        ; GND*                                     ;        ;              ;         ; Row I/O    ;                 ; --       ; --           ;
; AD6      ; 170        ; 1        ; GND*                                     ;        ;              ;         ; Row I/O    ;                 ; no       ; Off          ;
; AD7      ; 171        ; 1        ; GND*                                     ;        ;              ;         ; Row I/O    ;                 ; no       ; Off          ;
; AD8      ; 180        ; 8        ; GND*                                     ;        ;              ;         ; Column I/O ;                 ; no       ; Off          ;
; AD9      ; 195        ; 8        ; GND*                                     ;        ;              ;         ; Column I/O ;                 ; no       ; Off          ;
; AD10     ; 197        ; 8        ; OUT0[3]                                  ; output ; 3.3-V LVTTL  ;         ; Column I/O ; Y               ; no       ; Off          ;
; AD11     ; 202        ; 8        ; OUT0[5]                                  ; output ; 3.3-V LVTTL  ;         ; Column I/O ; Y               ; no       ; Off          ;
; AD12     ; 210        ; 8        ; OUT0[6]                                  ; output ; 3.3-V LVTTL  ;         ; Column I/O ; Y               ; no       ; Off          ;
; AD13     ; 222        ; 8        ; GND*                                     ;        ;              ;         ; Column I/O ;                 ; no       ; Off          ;
; AD14     ; 229        ; 8        ; GND*                                     ;        ;              ;         ; Column I/O ;                 ; no       ; Off          ;
; AD15     ; 244        ; 7        ; CLK                                      ; input  ; 3.3-V LVTTL  ;         ; Column I/O ; Y               ; no       ; Off          ;
; AD16     ; 249        ; 7        ; GND*                                     ;        ;              ;         ; Column I/O ;                 ; no       ; Off          ;
; AD17     ; 258        ; 7        ; OUT1[6]                                  ; output ; 3.3-V LVTTL  ;         ; Column I/O ; Y               ; no       ; Off          ;
; AD18     ; 271        ; 7        ; GND*                                     ;        ;              ;         ; Column I/O ;                 ; no       ; Off          ;
; AD19     ; 281        ; 7        ; GND*                                     ;        ;              ;         ; Column I/O ;                 ; no       ; Off          ;
; AD20     ; 294        ; 7        ; GND*                                     ;        ;              ;         ; Column I/O ;                 ; no       ; Off          ;
; AD21     ; 306        ; 7        ; GND*                                     ;        ;              ;         ; Column I/O ;                 ; no       ; Off          ;
; AD22     ; 301        ; 7        ; GND*                                     ;        ;              ;         ; Column I/O ;                 ; --       ; --           ;
; AD23     ;            ;          ; GNDA_PLL4                                ; gnd    ;              ;         ; --         ;                 ; --       ; --           ;
; AD24     ; 319        ; 6        ; CT1                                      ; input  ; 3.3-V LVTTL  ;         ; Row I/O    ; Y               ; no       ; Off          ;
; AD25     ; 320        ; 6        ; CT0                                      ; input  ; 3.3-V LVTTL  ;         ; Row I/O    ; Y               ; no       ; Off          ;
; AD26     ; 326        ; 6        ; GND*                                     ;        ;              ;         ; Row I/O    ;                 ; no       ; Off          ;
; AD27     ; 327        ; 6        ; GND*                                     ;        ;              ;         ; Row I/O    ;                 ; --       ; --           ;
; AD28     ; 338        ; 6        ; GND*                                     ;        ;              ;         ; Row I/O    ;                 ; --       ; --           ;
; AD29     ; 354        ; 6        ; GND*                                     ;        ;              ;         ; Row I/O    ;                 ; no       ; Off          ;
; AD30     ; 355        ; 6        ; GND*                                     ;        ;              ;         ; Row I/O    ;                 ; no       ; Off          ;
; AE1      ; 147        ; 1        ; GND*                                     ;        ;              ;         ; Row I/O    ;                 ; no       ; Off          ;
; AE2      ; 148        ; 1        ; GND*                                     ;        ;              ;         ; Row I/O    ;                 ; no       ; Off          ;
; AE3      ; 162        ; 1        ; GND*                                     ;        ;              ;         ; Row I/O    ;                 ; no       ; Off          ;
; AE4      ; 163        ; 1        ; GND*                                     ;        ;              ;         ; Row I/O    ;                 ; no       ; Off          ;
; AE5      ;            ; 1        ; VCCIO1                                   ; power  ;              ; 3.3V    ; --         ;                 ; --       ; --           ;
; AE6      ;            ;          ; GND                                      ; gnd    ;              ;         ; --         ;                 ; --       ; --           ;
; AE7      ; 173        ; 8        ; OUT2[0]                                  ; output ; 3.3-V LVTTL  ;         ; Column I/O ; Y               ; no       ; Off          ;
; AE8      ; 172        ; 8        ; OUT0[0]                                  ; output ; 3.3-V LVTTL  ;         ; Column I/O ; Y               ; no       ; Off          ;
; AE9      ;            ;          ; GND                                      ; gnd    ;              ;         ; --         ;                 ; --       ; --           ;
; AE10     ;            ; 8        ; VCCIO8                                   ; power  ;              ; 3.3V    ; --         ;                 ; --       ; --           ;
; AE11     ; 204        ; 8        ; GND*                                     ;        ;              ;         ; Column I/O ;                 ; no       ; Off          ;
; AE12     ; 209        ; 8        ; GND*                                     ;        ;              ;         ; Column I/O ;                 ; no       ; Off          ;
; AE13     ; 221        ; 8        ; GND*                                     ;        ;              ;         ; Column I/O ;                 ; no       ; Off          ;
; AE14     ;            ;          ; GND                                      ; gnd    ;              ;         ; --         ;                 ; --       ; --           ;
; AE15     ; 235        ; 8        ; GND*                                     ;        ;              ;         ; Column I/O ;                 ; no       ; Off          ;
; AE16     ; 248        ; 7        ; OUT1[1]                                  ; output ; 3.3-V LVTTL  ;         ; Column I/O ; Y               ; no       ; Off          ;
; AE17     ; 255        ; 7        ; OUT1[4]                                  ; output ; 3.3-V LVTTL  ;         ; Column I/O ; Y               ; no       ; Off          ;
; AE18     ;            ;          ; GND                                      ; gnd    ;              ;         ; --         ;                 ; --       ; --           ;
; AE19     ; 284        ; 7        ; OUT2[6]                                  ; output ; 3.3-V LVTTL  ;         ; Column I/O ; Y               ; no       ; Off          ;
; AE20     ; 290        ; 7        ; GND*                                     ;        ;              ;         ; Column I/O ;                 ; no       ; Off          ;
; AE21     ;            ; 7        ; VCCIO7                                   ; power  ;              ; 3.3V    ; --         ;                 ; --       ; --           ;
; AE22     ;            ;          ; GND                                      ; gnd    ;              ;         ; --         ;                 ; --       ; --           ;
; AE23     ; 316        ; 7        ; GND*                                     ;        ;              ;         ; Column I/O ;                 ; no       ; Off          ;
; AE24     ; 317        ; 7        ; GND*                                     ;        ;              ;         ; Column I/O ;                 ; no       ; Off          ;
; AE25     ;            ;          ; GND                                      ; gnd    ;              ;         ; --         ;                 ; --       ; --           ;
; AE26     ;            ; 6        ; VCCIO6                                   ; power  ;              ; 3.3V    ; --         ;                 ; --       ; --           ;
; AE27     ; 336        ; 6        ; GND*                                     ;        ;              ;         ; Row I/O    ;                 ; no       ; Off          ;
; AE28     ; 337        ; 6        ; GND*                                     ;        ;              ;         ; Row I/O    ;                 ; no       ; Off          ;
; AE29     ; 352        ; 6        ; GND*                                     ;        ;              ;         ; Row I/O    ;                 ; no       ; Off          ;
; AE30     ; 353        ; 6        ; GND*                                     ;        ;              ;         ; Row I/O    ;                 ; no       ; Off          ;
; AF1      ; 154        ; 1        ; GND*                                     ;        ;              ;         ; Row I/O    ;                 ; no       ; Off          ;
; AF2      ; 155        ; 1        ; GND*                                     ;        ;              ;         ; Row I/O    ;                 ; no       ; Off          ;
; AF3      ; 164        ; 1        ; GND*                                     ;        ;              ;         ; Row I/O    ;                 ; no       ; Off          ;
; AF4      ; 165        ; 1        ; GND*                                     ;        ;              ;         ; Row I/O    ;                 ; no       ; Off          ;
; AF5      ;            ;          ; GND                                      ; gnd    ;              ;         ; --         ;                 ; --       ; --           ;
; AF6      ;            ; 8        ; VCCIO8                                   ; power  ;              ; 3.3V    ; --         ;                 ; --       ; --           ;
; AF7      ; 183        ; 8        ; OUT2[1]                                  ; output ; 3.3-V LVTTL  ;         ; Column I/O ; Y               ; no       ; Off          ;
; AF8      ; 189        ; 8        ; GND*                                     ;        ;              ;         ; Column I/O ;                 ; no       ; Off          ;
; AF9      ; 192        ; 8        ; OUT0[1]                                  ; output ; 3.3-V LVTTL  ;         ; Column I/O ; Y               ; no       ; Off          ;
; AF10     ; 200        ; 8        ; OUT0[4]                                  ; output ; 3.3-V LVTTL  ;         ; Column I/O ; Y               ; no       ; Off          ;
; AF11     ; 203        ; 8        ; GND*                                     ;        ;              ;         ; Column I/O ;                 ; no       ; Off          ;
; AF12     ; 217        ; 8        ; dot0                                     ; output ; 3.3-V LVTTL  ;         ; Column I/O ; Y               ; no       ; Off          ;
; AF13     ;            ; 8        ; VCCIO8                                   ; power  ;              ; 3.3V    ; --         ;                 ; --       ; --           ;
; AF14     ; 233        ; 8        ; GND*                                     ;        ;              ;         ; Column I/O ;                 ; no       ; Off          ;
; AF15     ; 234        ; 8        ; GND*                                     ;        ;              ;         ; Column I/O ;                 ; no       ; Off          ;
; AF16     ; 252        ; 7        ; OUT1[2]                                  ; output ; 3.3-V LVTTL  ;         ; Column I/O ; Y               ; no       ; Off          ;
; AF17     ; 264        ; 7        ; OUT1[5]                                  ; output ; 3.3-V LVTTL  ;         ; Column I/O ; Y               ; no       ; Off          ;
; AF18     ; 269        ; 7        ; GND*                                     ;        ;              ;         ; Column I/O ;                 ; no       ; Off          ;
; AF19     ;            ; 7        ; VCCIO7                                   ; power  ;              ; 3.3V    ; --         ;                 ; --       ; --           ;
; AF20     ; 276        ; 7        ; GND*                                     ;        ;              ;         ; Column I/O ;                 ; no       ; Off          ;
; AF21     ; 289        ; 7        ; GND*                                     ;        ;              ;         ; Column I/O ;                 ; no       ; Off          ;
; AF22     ; 298        ; 7        ; GND*                                     ;        ;              ;         ; Column I/O ;                 ; no       ; Off          ;
; AF23     ; 310        ; 7        ; GND*                                     ;        ;              ;         ; Column I/O ;                 ; no       ; Off          ;
; AF24     ; 311        ; 7        ; GND*                                     ;        ;              ;         ; Column I/O ;                 ; no       ; Off          ;
; AF25     ;            ; 7        ; VCCIO7                                   ; power  ;              ; 3.3V    ; --         ;                 ; --       ; --           ;
; AF26     ;            ;          ; GND                                      ; gnd    ;              ;         ; --         ;                 ; --       ; --           ;
; AF27     ; 324        ; 6        ; GND*                                     ;        ;              ;         ; Row I/O    ;                 ; no       ; Off          ;
; AF28     ; 325        ; 6        ; GND*                                     ;        ;              ;         ; Row I/O    ;                 ; no       ; Off          ;
; AF29     ; 343        ; 6        ; GND*                                     ;        ;              ;         ; Row I/O    ;                 ; no       ; Off          ;
; AF30     ; 344        ; 6        ; GND*                                     ;        ;              ;         ; Row I/O    ;                 ; no       ; Off          ;
; AG1      ;            ; 1        ; VCCIO1                                   ; power  ;              ; 3.3V    ; --         ;                 ; --       ; --           ;
; AG2      ; 156        ; 1        ; GND*                                     ;        ;              ;         ; Row I/O    ;                 ; no       ; Off          ;
; AG3      ; 157        ; 1        ; GND*                                     ;        ;              ;         ; Row I/O    ;                 ; no       ; Off          ;
; AG4      ; 174        ; 8        ; OUT2[3]                                  ; output ; 3.3-V LVTTL  ;         ; Column I/O ; Y               ; no       ; Off          ;
; AG5      ; 175        ; 8        ; GND*                                     ;        ;              ;         ; Column I/O ;                 ; no       ; Off          ;
; AG6      ; 182        ; 8        ; GND*                                     ;        ;              ;         ; Column I/O ;                 ; no       ; Off          ;
; AG7      ; 191        ; 8        ; GND*                                     ;        ;              ;         ; Column I/O ;                 ; no       ; Off          ;
; AG8      ; 188        ; 8        ; GND*                                     ;        ;              ;         ; Column I/O ;                 ; no       ; Off          ;
; AG9      ; 208        ; 8        ; GND*                                     ;        ;              ;         ; Column I/O ;                 ; no       ; Off          ;
; AG10     ; 212        ; 8        ; GND*                                     ;        ;              ;         ; Column I/O ;                 ; no       ; Off          ;
; AG11     ;            ;          ; GND                                      ; gnd    ;              ;         ; --         ;                 ; --       ; --           ;
; AG12     ; 226        ; 8        ; GND*                                     ;        ;              ;         ; Column I/O ;                 ; no       ; Off          ;
; AG13     ; 230        ; 8        ; OUT1[0]                                  ; output ; 3.3-V LVTTL  ;         ; Column I/O ; Y               ; no       ; Off          ;
; AG14     ; 232        ; 8        ; GND*                                     ;        ;              ;         ; Column I/O ;                 ; no       ; Off          ;
; AG15     ; 242        ; 8        ; GND+                                     ;        ;              ;         ; Column I/O ;                 ; --       ; --           ;
; AG16     ; 251        ; 7        ; OUT1[3]                                  ; output ; 3.3-V LVTTL  ;         ; Column I/O ; Y               ; no       ; Off          ;
; AG17     ; 254        ; 7        ; GND*                                     ;        ;              ;         ; Column I/O ;                 ; no       ; Off          ;
; AG18     ; 270        ; 7        ; GND*                                     ;        ;              ;         ; Column I/O ;                 ; no       ; Off          ;
; AG19     ; 268        ; 7        ; GND*                                     ;        ;              ;         ; Column I/O ;                 ; no       ; Off          ;
; AG20     ; 275        ; 7        ; GND*                                     ;        ;              ;         ; Column I/O ;                 ; no       ; Off          ;
; AG21     ;            ;          ; GND                                      ; gnd    ;              ;         ; --         ;                 ; --       ; --           ;
; AG22     ; 292        ; 7        ; GND*                                     ;        ;              ;         ; Column I/O ;                 ; no       ; Off          ;
; AG23     ; 297        ; 7        ; GND*                                     ;        ;              ;         ; Column I/O ;                 ; no       ; Off          ;
; AG24     ; 303        ; 7        ; GND*                                     ;        ;              ;         ; Column I/O ;                 ; no       ; Off          ;
; AG25     ; 304        ; 7        ; GND*                                     ;        ;              ;         ; Column I/O ;                 ; no       ; Off          ;
; AG26     ; 315        ; 7        ; GND*                                     ;        ;              ;         ; Column I/O ;                 ; no       ; Off          ;
; AG27     ; 314        ; 7        ; GND*                                     ;        ;              ;         ; Column I/O ;                 ; no       ; Off          ;
; AG28     ; 331        ; 6        ; GND*                                     ;        ;              ;         ; Row I/O    ;                 ; no       ; Off          ;
; AG29     ; 330        ; 6        ; GND*                                     ;        ;              ;         ; Row I/O    ;                 ; no       ; Off          ;
; AG30     ;            ; 6        ; VCCIO6                                   ; power  ;              ; 3.3V    ; --         ;                 ; --       ; --           ;
; AH1      ; 158        ; 1        ; GND*                                     ;        ;              ;         ; Row I/O    ;                 ; no       ; Off          ;
; AH2      ; 159        ; 1        ; GND*                                     ;        ;              ;         ; Row I/O    ;                 ; no       ; Off          ;
; AH3      ; 177        ; 8        ; GND*                                     ;        ;              ;         ; Column I/O ;                 ; no       ; Off          ;
; AH4      ; 185        ; 8        ; GND*                                     ;        ;              ;         ; Column I/O ;                 ; no       ; Off          ;
; AH5      ; 181        ; 8        ; OUT2[2]                                  ; output ; 3.3-V LVTTL  ;         ; Column I/O ; Y               ; no       ; Off          ;
; AH6      ;            ;          ; GND                                      ; gnd    ;              ;         ; --         ;                 ; --       ; --           ;
; AH7      ; 190        ; 8        ; GND*                                     ;        ;              ;         ; Column I/O ;                 ; no       ; Off          ;
; AH8      ;            ; 8        ; VCCIO8                                   ; power  ;              ; 3.3V    ; --         ;                 ; --       ; --           ;
; AH9      ; 207        ; 8        ; OUT0[2]                                  ; output ; 3.3-V LVTTL  ;         ; Column I/O ; Y               ; no       ; Off          ;
; AH10     ; 211        ; 8        ; GND*                                     ;        ;              ;         ; Column I/O ;                 ; no       ; Off          ;
; AH11     ;            ; 8        ; VCCIO8                                   ; power  ;              ; 3.3V    ; --         ;                 ; --       ; --           ;
; AH12     ; 225        ; 8        ; GND*                                     ;        ;              ;         ; Column I/O ;                 ; no       ; Off          ;
; AH13     ; 237        ; 8        ; GND*                                     ;        ;              ;         ; Column I/O ;                 ; no       ; Off          ;
; AH14     ; 243        ; 8        ; GND+                                     ;        ;              ;         ; Column I/O ;                 ; --       ; --           ;
; AH15     ; 241        ; 8        ; GND*                                     ;        ;              ;         ; Column I/O ;                 ; no       ; Off          ;
; AH16     ; 247        ; 7        ; GND*                                     ;        ;              ;         ; Column I/O ;                 ; no       ; Off          ;
; AH17     ; 253        ; 7        ; GND*                                     ;        ;              ;         ; Column I/O ;                 ; no       ; Off          ;
; AH18     ; 261        ; 7        ; GND*                                     ;        ;              ;         ; Column I/O ;                 ; no       ; Off          ;
; AH19     ; 267        ; 7        ; GND*                                     ;        ;              ;         ; Column I/O ;                 ; no       ; Off          ;
; AH20     ; 283        ; 7        ; GND*                                     ;        ;              ;         ; Column I/O ;                 ; --       ; --           ;
; AH21     ;            ; 7        ; VCCIO7                                   ; power  ;              ; 3.3V    ; --         ;                 ; --       ; --           ;
; AH22     ; 291        ; 7        ; GND*                                     ;        ;              ;         ; Column I/O ;                 ; no       ; Off          ;
; AH23     ;            ; 7        ; VCCIO7                                   ; power  ;              ; 3.3V    ; --         ;                 ; --       ; --           ;
; AH24     ; 302        ; 7        ; GND*                                     ;        ;              ;         ; Column I/O ;                 ; no       ; Off          ;
; AH25     ;            ;          ; GND                                      ; gnd    ;              ;         ; --         ;                 ; --       ; --           ;
; AH26     ; 305        ; 7        ; GND*                                     ;        ;              ;         ; Column I/O ;                 ; no       ; Off          ;
; AH27     ; 313        ; 7        ; GND*                                     ;        ;              ;         ; Column I/O ;                 ; no       ; Off          ;
; AH28     ; 333        ; 6        ; GND*                                     ;        ;              ;         ; Row I/O    ;                 ; no       ; Off          ;
; AH29     ; 332        ; 6        ; GND*                                     ;        ;              ;         ; Row I/O    ;                 ; no       ; Off          ;
; AH30     ; 334        ; 6        ; GND*                                     ;        ;              ;         ; Row I/O    ;                 ; no       ; Off          ;
; AJ1      ;            ;          ; GND                                      ; gnd    ;              ;         ; --         ;                 ; --       ; --           ;
; AJ2      ; 176        ; 8        ; GND*                                     ;        ;              ;         ; Column I/O ;                 ; no       ; Off          ;
; AJ3      ; 179        ; 8        ; GND*                                     ;        ;              ;         ; Column I/O ;                 ; no       ; Off          ;
; AJ4      ; 184        ; 8        ; GND*                                     ;        ;              ;         ; Column I/O ;                 ; no       ; Off          ;
; AJ5      ; 187        ; 8        ; GND*                                     ;        ;              ;         ; Column I/O ;                 ; no       ; Off          ;
; AJ6      ; 194        ; 8        ; GND*                                     ;        ;              ;         ; Column I/O ;                 ; no       ; Off          ;
; AJ7      ; 199        ; 8        ; GND*                                     ;        ;              ;         ; Column I/O ;                 ; no       ; Off          ;
; AJ8      ; 206        ; 8        ; GND*                                     ;        ;              ;         ; Column I/O ;                 ; no       ; Off          ;
; AJ9      ; 214        ; 8        ; GND*                                     ;        ;              ;         ; Column I/O ;                 ; no       ; Off          ;
; AJ10     ; 216        ; 8        ; GND*                                     ;        ;              ;         ; Column I/O ;                 ; no       ; Off          ;
; AJ11     ; 220        ; 8        ; GND*                                     ;        ;              ;         ; Column I/O ;                 ; no       ; Off          ;
; AJ12     ; 228        ; 8        ; GND*                                     ;        ;              ;         ; Column I/O ;                 ; no       ; Off          ;
; AJ13     ; 236        ; 8        ; GND*                                     ;        ;              ;         ; Column I/O ;                 ; no       ; Off          ;
; AJ14     ; 239        ; 8        ; GND*                                     ;        ;              ;         ; Column I/O ;                 ; no       ; Off          ;
; AJ15     ; 240        ; 8        ; GND*                                     ;        ;              ;         ; Column I/O ;                 ; no       ; Off          ;
; AJ16     ; 246        ; 7        ; GND*                                     ;        ;              ;         ; Column I/O ;                 ; no       ; Off          ;
; AJ17     ; 257        ; 7        ; GND*                                     ;        ;              ;         ; Column I/O ;                 ; no       ; Off          ;
; AJ18     ; 260        ; 7        ; GND*                                     ;        ;              ;         ; Column I/O ;                 ; no       ; Off          ;
; AJ19     ; 263        ; 7        ; GND*                                     ;        ;              ;         ; Column I/O ;                 ; no       ; Off          ;
; AJ20     ; 266        ; 7        ; GND*                                     ;        ;              ;         ; Column I/O ;                 ; no       ; Off          ;
; AJ21     ; 274        ; 7        ; GND*                                     ;        ;              ;         ; Column I/O ;                 ; no       ; Off          ;
; AJ22     ; 278        ; 7        ; GND*                                     ;        ;              ;         ; Column I/O ;                 ; no       ; Off          ;
; AJ23     ; 286        ; 7        ; GND*                                     ;        ;              ;         ; Column I/O ;                 ; no       ; Off          ;
; AJ24     ; 288        ; 7        ; GND*                                     ;        ;              ;         ; Column I/O ;                 ; no       ; Off          ;
; AJ25     ; 296        ; 7        ; GND*                                     ;        ;              ;         ; Column I/O ;                 ; no       ; Off          ;
; AJ26     ; 300        ; 7        ; GND*                                     ;        ;              ;         ; Column I/O ;                 ; no       ; Off          ;
; AJ27     ; 312        ; 7        ; GND*                                     ;        ;              ;         ; Column I/O ;                 ; no       ; Off          ;
; AJ28     ; 309        ; 7        ; GND*                                     ;        ;              ;         ; Column I/O ;                 ; no       ; Off          ;
; AJ29     ; 335        ; 6        ; GND*                                     ;        ;              ;         ; Row I/O    ;                 ; no       ; Off          ;
; AJ30     ;            ;          ; GND                                      ; gnd    ;              ;         ; --         ;                 ; --       ; --           ;
; AK2      ;            ;          ; GND                                      ; gnd    ;              ;         ; --         ;                 ; --       ; --           ;
; AK3      ; 178        ; 8        ; GND*                                     ;        ;              ;         ; Column I/O ;                 ; no       ; Off          ;
; AK4      ;            ; 8        ; VCCIO8                                   ; power  ;              ; 3.3V    ; --         ;                 ; --       ; --           ;
; AK5      ; 186        ; 8        ; GND*                                     ;        ;              ;         ; Column I/O ;                 ; no       ; Off          ;
; AK6      ; 193        ; 8        ; GND*                                     ;        ;              ;         ; Column I/O ;                 ; no       ; Off          ;
; AK7      ; 198        ; 8        ; GND*                                     ;        ;              ;         ; Column I/O ;                 ; no       ; Off          ;
; AK8      ; 205        ; 8        ; GND*                                     ;        ;              ;         ; Column I/O ;                 ; no       ; Off          ;
; AK9      ; 213        ; 8        ; GND*                                     ;        ;              ;         ; Column I/O ;                 ; no       ; Off          ;
; AK10     ; 215        ; 8        ; GND*                                     ;        ;              ;         ; Column I/O ;                 ; no       ; Off          ;
; AK11     ; 219        ; 8        ; GND*                                     ;        ;              ;         ; Column I/O ;                 ; no       ; Off          ;
; AK12     ; 227        ; 8        ; GND*                                     ;        ;              ;         ; Column I/O ;                 ; no       ; Off          ;
; AK13     ;            ;          ; GND                                      ; gnd    ;              ;         ; --         ;                 ; --       ; --           ;
; AK14     ; 238        ; 8        ; GND*                                     ;        ;              ;         ; Column I/O ;                 ; no       ; Off          ;
; AK15     ;            ; 8        ; VCCIO8                                   ; power  ;              ; 3.3V    ; --         ;                 ; --       ; --           ;
; AK16     ;            ; 7        ; VCCIO7                                   ; power  ;              ; 3.3V    ; --         ;                 ; --       ; --           ;
; AK17     ; 256        ; 7        ; GND*                                     ;        ;              ;         ; Column I/O ;                 ; no       ; Off          ;
; AK18     ;            ;          ; GND                                      ; gnd    ;              ;         ; --         ;                 ; --       ; --           ;
; AK19     ; 262        ; 7        ; GND*                                     ;        ;              ;         ; Column I/O ;                 ; no       ; Off          ;
; AK20     ; 265        ; 7        ; GND*                                     ;        ;              ;         ; Column I/O ;                 ; no       ; Off          ;
; AK21     ; 273        ; 7        ; GND*                                     ;        ;              ;         ; Column I/O ;                 ; no       ; Off          ;
; AK22     ; 277        ; 7        ; GND*                                     ;        ;              ;         ; Column I/O ;                 ; no       ; Off          ;
; AK23     ; 285        ; 7        ; GND*                                     ;        ;              ;         ; Column I/O ;                 ; no       ; Off          ;
; AK24     ; 287        ; 7        ; GND*                                     ;        ;              ;         ; Column I/O ;                 ; no       ; Off          ;
; AK25     ; 295        ; 7        ; GND*                                     ;        ;              ;         ; Column I/O ;                 ; no       ; Off          ;
; AK26     ; 299        ; 7        ; GND*                                     ;        ;              ;         ; Column I/O ;                 ; no       ; Off          ;
; AK27     ;            ; 7        ; VCCIO7                                   ; power  ;              ; 3.3V    ; --         ;                 ; --       ; --           ;
; AK28     ; 308        ; 7        ; GND*                                     ;        ;              ;         ; Column I/O ;                 ; no       ; Off          ;
; AK29     ;            ;          ; GND                                      ; gnd    ;              ;         ; --         ;                 ; --       ; --           ;
; B1       ;            ;          ; GND                                      ; gnd    ;              ;         ; --         ;                 ; --       ; --           ;
; B2       ; 14         ; 2        ; GND*                                     ;        ;              ;         ; Row I/O    ;                 ; no       ; Off          ;
; B3       ; 626        ; 3        ; GND*                                     ;        ;              ;         ; Column I/O ;                 ; no       ; Off          ;
; B4       ; 621        ; 3        ; GND*                                     ;        ;              ;         ; Column I/O ;                 ; no       ; Off          ;
; B5       ; 618        ; 3        ; GND*                                     ;        ;              ;         ; Column I/O ;                 ; no       ; Off          ;
; B6       ; 614        ; 3        ; GND*                                     ;        ;              ;         ; Column I/O ;                 ; no       ; Off          ;
; B7       ; 611        ; 3        ; GND*                                     ;        ;              ;         ; Column I/O ;                 ; no       ; Off          ;
; B8       ; 605        ; 3        ; GND*                                     ;        ;              ;         ; Column I/O ;                 ; no       ; Off          ;
; B9       ; 593        ; 3        ; GND*                                     ;        ;              ;         ; Column I/O ;                 ; no       ; Off          ;
; B10      ; 591        ; 3        ; GND*                                     ;        ;              ;         ; Column I/O ;                 ; no       ; Off          ;
; B11      ; 585        ; 3        ; GND*                                     ;        ;              ;         ; Column I/O ;                 ; no       ; Off          ;
; B12      ; 577        ; 3        ; GND*                                     ;        ;              ;         ; Column I/O ;                 ; no       ; Off          ;
; B13      ; 573        ; 3        ; GND*                                     ;        ;              ;         ; Column I/O ;                 ; no       ; Off          ;
; B14      ; 568        ; 3        ; GND*                                     ;        ;              ;         ; Column I/O ;                 ; no       ; Off          ;
; B15      ; 565        ; 3        ; GND*                                     ;        ;              ;         ; Column I/O ;                 ; no       ; Off          ;
; B16      ; 559        ; 4        ; GND*                                     ;        ;              ;         ; Column I/O ;                 ; no       ; Off          ;
; B17      ; 548        ; 4        ; GND*                                     ;        ;              ;         ; Column I/O ;                 ; no       ; Off          ;
; B18      ; 547        ; 4        ; GND*                                     ;        ;              ;         ; Column I/O ;                 ; no       ; Off          ;
; B19      ; 544        ; 4        ; GND*                                     ;        ;              ;         ; Column I/O ;                 ; no       ; Off          ;
; B20      ; 539        ; 4        ; GND*                                     ;        ;              ;         ; Column I/O ;                 ; no       ; Off          ;
; B21      ; 531        ; 4        ; GND*                                     ;        ;              ;         ; Column I/O ;                 ; no       ; Off          ;
; B22      ; 527        ; 4        ; GND*                                     ;        ;              ;         ; Column I/O ;                 ; no       ; Off          ;
; B23      ; 517        ; 4        ; GND*                                     ;        ;              ;         ; Column I/O ;                 ; no       ; Off          ;
; B24      ; 513        ; 4        ; GND*                                     ;        ;              ;         ; Column I/O ;                 ; no       ; Off          ;
; B25      ; 509        ; 4        ; GND*                                     ;        ;              ;         ; Column I/O ;                 ; no       ; Off          ;
; B26      ; 502        ; 4        ; GND*                                     ;        ;              ;         ; Column I/O ;                 ; no       ; Off          ;
; B27      ; 499        ; 4        ; GND*                                     ;        ;              ;         ; Column I/O ;                 ; no       ; Off          ;
; B28      ; 496        ; 4        ; GND*                                     ;        ;              ;         ; Column I/O ;                 ; no       ; Off          ;
; B29      ; 493        ; 4        ; GND*                                     ;        ;              ;         ; Column I/O ;                 ; no       ; Off          ;
; B30      ;            ;          ; GND                                      ; gnd    ;              ;         ; --         ;                 ; --       ; --           ;
; C1       ; 16         ; 2        ; GND*                                     ;        ;              ;         ; Row I/O    ;                 ; no       ; Off          ;
; C2       ; 17         ; 2        ; GND*                                     ;        ;              ;         ; Row I/O    ;                 ; no       ; Off          ;
; C3       ; 15         ; 2        ; GND*                                     ;        ;              ;         ; Row I/O    ;                 ; no       ; Off          ;
; C4       ; 620        ; 3        ; GND*                                     ;        ;              ;         ; Column I/O ;                 ; no       ; Off          ;
; C5       ; 624        ; 3        ; GND*                                     ;        ;              ;         ; Column I/O ;                 ; --       ; --           ;
; C6       ;            ;          ; GND                                      ; gnd    ;              ;         ; --         ;                 ; --       ; --           ;
; C7       ; 613        ; 3        ; GND*                                     ;        ;              ;         ; Column I/O ;                 ; --       ; --           ;
; C8       ;            ; 3        ; VCCIO3                                   ; power  ;              ; 3.3V    ; --         ;                 ; --       ; --           ;
; C9       ; 603        ; 3        ; GND*                                     ;        ;              ;         ; Column I/O ;                 ; no       ; Off          ;
; C10      ; 600        ; 3        ; GND*                                     ;        ;              ;         ; Column I/O ;                 ; no       ; Off          ;
; C11      ;            ; 3        ; VCCIO3                                   ; power  ;              ; 3.3V    ; --         ;                 ; --       ; --           ;
; C12      ; 584        ; 3        ; GND*                                     ;        ;              ;         ; Column I/O ;                 ; no       ; Off          ;
; C13      ; 572        ; 3        ; GND*                                     ;        ;              ;         ; Column I/O ;                 ; no       ; Off          ;
; C14      ; 575        ; 3        ; GND*                                     ;        ;              ;         ; Column I/O ;                 ; --       ; --           ;
; C15      ; 564        ; 3        ; GND*                                     ;        ;              ;         ; Column I/O ;                 ; no       ; Off          ;
; C16      ; 558        ; 4        ; GND*                                     ;        ;              ;         ; Column I/O ;                 ; no       ; Off          ;
; C17      ; 554        ; 4        ; GND*                                     ;        ;              ;         ; Column I/O ;                 ; --       ; --           ;
; C18      ; 546        ; 4        ; GND*                                     ;        ;              ;         ; Column I/O ;                 ; no       ; Off          ;
; C19      ; 538        ; 4        ; GND*                                     ;        ;              ;         ; Column I/O ;                 ; no       ; Off          ;
; C20      ;            ; 4        ; VCCIO4                                   ; power  ;              ; 3.3V    ; --         ;                 ; --       ; --           ;
; C21      ; 522        ; 4        ; GND*                                     ;        ;              ;         ; Column I/O ;                 ; --       ; --           ;
; C22      ; 520        ; 4        ; GND*                                     ;        ;              ;         ; Column I/O ;                 ; no       ; Off          ;
; C23      ;            ; 4        ; VCCIO4                                   ; power  ;              ; 3.3V    ; --         ;                 ; --       ; --           ;
; C24      ; 516        ; 4        ; GND*                                     ;        ;              ;         ; Column I/O ;                 ; no       ; Off          ;
; C25      ;            ;          ; GND                                      ; gnd    ;              ;         ; --         ;                 ; --       ; --           ;
; C26      ; 504        ; 4        ; GND*                                     ;        ;              ;         ; Column I/O ;                 ; --       ; --           ;
; C27      ; 498        ; 4        ; GND*                                     ;        ;              ;         ; Column I/O ;                 ; no       ; Off          ;
; C28      ; 492        ; 4        ; GND*                                     ;        ;              ;         ; Column I/O ;                 ; no       ; Off          ;
; C29      ; 473        ; 5        ; GND*                                     ;        ;              ;         ; Row I/O    ;                 ; no       ; Off          ;
; C30      ; 472        ; 5        ; GND*                                     ;        ;              ;         ; Row I/O    ;                 ; no       ; Off          ;
; D1       ;            ; 2        ; VCCIO2                                   ; power  ;              ; 3.3V    ; --         ;                 ; --       ; --           ;
; D2       ; 18         ; 2        ; GND*                                     ;        ;              ;         ; Row I/O    ;                 ; no       ; Off          ;
; D3       ; 19         ; 2        ; GND*                                     ;        ;              ;         ; Row I/O    ;                 ; no       ; Off          ;
; D4       ; 633        ; 3        ; GND*                                     ;        ;              ;         ; Column I/O ;                 ; no       ; Off          ;
; D5       ; 632        ; 3        ; GND*                                     ;        ;              ;         ; Column I/O ;                 ; no       ; Off          ;
; D6       ; 617        ; 3        ; GND*                                     ;        ;              ;         ; Column I/O ;                 ; no       ; Off          ;
; D7       ; 616        ; 3        ; GND*                                     ;        ;              ;         ; Column I/O ;                 ; no       ; Off          ;
; D8       ; 608        ; 3        ; GND*                                     ;        ;              ;         ; Column I/O ;                 ; no       ; Off          ;
; D9       ; 604        ; 3        ; GND*                                     ;        ;              ;         ; Column I/O ;                 ; no       ; Off          ;
; D10      ; 599        ; 3        ; GND*                                     ;        ;              ;         ; Column I/O ;                 ; no       ; Off          ;
; D11      ;            ;          ; GND                                      ; gnd    ;              ;         ; --         ;                 ; --       ; --           ;
; D12      ; 583        ; 3        ; GND*                                     ;        ;              ;         ; Column I/O ;                 ; no       ; Off          ;
; D13      ; 588        ; 3        ; GND*                                     ;        ;              ;         ; Column I/O ;                 ; --       ; --           ;
; D14      ; 571        ; 3        ; GND*                                     ;        ;              ;         ; Column I/O ;                 ; no       ; Off          ;
; D15      ; 567        ; 3        ; GND*                                     ;        ;              ;         ; Column I/O ;                 ; no       ; Off          ;
; D16      ; 561        ; 4        ; GND+                                     ;        ;              ;         ; Column I/O ;                 ; --       ; --           ;
; D17      ; 553        ; 4        ; GND*                                     ;        ;              ;         ; Column I/O ;                 ; no       ; Off          ;
; D18      ; 541        ; 4        ; GND*                                     ;        ;              ;         ; Column I/O ;                 ; --       ; --           ;
; D19      ; 537        ; 4        ; GND*                                     ;        ;              ;         ; Column I/O ;                 ; no       ; Off          ;
; D20      ;            ;          ; GND                                      ; gnd    ;              ;         ; --         ;                 ; --       ; --           ;
; D21      ; 526        ; 4        ; GND*                                     ;        ;              ;         ; Column I/O ;                 ; no       ; Off          ;
; D22      ; 519        ; 4        ; GND*                                     ;        ;              ;         ; Column I/O ;                 ; no       ; Off          ;
; D23      ; 515        ; 4        ; GND*                                     ;        ;              ;         ; Column I/O ;                 ; no       ; Off          ;
; D24      ; 508        ; 4        ; GND*                                     ;        ;              ;         ; Column I/O ;                 ; no       ; Off          ;
; D25      ; 507        ; 4        ; GND*                                     ;        ;              ;         ; Column I/O ;                 ; no       ; Off          ;
; D26      ; 494        ; 4        ; GND*                                     ;        ;              ;         ; Column I/O ;                 ; no       ; Off          ;
; D27      ; 495        ; 4        ; GND*                                     ;        ;              ;         ; Column I/O ;                 ; no       ; Off          ;
; D28      ; 475        ; 5        ; GND*                                     ;        ;              ;         ; Row I/O    ;                 ; no       ; Off          ;
; D29      ; 474        ; 5        ; GND*                                     ;        ;              ;         ; Row I/O    ;                 ; no       ; Off          ;
; D30      ;            ; 5        ; VCCIO5                                   ; power  ;              ; 3.3V    ; --         ;                 ; --       ; --           ;
; E1       ; 37         ; 2        ; GND*                                     ;        ;              ;         ; Row I/O    ;                 ; no       ; Off          ;
; E2       ; 38         ; 2        ; GND*                                     ;        ;              ;         ; Row I/O    ;                 ; no       ; Off          ;
; E3       ; 12         ; 2        ; GND*                                     ;        ;              ;         ; Row I/O    ;                 ; no       ; Off          ;
; E4       ; 13         ; 2        ; OUT6[6]                                  ; output ; 3.3-V LVTTL  ;         ; Row I/O    ; Y               ; no       ; Off          ;
; E5       ;            ;          ; GND                                      ; gnd    ;              ;         ; --         ;                 ; --       ; --           ;
; E6       ;            ; 3        ; VCCIO3                                   ; power  ;              ; 3.3V    ; --         ;                 ; --       ; --           ;
; E7       ; 630        ; 3        ; GND*                                     ;        ;              ;         ; Column I/O ;                 ; no       ; Off          ;
; E8       ; 628        ; 3        ; GND*                                     ;        ;              ;         ; Column I/O ;                 ; no       ; Off          ;
; E9       ; 609        ; 3        ; GND*                                     ;        ;              ;         ; Column I/O ;                 ; no       ; Off          ;
; E10      ; 607        ; 3        ; GND*                                     ;        ;              ;         ; Column I/O ;                 ; no       ; Off          ;
; E11      ; 596        ; 3        ; GND*                                     ;        ;              ;         ; Column I/O ;                 ; no       ; Off          ;
; E12      ; 589        ; 3        ; GND*                                     ;        ;              ;         ; Column I/O ;                 ; no       ; Off          ;
; E13      ; 579        ; 3        ; GND*                                     ;        ;              ;         ; Column I/O ;                 ; no       ; Off          ;
; E14      ; 570        ; 3        ; GND*                                     ;        ;              ;         ; Column I/O ;                 ; no       ; Off          ;
; E15      ; 566        ; 3        ; GND*                                     ;        ;              ;         ; Column I/O ;                 ; no       ; Off          ;
; E16      ; 560        ; 4        ; GND+                                     ;        ;              ;         ; Column I/O ;                 ; --       ; --           ;
; E17      ; 550        ; 4        ; GND*                                     ;        ;              ;         ; Column I/O ;                 ; no       ; Off          ;
; E18      ;            ; 4        ; VCCIO4                                   ; power  ;              ; 3.3V    ; --         ;                 ; --       ; --           ;
; E19      ; 534        ; 4        ; GND*                                     ;        ;              ;         ; Column I/O ;                 ; no       ; Off          ;
; E20      ; 530        ; 4        ; GND*                                     ;        ;              ;         ; Column I/O ;                 ; no       ; Off          ;
; E21      ; 525        ; 4        ; GND*                                     ;        ;              ;         ; Column I/O ;                 ; no       ; Off          ;
; E22      ; 506        ; 4        ; GND*                                     ;        ;              ;         ; Column I/O ;                 ; no       ; Off          ;
; E23      ; 505        ; 4        ; GND*                                     ;        ;              ;         ; Column I/O ;                 ; no       ; Off          ;
; E24      ; 490        ; 4        ; GND*                                     ;        ;              ;         ; Column I/O ;                 ; no       ; Off          ;
; E25      ;            ; 4        ; VCCIO4                                   ; power  ;              ; 3.3V    ; --         ;                 ; --       ; --           ;
; E26      ;            ;          ; GND                                      ; gnd    ;              ;         ; --         ;                 ; --       ; --           ;
; E27      ; 478        ; 5        ; GND*                                     ;        ;              ;         ; Row I/O    ;                 ; no       ; Off          ;
; E28      ; 477        ; 5        ; GND*                                     ;        ;              ;         ; Row I/O    ;                 ; no       ; Off          ;
; E29      ; 470        ; 5        ; GND*                                     ;        ;              ;         ; Row I/O    ;                 ; no       ; Off          ;
; E30      ; 471        ; 5        ; GND*                                     ;        ;              ;         ; Row I/O    ;                 ; no       ; Off          ;
; F1       ; 39         ; 2        ; GND*                                     ;        ;              ;         ; Row I/O    ;                 ; no       ; Off          ;
; F2       ; 40         ; 2        ; GND*                                     ;        ;              ;         ; Row I/O    ;                 ; no       ; Off          ;
; F3       ; 6          ; 2        ; GND*                                     ;        ;              ;         ; Row I/O    ;                 ; no       ; Off          ;
; F4       ; 7          ; 2        ; OUT6[5]                                  ; output ; 3.3-V LVTTL  ;         ; Row I/O    ; Y               ; no       ; Off          ;
; F5       ;            ; 2        ; VCCIO2                                   ; power  ;              ; 3.3V    ; --         ;                 ; --       ; --           ;
; F6       ;            ;          ; GND                                      ; gnd    ;              ;         ; --         ;                 ; --       ; --           ;
; F7       ; 631        ; 3        ; GND*                                     ;        ;              ;         ; Column I/O ;                 ; no       ; Off          ;
; F8       ; 629        ; 3        ; GND*                                     ;        ;              ;         ; Column I/O ;                 ; no       ; Off          ;
; F9       ;            ;          ; GND                                      ; gnd    ;              ;         ; --         ;                 ; --       ; --           ;
; F10      ;            ; 3        ; VCCIO3                                   ; power  ;              ; 3.3V    ; --         ;                 ; --       ; --           ;
; F11      ; 595        ; 3        ; GND*                                     ;        ;              ;         ; Column I/O ;                 ; no       ; Off          ;
; F12      ; 590        ; 3        ; GND*                                     ;        ;              ;         ; Column I/O ;                 ; no       ; Off          ;
; F13      ; 580        ; 3        ; GND*                                     ;        ;              ;         ; Column I/O ;                 ; no       ; Off          ;
; F14      ;            ;          ; GND                                      ; gnd    ;              ;         ; --         ;                 ; --       ; --           ;
; F15      ;            ; 3        ; VCCIO3                                   ; power  ;              ; 3.3V    ; --         ;                 ; --       ; --           ;
; F16      ; 556        ; 4        ; GND*                                     ;        ;              ;         ; Column I/O ;                 ; no       ; Off          ;
; F17      ;            ;          ; GND                                      ; gnd    ;              ;         ; --         ;                 ; --       ; --           ;
; F18      ; 543        ; 4        ; GND*                                     ;        ;              ;         ; Column I/O ;                 ; no       ; Off          ;
; F19      ; 533        ; 4        ; GND*                                     ;        ;              ;         ; Column I/O ;                 ; no       ; Off          ;
; F20      ; 529        ; 4        ; GND*                                     ;        ;              ;         ; Column I/O ;                 ; no       ; Off          ;
; F21      ;            ; 4        ; VCCIO4                                   ; power  ;              ; 3.3V    ; --         ;                 ; --       ; --           ;
; F22      ;            ;          ; GND                                      ; gnd    ;              ;         ; --         ;                 ; --       ; --           ;
; F23      ; 488        ; 4        ; GND*                                     ;        ;              ;         ; Column I/O ;                 ; no       ; Off          ;
; F24      ; 491        ; 4        ; GND*                                     ;        ;              ;         ; Column I/O ;                 ; no       ; Off          ;
; F25      ;            ;          ; GND                                      ; gnd    ;              ;         ; --         ;                 ; --       ; --           ;
; F26      ;            ; 5        ; VCCIO5                                   ; power  ;              ; 3.3V    ; --         ;                 ; --       ; --           ;
; F27      ; 476        ; 5        ; GND*                                     ;        ;              ;         ; Row I/O    ;                 ; no       ; Off          ;
; F28      ; 481        ; 5        ; GND*                                     ;        ;              ;         ; Row I/O    ;                 ; --       ; --           ;
; F29      ; 463        ; 5        ; GND*                                     ;        ;              ;         ; Row I/O    ;                 ; no       ; Off          ;
; F30      ; 464        ; 5        ; GND*                                     ;        ;              ;         ; Row I/O    ;                 ; no       ; Off          ;
; G1       ; 41         ; 2        ; OUT7[6]                                  ; output ; 3.3-V LVTTL  ;         ; Row I/O    ; Y               ; no       ; Off          ;
; G2       ; 42         ; 2        ; dot7                                     ; output ; 3.3-V LVTTL  ;         ; Row I/O    ; Y               ; no       ; Off          ;
; G3       ; 10         ; 2        ; GND*                                     ;        ;              ;         ; Row I/O    ;                 ; no       ; Off          ;
; G4       ; 11         ; 2        ; OUT6[4]                                  ; output ; 3.3-V LVTTL  ;         ; Row I/O    ; Y               ; no       ; Off          ;
; G5       ; 4          ; 2        ; GND*                                     ;        ;              ;         ; Row I/O    ;                 ; no       ; Off          ;
; G6       ; 5          ; 2        ; GND*                                     ;        ;              ;         ; Row I/O    ;                 ; no       ; Off          ;
; G7       ; 0          ; 2        ; ~ASDO~ / RESERVED_INPUT_WITH_WEAK_PULLUP ; input  ; 3.3-V LVTTL  ;         ; Row I/O    ; N               ; no       ; On           ;
; G8       ;            ;          ; GNDA_PLL3                                ; gnd    ;              ;         ; --         ;                 ; --       ; --           ;
; G9       ; 625        ; 3        ; GND*                                     ;        ;              ;         ; Column I/O ;                 ; no       ; Off          ;
; G10      ; 623        ; 3        ; GND*                                     ;        ;              ;         ; Column I/O ;                 ; no       ; Off          ;
; G11      ; 610        ; 3        ; GND*                                     ;        ;              ;         ; Column I/O ;                 ; no       ; Off          ;
; G12      ; 597        ; 3        ; GND*                                     ;        ;              ;         ; Column I/O ;                 ; no       ; Off          ;
; G13      ; 582        ; 3        ; GND*                                     ;        ;              ;         ; Column I/O ;                 ; no       ; Off          ;
; G14      ; 576        ; 3        ; GND*                                     ;        ;              ;         ; Column I/O ;                 ; no       ; Off          ;
; G15      ; 562        ; 3        ; GND+                                     ;        ;              ;         ; Column I/O ;                 ; --       ; --           ;
; G16      ; 555        ; 4        ; GND*                                     ;        ;              ;         ; Column I/O ;                 ; no       ; Off          ;
; G17      ; 551        ; 4        ; GND*                                     ;        ;              ;         ; Column I/O ;                 ; no       ; Off          ;
; G18      ; 542        ; 4        ; GND*                                     ;        ;              ;         ; Column I/O ;                 ; no       ; Off          ;
; G19      ; 521        ; 4        ; GND*                                     ;        ;              ;         ; Column I/O ;                 ; no       ; Off          ;
; G20      ; 511        ; 4        ; GND*                                     ;        ;              ;         ; Column I/O ;                 ; no       ; Off          ;
; G21      ; 500        ; 4        ; GND*                                     ;        ;              ;         ; Column I/O ;                 ; no       ; Off          ;
; G22      ; 489        ; 4        ; GND*                                     ;        ;              ;         ; Column I/O ;                 ; no       ; Off          ;
; G23      ;            ;          ; GNDA_PLL2                                ; gnd    ;              ;         ; --         ;                 ; --       ; --           ;
; G24      ; 486        ; 5        ; GND*                                     ;        ;              ;         ; Row I/O    ;                 ; no       ; Off          ;
; G25      ; 482        ; 5        ; GND*                                     ;        ;              ;         ; Row I/O    ;                 ; no       ; Off          ;
; G26      ; 483        ; 5        ; GND*                                     ;        ;              ;         ; Row I/O    ;                 ; no       ; Off          ;
; G27      ; 468        ; 5        ; GND*                                     ;        ;              ;         ; Row I/O    ;                 ; no       ; Off          ;
; G28      ; 469        ; 5        ; GND*                                     ;        ;              ;         ; Row I/O    ;                 ; no       ; Off          ;
; G29      ; 458        ; 5        ; GND*                                     ;        ;              ;         ; Row I/O    ;                 ; no       ; Off          ;
; G30      ; 459        ; 5        ; GND*                                     ;        ;              ;         ; Row I/O    ;                 ; no       ; Off          ;
; H1       ; 43         ; 2        ; OUT7[3]                                  ; output ; 3.3-V LVTTL  ;         ; Row I/O    ; Y               ; no       ; Off          ;
; H2       ; 44         ; 2        ; OUT7[4]                                  ; output ; 3.3-V LVTTL  ;         ; Row I/O    ; Y               ; no       ; Off          ;
; H3       ; 20         ; 2        ; OUT7[5]                                  ; output ; 3.3-V LVTTL  ;         ; Row I/O    ; Y               ; no       ; Off          ;
; H4       ; 21         ; 2        ; OUT6[1]                                  ; output ; 3.3-V LVTTL  ;         ; Row I/O    ; Y               ; no       ; Off          ;
; H5       ; 8          ; 2        ; GND*                                     ;        ;              ;         ; Row I/O    ;                 ; --       ; --           ;
; H6       ; 9          ; 2        ; OUT6[0]                                  ; output ; 3.3-V LVTTL  ;         ; Row I/O    ; Y               ; no       ; Off          ;
; H7       ; 2          ; 2        ; OUT6[2]                                  ; output ; 3.3-V LVTTL  ;         ; Row I/O    ; Y               ; no       ; Off          ;
; H8       ; 3          ; 2        ; OUT6[3]                                  ; output ; 3.3-V LVTTL  ;         ; Row I/O    ; Y               ; no       ; Off          ;
; H9       ;            ;          ; VCCA_PLL3                                ; power  ;              ; 1.2V    ; --         ;                 ; --       ; --           ;
; H10      ; 622        ; 3        ; GND*                                     ;        ;              ;         ; Column I/O ;                 ; no       ; Off          ;
; H11      ; 602        ; 3        ; GND*                                     ;        ;              ;         ; Column I/O ;                 ; no       ; Off          ;
; H12      ; 598        ; 3        ; GND*                                     ;        ;              ;         ; Column I/O ;                 ; no       ; Off          ;
; H13      ; 587        ; 3        ; GND*                                     ;        ;              ;         ; Column I/O ;                 ; no       ; Off          ;
; H14      ; 574        ; 3        ; GND*                                     ;        ;              ;         ; Column I/O ;                 ; no       ; Off          ;
; H15      ; 563        ; 3        ; GND+                                     ;        ;              ;         ; Column I/O ;                 ; --       ; --           ;
; H16      ; 557        ; 4        ; GND*                                     ;        ;              ;         ; Column I/O ;                 ; no       ; Off          ;
; H17      ; 552        ; 4        ; GND*                                     ;        ;              ;         ; Column I/O ;                 ; no       ; Off          ;
; H18      ; 535        ; 4        ; GND*                                     ;        ;              ;         ; Column I/O ;                 ; no       ; Off          ;
; H19      ; 524        ; 4        ; GND*                                     ;        ;              ;         ; Column I/O ;                 ; no       ; Off          ;
; H20      ; 512        ; 4        ; GND*                                     ;        ;              ;         ; Column I/O ;                 ; no       ; Off          ;
; H21      ; 501        ; 4        ; GND*                                     ;        ;              ;         ; Column I/O ;                 ; no       ; Off          ;
; H22      ;            ;          ; VCCA_PLL2                                ; power  ;              ; 1.2V    ; --         ;                 ; --       ; --           ;
; H23      ; 487        ; 5        ; GND*                                     ;        ;              ;         ; Row I/O    ;                 ; no       ; Off          ;
; H24      ; 485        ; 5        ; GND*                                     ;        ;              ;         ; Row I/O    ;                 ; no       ; Off          ;
; H25      ; 484        ; 5        ; GND*                                     ;        ;              ;         ; Row I/O    ;                 ; no       ; Off          ;
; H26      ; 465        ; 5        ; GND*                                     ;        ;              ;         ; Row I/O    ;                 ; no       ; Off          ;
; H27      ; 466        ; 5        ; GND*                                     ;        ;              ;         ; Row I/O    ;                 ; no       ; Off          ;
; H28      ; 467        ; 5        ; GND*                                     ;        ;              ;         ; Row I/O    ;                 ; no       ; Off          ;
; H29      ; 453        ; 5        ; GND*                                     ;        ;              ;         ; Row I/O    ;                 ; no       ; Off          ;
; H30      ; 454        ; 5        ; GND*                                     ;        ;              ;         ; Row I/O    ;                 ; no       ; Off          ;
; J1       ; 51         ; 2        ; OUT7[1]                                  ; output ; 3.3-V LVTTL  ;         ; Row I/O    ; Y               ; no       ; Off          ;
; J2       ; 52         ; 2        ; OUT7[2]                                  ; output ; 3.3-V LVTTL  ;         ; Row I/O    ; Y               ; no       ; Off          ;
; J3       ;            ; 2        ; VCCIO2                                   ; power  ;              ; 3.3V    ; --         ;                 ; --       ; --           ;
; J4       ;            ;          ; GND                                      ; gnd    ;              ;         ; --         ;                 ; --       ; --           ;
; J5       ; 24         ; 2        ; GND*                                     ;        ;              ;         ; Row I/O    ;                 ; --       ; --           ;
; J6       ; 23         ; 2        ; GND*                                     ;        ;              ;         ; Row I/O    ;                 ; no       ; Off          ;
; J7       ; 22         ; 2        ; GND*                                     ;        ;              ;         ; Row I/O    ;                 ; no       ; Off          ;
; J8       ;            ;          ; GND_PLL3                                 ; gnd    ;              ;         ; --         ;                 ; --       ; --           ;
; J9       ;            ;          ; VCCD_PLL3                                ; power  ;              ; 1.2V    ; --         ;                 ; --       ; --           ;
; J10      ;            ;          ; GND                                      ; gnd    ;              ;         ; --         ;                 ; --       ; --           ;
; J11      ;            ; 3        ; VCCIO3                                   ; power  ;              ; 3.3V    ; --         ;                 ; --       ; --           ;
; J12      ; 601        ; 3        ; GND*                                     ;        ;              ;         ; Column I/O ;                 ; no       ; Off          ;
; J13      ; 581        ; 3        ; GND*                                     ;        ;              ;         ; Column I/O ;                 ; no       ; Off          ;
; J14      ;            ;          ; GND                                      ; gnd    ;              ;         ; --         ;                 ; --       ; --           ;
; J15      ;            ; 3        ; VCCIO3                                   ; power  ;              ; 3.3V    ; --         ;                 ; --       ; --           ;
; J16      ;            ; 4        ; VCCIO4                                   ; power  ;              ; 3.3V    ; --         ;                 ; --       ; --           ;
; J17      ;            ;          ; GND                                      ; gnd    ;              ;         ; --         ;                 ; --       ; --           ;
; J18      ; 536        ; 4        ; GND*                                     ;        ;              ;         ; Column I/O ;                 ; no       ; Off          ;
; J19      ; 523        ; 4        ; GND*                                     ;        ;              ;         ; Column I/O ;                 ; no       ; Off          ;
; J20      ;            ; 4        ; VCCIO4                                   ; power  ;              ; 3.3V    ; --         ;                 ; --       ; --           ;
; J21      ;            ;          ; GND                                      ; gnd    ;              ;         ; --         ;                 ; --       ; --           ;
; J22      ;            ;          ; VCCD_PLL2                                ; power  ;              ; 1.2V    ; --         ;                 ; --       ; --           ;
; J23      ;            ; 5        ; VCCIO5                                   ; power  ;              ; 3.3V    ; --         ;                 ; --       ; --           ;
; J24      ; 480        ; 5        ; GND*                                     ;        ;              ;         ; Row I/O    ;                 ; no       ; Off          ;
; J25      ; 479        ; 5        ; GND*                                     ;        ;              ;         ; Row I/O    ;                 ; no       ; Off          ;
; J26      ; 460        ; 5        ; GND*                                     ;        ;              ;         ; Row I/O    ;                 ; --       ; --           ;
; J27      ;            ;          ; GND                                      ; gnd    ;              ;         ; --         ;                 ; --       ; --           ;
; J28      ;            ; 5        ; VCCIO5                                   ; power  ;              ; 3.3V    ; --         ;                 ; --       ; --           ;
; J29      ; 439        ; 5        ; GND*                                     ;        ;              ;         ; Row I/O    ;                 ; no       ; Off          ;
; J30      ; 440        ; 5        ; GND*                                     ;        ;              ;         ; Row I/O    ;                 ; no       ; Off          ;
; K1       ; 56         ; 2        ; OUT5[4]                                  ; output ; 3.3-V LVTTL  ;         ; Row I/O    ; Y               ; no       ; Off          ;
; K2       ; 57         ; 2        ; dot6                                     ; output ; 3.3-V LVTTL  ;         ; Row I/O    ; Y               ; no       ; Off          ;
; K3       ; 45         ; 2        ; OUT7[0]                                  ; output ; 3.3-V LVTTL  ;         ; Row I/O    ; Y               ; no       ; Off          ;
; K4       ; 46         ; 2        ; OUT5[5]                                  ; output ; 3.3-V LVTTL  ;         ; Row I/O    ; Y               ; no       ; Off          ;
; K5       ; 32         ; 2        ; OUT5[6]                                  ; output ; 3.3-V LVTTL  ;         ; Row I/O    ; Y               ; no       ; Off          ;
; K6       ; 31         ; 2        ; dot5                                     ; output ; 3.3-V LVTTL  ;         ; Row I/O    ; Y               ; no       ; Off          ;
; K7       ; 26         ; 2        ; GND*                                     ;        ;              ;         ; Row I/O    ;                 ; no       ; Off          ;
; K8       ; 25         ; 2        ; GND*                                     ;        ;              ;         ; Row I/O    ;                 ; no       ; Off          ;
; K9       ; 1          ; 2        ; ~nCSO~ / RESERVED_INPUT_WITH_WEAK_PULLUP ; input  ; 3.3-V LVTTL  ;         ; Row I/O    ; N               ; no       ; On           ;
; K10      ;            ;          ; GND_PLL3                                 ; gnd    ;              ;         ; --         ;                 ; --       ; --           ;
; K11      ;            ;          ; GND                                      ; gnd    ;              ;         ; --         ;                 ; --       ; --           ;
; K12      ;            ;          ; GND                                      ; gnd    ;              ;         ; --         ;                 ; --       ; --           ;
; K13      ;            ;          ; VCCINT                                   ; power  ;              ; 1.2V    ; --         ;                 ; --       ; --           ;
; K14      ;            ;          ; VCCINT                                   ; power  ;              ; 1.2V    ; --         ;                 ; --       ; --           ;
; K15      ;            ;          ; GND                                      ; gnd    ;              ;         ; --         ;                 ; --       ; --           ;
; K16      ;            ;          ; GND                                      ; gnd    ;              ;         ; --         ;                 ; --       ; --           ;
; K17      ;            ;          ; VCCINT                                   ; power  ;              ; 1.2V    ; --         ;                 ; --       ; --           ;
; K18      ;            ;          ; VCCINT                                   ; power  ;              ; 1.2V    ; --         ;                 ; --       ; --           ;
; K19      ;            ;          ; GND                                      ; gnd    ;              ;         ; --         ;                 ; --       ; --           ;
; K20      ;            ;          ; GND                                      ; gnd    ;              ;         ; --         ;                 ; --       ; --           ;
; K21      ;            ;          ; GND_PLL2                                 ; gnd    ;              ;         ; --         ;                 ; --       ; --           ;
; K22      ;            ;          ; GND_PLL2                                 ; gnd    ;              ;         ; --         ;                 ; --       ; --           ;
; K23      ; 455        ; 5        ; GND*                                     ;        ;              ;         ; Row I/O    ;                 ; no       ; Off          ;
; K24      ; 461        ; 5        ; GND*                                     ;        ;              ;         ; Row I/O    ;                 ; no       ; Off          ;
; K25      ; 462        ; 5        ; GND*                                     ;        ;              ;         ; Row I/O    ;                 ; no       ; Off          ;
; K26      ; 452        ; 5        ; GND*                                     ;        ;              ;         ; Row I/O    ;                 ; no       ; Off          ;
; K27      ; 445        ; 5        ; GND*                                     ;        ;              ;         ; Row I/O    ;                 ; no       ; Off          ;
; K28      ; 446        ; 5        ; GND*                                     ;        ;              ;         ; Row I/O    ;                 ; no       ; Off          ;
; K29      ; 433        ; 5        ; GND*                                     ;        ;              ;         ; Row I/O    ;                 ; no       ; Off          ;
; K30      ; 434        ; 5        ; GND*                                     ;        ;              ;         ; Row I/O    ;                 ; no       ; Off          ;
; L1       ; 60         ; 2        ; OUT5[1]                                  ; output ; 3.3-V LVTTL  ;         ; Row I/O    ; Y               ; no       ; Off          ;
; L2       ; 61         ; 2        ; OUT5[2]                                  ; output ; 3.3-V LVTTL  ;         ; Row I/O    ; Y               ; no       ; Off          ;
; L3       ; 54         ; 2        ; OUT5[3]                                  ; output ; 3.3-V LVTTL  ;         ; Row I/O    ; Y               ; no       ; Off          ;
; L4       ; 55         ; 2        ; A2                                       ; input  ; 3.3-V LVTTL  ;         ; Row I/O    ; Y               ; no       ; Off          ;
; L5       ; 34         ; 2        ; SW_SUM                                   ; input  ; 3.3-V LVTTL  ;         ; Row I/O    ; Y               ; no       ; Off          ;
; L6       ; 33         ; 2        ; dot4                                     ; output ; 3.3-V LVTTL  ;         ; Row I/O    ; Y               ; no       ; Off          ;
; L7       ; 28         ; 2        ; A1                                       ; input  ; 3.3-V LVTTL  ;         ; Row I/O    ; Y               ; no       ; Off          ;
; L8       ; 27         ; 2        ; SHOW_DIS                                 ; input  ; 3.3-V LVTTL  ;         ; Row I/O    ; Y               ; no       ; Off          ;
; L9       ; 30         ; 2        ; GND*                                     ;        ;              ;         ; Row I/O    ;                 ; no       ; Off          ;
; L10      ; 29         ; 2        ; GND*                                     ;        ;              ;         ; Row I/O    ;                 ; no       ; Off          ;
; L11      ;            ; 2        ; VCCIO2                                   ; power  ;              ; 3.3V    ; --         ;                 ; --       ; --           ;
; L12      ;            ;          ; GND                                      ; gnd    ;              ;         ; --         ;                 ; --       ; --           ;
; L13      ;            ;          ; VCCINT                                   ; power  ;              ; 1.2V    ; --         ;                 ; --       ; --           ;
; L14      ;            ;          ; VCCINT                                   ; power  ;              ; 1.2V    ; --         ;                 ; --       ; --           ;
; L15      ;            ;          ; VCCINT                                   ; power  ;              ; 1.2V    ; --         ;                 ; --       ; --           ;
; L16      ;            ;          ; VCCINT                                   ; power  ;              ; 1.2V    ; --         ;                 ; --       ; --           ;
; L17      ;            ;          ; VCCINT                                   ; power  ;              ; 1.2V    ; --         ;                 ; --       ; --           ;
; L18      ;            ;          ; VCCINT                                   ; power  ;              ; 1.2V    ; --         ;                 ; --       ; --           ;
; L19      ;            ;          ; VCCINT                                   ; power  ;              ; 1.2V    ; --         ;                 ; --       ; --           ;
; L20      ;            ; 5        ; VCCIO5                                   ; power  ;              ; 3.3V    ; --         ;                 ; --       ; --           ;
; L21      ; 451        ; 5        ; GND*                                     ;        ;              ;         ; Row I/O    ;                 ; no       ; Off          ;
; L22      ; 450        ; 5        ; GND*                                     ;        ;              ;         ; Row I/O    ;                 ; no       ; Off          ;
; L23      ;            ;          ; GND                                      ; gnd    ;              ;         ; --         ;                 ; --       ; --           ;
; L24      ; 456        ; 5        ; GND*                                     ;        ;              ;         ; Row I/O    ;                 ; no       ; Off          ;
; L25      ; 457        ; 5        ; GND*                                     ;        ;              ;         ; Row I/O    ;                 ; no       ; Off          ;
; L26      ; 449        ; 5        ; GND*                                     ;        ;              ;         ; Row I/O    ;                 ; no       ; Off          ;
; L27      ; 436        ; 5        ; GND*                                     ;        ;              ;         ; Row I/O    ;                 ; no       ; Off          ;
; L28      ; 435        ; 5        ; GND*                                     ;        ;              ;         ; Row I/O    ;                 ; no       ; Off          ;
; L29      ; 431        ; 5        ; GND*                                     ;        ;              ;         ; Row I/O    ;                 ; no       ; Off          ;
; L30      ; 432        ; 5        ; GND*                                     ;        ;              ;         ; Row I/O    ;                 ; no       ; Off          ;
; M1       ; 64         ; 2        ; OUT4[5]                                  ; output ; 3.3-V LVTTL  ;         ; Row I/O    ; Y               ; no       ; Off          ;
; M2       ; 65         ; 2        ; OUT4[6]                                  ; output ; 3.3-V LVTTL  ;         ; Row I/O    ; Y               ; no       ; Off          ;
; M3       ; 66         ; 2        ; OUT5[0]                                  ; output ; 3.3-V LVTTL  ;         ; Row I/O    ; Y               ; no       ; Off          ;
; M4       ; 67         ; 2        ; dot3                                     ; output ; 3.3-V LVTTL  ;         ; Row I/O    ; Y               ; no       ; Off          ;
; M5       ; 53         ; 2        ; GND*                                     ;        ;              ;         ; Row I/O    ;                 ; --       ; --           ;
; M6       ; 49         ; 2        ; OUT3[6]                                  ; output ; 3.3-V LVTTL  ;         ; Row I/O    ; Y               ; no       ; Off          ;
; M7       ; 50         ; 2        ; OUT3[5]                                  ; output ; 3.3-V LVTTL  ;         ; Row I/O    ; Y               ; no       ; Off          ;
; M8       ; 36         ; 2        ; OUT3[4]                                  ; output ; 3.3-V LVTTL  ;         ; Row I/O    ; Y               ; no       ; Off          ;
; M9       ; 35         ; 2        ; GND*                                     ;        ;              ;         ; Row I/O    ;                 ; no       ; Off          ;
; M10      ; 48         ; 2        ; GND*                                     ;        ;              ;         ; Row I/O    ;                 ; no       ; Off          ;
; M11      ;            ;          ; GND                                      ; gnd    ;              ;         ; --         ;                 ; --       ; --           ;
; M12      ;            ;          ; VCCINT                                   ; power  ;              ; 1.2V    ; --         ;                 ; --       ; --           ;
; M13      ;            ;          ; VCCINT                                   ; power  ;              ; 1.2V    ; --         ;                 ; --       ; --           ;
; M14      ;            ;          ; VCCINT                                   ; power  ;              ; 1.2V    ; --         ;                 ; --       ; --           ;
; M15      ;            ;          ; VCCINT                                   ; power  ;              ; 1.2V    ; --         ;                 ; --       ; --           ;
; M16      ;            ;          ; GND                                      ; gnd    ;              ;         ; --         ;                 ; --       ; --           ;
; M17      ;            ;          ; VCCINT                                   ; power  ;              ; 1.2V    ; --         ;                 ; --       ; --           ;
; M18      ;            ;          ; VCCINT                                   ; power  ;              ; 1.2V    ; --         ;                 ; --       ; --           ;
; M19      ;            ;          ; VCCINT                                   ; power  ;              ; 1.2V    ; --         ;                 ; --       ; --           ;
; M20      ;            ;          ; GND                                      ; gnd    ;              ;         ; --         ;                 ; --       ; --           ;
; M21      ; 441        ; 5        ; GND*                                     ;        ;              ;         ; Row I/O    ;                 ; no       ; Off          ;
; M22      ; 442        ; 5        ; GND*                                     ;        ;              ;         ; Row I/O    ;                 ; no       ; Off          ;
; M23      ; 443        ; 5        ; GND*                                     ;        ;              ;         ; Row I/O    ;                 ; no       ; Off          ;
; M24      ; 448        ; 5        ; GND*                                     ;        ;              ;         ; Row I/O    ;                 ; no       ; Off          ;
; M25      ; 447        ; 5        ; GND*                                     ;        ;              ;         ; Row I/O    ;                 ; no       ; Off          ;
; M26      ; 437        ; 5        ; GND*                                     ;        ;              ;         ; Row I/O    ;                 ; no       ; Off          ;
; M27      ; 438        ; 5        ; GND*                                     ;        ;              ;         ; Row I/O    ;                 ; no       ; Off          ;
; M28      ; 430        ; 5        ; GND*                                     ;        ;              ;         ; Row I/O    ;                 ; --       ; --           ;
; M29      ; 425        ; 5        ; GND*                                     ;        ;              ;         ; Row I/O    ;                 ; no       ; Off          ;
; M30      ; 426        ; 5        ; GND*                                     ;        ;              ;         ; Row I/O    ;                 ; no       ; Off          ;
; N1       ;            ;          ; GND                                      ; gnd    ;              ;         ; --         ;                 ; --       ; --           ;
; N2       ; 68         ; 2        ; OUT4[3]                                  ; output ; 3.3-V LVTTL  ;         ; Row I/O    ; Y               ; no       ; Off          ;
; N3       ; 69         ; 2        ; OUT4[4]                                  ; output ; 3.3-V LVTTL  ;         ; Row I/O    ; Y               ; no       ; Off          ;
; N4       ; 71         ; 2        ; GND*                                     ;        ;              ;         ; Row I/O    ;                 ; --       ; --           ;
; N5       ;            ; 2        ; VCCIO2                                   ; power  ;              ; 3.3V    ; --         ;                 ; --       ; --           ;
; N6       ;            ;          ; GND                                      ; gnd    ;              ;         ; --         ;                 ; --       ; --           ;
; N7       ; 59         ; 2        ; OUT3[3]                                  ; output ; 3.3-V LVTTL  ;         ; Row I/O    ; Y               ; no       ; Off          ;
; N8       ; 58         ; 2        ; GND*                                     ;        ;              ;         ; Row I/O    ;                 ; no       ; Off          ;
; N9       ; 63         ; 2        ; GND*                                     ;        ;              ;         ; Row I/O    ;                 ; no       ; Off          ;
; N10      ; 47         ; 2        ; OUT3[2]                                  ; output ; 3.3-V LVTTL  ;         ; Row I/O    ; Y               ; no       ; Off          ;
; N11      ;            ;          ; VCCINT                                   ; power  ;              ; 1.2V    ; --         ;                 ; --       ; --           ;
; N12      ;            ;          ; VCCINT                                   ; power  ;              ; 1.2V    ; --         ;                 ; --       ; --           ;
; N13      ;            ;          ; GND                                      ; gnd    ;              ;         ; --         ;                 ; --       ; --           ;
; N14      ;            ;          ; GND                                      ; gnd    ;              ;         ; --         ;                 ; --       ; --           ;
; N15      ;            ;          ; GND                                      ; gnd    ;              ;         ; --         ;                 ; --       ; --           ;
; N16      ;            ;          ; GND                                      ; gnd    ;              ;         ; --         ;                 ; --       ; --           ;
; N17      ;            ;          ; GND                                      ; gnd    ;              ;         ; --         ;                 ; --       ; --           ;
; N18      ;            ;          ; GND                                      ; gnd    ;              ;         ; --         ;                 ; --       ; --           ;
; N19      ;            ;          ; VCCINT                                   ; power  ;              ; 1.2V    ; --         ;                 ; --       ; --           ;
; N20      ;            ;          ; VCCINT                                   ; power  ;              ; 1.2V    ; --         ;                 ; --       ; --           ;
; N21      ; 429        ; 5        ; GND*                                     ;        ;              ;         ; Row I/O    ;                 ; no       ; Off          ;
; N22      ; 428        ; 5        ; GND*                                     ;        ;              ;         ; Row I/O    ;                 ; no       ; Off          ;
; N23      ; 444        ; 5        ; GND*                                     ;        ;              ;         ; Row I/O    ;                 ; no       ; Off          ;
; N24      ; 424        ; 5        ; GND*                                     ;        ;              ;         ; Row I/O    ;                 ; no       ; Off          ;
; N25      ; 423        ; 5        ; GND*                                     ;        ;              ;         ; Row I/O    ;                 ; no       ; Off          ;
; N26      ;            ;          ; GND                                      ; gnd    ;              ;         ; --         ;                 ; --       ; --           ;
; N27      ;            ; 5        ; VCCIO5                                   ; power  ;              ; 3.3V    ; --         ;                 ; --       ; --           ;
; N28      ; 421        ; 5        ; GND*                                     ;        ;              ;         ; Row I/O    ;                 ; no       ; Off          ;
; N29      ; 422        ; 5        ; GND*                                     ;        ;              ;         ; Row I/O    ;                 ; no       ; Off          ;
; N30      ;            ;          ; GND                                      ; gnd    ;              ;         ; --         ;                 ; --       ; --           ;
; P1       ; 75         ; 2        ; OUT4[0]                                  ; output ; 3.3-V LVTTL  ;         ; Row I/O    ; Y               ; no       ; Off          ;
; P2       ; 76         ; 2        ; OUT4[1]                                  ; output ; 3.3-V LVTTL  ;         ; Row I/O    ; Y               ; no       ; Off          ;
; P3       ; 73         ; 2        ; OUT4[2]                                  ; output ; 3.3-V LVTTL  ;         ; Row I/O    ; Y               ; no       ; Off          ;
; P4       ; 74         ; 2        ; OUT3[1]                                  ; output ; 3.3-V LVTTL  ;         ; Row I/O    ; Y               ; no       ; Off          ;
; P5       ; 78         ; 2        ; #TCK                                     ; input  ;              ;         ; --         ;                 ; --       ; --           ;
; P6       ; 72         ; 2        ; OUT3[0]                                  ; output ; 3.3-V LVTTL  ;         ; Row I/O    ; Y               ; no       ; Off          ;
; P7       ; 70         ; 2        ; GND*                                     ;        ;              ;         ; Row I/O    ;                 ; no       ; Off          ;
; P8       ; 77         ; 2        ; #TDI                                     ; input  ;              ;         ; --         ;                 ; --       ; --           ;
; P9       ; 62         ; 2        ; GND*                                     ;        ;              ;         ; Row I/O    ;                 ; no       ; Off          ;
; P10      ;            ;          ; GND                                      ; gnd    ;              ;         ; --         ;                 ; --       ; --           ;
; P11      ;            ;          ; VCCINT                                   ; power  ;              ; 1.2V    ; --         ;                 ; --       ; --           ;
; P12      ;            ;          ; VCCINT                                   ; power  ;              ; 1.2V    ; --         ;                 ; --       ; --           ;
; P13      ;            ;          ; GND                                      ; gnd    ;              ;         ; --         ;                 ; --       ; --           ;
; P14      ;            ;          ; GND                                      ; gnd    ;              ;         ; --         ;                 ; --       ; --           ;
; P15      ;            ;          ; GND                                      ; gnd    ;              ;         ; --         ;                 ; --       ; --           ;
; P16      ;            ;          ; GND                                      ; gnd    ;              ;         ; --         ;                 ; --       ; --           ;
; P17      ;            ;          ; GND                                      ; gnd    ;              ;         ; --         ;                 ; --       ; --           ;
; P18      ;            ;          ; GND                                      ; gnd    ;              ;         ; --         ;                 ; --       ; --           ;
; P19      ;            ;          ; VCCINT                                   ; power  ;              ; 1.2V    ; --         ;                 ; --       ; --           ;
; P20      ;            ;          ; VCCINT                                   ; power  ;              ; 1.2V    ; --         ;                 ; --       ; --           ;
; P21      ;            ;          ; GND                                      ; gnd    ;              ;         ; --         ;                 ; --       ; --           ;
; P22      ; 427        ; 5        ; GND*                                     ;        ;              ;         ; Row I/O    ;                 ; no       ; Off          ;
; P23      ; 420        ; 5        ; GND*                                     ;        ;              ;         ; Row I/O    ;                 ; no       ; Off          ;
; P24      ; 419        ; 5        ; GND*                                     ;        ;              ;         ; Row I/O    ;                 ; no       ; Off          ;
; P25      ; 418        ; 5        ; GND*                                     ;        ;              ;         ; Row I/O    ;                 ; no       ; Off          ;
; P26      ; 417        ; 5        ; GND*                                     ;        ;              ;         ; Row I/O    ;                 ; no       ; Off          ;
; P27      ; 416        ; 5        ; GND*                                     ;        ;              ;         ; Row I/O    ;                 ; no       ; Off          ;
; P28      ; 415        ; 5        ; GND*                                     ;        ;              ;         ; Row I/O    ;                 ; no       ; Off          ;
; P29      ; 413        ; 5        ; GND*                                     ;        ;              ;         ; Row I/O    ;                 ; no       ; Off          ;
; P30      ; 414        ; 5        ; GND*                                     ;        ;              ;         ; Row I/O    ;                 ; no       ; Off          ;
; R1       ;            ; 2        ; VCCIO2                                   ; power  ;              ; 3.3V    ; --         ;                 ; --       ; --           ;
; R2       ; 84         ; 2        ; GND+                                     ;        ;              ;         ; Row I/O    ;                 ; --       ; --           ;
; R3       ; 85         ; 2        ; GND+                                     ;        ;              ;         ; Row I/O    ;                 ; --       ; --           ;
; R4       ; 80         ; 2        ; #TDO                                     ; output ;              ;         ; --         ;                 ; --       ; --           ;
; R5       ; 86         ; 2        ; ^nCONFIG                                 ;        ;              ;         ; --         ;                 ; --       ; --           ;
; R6       ; 83         ; 2        ; ^nCE                                     ;        ;              ;         ; --         ;                 ; --       ; --           ;
; R7       ; 79         ; 2        ; #TMS                                     ; input  ;              ;         ; --         ;                 ; --       ; --           ;
; R8       ; 82         ; 2        ; ^DATA0                                   ; input  ;              ;         ; --         ;                 ; --       ; --           ;
; R9       ; 81         ; 2        ; ^DCLK                                    ;        ;              ;         ; --         ;                 ; --       ; --           ;
; R10      ;            ; 2        ; VCCIO2                                   ; power  ;              ; 3.3V    ; --         ;                 ; --       ; --           ;
; R11      ;            ;          ; GND                                      ; gnd    ;              ;         ; --         ;                 ; --       ; --           ;
; R12      ;            ;          ; VCCINT                                   ; power  ;              ; 1.2V    ; --         ;                 ; --       ; --           ;
; R13      ;            ;          ; GND                                      ; gnd    ;              ;         ; --         ;                 ; --       ; --           ;
; R14      ;            ;          ; GND                                      ; gnd    ;              ;         ; --         ;                 ; --       ; --           ;
; R15      ;            ;          ; GND                                      ; gnd    ;              ;         ; --         ;                 ; --       ; --           ;
; R16      ;            ;          ; GND                                      ; gnd    ;              ;         ; --         ;                 ; --       ; --           ;
; R17      ;            ;          ; GND                                      ; gnd    ;              ;         ; --         ;                 ; --       ; --           ;
; R18      ;            ;          ; GND                                      ; gnd    ;              ;         ; --         ;                 ; --       ; --           ;
; R19      ;            ;          ; VCCINT                                   ; power  ;              ; 1.2V    ; --         ;                 ; --       ; --           ;
; R20      ;            ;          ; GND                                      ; gnd    ;              ;         ; --         ;                 ; --       ; --           ;
; R21      ;            ; 5        ; VCCIO5                                   ; power  ;              ; 3.3V    ; --         ;                 ; --       ; --           ;
; R22      ; 411        ; 5        ; GND*                                     ;        ;              ;         ; Row I/O    ;                 ; no       ; Off          ;
; R23      ; 410        ; 5        ; GND*                                     ;        ;              ;         ; Row I/O    ;                 ; no       ; Off          ;
; R24      ; 407        ; 5        ; GND*                                     ;        ;              ;         ; Row I/O    ;                 ; no       ; Off          ;
; R25      ; 412        ; 5        ; GND*                                     ;        ;              ;         ; Row I/O    ;                 ; --       ; --           ;
; R26      ; 408        ; 5        ; GND*                                     ;        ;              ;         ; Row I/O    ;                 ; no       ; Off          ;
; R27      ; 409        ; 5        ; GND*                                     ;        ;              ;         ; Row I/O    ;                 ; no       ; Off          ;
; R28      ; 403        ; 5        ; GND+                                     ;        ;              ;         ; Row I/O    ;                 ; --       ; --           ;
; R29      ; 404        ; 5        ; GND+                                     ;        ;              ;         ; Row I/O    ;                 ; --       ; --           ;
; R30      ;            ; 5        ; VCCIO5                                   ; power  ;              ; 3.3V    ; --         ;                 ; --       ; --           ;
; T1       ;            ; 1        ; VCCIO1                                   ; power  ;              ; 3.3V    ; --         ;                 ; --       ; --           ;
; T2       ; 87         ; 1        ; GND+                                     ;        ;              ;         ; Row I/O    ;                 ; --       ; --           ;
; T3       ; 88         ; 1        ; GND+                                     ;        ;              ;         ; Row I/O    ;                 ; --       ; --           ;
; T4       ; 91         ; 1        ; GND*                                     ;        ;              ;         ; Row I/O    ;                 ; no       ; Off          ;
; T5       ; 92         ; 1        ; GND*                                     ;        ;              ;         ; Row I/O    ;                 ; no       ; Off          ;
; T6       ; 89         ; 1        ; GND*                                     ;        ;              ;         ; Row I/O    ;                 ; no       ; Off          ;
; T7       ; 90         ; 1        ; GND*                                     ;        ;              ;         ; Row I/O    ;                 ; no       ; Off          ;
; T8       ; 97         ; 1        ; GND*                                     ;        ;              ;         ; Row I/O    ;                 ; no       ; Off          ;
; T9       ; 96         ; 1        ; SHOW_LAST                                ; input  ; 3.3-V LVTTL  ;         ; Row I/O    ; Y               ; no       ; Off          ;
; T10      ;            ; 1        ; VCCIO1                                   ; power  ;              ; 3.3V    ; --         ;                 ; --       ; --           ;
; T11      ;            ;          ; GND                                      ; gnd    ;              ;         ; --         ;                 ; --       ; --           ;
; T12      ;            ;          ; VCCINT                                   ; power  ;              ; 1.2V    ; --         ;                 ; --       ; --           ;
; T13      ;            ;          ; GND                                      ; gnd    ;              ;         ; --         ;                 ; --       ; --           ;
; T14      ;            ;          ; GND                                      ; gnd    ;              ;         ; --         ;                 ; --       ; --           ;
; T15      ;            ;          ; GND                                      ; gnd    ;              ;         ; --         ;                 ; --       ; --           ;
; T16      ;            ;          ; GND                                      ; gnd    ;              ;         ; --         ;                 ; --       ; --           ;
; T17      ;            ;          ; GND                                      ; gnd    ;              ;         ; --         ;                 ; --       ; --           ;
; T18      ;            ;          ; GND                                      ; gnd    ;              ;         ; --         ;                 ; --       ; --           ;
; T19      ;            ;          ; VCCINT                                   ; power  ;              ; 1.2V    ; --         ;                 ; --       ; --           ;
; T20      ;            ;          ; GND                                      ; gnd    ;              ;         ; --         ;                 ; --       ; --           ;
; T21      ;            ; 6        ; VCCIO6                                   ; power  ;              ; 3.3V    ; --         ;                 ; --       ; --           ;
; T22      ; 406        ; 5        ; GND*                                     ;        ;              ;         ; Row I/O    ;                 ; no       ; Off          ;
; T23      ; 405        ; 5        ; GND*                                     ;        ;              ;         ; Row I/O    ;                 ; no       ; Off          ;
; T24      ; 402        ; 6        ; GND+                                     ;        ;              ;         ; Row I/O    ;                 ; --       ; --           ;
; T25      ; 401        ; 6        ; GND+                                     ;        ;              ;         ; Row I/O    ;                 ; --       ; --           ;
; T26      ; 400        ; 6        ; GND*                                     ;        ;              ;         ; Row I/O    ;                 ; no       ; Off          ;
; T27      ; 399        ; 6        ; GND*                                     ;        ;              ;         ; Row I/O    ;                 ; no       ; Off          ;
; T28      ; 397        ; 6        ; GND*                                     ;        ;              ;         ; Row I/O    ;                 ; no       ; Off          ;
; T29      ; 398        ; 6        ; KEY_REST                                 ; input  ; 3.3-V LVTTL  ;         ; Row I/O    ; Y               ; no       ; Off          ;
; T30      ;            ; 6        ; VCCIO6                                   ; power  ;              ; 3.3V    ; --         ;                 ; --       ; --           ;
; U1       ; 93         ; 1        ; GND*                                     ;        ;              ;         ; Row I/O    ;                 ; no       ; Off          ;
; U2       ; 94         ; 1        ; GND*                                     ;        ;              ;         ; Row I/O    ;                 ; no       ; Off          ;
; U3       ; 102        ; 1        ; GND*                                     ;        ;              ;         ; Row I/O    ;                 ; no       ; Off          ;
; U4       ; 103        ; 1        ; GND*                                     ;        ;              ;         ; Row I/O    ;                 ; no       ; Off          ;
; U5       ; 95         ; 1        ; GND*                                     ;        ;              ;         ; Row I/O    ;                 ; --       ; --           ;
; U6       ; 100        ; 1        ; GND*                                     ;        ;              ;         ; Row I/O    ;                 ; no       ; Off          ;
; U7       ; 101        ; 1        ; GND*                                     ;        ;              ;         ; Row I/O    ;                 ; no       ; Off          ;
; U8       ; 99         ; 1        ; GND*                                     ;        ;              ;         ; Row I/O    ;                 ; no       ; Off          ;
; U9       ; 98         ; 1        ; GND*                                     ;        ;              ;         ; Row I/O    ;                 ; no       ; Off          ;
; U10      ;            ;          ; GND                                      ; gnd    ;              ;         ; --         ;                 ; --       ; --           ;
; U11      ;            ;          ; VCCINT                                   ; power  ;              ; 1.2V    ; --         ;                 ; --       ; --           ;
; U12      ;            ;          ; VCCINT                                   ; power  ;              ; 1.2V    ; --         ;                 ; --       ; --           ;
; U13      ;            ;          ; GND                                      ; gnd    ;              ;         ; --         ;                 ; --       ; --           ;
; U14      ;            ;          ; GND                                      ; gnd    ;              ;         ; --         ;                 ; --       ; --           ;
; U15      ;            ;          ; GND                                      ; gnd    ;              ;         ; --         ;                 ; --       ; --           ;
; U16      ;            ;          ; GND                                      ; gnd    ;              ;         ; --         ;                 ; --       ; --           ;
; U17      ;            ;          ; GND                                      ; gnd    ;              ;         ; --         ;                 ; --       ; --           ;
; U18      ;            ;          ; GND                                      ; gnd    ;              ;         ; --         ;                 ; --       ; --           ;
; U19      ;            ;          ; VCCINT                                   ; power  ;              ; 1.2V    ; --         ;                 ; --       ; --           ;
; U20      ;            ;          ; VCCINT                                   ; power  ;              ; 1.2V    ; --         ;                 ; --       ; --           ;
; U21      ;            ;          ; GND                                      ; gnd    ;              ;         ; --         ;                 ; --       ; --           ;
; U22      ; 396        ; 6        ; ^MSEL0                                   ;        ;              ;         ; --         ;                 ; --       ; --           ;
; U23      ; 390        ; 6        ; GND*                                     ;        ;              ;         ; Row I/O    ;                 ; no       ; Off          ;
; U24      ; 389        ; 6        ; GND*                                     ;        ;              ;         ; Row I/O    ;                 ; no       ; Off          ;
; U25      ; 388        ; 6        ; GND*                                     ;        ;              ;         ; Row I/O    ;                 ; no       ; Off          ;
; U26      ; 393        ; 6        ; ^nSTATUS                                 ;        ;              ;         ; --         ;                 ; --       ; --           ;
; U27      ; 394        ; 6        ; ^CONF_DONE                               ;        ;              ;         ; --         ;                 ; --       ; --           ;
; U28      ; 395        ; 6        ; ^MSEL1                                   ;        ;              ;         ; --         ;                 ; --       ; --           ;
; U29      ; 391        ; 6        ; KEY3                                     ; input  ; 3.3-V LVTTL  ;         ; Row I/O    ; Y               ; no       ; Off          ;
; U30      ; 392        ; 6        ; GND*                                     ;        ;              ;         ; Row I/O    ;                 ; no       ; Off          ;
; V1       ;            ;          ; GND                                      ; gnd    ;              ;         ; --         ;                 ; --       ; --           ;
; V2       ; 104        ; 1        ; GND*                                     ;        ;              ;         ; Row I/O    ;                 ; no       ; Off          ;
; V3       ; 105        ; 1        ; GND*                                     ;        ;              ;         ; Row I/O    ;                 ; no       ; Off          ;
; V4       ; 108        ; 1        ; GND*                                     ;        ;              ;         ; Row I/O    ;                 ; --       ; --           ;
; V5       ;            ; 1        ; VCCIO1                                   ; power  ;              ; 3.3V    ; --         ;                 ; --       ; --           ;
; V6       ;            ;          ; GND                                      ; gnd    ;              ;         ; --         ;                 ; --       ; --           ;
; V7       ; 118        ; 1        ; GND*                                     ;        ;              ;         ; Row I/O    ;                 ; no       ; Off          ;
; V8       ; 117        ; 1        ; GND*                                     ;        ;              ;         ; Row I/O    ;                 ; no       ; Off          ;
; V9       ; 116        ; 1        ; GND*                                     ;        ;              ;         ; Row I/O    ;                 ; no       ; Off          ;
; V10      ; 115        ; 1        ; GND*                                     ;        ;              ;         ; Row I/O    ;                 ; no       ; Off          ;
; V11      ;            ;          ; VCCINT                                   ; power  ;              ; 1.2V    ; --         ;                 ; --       ; --           ;
; V12      ;            ;          ; VCCINT                                   ; power  ;              ; 1.2V    ; --         ;                 ; --       ; --           ;
; V13      ;            ;          ; GND                                      ; gnd    ;              ;         ; --         ;                 ; --       ; --           ;
; V14      ;            ;          ; GND                                      ; gnd    ;              ;         ; --         ;                 ; --       ; --           ;
; V15      ;            ;          ; GND                                      ; gnd    ;              ;         ; --         ;                 ; --       ; --           ;
; V16      ;            ;          ; GND                                      ; gnd    ;              ;         ; --         ;                 ; --       ; --           ;
; V17      ;            ;          ; GND                                      ; gnd    ;              ;         ; --         ;                 ; --       ; --           ;
; V18      ;            ;          ; GND                                      ; gnd    ;              ;         ; --         ;                 ; --       ; --           ;
; V19      ;            ;          ; VCCINT                                   ; power  ;              ; 1.2V    ; --         ;                 ; --       ; --           ;
; V20      ;            ;          ; VCCINT                                   ; power  ;              ; 1.2V    ; --         ;                 ; --       ; --           ;
; V21      ; 373        ; 6        ; GND*                                     ;        ;              ;         ; Row I/O    ;                 ; no       ; Off          ;
; V22      ; 370        ; 6        ; GND*                                     ;        ;              ;         ; Row I/O    ;                 ; no       ; Off          ;
; V23      ; 382        ; 6        ; GND*                                     ;        ;              ;         ; Row I/O    ;                 ; no       ; Off          ;
; V24      ; 368        ; 6        ; GND*                                     ;        ;              ;         ; Row I/O    ;                 ; no       ; Off          ;
; V25      ;            ;          ; GND                                      ; gnd    ;              ;         ; --         ;                 ; --       ; --           ;
; V26      ;            ; 6        ; VCCIO6                                   ; power  ;              ; 3.3V    ; --         ;                 ; --       ; --           ;
; V27      ; 387        ; 6        ; GND*                                     ;        ;              ;         ; Row I/O    ;                 ; --       ; --           ;
; V28      ; 385        ; 6        ; GND*                                     ;        ;              ;         ; Row I/O    ;                 ; no       ; Off          ;
; V29      ; 386        ; 6        ; GND*                                     ;        ;              ;         ; Row I/O    ;                 ; no       ; Off          ;
; V30      ;            ;          ; GND                                      ; gnd    ;              ;         ; --         ;                 ; --       ; --           ;
; W1       ; 106        ; 1        ; GND*                                     ;        ;              ;         ; Row I/O    ;                 ; no       ; Off          ;
; W2       ; 107        ; 1        ; GND*                                     ;        ;              ;         ; Row I/O    ;                 ; no       ; Off          ;
; W3       ; 109        ; 1        ; GND*                                     ;        ;              ;         ; Row I/O    ;                 ; no       ; Off          ;
; W4       ; 110        ; 1        ; GND*                                     ;        ;              ;         ; Row I/O    ;                 ; no       ; Off          ;
; W5       ; 119        ; 1        ; GND*                                     ;        ;              ;         ; Row I/O    ;                 ; no       ; Off          ;
; W6       ; 128        ; 1        ; GND*                                     ;        ;              ;         ; Row I/O    ;                 ; no       ; Off          ;
; W7       ; 130        ; 1        ; GND*                                     ;        ;              ;         ; Row I/O    ;                 ; no       ; Off          ;
; W8       ; 129        ; 1        ; GND*                                     ;        ;              ;         ; Row I/O    ;                 ; no       ; Off          ;
; W9       ; 126        ; 1        ; GND*                                     ;        ;              ;         ; Row I/O    ;                 ; no       ; Off          ;
; W10      ; 127        ; 1        ; GND*                                     ;        ;              ;         ; Row I/O    ;                 ; no       ; Off          ;
; W11      ;            ;          ; GND                                      ; gnd    ;              ;         ; --         ;                 ; --       ; --           ;
; W12      ;            ;          ; VCCINT                                   ; power  ;              ; 1.2V    ; --         ;                 ; --       ; --           ;
; W13      ;            ;          ; VCCINT                                   ; power  ;              ; 1.2V    ; --         ;                 ; --       ; --           ;
; W14      ;            ;          ; VCCINT                                   ; power  ;              ; 1.2V    ; --         ;                 ; --       ; --           ;
; W15      ;            ;          ; GND                                      ; gnd    ;              ;         ; --         ;                 ; --       ; --           ;
; W16      ;            ;          ; VCCINT                                   ; power  ;              ; 1.2V    ; --         ;                 ; --       ; --           ;
; W17      ;            ;          ; VCCINT                                   ; power  ;              ; 1.2V    ; --         ;                 ; --       ; --           ;
; W18      ;            ;          ; VCCINT                                   ; power  ;              ; 1.2V    ; --         ;                 ; --       ; --           ;
; W19      ;            ;          ; VCCINT                                   ; power  ;              ; 1.2V    ; --         ;                 ; --       ; --           ;
; W20      ;            ;          ; GND                                      ; gnd    ;              ;         ; --         ;                 ; --       ; --           ;
; W21      ; 364        ; 6        ; GND*                                     ;        ;              ;         ; Row I/O    ;                 ; no       ; Off          ;
; W22      ; 363        ; 6        ; GND*                                     ;        ;              ;         ; Row I/O    ;                 ; no       ; Off          ;
; W23      ; 358        ; 6        ; GND*                                     ;        ;              ;         ; Row I/O    ;                 ; no       ; Off          ;
; W24      ; 359        ; 6        ; GND*                                     ;        ;              ;         ; Row I/O    ;                 ; no       ; Off          ;
; W25      ; 367        ; 6        ; GND*                                     ;        ;              ;         ; Row I/O    ;                 ; no       ; Off          ;
; W26      ; 362        ; 6        ; GND*                                     ;        ;              ;         ; Row I/O    ;                 ; no       ; Off          ;
; W27      ; 378        ; 6        ; GND*                                     ;        ;              ;         ; Row I/O    ;                 ; no       ; Off          ;
; W28      ; 379        ; 6        ; GND*                                     ;        ;              ;         ; Row I/O    ;                 ; no       ; Off          ;
; W29      ; 383        ; 6        ; GND*                                     ;        ;              ;         ; Row I/O    ;                 ; no       ; Off          ;
; W30      ; 384        ; 6        ; GND*                                     ;        ;              ;         ; Row I/O    ;                 ; no       ; Off          ;
; Y1       ; 111        ; 1        ; GND*                                     ;        ;              ;         ; Row I/O    ;                 ; no       ; Off          ;
; Y2       ; 112        ; 1        ; GND*                                     ;        ;              ;         ; Row I/O    ;                 ; no       ; Off          ;
; Y3       ; 113        ; 1        ; GND*                                     ;        ;              ;         ; Row I/O    ;                 ; no       ; Off          ;
; Y4       ; 114        ; 1        ; GND*                                     ;        ;              ;         ; Row I/O    ;                 ; no       ; Off          ;
; Y5       ; 131        ; 1        ; GND*                                     ;        ;              ;         ; Row I/O    ;                 ; no       ; Off          ;
; Y6       ; 144        ; 1        ; GND*                                     ;        ;              ;         ; Row I/O    ;                 ; --       ; --           ;
; Y7       ; 145        ; 1        ; GND*                                     ;        ;              ;         ; Row I/O    ;                 ; no       ; Off          ;
; Y8       ; 146        ; 1        ; GND*                                     ;        ;              ;         ; Row I/O    ;                 ; no       ; Off          ;
; Y9       ; 142        ; 1        ; GND*                                     ;        ;              ;         ; Row I/O    ;                 ; no       ; Off          ;
; Y10      ; 143        ; 1        ; GND*                                     ;        ;              ;         ; Row I/O    ;                 ; no       ; Off          ;
; Y11      ;            ; 1        ; VCCIO1                                   ; power  ;              ; 3.3V    ; --         ;                 ; --       ; --           ;
; Y12      ;            ;          ; VCCINT                                   ; power  ;              ; 1.2V    ; --         ;                 ; --       ; --           ;
; Y13      ;            ;          ; VCCINT                                   ; power  ;              ; 1.2V    ; --         ;                 ; --       ; --           ;
; Y14      ;            ;          ; VCCINT                                   ; power  ;              ; 1.2V    ; --         ;                 ; --       ; --           ;
; Y15      ;            ;          ; VCCINT                                   ; power  ;              ; 1.2V    ; --         ;                 ; --       ; --           ;
; Y16      ;            ;          ; VCCINT                                   ; power  ;              ; 1.2V    ; --         ;                 ; --       ; --           ;
; Y17      ;            ;          ; VCCINT                                   ; power  ;              ; 1.2V    ; --         ;                 ; --       ; --           ;
; Y18      ;            ;          ; VCCINT                                   ; power  ;              ; 1.2V    ; --         ;                 ; --       ; --           ;
; Y19      ;            ;          ; GND                                      ; gnd    ;              ;         ; --         ;                 ; --       ; --           ;
; Y20      ;            ; 6        ; VCCIO6                                   ; power  ;              ; 3.3V    ; --         ;                 ; --       ; --           ;
; Y21      ; 349        ; 6        ; GND*                                     ;        ;              ;         ; Row I/O    ;                 ; no       ; Off          ;
; Y22      ; 348        ; 6        ; GND*                                     ;        ;              ;         ; Row I/O    ;                 ; no       ; Off          ;
; Y23      ; 346        ; 6        ; GND*                                     ;        ;              ;         ; Row I/O    ;                 ; no       ; Off          ;
; Y24      ; 345        ; 6        ; GND*                                     ;        ;              ;         ; Row I/O    ;                 ; no       ; Off          ;
; Y25      ; 361        ; 6        ; GND*                                     ;        ;              ;         ; Row I/O    ;                 ; no       ; Off          ;
; Y26      ; 360        ; 6        ; GND*                                     ;        ;              ;         ; Row I/O    ;                 ; no       ; Off          ;
; Y27      ; 375        ; 6        ; GND*                                     ;        ;              ;         ; Row I/O    ;                 ; no       ; Off          ;
; Y28      ; 374        ; 6        ; GND*                                     ;        ;              ;         ; Row I/O    ;                 ; no       ; Off          ;
; Y29      ; 380        ; 6        ; GND*                                     ;        ;              ;         ; Row I/O    ;                 ; no       ; Off          ;
; Y30      ; 381        ; 6        ; GND*                                     ;        ;              ;         ; Row I/O    ;                 ; no       ; Off          ;
+----------+------------+----------+------------------------------------------+--------+--------------+---------+------------+-----------------+----------+--------------+
Note: Pin directions (input, output or bidir) are based on device operating in user mode.


+-------------------------------------------------------------------------------+
; Output Pin Default Load For Reported TCO                                      ;
+----------------------------------+-------+------------------------------------+
; I/O Standard                     ; Load  ; Termination Resistance             ;
+----------------------------------+-------+------------------------------------+
; 3.3-V LVTTL                      ; 0 pF  ; Not Available                      ;
; 3.3-V LVCMOS                     ; 0 pF  ; Not Available                      ;
; 2.5 V                            ; 0 pF  ; Not Available                      ;
; 1.8 V                            ; 0 pF  ; Not Available                      ;
; 1.5 V                            ; 0 pF  ; Not Available                      ;
; 3.3-V PCI                        ; 10 pF ; 25 Ohm (Parallel)                  ;
; 3.3-V PCI-X                      ; 10 pF ; 25 Ohm (Parallel)                  ;
; SSTL-2 Class I                   ; 0 pF  ; 50 Ohm (Parallel), 25 Ohm (Serial) ;
; SSTL-2 Class II                  ; 0 pF  ; 25 Ohm (Parallel), 25 Ohm (Serial) ;
; SSTL-18 Class I                  ; 0 pF  ; 50 Ohm (Parallel), 25 Ohm (Serial) ;
; SSTL-18 Class II                 ; 0 pF  ; 25 Ohm (Parallel), 25 Ohm (Serial) ;
; 1.5-V HSTL Class I               ; 0 pF  ; 50 Ohm (Parallel)                  ;
; 1.5-V HSTL Class II              ; 0 pF  ; 25 Ohm (Parallel)                  ;
; 1.8-V HSTL Class I               ; 0 pF  ; 50 Ohm (Parallel)                  ;
; 1.8-V HSTL Class II              ; 0 pF  ; 25 Ohm (Parallel)                  ;
; Differential SSTL-2              ; 0 pF  ; (See SSTL-2)                       ;
; Differential 2.5-V SSTL Class II ; 0 pF  ; (See SSTL-2 Class II)              ;
; Differential 1.8-V SSTL Class I  ; 0 pF  ; (See 1.8-V SSTL Class I)           ;
; Differential 1.8-V SSTL Class II ; 0 pF  ; (See 1.8-V SSTL Class II)          ;
; Differential 1.5-V HSTL Class I  ; 0 pF  ; (See 1.5-V HSTL Class I)           ;
; Differential 1.5-V HSTL Class II ; 0 pF  ; (See 1.5-V HSTL Class II)          ;
; Differential 1.8-V HSTL Class I  ; 0 pF  ; (See 1.8-V HSTL Class I)           ;
; Differential 1.8-V HSTL Class II ; 0 pF  ; (See 1.8-V HSTL Class II)          ;
; LVDS                             ; 0 pF  ; 100 Ohm (Differential)             ;
; mini-LVDS                        ; 0 pF  ; 100 Ohm (Differential)             ;
; RSDS                             ; 0 pF  ; 100 Ohm (Differential)             ;
; Simple RSDS                      ; 0 pF  ; Not Available                      ;
; Differential LVPECL              ; 0 pF  ; 100 Ohm (Differential)             ;
+----------------------------------+-------+------------------------------------+
Note: User assignments will override these defaults. The user specified values are listed in the Output Pins and Bidir Pins tables.


+-------------------------------------------------------------------------------------------------------------------------------------------------------------------------------------------------------------------------------------------------------------------------------------------------------------------------------------------------------------------------------+
; Fitter Resource Utilization by Entity                                                                                                                                                                                                                                                                                                                                         ;
+-------------------------------------------+-------------+---------------------------+---------------+-------------+------+--------------+---------+-----------+------+--------------+--------------+-------------------+------------------+--------------------------------------------------------------------------------------------------------------------+--------------+
; Compilation Hierarchy Node                ; Logic Cells ; Dedicated Logic Registers ; I/O Registers ; Memory Bits ; M4Ks ; DSP Elements ; DSP 9x9 ; DSP 18x18 ; Pins ; Virtual Pins ; LUT-Only LCs ; Register-Only LCs ; LUT/Register LCs ; Full Hierarchy Name                                                                                                ; Library Name ;
+-------------------------------------------+-------------+---------------------------+---------------+-------------+------+--------------+---------+-----------+------+--------------+--------------+-------------------+------------------+--------------------------------------------------------------------------------------------------------------------+--------------+
; |taxi                                     ; 9128 (2)    ; 229 (0)                   ; 0 (0)         ; 0           ; 0    ; 0            ; 0       ; 0         ; 81   ; 0            ; 8899 (2)     ; 37 (0)            ; 192 (1)          ; |taxi                                                                                                              ; work         ;
;    |CLOCK_H:inst4|                        ; 16 (16)     ; 8 (8)                     ; 0 (0)         ; 0           ; 0    ; 0            ; 0       ; 0         ; 0    ; 0            ; 8 (8)        ; 0 (0)             ; 8 (8)            ; |taxi|CLOCK_H:inst4                                                                                                ; work         ;
;    |CLOCK_M:inst3|                        ; 14 (14)     ; 9 (9)                     ; 0 (0)         ; 0           ; 0    ; 0            ; 0       ; 0         ; 0    ; 0            ; 5 (5)        ; 0 (0)             ; 9 (9)            ; |taxi|CLOCK_M:inst3                                                                                                ; work         ;
;    |COUNT:inst7|                          ; 8854 (986)  ; 170 (170)                 ; 0 (0)         ; 0           ; 0    ; 0            ; 0       ; 0         ; 0    ; 0            ; 8684 (820)   ; 36 (36)           ; 134 (100)        ; |taxi|COUNT:inst7                                                                                                  ; work         ;
;       |lpm_divide:Div0|                   ; 644 (0)     ; 0 (0)                     ; 0 (0)         ; 0           ; 0    ; 0            ; 0       ; 0         ; 0    ; 0            ; 644 (0)      ; 0 (0)             ; 0 (0)            ; |taxi|COUNT:inst7|lpm_divide:Div0                                                                                  ; work         ;
;          |lpm_divide_tfm:auto_generated|  ; 644 (0)     ; 0 (0)                     ; 0 (0)         ; 0           ; 0    ; 0            ; 0       ; 0         ; 0    ; 0            ; 644 (0)      ; 0 (0)             ; 0 (0)            ; |taxi|COUNT:inst7|lpm_divide:Div0|lpm_divide_tfm:auto_generated                                                    ; work         ;
;             |sign_div_unsign_7nh:divider| ; 644 (0)     ; 0 (0)                     ; 0 (0)         ; 0           ; 0    ; 0            ; 0       ; 0         ; 0    ; 0            ; 644 (0)      ; 0 (0)             ; 0 (0)            ; |taxi|COUNT:inst7|lpm_divide:Div0|lpm_divide_tfm:auto_generated|sign_div_unsign_7nh:divider                        ; work         ;
;                |alt_u_div_g5f:divider|    ; 644 (644)   ; 0 (0)                     ; 0 (0)         ; 0           ; 0    ; 0            ; 0       ; 0         ; 0    ; 0            ; 644 (644)    ; 0 (0)             ; 0 (0)            ; |taxi|COUNT:inst7|lpm_divide:Div0|lpm_divide_tfm:auto_generated|sign_div_unsign_7nh:divider|alt_u_div_g5f:divider  ; work         ;
;       |lpm_divide:Div10|                  ; 134 (0)     ; 0 (0)                     ; 0 (0)         ; 0           ; 0    ; 0            ; 0       ; 0         ; 0    ; 0            ; 134 (0)      ; 0 (0)             ; 0 (0)            ; |taxi|COUNT:inst7|lpm_divide:Div10                                                                                 ; work         ;
;          |lpm_divide_eem:auto_generated|  ; 134 (0)     ; 0 (0)                     ; 0 (0)         ; 0           ; 0    ; 0            ; 0       ; 0         ; 0    ; 0            ; 134 (0)      ; 0 (0)             ; 0 (0)            ; |taxi|COUNT:inst7|lpm_divide:Div10|lpm_divide_eem:auto_generated                                                   ; work         ;
;             |sign_div_unsign_olh:divider| ; 134 (0)     ; 0 (0)                     ; 0 (0)         ; 0           ; 0    ; 0            ; 0       ; 0         ; 0    ; 0            ; 134 (0)      ; 0 (0)             ; 0 (0)            ; |taxi|COUNT:inst7|lpm_divide:Div10|lpm_divide_eem:auto_generated|sign_div_unsign_olh:divider                       ; work         ;
;                |alt_u_div_i2f:divider|    ; 134 (134)   ; 0 (0)                     ; 0 (0)         ; 0           ; 0    ; 0            ; 0       ; 0         ; 0    ; 0            ; 134 (134)    ; 0 (0)             ; 0 (0)            ; |taxi|COUNT:inst7|lpm_divide:Div10|lpm_divide_eem:auto_generated|sign_div_unsign_olh:divider|alt_u_div_i2f:divider ; work         ;
;       |lpm_divide:Div11|                  ; 123 (0)     ; 0 (0)                     ; 0 (0)         ; 0           ; 0    ; 0            ; 0       ; 0         ; 0    ; 0            ; 123 (0)      ; 0 (0)             ; 0 (0)            ; |taxi|COUNT:inst7|lpm_divide:Div11                                                                                 ; work         ;
;          |lpm_divide_rfm:auto_generated|  ; 123 (0)     ; 0 (0)                     ; 0 (0)         ; 0           ; 0    ; 0            ; 0       ; 0         ; 0    ; 0            ; 123 (0)      ; 0 (0)             ; 0 (0)            ; |taxi|COUNT:inst7|lpm_divide:Div11|lpm_divide_rfm:auto_generated                                                   ; work         ;
;             |sign_div_unsign_6nh:divider| ; 123 (0)     ; 0 (0)                     ; 0 (0)         ; 0           ; 0    ; 0            ; 0       ; 0         ; 0    ; 0            ; 123 (0)      ; 0 (0)             ; 0 (0)            ; |taxi|COUNT:inst7|lpm_divide:Div11|lpm_divide_rfm:auto_generated|sign_div_unsign_6nh:divider                       ; work         ;
;                |alt_u_div_d5f:divider|    ; 123 (123)   ; 0 (0)                     ; 0 (0)         ; 0           ; 0    ; 0            ; 0       ; 0         ; 0    ; 0            ; 123 (123)    ; 0 (0)             ; 0 (0)            ; |taxi|COUNT:inst7|lpm_divide:Div11|lpm_divide_rfm:auto_generated|sign_div_unsign_6nh:divider|alt_u_div_d5f:divider ; work         ;
;       |lpm_divide:Div12|                  ; 157 (0)     ; 0 (0)                     ; 0 (0)         ; 0           ; 0    ; 0            ; 0       ; 0         ; 0    ; 0            ; 157 (0)      ; 0 (0)             ; 0 (0)            ; |taxi|COUNT:inst7|lpm_divide:Div12                                                                                 ; work         ;
;          |lpm_divide_hem:auto_generated|  ; 157 (0)     ; 0 (0)                     ; 0 (0)         ; 0           ; 0    ; 0            ; 0       ; 0         ; 0    ; 0            ; 157 (0)      ; 0 (0)             ; 0 (0)            ; |taxi|COUNT:inst7|lpm_divide:Div12|lpm_divide_hem:auto_generated                                                   ; work         ;
;             |sign_div_unsign_rlh:divider| ; 157 (0)     ; 0 (0)                     ; 0 (0)         ; 0           ; 0    ; 0            ; 0       ; 0         ; 0    ; 0            ; 157 (0)      ; 0 (0)             ; 0 (0)            ; |taxi|COUNT:inst7|lpm_divide:Div12|lpm_divide_hem:auto_generated|sign_div_unsign_rlh:divider                       ; work         ;
;                |alt_u_div_o2f:divider|    ; 157 (157)   ; 0 (0)                     ; 0 (0)         ; 0           ; 0    ; 0            ; 0       ; 0         ; 0    ; 0            ; 157 (157)    ; 0 (0)             ; 0 (0)            ; |taxi|COUNT:inst7|lpm_divide:Div12|lpm_divide_hem:auto_generated|sign_div_unsign_rlh:divider|alt_u_div_o2f:divider ; work         ;
;       |lpm_divide:Div13|                  ; 134 (0)     ; 0 (0)                     ; 0 (0)         ; 0           ; 0    ; 0            ; 0       ; 0         ; 0    ; 0            ; 133 (0)      ; 0 (0)             ; 1 (0)            ; |taxi|COUNT:inst7|lpm_divide:Div13                                                                                 ; work         ;
;          |lpm_divide_eem:auto_generated|  ; 134 (0)     ; 0 (0)                     ; 0 (0)         ; 0           ; 0    ; 0            ; 0       ; 0         ; 0    ; 0            ; 133 (0)      ; 0 (0)             ; 1 (0)            ; |taxi|COUNT:inst7|lpm_divide:Div13|lpm_divide_eem:auto_generated                                                   ; work         ;
;             |sign_div_unsign_olh:divider| ; 134 (0)     ; 0 (0)                     ; 0 (0)         ; 0           ; 0    ; 0            ; 0       ; 0         ; 0    ; 0            ; 133 (0)      ; 0 (0)             ; 1 (0)            ; |taxi|COUNT:inst7|lpm_divide:Div13|lpm_divide_eem:auto_generated|sign_div_unsign_olh:divider                       ; work         ;
;                |alt_u_div_i2f:divider|    ; 134 (134)   ; 0 (0)                     ; 0 (0)         ; 0           ; 0    ; 0            ; 0       ; 0         ; 0    ; 0            ; 133 (133)    ; 0 (0)             ; 1 (1)            ; |taxi|COUNT:inst7|lpm_divide:Div13|lpm_divide_eem:auto_generated|sign_div_unsign_olh:divider|alt_u_div_i2f:divider ; work         ;
;       |lpm_divide:Div1|                   ; 659 (0)     ; 0 (0)                     ; 0 (0)         ; 0           ; 0    ; 0            ; 0       ; 0         ; 0    ; 0            ; 659 (0)      ; 0 (0)             ; 0 (0)            ; |taxi|COUNT:inst7|lpm_divide:Div1                                                                                  ; work         ;
;          |lpm_divide_0gm:auto_generated|  ; 659 (0)     ; 0 (0)                     ; 0 (0)         ; 0           ; 0    ; 0            ; 0       ; 0         ; 0    ; 0            ; 659 (0)      ; 0 (0)             ; 0 (0)            ; |taxi|COUNT:inst7|lpm_divide:Div1|lpm_divide_0gm:auto_generated                                                    ; work         ;
;             |sign_div_unsign_anh:divider| ; 659 (0)     ; 0 (0)                     ; 0 (0)         ; 0           ; 0    ; 0            ; 0       ; 0         ; 0    ; 0            ; 659 (0)      ; 0 (0)             ; 0 (0)            ; |taxi|COUNT:inst7|lpm_divide:Div1|lpm_divide_0gm:auto_generated|sign_div_unsign_anh:divider                        ; work         ;
;                |alt_u_div_m5f:divider|    ; 659 (659)   ; 0 (0)                     ; 0 (0)         ; 0           ; 0    ; 0            ; 0       ; 0         ; 0    ; 0            ; 659 (659)    ; 0 (0)             ; 0 (0)            ; |taxi|COUNT:inst7|lpm_divide:Div1|lpm_divide_0gm:auto_generated|sign_div_unsign_anh:divider|alt_u_div_m5f:divider  ; work         ;
;       |lpm_divide:Div2|                   ; 580 (0)     ; 0 (0)                     ; 0 (0)         ; 0           ; 0    ; 0            ; 0       ; 0         ; 0    ; 0            ; 580 (0)      ; 0 (0)             ; 0 (0)            ; |taxi|COUNT:inst7|lpm_divide:Div2                                                                                  ; work         ;
;          |lpm_divide_qfm:auto_generated|  ; 580 (0)     ; 0 (0)                     ; 0 (0)         ; 0           ; 0    ; 0            ; 0       ; 0         ; 0    ; 0            ; 580 (0)      ; 0 (0)             ; 0 (0)            ; |taxi|COUNT:inst7|lpm_divide:Div2|lpm_divide_qfm:auto_generated                                                    ; work         ;
;             |sign_div_unsign_4nh:divider| ; 580 (0)     ; 0 (0)                     ; 0 (0)         ; 0           ; 0    ; 0            ; 0       ; 0         ; 0    ; 0            ; 580 (0)      ; 0 (0)             ; 0 (0)            ; |taxi|COUNT:inst7|lpm_divide:Div2|lpm_divide_qfm:auto_generated|sign_div_unsign_4nh:divider                        ; work         ;
;                |alt_u_div_a5f:divider|    ; 580 (580)   ; 0 (0)                     ; 0 (0)         ; 0           ; 0    ; 0            ; 0       ; 0         ; 0    ; 0            ; 580 (580)    ; 0 (0)             ; 0 (0)            ; |taxi|COUNT:inst7|lpm_divide:Div2|lpm_divide_qfm:auto_generated|sign_div_unsign_4nh:divider|alt_u_div_a5f:divider  ; work         ;
;       |lpm_divide:Div3|                   ; 393 (0)     ; 0 (0)                     ; 0 (0)         ; 0           ; 0    ; 0            ; 0       ; 0         ; 0    ; 0            ; 393 (0)      ; 0 (0)             ; 0 (0)            ; |taxi|COUNT:inst7|lpm_divide:Div3                                                                                  ; work         ;
;          |lpm_divide_ufm:auto_generated|  ; 393 (0)     ; 0 (0)                     ; 0 (0)         ; 0           ; 0    ; 0            ; 0       ; 0         ; 0    ; 0            ; 393 (0)      ; 0 (0)             ; 0 (0)            ; |taxi|COUNT:inst7|lpm_divide:Div3|lpm_divide_ufm:auto_generated                                                    ; work         ;
;             |sign_div_unsign_8nh:divider| ; 393 (0)     ; 0 (0)                     ; 0 (0)         ; 0           ; 0    ; 0            ; 0       ; 0         ; 0    ; 0            ; 393 (0)      ; 0 (0)             ; 0 (0)            ; |taxi|COUNT:inst7|lpm_divide:Div3|lpm_divide_ufm:auto_generated|sign_div_unsign_8nh:divider                        ; work         ;
;                |alt_u_div_i5f:divider|    ; 393 (393)   ; 0 (0)                     ; 0 (0)         ; 0           ; 0    ; 0            ; 0       ; 0         ; 0    ; 0            ; 393 (393)    ; 0 (0)             ; 0 (0)            ; |taxi|COUNT:inst7|lpm_divide:Div3|lpm_divide_ufm:auto_generated|sign_div_unsign_8nh:divider|alt_u_div_i5f:divider  ; work         ;
;       |lpm_divide:Div4|                   ; 267 (0)     ; 0 (0)                     ; 0 (0)         ; 0           ; 0    ; 0            ; 0       ; 0         ; 0    ; 0            ; 267 (0)      ; 0 (0)             ; 0 (0)            ; |taxi|COUNT:inst7|lpm_divide:Div4                                                                                  ; work         ;
;          |lpm_divide_mem:auto_generated|  ; 267 (0)     ; 0 (0)                     ; 0 (0)         ; 0           ; 0    ; 0            ; 0       ; 0         ; 0    ; 0            ; 267 (0)      ; 0 (0)             ; 0 (0)            ; |taxi|COUNT:inst7|lpm_divide:Div4|lpm_divide_mem:auto_generated                                                    ; work         ;
;             |sign_div_unsign_0mh:divider| ; 267 (0)     ; 0 (0)                     ; 0 (0)         ; 0           ; 0    ; 0            ; 0       ; 0         ; 0    ; 0            ; 267 (0)      ; 0 (0)             ; 0 (0)            ; |taxi|COUNT:inst7|lpm_divide:Div4|lpm_divide_mem:auto_generated|sign_div_unsign_0mh:divider                        ; work         ;
;                |alt_u_div_23f:divider|    ; 267 (267)   ; 0 (0)                     ; 0 (0)         ; 0           ; 0    ; 0            ; 0       ; 0         ; 0    ; 0            ; 267 (267)    ; 0 (0)             ; 0 (0)            ; |taxi|COUNT:inst7|lpm_divide:Div4|lpm_divide_mem:auto_generated|sign_div_unsign_0mh:divider|alt_u_div_23f:divider  ; work         ;
;       |lpm_divide:Div5|                   ; 278 (0)     ; 0 (0)                     ; 0 (0)         ; 0           ; 0    ; 0            ; 0       ; 0         ; 0    ; 0            ; 278 (0)      ; 0 (0)             ; 0 (0)            ; |taxi|COUNT:inst7|lpm_divide:Div5                                                                                  ; work         ;
;          |lpm_divide_1gm:auto_generated|  ; 278 (0)     ; 0 (0)                     ; 0 (0)         ; 0           ; 0    ; 0            ; 0       ; 0         ; 0    ; 0            ; 278 (0)      ; 0 (0)             ; 0 (0)            ; |taxi|COUNT:inst7|lpm_divide:Div5|lpm_divide_1gm:auto_generated                                                    ; work         ;
;             |sign_div_unsign_bnh:divider| ; 278 (0)     ; 0 (0)                     ; 0 (0)         ; 0           ; 0    ; 0            ; 0       ; 0         ; 0    ; 0            ; 278 (0)      ; 0 (0)             ; 0 (0)            ; |taxi|COUNT:inst7|lpm_divide:Div5|lpm_divide_1gm:auto_generated|sign_div_unsign_bnh:divider                        ; work         ;
;                |alt_u_div_n5f:divider|    ; 278 (278)   ; 0 (0)                     ; 0 (0)         ; 0           ; 0    ; 0            ; 0       ; 0         ; 0    ; 0            ; 278 (278)    ; 0 (0)             ; 0 (0)            ; |taxi|COUNT:inst7|lpm_divide:Div5|lpm_divide_1gm:auto_generated|sign_div_unsign_bnh:divider|alt_u_div_n5f:divider  ; work         ;
;       |lpm_divide:Div6|                   ; 208 (0)     ; 0 (0)                     ; 0 (0)         ; 0           ; 0    ; 0            ; 0       ; 0         ; 0    ; 0            ; 208 (0)      ; 0 (0)             ; 0 (0)            ; |taxi|COUNT:inst7|lpm_divide:Div6                                                                                  ; work         ;
;          |lpm_divide_4gm:auto_generated|  ; 208 (0)     ; 0 (0)                     ; 0 (0)         ; 0           ; 0    ; 0            ; 0       ; 0         ; 0    ; 0            ; 208 (0)      ; 0 (0)             ; 0 (0)            ; |taxi|COUNT:inst7|lpm_divide:Div6|lpm_divide_4gm:auto_generated                                                    ; work         ;
;             |sign_div_unsign_enh:divider| ; 208 (0)     ; 0 (0)                     ; 0 (0)         ; 0           ; 0    ; 0            ; 0       ; 0         ; 0    ; 0            ; 208 (0)      ; 0 (0)             ; 0 (0)            ; |taxi|COUNT:inst7|lpm_divide:Div6|lpm_divide_4gm:auto_generated|sign_div_unsign_enh:divider                        ; work         ;
;                |alt_u_div_u5f:divider|    ; 208 (208)   ; 0 (0)                     ; 0 (0)         ; 0           ; 0    ; 0            ; 0       ; 0         ; 0    ; 0            ; 208 (208)    ; 0 (0)             ; 0 (0)            ; |taxi|COUNT:inst7|lpm_divide:Div6|lpm_divide_4gm:auto_generated|sign_div_unsign_enh:divider|alt_u_div_u5f:divider  ; work         ;
;       |lpm_divide:Div7|                   ; 96 (0)      ; 0 (0)                     ; 0 (0)         ; 0           ; 0    ; 0            ; 0       ; 0         ; 0    ; 0            ; 96 (0)       ; 0 (0)             ; 0 (0)            ; |taxi|COUNT:inst7|lpm_divide:Div7                                                                                  ; work         ;
;          |lpm_divide_7gm:auto_generated|  ; 96 (0)      ; 0 (0)                     ; 0 (0)         ; 0           ; 0    ; 0            ; 0       ; 0         ; 0    ; 0            ; 96 (0)       ; 0 (0)             ; 0 (0)            ; |taxi|COUNT:inst7|lpm_divide:Div7|lpm_divide_7gm:auto_generated                                                    ; work         ;
;             |sign_div_unsign_hnh:divider| ; 96 (0)      ; 0 (0)                     ; 0 (0)         ; 0           ; 0    ; 0            ; 0       ; 0         ; 0    ; 0            ; 96 (0)       ; 0 (0)             ; 0 (0)            ; |taxi|COUNT:inst7|lpm_divide:Div7|lpm_divide_7gm:auto_generated|sign_div_unsign_hnh:divider                        ; work         ;
;                |alt_u_div_46f:divider|    ; 96 (96)     ; 0 (0)                     ; 0 (0)         ; 0           ; 0    ; 0            ; 0       ; 0         ; 0    ; 0            ; 96 (96)      ; 0 (0)             ; 0 (0)            ; |taxi|COUNT:inst7|lpm_divide:Div7|lpm_divide_7gm:auto_generated|sign_div_unsign_hnh:divider|alt_u_div_46f:divider  ; work         ;
;       |lpm_divide:Div8|                   ; 123 (0)     ; 0 (0)                     ; 0 (0)         ; 0           ; 0    ; 0            ; 0       ; 0         ; 0    ; 0            ; 123 (0)      ; 0 (0)             ; 0 (0)            ; |taxi|COUNT:inst7|lpm_divide:Div8                                                                                  ; work         ;
;          |lpm_divide_rfm:auto_generated|  ; 123 (0)     ; 0 (0)                     ; 0 (0)         ; 0           ; 0    ; 0            ; 0       ; 0         ; 0    ; 0            ; 123 (0)      ; 0 (0)             ; 0 (0)            ; |taxi|COUNT:inst7|lpm_divide:Div8|lpm_divide_rfm:auto_generated                                                    ; work         ;
;             |sign_div_unsign_6nh:divider| ; 123 (0)     ; 0 (0)                     ; 0 (0)         ; 0           ; 0    ; 0            ; 0       ; 0         ; 0    ; 0            ; 123 (0)      ; 0 (0)             ; 0 (0)            ; |taxi|COUNT:inst7|lpm_divide:Div8|lpm_divide_rfm:auto_generated|sign_div_unsign_6nh:divider                        ; work         ;
;                |alt_u_div_d5f:divider|    ; 123 (123)   ; 0 (0)                     ; 0 (0)         ; 0           ; 0    ; 0            ; 0       ; 0         ; 0    ; 0            ; 123 (123)    ; 0 (0)             ; 0 (0)            ; |taxi|COUNT:inst7|lpm_divide:Div8|lpm_divide_rfm:auto_generated|sign_div_unsign_6nh:divider|alt_u_div_d5f:divider  ; work         ;
;       |lpm_divide:Div9|                   ; 157 (0)     ; 0 (0)                     ; 0 (0)         ; 0           ; 0    ; 0            ; 0       ; 0         ; 0    ; 0            ; 157 (0)      ; 0 (0)             ; 0 (0)            ; |taxi|COUNT:inst7|lpm_divide:Div9                                                                                  ; work         ;
;          |lpm_divide_hem:auto_generated|  ; 157 (0)     ; 0 (0)                     ; 0 (0)         ; 0           ; 0    ; 0            ; 0       ; 0         ; 0    ; 0            ; 157 (0)      ; 0 (0)             ; 0 (0)            ; |taxi|COUNT:inst7|lpm_divide:Div9|lpm_divide_hem:auto_generated                                                    ; work         ;
;             |sign_div_unsign_rlh:divider| ; 157 (0)     ; 0 (0)                     ; 0 (0)         ; 0           ; 0    ; 0            ; 0       ; 0         ; 0    ; 0            ; 157 (0)      ; 0 (0)             ; 0 (0)            ; |taxi|COUNT:inst7|lpm_divide:Div9|lpm_divide_hem:auto_generated|sign_div_unsign_rlh:divider                        ; work         ;
;                |alt_u_div_o2f:divider|    ; 157 (157)   ; 0 (0)                     ; 0 (0)         ; 0           ; 0    ; 0            ; 0       ; 0         ; 0    ; 0            ; 157 (157)    ; 0 (0)             ; 0 (0)            ; |taxi|COUNT:inst7|lpm_divide:Div9|lpm_divide_hem:auto_generated|sign_div_unsign_rlh:divider|alt_u_div_o2f:divider  ; work         ;
;       |lpm_divide:Mod0|                   ; 800 (0)     ; 0 (0)                     ; 0 (0)         ; 0           ; 0    ; 0            ; 0       ; 0         ; 0    ; 0            ; 797 (0)      ; 0 (0)             ; 3 (0)            ; |taxi|COUNT:inst7|lpm_divide:Mod0                                                                                  ; work         ;
;          |lpm_divide_u7m:auto_generated|  ; 800 (0)     ; 0 (0)                     ; 0 (0)         ; 0           ; 0    ; 0            ; 0       ; 0         ; 0    ; 0            ; 797 (0)      ; 0 (0)             ; 3 (0)            ; |taxi|COUNT:inst7|lpm_divide:Mod0|lpm_divide_u7m:auto_generated                                                    ; work         ;
;             |sign_div_unsign_5nh:divider| ; 800 (0)     ; 0 (0)                     ; 0 (0)         ; 0           ; 0    ; 0            ; 0       ; 0         ; 0    ; 0            ; 797 (0)      ; 0 (0)             ; 3 (0)            ; |taxi|COUNT:inst7|lpm_divide:Mod0|lpm_divide_u7m:auto_generated|sign_div_unsign_5nh:divider                        ; work         ;
;                |alt_u_div_c5f:divider|    ; 800 (800)   ; 0 (0)                     ; 0 (0)         ; 0           ; 0    ; 0            ; 0       ; 0         ; 0    ; 0            ; 797 (797)    ; 0 (0)             ; 3 (3)            ; |taxi|COUNT:inst7|lpm_divide:Mod0|lpm_divide_u7m:auto_generated|sign_div_unsign_5nh:divider|alt_u_div_c5f:divider  ; work         ;
;       |lpm_divide:Mod10|                  ; 146 (0)     ; 0 (0)                     ; 0 (0)         ; 0           ; 0    ; 0            ; 0       ; 0         ; 0    ; 0            ; 146 (0)      ; 0 (0)             ; 0 (0)            ; |taxi|COUNT:inst7|lpm_divide:Mod10                                                                                 ; work         ;
;          |lpm_divide_28m:auto_generated|  ; 146 (0)     ; 0 (0)                     ; 0 (0)         ; 0           ; 0    ; 0            ; 0       ; 0         ; 0    ; 0            ; 146 (0)      ; 0 (0)             ; 0 (0)            ; |taxi|COUNT:inst7|lpm_divide:Mod10|lpm_divide_28m:auto_generated                                                   ; work         ;
;             |sign_div_unsign_9nh:divider| ; 146 (0)     ; 0 (0)                     ; 0 (0)         ; 0           ; 0    ; 0            ; 0       ; 0         ; 0    ; 0            ; 146 (0)      ; 0 (0)             ; 0 (0)            ; |taxi|COUNT:inst7|lpm_divide:Mod10|lpm_divide_28m:auto_generated|sign_div_unsign_9nh:divider                       ; work         ;
;                |alt_u_div_k5f:divider|    ; 146 (146)   ; 0 (0)                     ; 0 (0)         ; 0           ; 0    ; 0            ; 0       ; 0         ; 0    ; 0            ; 146 (146)    ; 0 (0)             ; 0 (0)            ; |taxi|COUNT:inst7|lpm_divide:Mod10|lpm_divide_28m:auto_generated|sign_div_unsign_9nh:divider|alt_u_div_k5f:divider ; work         ;
;       |lpm_divide:Mod11|                  ; 229 (0)     ; 0 (0)                     ; 0 (0)         ; 0           ; 0    ; 0            ; 0       ; 0         ; 0    ; 0            ; 229 (0)      ; 0 (0)             ; 0 (0)            ; |taxi|COUNT:inst7|lpm_divide:Mod11                                                                                 ; work         ;
;          |lpm_divide_28m:auto_generated|  ; 229 (0)     ; 0 (0)                     ; 0 (0)         ; 0           ; 0    ; 0            ; 0       ; 0         ; 0    ; 0            ; 229 (0)      ; 0 (0)             ; 0 (0)            ; |taxi|COUNT:inst7|lpm_divide:Mod11|lpm_divide_28m:auto_generated                                                   ; work         ;
;             |sign_div_unsign_9nh:divider| ; 229 (0)     ; 0 (0)                     ; 0 (0)         ; 0           ; 0    ; 0            ; 0       ; 0         ; 0    ; 0            ; 229 (0)      ; 0 (0)             ; 0 (0)            ; |taxi|COUNT:inst7|lpm_divide:Mod11|lpm_divide_28m:auto_generated|sign_div_unsign_9nh:divider                       ; work         ;
;                |alt_u_div_k5f:divider|    ; 229 (229)   ; 0 (0)                     ; 0 (0)         ; 0           ; 0    ; 0            ; 0       ; 0         ; 0    ; 0            ; 229 (229)    ; 0 (0)             ; 0 (0)            ; |taxi|COUNT:inst7|lpm_divide:Mod11|lpm_divide_28m:auto_generated|sign_div_unsign_9nh:divider|alt_u_div_k5f:divider ; work         ;
;       |lpm_divide:Mod12|                  ; 269 (0)     ; 0 (0)                     ; 0 (0)         ; 0           ; 0    ; 0            ; 0       ; 0         ; 0    ; 0            ; 269 (0)      ; 0 (0)             ; 0 (0)            ; |taxi|COUNT:inst7|lpm_divide:Mod12                                                                                 ; work         ;
;          |lpm_divide_28m:auto_generated|  ; 269 (0)     ; 0 (0)                     ; 0 (0)         ; 0           ; 0    ; 0            ; 0       ; 0         ; 0    ; 0            ; 269 (0)      ; 0 (0)             ; 0 (0)            ; |taxi|COUNT:inst7|lpm_divide:Mod12|lpm_divide_28m:auto_generated                                                   ; work         ;
;             |sign_div_unsign_9nh:divider| ; 269 (0)     ; 0 (0)                     ; 0 (0)         ; 0           ; 0    ; 0            ; 0       ; 0         ; 0    ; 0            ; 269 (0)      ; 0 (0)             ; 0 (0)            ; |taxi|COUNT:inst7|lpm_divide:Mod12|lpm_divide_28m:auto_generated|sign_div_unsign_9nh:divider                       ; work         ;
;                |alt_u_div_k5f:divider|    ; 269 (269)   ; 0 (0)                     ; 0 (0)         ; 0           ; 0    ; 0            ; 0       ; 0         ; 0    ; 0            ; 269 (269)    ; 0 (0)             ; 0 (0)            ; |taxi|COUNT:inst7|lpm_divide:Mod12|lpm_divide_28m:auto_generated|sign_div_unsign_9nh:divider|alt_u_div_k5f:divider ; work         ;
;       |lpm_divide:Mod13|                  ; 36 (0)      ; 0 (0)                     ; 0 (0)         ; 0           ; 0    ; 0            ; 0       ; 0         ; 0    ; 0            ; 36 (0)       ; 0 (0)             ; 0 (0)            ; |taxi|COUNT:inst7|lpm_divide:Mod13                                                                                 ; work         ;
;          |lpm_divide_sio:auto_generated|  ; 36 (0)      ; 0 (0)                     ; 0 (0)         ; 0           ; 0    ; 0            ; 0       ; 0         ; 0    ; 0            ; 36 (0)       ; 0 (0)             ; 0 (0)            ; |taxi|COUNT:inst7|lpm_divide:Mod13|lpm_divide_sio:auto_generated                                                   ; work         ;
;             |abs_divider_6ag:divider|     ; 36 (7)      ; 0 (0)                     ; 0 (0)         ; 0           ; 0    ; 0            ; 0       ; 0         ; 0    ; 0            ; 36 (7)       ; 0 (0)             ; 0 (0)            ; |taxi|COUNT:inst7|lpm_divide:Mod13|lpm_divide_sio:auto_generated|abs_divider_6ag:divider                           ; work         ;
;                |alt_u_div_ove:divider|    ; 27 (27)     ; 0 (0)                     ; 0 (0)         ; 0           ; 0    ; 0            ; 0       ; 0         ; 0    ; 0            ; 27 (27)      ; 0 (0)             ; 0 (0)            ; |taxi|COUNT:inst7|lpm_divide:Mod13|lpm_divide_sio:auto_generated|abs_divider_6ag:divider|alt_u_div_ove:divider     ; work         ;
;                |lpm_abs_hq9:my_abs_num|   ; 2 (2)       ; 0 (0)                     ; 0 (0)         ; 0           ; 0    ; 0            ; 0       ; 0         ; 0    ; 0            ; 2 (2)        ; 0 (0)             ; 0 (0)            ; |taxi|COUNT:inst7|lpm_divide:Mod13|lpm_divide_sio:auto_generated|abs_divider_6ag:divider|lpm_abs_hq9:my_abs_num    ; work         ;
;       |lpm_divide:Mod14|                  ; 33 (0)      ; 0 (0)                     ; 0 (0)         ; 0           ; 0    ; 0            ; 0       ; 0         ; 0    ; 0            ; 33 (0)       ; 0 (0)             ; 0 (0)            ; |taxi|COUNT:inst7|lpm_divide:Mod14                                                                                 ; work         ;
;          |lpm_divide_28m:auto_generated|  ; 33 (0)      ; 0 (0)                     ; 0 (0)         ; 0           ; 0    ; 0            ; 0       ; 0         ; 0    ; 0            ; 33 (0)       ; 0 (0)             ; 0 (0)            ; |taxi|COUNT:inst7|lpm_divide:Mod14|lpm_divide_28m:auto_generated                                                   ; work         ;
;             |sign_div_unsign_9nh:divider| ; 33 (0)      ; 0 (0)                     ; 0 (0)         ; 0           ; 0    ; 0            ; 0       ; 0         ; 0    ; 0            ; 33 (0)       ; 0 (0)             ; 0 (0)            ; |taxi|COUNT:inst7|lpm_divide:Mod14|lpm_divide_28m:auto_generated|sign_div_unsign_9nh:divider                       ; work         ;
;                |alt_u_div_k5f:divider|    ; 33 (33)     ; 0 (0)                     ; 0 (0)         ; 0           ; 0    ; 0            ; 0       ; 0         ; 0    ; 0            ; 33 (33)      ; 0 (0)             ; 0 (0)            ; |taxi|COUNT:inst7|lpm_divide:Mod14|lpm_divide_28m:auto_generated|sign_div_unsign_9nh:divider|alt_u_div_k5f:divider ; work         ;
;       |lpm_divide:Mod15|                  ; 146 (0)     ; 0 (0)                     ; 0 (0)         ; 0           ; 0    ; 0            ; 0       ; 0         ; 0    ; 0            ; 146 (0)      ; 0 (0)             ; 0 (0)            ; |taxi|COUNT:inst7|lpm_divide:Mod15                                                                                 ; work         ;
;          |lpm_divide_28m:auto_generated|  ; 146 (0)     ; 0 (0)                     ; 0 (0)         ; 0           ; 0    ; 0            ; 0       ; 0         ; 0    ; 0            ; 146 (0)      ; 0 (0)             ; 0 (0)            ; |taxi|COUNT:inst7|lpm_divide:Mod15|lpm_divide_28m:auto_generated                                                   ; work         ;
;             |sign_div_unsign_9nh:divider| ; 146 (0)     ; 0 (0)                     ; 0 (0)         ; 0           ; 0    ; 0            ; 0       ; 0         ; 0    ; 0            ; 146 (0)      ; 0 (0)             ; 0 (0)            ; |taxi|COUNT:inst7|lpm_divide:Mod15|lpm_divide_28m:auto_generated|sign_div_unsign_9nh:divider                       ; work         ;
;                |alt_u_div_k5f:divider|    ; 146 (146)   ; 0 (0)                     ; 0 (0)         ; 0           ; 0    ; 0            ; 0       ; 0         ; 0    ; 0            ; 146 (146)    ; 0 (0)             ; 0 (0)            ; |taxi|COUNT:inst7|lpm_divide:Mod15|lpm_divide_28m:auto_generated|sign_div_unsign_9nh:divider|alt_u_div_k5f:divider ; work         ;
;       |lpm_divide:Mod16|                  ; 229 (0)     ; 0 (0)                     ; 0 (0)         ; 0           ; 0    ; 0            ; 0       ; 0         ; 0    ; 0            ; 229 (0)      ; 0 (0)             ; 0 (0)            ; |taxi|COUNT:inst7|lpm_divide:Mod16                                                                                 ; work         ;
;          |lpm_divide_28m:auto_generated|  ; 229 (0)     ; 0 (0)                     ; 0 (0)         ; 0           ; 0    ; 0            ; 0       ; 0         ; 0    ; 0            ; 229 (0)      ; 0 (0)             ; 0 (0)            ; |taxi|COUNT:inst7|lpm_divide:Mod16|lpm_divide_28m:auto_generated                                                   ; work         ;
;             |sign_div_unsign_9nh:divider| ; 229 (0)     ; 0 (0)                     ; 0 (0)         ; 0           ; 0    ; 0            ; 0       ; 0         ; 0    ; 0            ; 229 (0)      ; 0 (0)             ; 0 (0)            ; |taxi|COUNT:inst7|lpm_divide:Mod16|lpm_divide_28m:auto_generated|sign_div_unsign_9nh:divider                       ; work         ;
;                |alt_u_div_k5f:divider|    ; 229 (229)   ; 0 (0)                     ; 0 (0)         ; 0           ; 0    ; 0            ; 0       ; 0         ; 0    ; 0            ; 229 (229)    ; 0 (0)             ; 0 (0)            ; |taxi|COUNT:inst7|lpm_divide:Mod16|lpm_divide_28m:auto_generated|sign_div_unsign_9nh:divider|alt_u_div_k5f:divider ; work         ;
;       |lpm_divide:Mod17|                  ; 269 (0)     ; 0 (0)                     ; 0 (0)         ; 0           ; 0    ; 0            ; 0       ; 0         ; 0    ; 0            ; 266 (0)      ; 0 (0)             ; 3 (0)            ; |taxi|COUNT:inst7|lpm_divide:Mod17                                                                                 ; work         ;
;          |lpm_divide_28m:auto_generated|  ; 269 (0)     ; 0 (0)                     ; 0 (0)         ; 0           ; 0    ; 0            ; 0       ; 0         ; 0    ; 0            ; 266 (0)      ; 0 (0)             ; 3 (0)            ; |taxi|COUNT:inst7|lpm_divide:Mod17|lpm_divide_28m:auto_generated                                                   ; work         ;
;             |sign_div_unsign_9nh:divider| ; 269 (0)     ; 0 (0)                     ; 0 (0)         ; 0           ; 0    ; 0            ; 0       ; 0         ; 0    ; 0            ; 266 (0)      ; 0 (0)             ; 3 (0)            ; |taxi|COUNT:inst7|lpm_divide:Mod17|lpm_divide_28m:auto_generated|sign_div_unsign_9nh:divider                       ; work         ;
;                |alt_u_div_k5f:divider|    ; 269 (269)   ; 0 (0)                     ; 0 (0)         ; 0           ; 0    ; 0            ; 0       ; 0         ; 0    ; 0            ; 266 (266)    ; 0 (0)             ; 3 (3)            ; |taxi|COUNT:inst7|lpm_divide:Mod17|lpm_divide_28m:auto_generated|sign_div_unsign_9nh:divider|alt_u_div_k5f:divider ; work         ;
;       |lpm_divide:Mod1|                   ; 559 (0)     ; 0 (0)                     ; 0 (0)         ; 0           ; 0    ; 0            ; 0       ; 0         ; 0    ; 0            ; 555 (0)      ; 0 (0)             ; 4 (0)            ; |taxi|COUNT:inst7|lpm_divide:Mod1                                                                                  ; work         ;
;          |lpm_divide_u7m:auto_generated|  ; 559 (0)     ; 0 (0)                     ; 0 (0)         ; 0           ; 0    ; 0            ; 0       ; 0         ; 0    ; 0            ; 555 (0)      ; 0 (0)             ; 4 (0)            ; |taxi|COUNT:inst7|lpm_divide:Mod1|lpm_divide_u7m:auto_generated                                                    ; work         ;
;             |sign_div_unsign_5nh:divider| ; 559 (0)     ; 0 (0)                     ; 0 (0)         ; 0           ; 0    ; 0            ; 0       ; 0         ; 0    ; 0            ; 555 (0)      ; 0 (0)             ; 4 (0)            ; |taxi|COUNT:inst7|lpm_divide:Mod1|lpm_divide_u7m:auto_generated|sign_div_unsign_5nh:divider                        ; work         ;
;                |alt_u_div_c5f:divider|    ; 559 (559)   ; 0 (0)                     ; 0 (0)         ; 0           ; 0    ; 0            ; 0       ; 0         ; 0    ; 0            ; 555 (555)    ; 0 (0)             ; 4 (4)            ; |taxi|COUNT:inst7|lpm_divide:Mod1|lpm_divide_u7m:auto_generated|sign_div_unsign_5nh:divider|alt_u_div_c5f:divider  ; work         ;
;       |lpm_divide:Mod2|                   ; 331 (0)     ; 0 (0)                     ; 0 (0)         ; 0           ; 0    ; 0            ; 0       ; 0         ; 0    ; 0            ; 327 (0)      ; 0 (0)             ; 4 (0)            ; |taxi|COUNT:inst7|lpm_divide:Mod2                                                                                  ; work         ;
;          |lpm_divide_u7m:auto_generated|  ; 331 (0)     ; 0 (0)                     ; 0 (0)         ; 0           ; 0    ; 0            ; 0       ; 0         ; 0    ; 0            ; 327 (0)      ; 0 (0)             ; 4 (0)            ; |taxi|COUNT:inst7|lpm_divide:Mod2|lpm_divide_u7m:auto_generated                                                    ; work         ;
;             |sign_div_unsign_5nh:divider| ; 331 (0)     ; 0 (0)                     ; 0 (0)         ; 0           ; 0    ; 0            ; 0       ; 0         ; 0    ; 0            ; 327 (0)      ; 0 (0)             ; 4 (0)            ; |taxi|COUNT:inst7|lpm_divide:Mod2|lpm_divide_u7m:auto_generated|sign_div_unsign_5nh:divider                        ; work         ;
;                |alt_u_div_c5f:divider|    ; 331 (331)   ; 0 (0)                     ; 0 (0)         ; 0           ; 0    ; 0            ; 0       ; 0         ; 0    ; 0            ; 327 (327)    ; 0 (0)             ; 4 (4)            ; |taxi|COUNT:inst7|lpm_divide:Mod2|lpm_divide_u7m:auto_generated|sign_div_unsign_5nh:divider|alt_u_div_c5f:divider  ; work         ;
;       |lpm_divide:Mod3|                   ; 111 (0)     ; 0 (0)                     ; 0 (0)         ; 0           ; 0    ; 0            ; 0       ; 0         ; 0    ; 0            ; 107 (0)      ; 0 (0)             ; 4 (0)            ; |taxi|COUNT:inst7|lpm_divide:Mod3                                                                                  ; work         ;
;          |lpm_divide_u7m:auto_generated|  ; 111 (0)     ; 0 (0)                     ; 0 (0)         ; 0           ; 0    ; 0            ; 0       ; 0         ; 0    ; 0            ; 107 (0)      ; 0 (0)             ; 4 (0)            ; |taxi|COUNT:inst7|lpm_divide:Mod3|lpm_divide_u7m:auto_generated                                                    ; work         ;
;             |sign_div_unsign_5nh:divider| ; 111 (0)     ; 0 (0)                     ; 0 (0)         ; 0           ; 0    ; 0            ; 0       ; 0         ; 0    ; 0            ; 107 (0)      ; 0 (0)             ; 4 (0)            ; |taxi|COUNT:inst7|lpm_divide:Mod3|lpm_divide_u7m:auto_generated|sign_div_unsign_5nh:divider                        ; work         ;
;                |alt_u_div_c5f:divider|    ; 111 (111)   ; 0 (0)                     ; 0 (0)         ; 0           ; 0    ; 0            ; 0       ; 0         ; 0    ; 0            ; 107 (107)    ; 0 (0)             ; 4 (4)            ; |taxi|COUNT:inst7|lpm_divide:Mod3|lpm_divide_u7m:auto_generated|sign_div_unsign_5nh:divider|alt_u_div_c5f:divider  ; work         ;
;       |lpm_divide:Mod4|                   ; 400 (0)     ; 0 (0)                     ; 0 (0)         ; 0           ; 0    ; 0            ; 0       ; 0         ; 0    ; 0            ; 396 (0)      ; 0 (0)             ; 4 (0)            ; |taxi|COUNT:inst7|lpm_divide:Mod4                                                                                  ; work         ;
;          |lpm_divide_c8m:auto_generated|  ; 400 (0)     ; 0 (0)                     ; 0 (0)         ; 0           ; 0    ; 0            ; 0       ; 0         ; 0    ; 0            ; 396 (0)      ; 0 (0)             ; 4 (0)            ; |taxi|COUNT:inst7|lpm_divide:Mod4|lpm_divide_c8m:auto_generated                                                    ; work         ;
;             |sign_div_unsign_jnh:divider| ; 400 (0)     ; 0 (0)                     ; 0 (0)         ; 0           ; 0    ; 0            ; 0       ; 0         ; 0    ; 0            ; 396 (0)      ; 0 (0)             ; 4 (0)            ; |taxi|COUNT:inst7|lpm_divide:Mod4|lpm_divide_c8m:auto_generated|sign_div_unsign_jnh:divider                        ; work         ;
;                |alt_u_div_86f:divider|    ; 400 (400)   ; 0 (0)                     ; 0 (0)         ; 0           ; 0    ; 0            ; 0       ; 0         ; 0    ; 0            ; 396 (396)    ; 0 (0)             ; 4 (4)            ; |taxi|COUNT:inst7|lpm_divide:Mod4|lpm_divide_c8m:auto_generated|sign_div_unsign_jnh:divider|alt_u_div_86f:divider  ; work         ;
;       |lpm_divide:Mod5|                   ; 265 (0)     ; 0 (0)                     ; 0 (0)         ; 0           ; 0    ; 0            ; 0       ; 0         ; 0    ; 0            ; 261 (0)      ; 0 (0)             ; 4 (0)            ; |taxi|COUNT:inst7|lpm_divide:Mod5                                                                                  ; work         ;
;          |lpm_divide_c8m:auto_generated|  ; 265 (0)     ; 0 (0)                     ; 0 (0)         ; 0           ; 0    ; 0            ; 0       ; 0         ; 0    ; 0            ; 261 (0)      ; 0 (0)             ; 4 (0)            ; |taxi|COUNT:inst7|lpm_divide:Mod5|lpm_divide_c8m:auto_generated                                                    ; work         ;
;             |sign_div_unsign_jnh:divider| ; 265 (0)     ; 0 (0)                     ; 0 (0)         ; 0           ; 0    ; 0            ; 0       ; 0         ; 0    ; 0            ; 261 (0)      ; 0 (0)             ; 4 (0)            ; |taxi|COUNT:inst7|lpm_divide:Mod5|lpm_divide_c8m:auto_generated|sign_div_unsign_jnh:divider                        ; work         ;
;                |alt_u_div_86f:divider|    ; 265 (265)   ; 0 (0)                     ; 0 (0)         ; 0           ; 0    ; 0            ; 0       ; 0         ; 0    ; 0            ; 261 (261)    ; 0 (0)             ; 4 (4)            ; |taxi|COUNT:inst7|lpm_divide:Mod5|lpm_divide_c8m:auto_generated|sign_div_unsign_jnh:divider|alt_u_div_86f:divider  ; work         ;
;       |lpm_divide:Mod6|                   ; 71 (0)      ; 0 (0)                     ; 0 (0)         ; 0           ; 0    ; 0            ; 0       ; 0         ; 0    ; 0            ; 67 (0)       ; 0 (0)             ; 4 (0)            ; |taxi|COUNT:inst7|lpm_divide:Mod6                                                                                  ; work         ;
;          |lpm_divide_c8m:auto_generated|  ; 71 (0)      ; 0 (0)                     ; 0 (0)         ; 0           ; 0    ; 0            ; 0       ; 0         ; 0    ; 0            ; 67 (0)       ; 0 (0)             ; 4 (0)            ; |taxi|COUNT:inst7|lpm_divide:Mod6|lpm_divide_c8m:auto_generated                                                    ; work         ;
;             |sign_div_unsign_jnh:divider| ; 71 (0)      ; 0 (0)                     ; 0 (0)         ; 0           ; 0    ; 0            ; 0       ; 0         ; 0    ; 0            ; 67 (0)       ; 0 (0)             ; 4 (0)            ; |taxi|COUNT:inst7|lpm_divide:Mod6|lpm_divide_c8m:auto_generated|sign_div_unsign_jnh:divider                        ; work         ;
;                |alt_u_div_86f:divider|    ; 71 (71)     ; 0 (0)                     ; 0 (0)         ; 0           ; 0    ; 0            ; 0       ; 0         ; 0    ; 0            ; 67 (67)      ; 0 (0)             ; 4 (4)            ; |taxi|COUNT:inst7|lpm_divide:Mod6|lpm_divide_c8m:auto_generated|sign_div_unsign_jnh:divider|alt_u_div_86f:divider  ; work         ;
;       |lpm_divide:Mod8|                   ; 18 (0)      ; 0 (0)                     ; 0 (0)         ; 0           ; 0    ; 0            ; 0       ; 0         ; 0    ; 0            ; 15 (0)       ; 0 (0)             ; 3 (0)            ; |taxi|COUNT:inst7|lpm_divide:Mod8                                                                                  ; work         ;
;          |lpm_divide_05m:auto_generated|  ; 18 (0)      ; 0 (0)                     ; 0 (0)         ; 0           ; 0    ; 0            ; 0       ; 0         ; 0    ; 0            ; 15 (0)       ; 0 (0)             ; 3 (0)            ; |taxi|COUNT:inst7|lpm_divide:Mod8|lpm_divide_05m:auto_generated                                                    ; work         ;
;             |sign_div_unsign_7kh:divider| ; 18 (0)      ; 0 (0)                     ; 0 (0)         ; 0           ; 0    ; 0            ; 0       ; 0         ; 0    ; 0            ; 15 (0)       ; 0 (0)             ; 3 (0)            ; |taxi|COUNT:inst7|lpm_divide:Mod8|lpm_divide_05m:auto_generated|sign_div_unsign_7kh:divider                        ; work         ;
;                |alt_u_div_gve:divider|    ; 18 (18)     ; 0 (0)                     ; 0 (0)         ; 0           ; 0    ; 0            ; 0       ; 0         ; 0    ; 0            ; 15 (15)      ; 0 (0)             ; 3 (3)            ; |taxi|COUNT:inst7|lpm_divide:Mod8|lpm_divide_05m:auto_generated|sign_div_unsign_7kh:divider|alt_u_div_gve:divider  ; work         ;
;       |lpm_divide:Mod9|                   ; 33 (0)      ; 0 (0)                     ; 0 (0)         ; 0           ; 0    ; 0            ; 0       ; 0         ; 0    ; 0            ; 33 (0)       ; 0 (0)             ; 0 (0)            ; |taxi|COUNT:inst7|lpm_divide:Mod9                                                                                  ; work         ;
;          |lpm_divide_28m:auto_generated|  ; 33 (0)      ; 0 (0)                     ; 0 (0)         ; 0           ; 0    ; 0            ; 0       ; 0         ; 0    ; 0            ; 33 (0)       ; 0 (0)             ; 0 (0)            ; |taxi|COUNT:inst7|lpm_divide:Mod9|lpm_divide_28m:auto_generated                                                    ; work         ;
;             |sign_div_unsign_9nh:divider| ; 33 (0)      ; 0 (0)                     ; 0 (0)         ; 0           ; 0    ; 0            ; 0       ; 0         ; 0    ; 0            ; 33 (0)       ; 0 (0)             ; 0 (0)            ; |taxi|COUNT:inst7|lpm_divide:Mod9|lpm_divide_28m:auto_generated|sign_div_unsign_9nh:divider                        ; work         ;
;                |alt_u_div_k5f:divider|    ; 33 (33)     ; 0 (0)                     ; 0 (0)         ; 0           ; 0    ; 0            ; 0       ; 0         ; 0    ; 0            ; 33 (33)      ; 0 (0)             ; 0 (0)            ; |taxi|COUNT:inst7|lpm_divide:Mod9|lpm_divide_28m:auto_generated|sign_div_unsign_9nh:divider|alt_u_div_k5f:divider  ; work         ;
;    |FD2:inst1|                            ; 5 (5)       ; 5 (5)                     ; 0 (0)         ; 0           ; 0    ; 0            ; 0       ; 0         ; 0    ; 0            ; 0 (0)        ; 1 (1)             ; 4 (4)            ; |taxi|FD2:inst1                                                                                                    ; work         ;
;    |FD3:inst22|                           ; 4 (4)       ; 4 (4)                     ; 0 (0)         ; 0           ; 0    ; 0            ; 0       ; 0         ; 0    ; 0            ; 0 (0)        ; 0 (0)             ; 4 (4)            ; |taxi|FD3:inst22                                                                                                   ; work         ;
;    |FD:inst|                              ; 39 (39)     ; 24 (24)                   ; 0 (0)         ; 0           ; 0    ; 0            ; 0       ; 0         ; 0    ; 0            ; 15 (15)      ; 0 (0)             ; 24 (24)          ; |taxi|FD:inst                                                                                                      ; work         ;
;    |MAIN:inst8|                           ; 139 (139)   ; 9 (9)                     ; 0 (0)         ; 0           ; 0    ; 0            ; 0       ; 0         ; 0    ; 0            ; 129 (129)    ; 0 (0)             ; 10 (10)          ; |taxi|MAIN:inst8                                                                                                   ; work         ;
;    |TRANS:inst10|                         ; 7 (7)       ; 0 (0)                     ; 0 (0)         ; 0           ; 0    ; 0            ; 0       ; 0         ; 0    ; 0            ; 7 (7)        ; 0 (0)             ; 0 (0)            ; |taxi|TRANS:inst10                                                                                                 ; work         ;
;    |TRANS:inst11|                         ; 7 (7)       ; 0 (0)                     ; 0 (0)         ; 0           ; 0    ; 0            ; 0       ; 0         ; 0    ; 0            ; 7 (7)        ; 0 (0)             ; 0 (0)            ; |taxi|TRANS:inst11                                                                                                 ; work         ;
;    |TRANS:inst12|                         ; 7 (7)       ; 0 (0)                     ; 0 (0)         ; 0           ; 0    ; 0            ; 0       ; 0         ; 0    ; 0            ; 7 (7)        ; 0 (0)             ; 0 (0)            ; |taxi|TRANS:inst12                                                                                                 ; work         ;
;    |TRANS:inst13|                         ; 7 (7)       ; 0 (0)                     ; 0 (0)         ; 0           ; 0    ; 0            ; 0       ; 0         ; 0    ; 0            ; 7 (7)        ; 0 (0)             ; 0 (0)            ; |taxi|TRANS:inst13                                                                                                 ; work         ;
;    |TRANS:inst14|                         ; 7 (7)       ; 0 (0)                     ; 0 (0)         ; 0           ; 0    ; 0            ; 0       ; 0         ; 0    ; 0            ; 7 (7)        ; 0 (0)             ; 0 (0)            ; |taxi|TRANS:inst14                                                                                                 ; work         ;
;    |TRANS:inst15|                         ; 7 (7)       ; 0 (0)                     ; 0 (0)         ; 0           ; 0    ; 0            ; 0       ; 0         ; 0    ; 0            ; 7 (7)        ; 0 (0)             ; 0 (0)            ; |taxi|TRANS:inst15                                                                                                 ; work         ;
;    |TRANS:inst16|                         ; 7 (7)       ; 0 (0)                     ; 0 (0)         ; 0           ; 0    ; 0            ; 0       ; 0         ; 0    ; 0            ; 7 (7)        ; 0 (0)             ; 0 (0)            ; |taxi|TRANS:inst16                                                                                                 ; work         ;
;    |TRANS:inst9|                          ; 7 (7)       ; 0 (0)                     ; 0 (0)         ; 0           ; 0    ; 0            ; 0       ; 0         ; 0    ; 0            ; 7 (7)        ; 0 (0)             ; 0 (0)            ; |taxi|TRANS:inst9                                                                                                  ; work         ;
+-------------------------------------------+-------------+---------------------------+---------------+-------------+------+--------------+---------+-----------+------+--------------+--------------+-------------------+------------------+--------------------------------------------------------------------------------------------------------------------+--------------+
Note: For table entries with two numbers listed, the numbers in parentheses indicate the number of resources of the given type used by the specific entity alone. The numbers listed outside of parentheses indicate the total resources of the given type used by the specific entity and all of its sub-entities in the hierarchy.


+------------------------------------------------------------------------------------+
; Delay Chain Summary                                                                ;
+-----------+----------+---------------+---------------+-----------------------+-----+
; Name      ; Pin Type ; Pad to Core 0 ; Pad to Core 1 ; Pad to Input Register ; TCO ;
+-----------+----------+---------------+---------------+-----------------------+-----+
; dot0      ; Output   ; --            ; --            ; --                    ; --  ;
; dot1      ; Output   ; --            ; --            ; --                    ; --  ;
; SP1       ; Input    ; (0) 171 ps    ; (0) 171 ps    ; --                    ; --  ;
; dot2      ; Output   ; --            ; --            ; --                    ; --  ;
; dot3      ; Output   ; --            ; --            ; --                    ; --  ;
; dot4      ; Output   ; --            ; --            ; --                    ; --  ;
; dot5      ; Output   ; --            ; --            ; --                    ; --  ;
; dot6      ; Output   ; --            ; --            ; --                    ; --  ;
; dot7      ; Output   ; --            ; --            ; --                    ; --  ;
; OUT0[6]   ; Output   ; --            ; --            ; --                    ; --  ;
; OUT0[5]   ; Output   ; --            ; --            ; --                    ; --  ;
; OUT0[4]   ; Output   ; --            ; --            ; --                    ; --  ;
; OUT0[3]   ; Output   ; --            ; --            ; --                    ; --  ;
; OUT0[2]   ; Output   ; --            ; --            ; --                    ; --  ;
; OUT0[1]   ; Output   ; --            ; --            ; --                    ; --  ;
; OUT0[0]   ; Output   ; --            ; --            ; --                    ; --  ;
; OUT1[6]   ; Output   ; --            ; --            ; --                    ; --  ;
; OUT1[5]   ; Output   ; --            ; --            ; --                    ; --  ;
; OUT1[4]   ; Output   ; --            ; --            ; --                    ; --  ;
; OUT1[3]   ; Output   ; --            ; --            ; --                    ; --  ;
; OUT1[2]   ; Output   ; --            ; --            ; --                    ; --  ;
; OUT1[1]   ; Output   ; --            ; --            ; --                    ; --  ;
; OUT1[0]   ; Output   ; --            ; --            ; --                    ; --  ;
; OUT2[6]   ; Output   ; --            ; --            ; --                    ; --  ;
; OUT2[5]   ; Output   ; --            ; --            ; --                    ; --  ;
; OUT2[4]   ; Output   ; --            ; --            ; --                    ; --  ;
; OUT2[3]   ; Output   ; --            ; --            ; --                    ; --  ;
; OUT2[2]   ; Output   ; --            ; --            ; --                    ; --  ;
; OUT2[1]   ; Output   ; --            ; --            ; --                    ; --  ;
; OUT2[0]   ; Output   ; --            ; --            ; --                    ; --  ;
; OUT3[6]   ; Output   ; --            ; --            ; --                    ; --  ;
; OUT3[5]   ; Output   ; --            ; --            ; --                    ; --  ;
; OUT3[4]   ; Output   ; --            ; --            ; --                    ; --  ;
; OUT3[3]   ; Output   ; --            ; --            ; --                    ; --  ;
; OUT3[2]   ; Output   ; --            ; --            ; --                    ; --  ;
; OUT3[1]   ; Output   ; --            ; --            ; --                    ; --  ;
; OUT3[0]   ; Output   ; --            ; --            ; --                    ; --  ;
; OUT4[6]   ; Output   ; --            ; --            ; --                    ; --  ;
; OUT4[5]   ; Output   ; --            ; --            ; --                    ; --  ;
; OUT4[4]   ; Output   ; --            ; --            ; --                    ; --  ;
; OUT4[3]   ; Output   ; --            ; --            ; --                    ; --  ;
; OUT4[2]   ; Output   ; --            ; --            ; --                    ; --  ;
; OUT4[1]   ; Output   ; --            ; --            ; --                    ; --  ;
; OUT4[0]   ; Output   ; --            ; --            ; --                    ; --  ;
; OUT5[6]   ; Output   ; --            ; --            ; --                    ; --  ;
; OUT5[5]   ; Output   ; --            ; --            ; --                    ; --  ;
; OUT5[4]   ; Output   ; --            ; --            ; --                    ; --  ;
; OUT5[3]   ; Output   ; --            ; --            ; --                    ; --  ;
; OUT5[2]   ; Output   ; --            ; --            ; --                    ; --  ;
; OUT5[1]   ; Output   ; --            ; --            ; --                    ; --  ;
; OUT5[0]   ; Output   ; --            ; --            ; --                    ; --  ;
; OUT6[6]   ; Output   ; --            ; --            ; --                    ; --  ;
; OUT6[5]   ; Output   ; --            ; --            ; --                    ; --  ;
; OUT6[4]   ; Output   ; --            ; --            ; --                    ; --  ;
; OUT6[3]   ; Output   ; --            ; --            ; --                    ; --  ;
; OUT6[2]   ; Output   ; --            ; --            ; --                    ; --  ;
; OUT6[1]   ; Output   ; --            ; --            ; --                    ; --  ;
; OUT6[0]   ; Output   ; --            ; --            ; --                    ; --  ;
; OUT7[6]   ; Output   ; --            ; --            ; --                    ; --  ;
; OUT7[5]   ; Output   ; --            ; --            ; --                    ; --  ;
; OUT7[4]   ; Output   ; --            ; --            ; --                    ; --  ;
; OUT7[3]   ; Output   ; --            ; --            ; --                    ; --  ;
; OUT7[2]   ; Output   ; --            ; --            ; --                    ; --  ;
; OUT7[1]   ; Output   ; --            ; --            ; --                    ; --  ;
; OUT7[0]   ; Output   ; --            ; --            ; --                    ; --  ;
; SHOW_DIS  ; Input    ; (6) 2523 ps   ; (6) 2523 ps   ; --                    ; --  ;
; SHOW_LAST ; Input    ; (6) 2523 ps   ; (6) 2523 ps   ; --                    ; --  ;
; CT0       ; Input    ; (6) 2523 ps   ; (6) 2523 ps   ; --                    ; --  ;
; SW_SUM    ; Input    ; (6) 2523 ps   ; (6) 2523 ps   ; --                    ; --  ;
; START     ; Input    ; (6) 2523 ps   ; (6) 2523 ps   ; --                    ; --  ;
; EN        ; Input    ; (6) 2523 ps   ; (6) 2523 ps   ; --                    ; --  ;
; KEY_REST  ; Input    ; (6) 2523 ps   ; (6) 2523 ps   ; --                    ; --  ;
; KEY3      ; Input    ; (0) 171 ps    ; (0) 171 ps    ; --                    ; --  ;
; CT1       ; Input    ; (6) 2523 ps   ; (6) 2523 ps   ; --                    ; --  ;
; PAUSE     ; Input    ; (6) 2523 ps   ; (6) 2523 ps   ; --                    ; --  ;
; CLK       ; Input    ; (0) 170 ps    ; (0) 170 ps    ; --                    ; --  ;
; SP2       ; Input    ; (6) 2523 ps   ; (6) 2523 ps   ; --                    ; --  ;
; SP3       ; Input    ; (6) 2523 ps   ; (6) 2523 ps   ; --                    ; --  ;
; SP4       ; Input    ; (6) 2523 ps   ; (6) 2523 ps   ; --                    ; --  ;
; A2        ; Input    ; (6) 2523 ps   ; (6) 2523 ps   ; --                    ; --  ;
; A1        ; Input    ; (6) 2523 ps   ; (6) 2523 ps   ; --                    ; --  ;
+-----------+----------+---------------+---------------+-----------------------+-----+


+----------------------------------------------------------------+
; Pad To Core Delay Chain Fanout                                 ;
+----------------------------------+-------------------+---------+
; Source Pin / Fanout              ; Pad To Core Index ; Setting ;
+----------------------------------+-------------------+---------+
; SP1                              ;                   ;         ;
; SHOW_DIS                         ;                   ;         ;
;      - MAIN:inst8|Selector26~1   ; 1                 ; 6       ;
;      - MAIN:inst8|Selector26~4   ; 1                 ; 6       ;
;      - dot5                      ; 1                 ; 6       ;
; SHOW_LAST                        ;                   ;         ;
;      - MAIN:inst8|Selector7~1    ; 0                 ; 6       ;
;      - MAIN:inst8|Selector2~1    ; 0                 ; 6       ;
;      - MAIN:inst8|Selector2~2    ; 0                 ; 6       ;
; CT0                              ;                   ;         ;
;      - MAIN:inst8|Selector7~0    ; 1                 ; 6       ;
;      - MAIN:inst8|Selector6~1    ; 1                 ; 6       ;
;      - MAIN:inst8|Selector4~0    ; 1                 ; 6       ;
;      - MAIN:inst8|Selector5~0    ; 1                 ; 6       ;
;      - MAIN:inst8|Selector2~3    ; 1                 ; 6       ;
;      - inst5~0                   ; 1                 ; 6       ;
;      - inst6~0                   ; 1                 ; 6       ;
; SW_SUM                           ;                   ;         ;
;      - MAIN:inst8|Selector7~0    ; 0                 ; 6       ;
;      - MAIN:inst8|Selector6~1    ; 0                 ; 6       ;
;      - MAIN:inst8|Selector2~1    ; 0                 ; 6       ;
;      - MAIN:inst8|Selector2~2    ; 0                 ; 6       ;
; START                            ;                   ;         ;
;      - MAIN:inst8|Selector7~0    ; 0                 ; 6       ;
;      - MAIN:inst8|Selector6~0    ; 0                 ; 6       ;
;      - MAIN:inst8|Selector2~0    ; 0                 ; 6       ;
;      - MAIN:inst8|NS.SRUN0~0     ; 0                 ; 6       ;
;      - MAIN:inst8|Selector3~0    ; 0                 ; 6       ;
; EN                               ;                   ;         ;
;      - FD:inst|Q1                ; 1                 ; 6       ;
;      - MAIN:inst8|CS.S0          ; 1                 ; 6       ;
;      - MAIN:inst8|CS.S1          ; 1                 ; 6       ;
;      - MAIN:inst8|CS.SCT0        ; 1                 ; 6       ;
;      - MAIN:inst8|CS.SCT1        ; 1                 ; 6       ;
;      - MAIN:inst8|CS.SSUM        ; 1                 ; 6       ;
;      - MAIN:inst8|CS.SLAST       ; 1                 ; 6       ;
;      - FD:inst|TEMP1[0]          ; 1                 ; 6       ;
;      - FD:inst|TEMP1[1]          ; 1                 ; 6       ;
;      - FD:inst|TEMP1[2]          ; 1                 ; 6       ;
;      - FD:inst|TEMP1[3]          ; 1                 ; 6       ;
;      - FD:inst|TEMP1[4]          ; 1                 ; 6       ;
;      - FD:inst|TEMP1[5]          ; 1                 ; 6       ;
;      - FD:inst|TEMP1[6]          ; 1                 ; 6       ;
;      - FD:inst|TEMP1[7]          ; 1                 ; 6       ;
;      - FD:inst|TEMP1[8]          ; 1                 ; 6       ;
;      - FD:inst|TEMP1[9]          ; 1                 ; 6       ;
;      - FD:inst|TEMP1[10]         ; 1                 ; 6       ;
;      - FD:inst|TEMP1[11]         ; 1                 ; 6       ;
;      - FD:inst|TEMP1[12]         ; 1                 ; 6       ;
;      - FD:inst|TEMP1[13]         ; 1                 ; 6       ;
;      - FD:inst|TEMP1[14]         ; 1                 ; 6       ;
;      - FD:inst|TEMP1[15]         ; 1                 ; 6       ;
;      - FD:inst|TEMP1[16]         ; 1                 ; 6       ;
;      - FD:inst|TEMP1[17]         ; 1                 ; 6       ;
;      - FD:inst|TEMP1[18]         ; 1                 ; 6       ;
;      - FD:inst|TEMP1[19]         ; 1                 ; 6       ;
;      - FD:inst|TEMP1[20]         ; 1                 ; 6       ;
;      - FD:inst|TEMP1[21]         ; 1                 ; 6       ;
;      - FD:inst|TEMP1[22]         ; 1                 ; 6       ;
;      - MAIN:inst8|CS.SRUN0       ; 1                 ; 6       ;
;      - CLOCK_M:inst3|CNT0[0]     ; 1                 ; 6       ;
;      - CLOCK_M:inst3|CNT0[1]     ; 1                 ; 6       ;
;      - CLOCK_M:inst3|CNT0[3]     ; 1                 ; 6       ;
;      - CLOCK_H:inst4|CNT0[0]     ; 1                 ; 6       ;
;      - CLOCK_H:inst4|CNT0[1]     ; 1                 ; 6       ;
;      - CLOCK_H:inst4|CNT0[2]     ; 1                 ; 6       ;
;      - CLOCK_H:inst4|CNT0[3]     ; 1                 ; 6       ;
;      - CLOCK_H:inst4|CNT1[1]     ; 1                 ; 6       ;
;      - MAIN:inst8|CS.SRUN1       ; 1                 ; 6       ;
;      - CLOCK_M:inst3|CNT0[2]~1   ; 1                 ; 6       ;
;      - CLOCK_M:inst3|CNT1[0]~0   ; 1                 ; 6       ;
;      - CLOCK_M:inst3|CNT1[3]~4   ; 1                 ; 6       ;
;      - CLOCK_H:inst4|CNT1[3]~4   ; 1                 ; 6       ;
;      - MAIN:inst8|CS.SPAUSE      ; 1                 ; 6       ;
;      - CLOCK_M:inst3|cout        ; 1                 ; 6       ;
; KEY_REST                         ;                   ;         ;
;      - inst21                    ; 0                 ; 6       ;
; KEY3                             ;                   ;         ;
;      - COUNT:inst7|\PLAST:CNT[0] ; 1                 ; 0       ;
;      - COUNT:inst7|\PLAST:CNT[1] ; 1                 ; 0       ;
;      - COUNT:inst7|\PLAST:CNT[2] ; 1                 ; 0       ;
;      - CLOCK_M:inst3|MCLK        ; 1                 ; 0       ;
;      - CLOCK_H:inst4|MCLK        ; 1                 ; 0       ;
; CT1                              ;                   ;         ;
;      - MAIN:inst8|Selector4~0    ; 1                 ; 6       ;
;      - MAIN:inst8|Selector5~0    ; 1                 ; 6       ;
;      - inst5~0                   ; 1                 ; 6       ;
;      - inst6~0                   ; 1                 ; 6       ;
; PAUSE                            ;                   ;         ;
;      - MAIN:inst8|Selector2~0    ; 0                 ; 6       ;
;      - MAIN:inst8|Selector3~0    ; 0                 ; 6       ;
;      - MAIN:inst8|NS.SPAUSE~0    ; 0                 ; 6       ;
; CLK                              ;                   ;         ;
; SP2                              ;                   ;         ;
;      - COUNT:inst7|DIS[2]        ; 0                 ; 6       ;
;      - COUNT:inst7|DIS[1]~0      ; 0                 ; 6       ;
;      - COUNT:inst7|CNT~23        ; 0                 ; 6       ;
;      - COUNT:inst7|CNT[4]~24     ; 0                 ; 6       ;
;      - COUNT:inst7|CNT[4]~29     ; 0                 ; 6       ;
;      - COUNT:inst7|CNT[4]~31     ; 0                 ; 6       ;
;      - COUNT:inst7|CNT[4]~34     ; 0                 ; 6       ;
;      - COUNT:inst7|CNT~275       ; 0                 ; 6       ;
;      - COUNT:inst7|CNT~276       ; 0                 ; 6       ;
;      - COUNT:inst7|CNT~277       ; 0                 ; 6       ;
;      - COUNT:inst7|CNT~279       ; 0                 ; 6       ;
;      - COUNT:inst7|CNT~282       ; 0                 ; 6       ;
;      - COUNT:inst7|CNT~287       ; 0                 ; 6       ;
;      - COUNT:inst7|CNT~288       ; 0                 ; 6       ;
;      - COUNT:inst7|CNT~292       ; 0                 ; 6       ;
;      - COUNT:inst7|CNT~293       ; 0                 ; 6       ;
;      - COUNT:inst7|DIS[1]~35     ; 0                 ; 6       ;
;      - COUNT:inst7|CNT[4]~296    ; 0                 ; 6       ;
; SP3                              ;                   ;         ;
;      - COUNT:inst7|DIS[1]~0      ; 1                 ; 6       ;
;      - COUNT:inst7|CNT~23        ; 1                 ; 6       ;
;      - COUNT:inst7|CNT[4]~24     ; 1                 ; 6       ;
;      - COUNT:inst7|CNT[4]~29     ; 1                 ; 6       ;
;      - COUNT:inst7|CNT[4]~34     ; 1                 ; 6       ;
;      - COUNT:inst7|CNT~276       ; 1                 ; 6       ;
;      - COUNT:inst7|CNT~278       ; 1                 ; 6       ;
;      - COUNT:inst7|CNT~280       ; 1                 ; 6       ;
;      - COUNT:inst7|CNT~281       ; 1                 ; 6       ;
;      - COUNT:inst7|CNT~284       ; 1                 ; 6       ;
;      - COUNT:inst7|CNT~285       ; 1                 ; 6       ;
;      - COUNT:inst7|CNT~286       ; 1                 ; 6       ;
;      - COUNT:inst7|CNT~289       ; 1                 ; 6       ;
;      - COUNT:inst7|CNT~290       ; 1                 ; 6       ;
;      - COUNT:inst7|CNT~291       ; 1                 ; 6       ;
;      - COUNT:inst7|DIS~33        ; 1                 ; 6       ;
;      - COUNT:inst7|DIS~34        ; 1                 ; 6       ;
;      - COUNT:inst7|DIS[1]~35     ; 1                 ; 6       ;
; SP4                              ;                   ;         ;
;      - COUNT:inst7|DIS[1]~0      ; 0                 ; 6       ;
;      - COUNT:inst7|CNT[4]~24     ; 0                 ; 6       ;
;      - COUNT:inst7|CNT[4]~29     ; 0                 ; 6       ;
;      - COUNT:inst7|CNT[4]~31     ; 0                 ; 6       ;
;      - COUNT:inst7|CNT[4]~34     ; 0                 ; 6       ;
;      - COUNT:inst7|CNT~273       ; 0                 ; 6       ;
;      - COUNT:inst7|CNT~278       ; 0                 ; 6       ;
;      - COUNT:inst7|CNT~280       ; 0                 ; 6       ;
;      - COUNT:inst7|CNT~284       ; 0                 ; 6       ;
;      - COUNT:inst7|CNT~285       ; 0                 ; 6       ;
;      - COUNT:inst7|CNT~289       ; 0                 ; 6       ;
;      - COUNT:inst7|CNT~291       ; 0                 ; 6       ;
;      - COUNT:inst7|DIS~33        ; 0                 ; 6       ;
;      - COUNT:inst7|DIS[1]~35     ; 0                 ; 6       ;
; A2                               ;                   ;         ;
;      - COUNT:inst7|QIBU~0        ; 1                 ; 6       ;
;      - COUNT:inst7|QIBU~1        ; 1                 ; 6       ;
;      - COUNT:inst7|QIBU~2        ; 1                 ; 6       ;
;      - COUNT:inst7|QIBU~3        ; 1                 ; 6       ;
;      - COUNT:inst7|QIBU~4        ; 1                 ; 6       ;
;      - COUNT:inst7|QIBU[15]      ; 1                 ; 6       ;
;      - COUNT:inst7|QIBU[14]      ; 1                 ; 6       ;
; A1                               ;                   ;         ;
;      - COUNT:inst7|QIBU~0        ; 1                 ; 6       ;
;      - COUNT:inst7|QIBU~1        ; 1                 ; 6       ;
;      - COUNT:inst7|QIBU~2        ; 1                 ; 6       ;
;      - COUNT:inst7|QIBU~3        ; 1                 ; 6       ;
;      - COUNT:inst7|QIBU~4        ; 1                 ; 6       ;
;      - COUNT:inst7|QIBU[13]      ; 1                 ; 6       ;
;      - COUNT:inst7|QIBU[12]      ; 1                 ; 6       ;
+----------------------------------+-------------------+---------+


+----------------------------------------------------------------------------------------------------------------------------------------------------------------------------------+
; Control Signals                                                                                                                                                                  ;
+-------------------------+--------------------+---------+------------------------------------------+--------+----------------------+------------------+---------------------------+
; Name                    ; Location           ; Fan-Out ; Usage                                    ; Global ; Global Resource Used ; Global Line Name ; Enable Signal Source Name ;
+-------------------------+--------------------+---------+------------------------------------------+--------+----------------------+------------------+---------------------------+
; CLK                     ; PIN_AD15           ; 24      ; Clock                                    ; yes    ; Global Clock         ; GCLK14           ; --                        ;
; CLOCK_H:inst4|MCLK      ; LCCOMB_X23_Y19_N24 ; 8       ; Clock                                    ; yes    ; Global Clock         ; GCLK3            ; --                        ;
; CLOCK_M:inst3|CNT1[0]~0 ; LCCOMB_X24_Y18_N12 ; 3       ; Clock enable                             ; no     ; --                   ; --               ; --                        ;
; CLOCK_M:inst3|MCLK      ; LCCOMB_X23_Y19_N12 ; 2       ; Clock                                    ; no     ; --                   ; --               ; --                        ;
; CLOCK_M:inst3|MCLK      ; LCCOMB_X23_Y19_N12 ; 8       ; Clock                                    ; yes    ; Global Clock         ; GCLK1            ; --                        ;
; COUNT:inst7|DIS[1]~35   ; LCCOMB_X50_Y21_N4  ; 2       ; Clock enable                             ; no     ; --                   ; --               ; --                        ;
; COUNT:inst7|Decoder0~4  ; LCCOMB_X43_Y22_N20 ; 14      ; Clock enable                             ; no     ; --                   ; --               ; --                        ;
; COUNT:inst7|Decoder0~5  ; LCCOMB_X43_Y22_N30 ; 14      ; Clock enable                             ; no     ; --                   ; --               ; --                        ;
; COUNT:inst7|Decoder0~6  ; LCCOMB_X43_Y22_N8  ; 14      ; Clock enable                             ; no     ; --                   ; --               ; --                        ;
; COUNT:inst7|Decoder0~7  ; LCCOMB_X43_Y22_N2  ; 14      ; Clock enable                             ; no     ; --                   ; --               ; --                        ;
; COUNT:inst7|Decoder0~8  ; LCCOMB_X47_Y22_N30 ; 14      ; Clock enable                             ; no     ; --                   ; --               ; --                        ;
; COUNT:inst7|LessThan1~7 ; LCCOMB_X36_Y23_N24 ; 15      ; Sync. clear                              ; no     ; --                   ; --               ; --                        ;
; COUNT:inst7|RES0[3]~0   ; LCCOMB_X42_Y14_N20 ; 31      ; Clock enable                             ; no     ; --                   ; --               ; --                        ;
; COUNT:inst7|process_0~2 ; LCCOMB_X26_Y17_N16 ; 17      ; Sync. load                               ; no     ; --                   ; --               ; --                        ;
; EN                      ; PIN_AA23           ; 46      ; Async. clear, Clock enable               ; no     ; --                   ; --               ; --                        ;
; FD2:inst1|Q1            ; LCFF_X23_Y19_N23   ; 80      ; Clock                                    ; yes    ; Global Clock         ; GCLK11           ; --                        ;
; FD:inst|Q1              ; LCFF_X50_Y8_N29    ; 4       ; Clock                                    ; no     ; --                   ; --               ; --                        ;
; FD:inst|Q1              ; LCFF_X50_Y8_N29    ; 15      ; Clock                                    ; yes    ; Global Clock         ; GCLK15           ; --                        ;
; FD:inst|TEMP1~62        ; LCCOMB_X51_Y8_N26  ; 23      ; Sync. clear                              ; no     ; --                   ; --               ; --                        ;
; KEY3                    ; PIN_U29            ; 5       ; Clock                                    ; no     ; --                   ; --               ; --                        ;
; MAIN:inst8|CS.SCT0      ; LCFF_X24_Y19_N15   ; 8       ; Latch enable                             ; yes    ; Global Clock         ; GCLK0            ; --                        ;
; MAIN:inst8|CS.SCT1      ; LCFF_X24_Y19_N31   ; 8       ; Latch enable                             ; yes    ; Global Clock         ; GCLK2            ; --                        ;
; MAIN:inst8|CS.SRUN0     ; LCFF_X50_Y1_N17    ; 60      ; Async. clear, Latch enable               ; yes    ; Global Clock         ; GCLK13           ; --                        ;
; MAIN:inst8|ST           ; LCCOMB_X42_Y14_N10 ; 50      ; Clock enable                             ; no     ; --                   ; --               ; --                        ;
; MAIN:inst8|ST           ; LCCOMB_X42_Y14_N10 ; 87      ; Clock                                    ; yes    ; Global Clock         ; GCLK12           ; --                        ;
; MAIN:inst8|Selector26~3 ; LCCOMB_X24_Y19_N18 ; 10      ; Async. clear, Clock enable, Latch enable ; no     ; --                   ; --               ; --                        ;
; MAIN:inst8|WideOr5~0    ; LCCOMB_X42_Y14_N2  ; 1       ; Latch enable                             ; no     ; --                   ; --               ; --                        ;
; MAIN:inst8|WideOr6~0    ; LCCOMB_X43_Y14_N8  ; 1       ; Latch enable                             ; no     ; --                   ; --               ; --                        ;
; SP2                     ; PIN_AC26           ; 18      ; Sync. load                               ; no     ; --                   ; --               ; --                        ;
; inst21                  ; LCCOMB_X43_Y22_N24 ; 22      ; Async. clear, Clock enable               ; no     ; --                   ; --               ; --                        ;
+-------------------------+--------------------+---------+------------------------------------------+--------+----------------------+------------------+---------------------------+


+--------------------------------------------------------------------------------------------------------------------------+
; Global & Other Fast Signals                                                                                              ;
+---------------------+--------------------+---------+----------------------+------------------+---------------------------+
; Name                ; Location           ; Fan-Out ; Global Resource Used ; Global Line Name ; Enable Signal Source Name ;
+---------------------+--------------------+---------+----------------------+------------------+---------------------------+
; CLK                 ; PIN_AD15           ; 24      ; Global Clock         ; GCLK14           ; --                        ;
; CLOCK_H:inst4|MCLK  ; LCCOMB_X23_Y19_N24 ; 8       ; Global Clock         ; GCLK3            ; --                        ;
; CLOCK_M:inst3|MCLK  ; LCCOMB_X23_Y19_N12 ; 8       ; Global Clock         ; GCLK1            ; --                        ;
; FD2:inst1|Q1        ; LCFF_X23_Y19_N23   ; 80      ; Global Clock         ; GCLK11           ; --                        ;
; FD:inst|Q1          ; LCFF_X50_Y8_N29    ; 15      ; Global Clock         ; GCLK15           ; --                        ;
; MAIN:inst8|CS.SCT0  ; LCFF_X24_Y19_N15   ; 8       ; Global Clock         ; GCLK0            ; --                        ;
; MAIN:inst8|CS.SCT1  ; LCFF_X24_Y19_N31   ; 8       ; Global Clock         ; GCLK2            ; --                        ;
; MAIN:inst8|CS.SRUN0 ; LCFF_X50_Y1_N17    ; 60      ; Global Clock         ; GCLK13           ; --                        ;
; MAIN:inst8|ST       ; LCCOMB_X42_Y14_N10 ; 87      ; Global Clock         ; GCLK12           ; --                        ;
+---------------------+--------------------+---------+----------------------+------------------+---------------------------+


+-----------------------------------------------------------------------------------------------------------------------------------------------------+
; Non-Global High Fan-Out Signals                                                                                                                     ;
+-------------------------------------------------------------------------------------------------------------------------------------------+---------+
; Name                                                                                                                                      ; Fan-Out ;
+-------------------------------------------------------------------------------------------------------------------------------------------+---------+
; COUNT:inst7|LAST~4                                                                                                                        ; 118     ;
; COUNT:inst7|CNT[4]~24                                                                                                                     ; 102     ;
; COUNT:inst7|CNT~23                                                                                                                        ; 102     ;
; COUNT:inst7|lpm_divide:Mod0|lpm_divide_u7m:auto_generated|sign_div_unsign_5nh:divider|alt_u_div_c5f:divider|add_sub_27_result_int[28]~54  ; 83      ;
; COUNT:inst7|lpm_divide:Mod0|lpm_divide_u7m:auto_generated|sign_div_unsign_5nh:divider|alt_u_div_c5f:divider|add_sub_26_result_int[27]~52  ; 80      ;
; COUNT:inst7|lpm_divide:Mod0|lpm_divide_u7m:auto_generated|sign_div_unsign_5nh:divider|alt_u_div_c5f:divider|add_sub_25_result_int[26]~50  ; 77      ;
; COUNT:inst7|lpm_divide:Mod1|lpm_divide_u7m:auto_generated|sign_div_unsign_5nh:divider|alt_u_div_c5f:divider|op_19~48                      ; 74      ;
; COUNT:inst7|lpm_divide:Mod0|lpm_divide_u7m:auto_generated|sign_div_unsign_5nh:divider|alt_u_div_c5f:divider|add_sub_24_result_int[25]~48  ; 73      ;
; COUNT:inst7|lpm_divide:Div3|lpm_divide_ufm:auto_generated|sign_div_unsign_8nh:divider|alt_u_div_i5f:divider|add_sub_24_result_int[25]~36  ; 68      ;
; COUNT:inst7|lpm_divide:Mod1|lpm_divide_u7m:auto_generated|sign_div_unsign_5nh:divider|alt_u_div_c5f:divider|op_18~44                      ; 68      ;
; COUNT:inst7|lpm_divide:Mod0|lpm_divide_u7m:auto_generated|sign_div_unsign_5nh:divider|alt_u_div_c5f:divider|op_15~44                      ; 67      ;
; COUNT:inst7|lpm_divide:Div3|lpm_divide_ufm:auto_generated|sign_div_unsign_8nh:divider|alt_u_div_i5f:divider|add_sub_25_result_int[25]~36  ; 65      ;
; COUNT:inst7|lpm_divide:Div3|lpm_divide_ufm:auto_generated|sign_div_unsign_8nh:divider|alt_u_div_i5f:divider|add_sub_23_result_int[24]~34  ; 65      ;
; COUNT:inst7|lpm_divide:Div3|lpm_divide_ufm:auto_generated|sign_div_unsign_8nh:divider|alt_u_div_i5f:divider|add_sub_26_result_int[25]~36  ; 62      ;
; COUNT:inst7|lpm_divide:Mod1|lpm_divide_u7m:auto_generated|sign_div_unsign_5nh:divider|alt_u_div_c5f:divider|op_17~40                      ; 62      ;
; COUNT:inst7|lpm_divide:Div2|lpm_divide_qfm:auto_generated|sign_div_unsign_4nh:divider|alt_u_div_a5f:divider|add_sub_23_result_int[21]~30  ; 61      ;
; COUNT:inst7|lpm_divide:Div2|lpm_divide_qfm:auto_generated|sign_div_unsign_4nh:divider|alt_u_div_a5f:divider|add_sub_22_result_int[21]~30  ; 61      ;
; COUNT:inst7|lpm_divide:Div2|lpm_divide_qfm:auto_generated|sign_div_unsign_4nh:divider|alt_u_div_a5f:divider|add_sub_21_result_int[21]~30  ; 61      ;
; COUNT:inst7|lpm_divide:Div2|lpm_divide_qfm:auto_generated|sign_div_unsign_4nh:divider|alt_u_div_a5f:divider|add_sub_20_result_int[21]~30  ; 61      ;
; COUNT:inst7|lpm_divide:Mod0|lpm_divide_u7m:auto_generated|sign_div_unsign_5nh:divider|alt_u_div_c5f:divider|op_14~40                      ; 61      ;
; COUNT:inst7|lpm_divide:Div3|lpm_divide_ufm:auto_generated|sign_div_unsign_8nh:divider|alt_u_div_i5f:divider|add_sub_27_result_int[25]~36  ; 59      ;
; COUNT:inst7|lpm_divide:Div2|lpm_divide_qfm:auto_generated|sign_div_unsign_4nh:divider|alt_u_div_a5f:divider|add_sub_24_result_int[21]~30  ; 59      ;
; COUNT:inst7|lpm_divide:Mod0|lpm_divide_u7m:auto_generated|sign_div_unsign_5nh:divider|alt_u_div_c5f:divider|add_sub_28_result_int[29]~56  ; 58      ;
; COUNT:inst7|lpm_divide:Mod2|lpm_divide_u7m:auto_generated|sign_div_unsign_5nh:divider|alt_u_div_c5f:divider|op_19~36                      ; 56      ;
; COUNT:inst7|lpm_divide:Div2|lpm_divide_qfm:auto_generated|sign_div_unsign_4nh:divider|alt_u_div_a5f:divider|add_sub_25_result_int[21]~30  ; 56      ;
; COUNT:inst7|lpm_divide:Div2|lpm_divide_qfm:auto_generated|sign_div_unsign_4nh:divider|alt_u_div_a5f:divider|add_sub_19_result_int[20]~28  ; 56      ;
; COUNT:inst7|lpm_divide:Mod1|lpm_divide_u7m:auto_generated|sign_div_unsign_5nh:divider|alt_u_div_c5f:divider|op_16~36                      ; 56      ;
; COUNT:inst7|lpm_divide:Mod0|lpm_divide_u7m:auto_generated|sign_div_unsign_5nh:divider|alt_u_div_c5f:divider|op_13~36                      ; 55      ;
; COUNT:inst7|lpm_divide:Div2|lpm_divide_qfm:auto_generated|sign_div_unsign_4nh:divider|alt_u_div_a5f:divider|add_sub_26_result_int[21]~30  ; 53      ;
; COUNT:inst7|lpm_divide:Mod1|lpm_divide_u7m:auto_generated|sign_div_unsign_5nh:divider|alt_u_div_c5f:divider|op_20~52                      ; 53      ;
; COUNT:inst7|lpm_divide:Div1|lpm_divide_0gm:auto_generated|sign_div_unsign_anh:divider|alt_u_div_m5f:divider|add_sub_24_result_int[18]~26  ; 52      ;
; COUNT:inst7|lpm_divide:Div1|lpm_divide_0gm:auto_generated|sign_div_unsign_anh:divider|alt_u_div_m5f:divider|add_sub_23_result_int[18]~26  ; 52      ;
; COUNT:inst7|lpm_divide:Div1|lpm_divide_0gm:auto_generated|sign_div_unsign_anh:divider|alt_u_div_m5f:divider|add_sub_22_result_int[18]~26  ; 52      ;
; COUNT:inst7|lpm_divide:Div1|lpm_divide_0gm:auto_generated|sign_div_unsign_anh:divider|alt_u_div_m5f:divider|add_sub_21_result_int[18]~26  ; 52      ;
; COUNT:inst7|lpm_divide:Div1|lpm_divide_0gm:auto_generated|sign_div_unsign_anh:divider|alt_u_div_m5f:divider|add_sub_20_result_int[18]~26  ; 52      ;
; COUNT:inst7|lpm_divide:Div1|lpm_divide_0gm:auto_generated|sign_div_unsign_anh:divider|alt_u_div_m5f:divider|add_sub_19_result_int[18]~26  ; 52      ;
; COUNT:inst7|lpm_divide:Div1|lpm_divide_0gm:auto_generated|sign_div_unsign_anh:divider|alt_u_div_m5f:divider|add_sub_18_result_int[18]~26  ; 52      ;
; COUNT:inst7|lpm_divide:Div1|lpm_divide_0gm:auto_generated|sign_div_unsign_anh:divider|alt_u_div_m5f:divider|add_sub_17_result_int[18]~26  ; 52      ;
; COUNT:inst7|lpm_divide:Mod4|lpm_divide_c8m:auto_generated|sign_div_unsign_jnh:divider|alt_u_div_86f:divider|add_sub_16_result_int[17]~32  ; 51      ;
; COUNT:inst7|lpm_divide:Mod5|lpm_divide_c8m:auto_generated|sign_div_unsign_jnh:divider|alt_u_div_86f:divider|add_sub_16_result_int[17]~32  ; 50      ;
; COUNT:inst7|lpm_divide:Mod2|lpm_divide_u7m:auto_generated|sign_div_unsign_5nh:divider|alt_u_div_c5f:divider|op_18~32                      ; 50      ;
; COUNT:inst7|lpm_divide:Div2|lpm_divide_qfm:auto_generated|sign_div_unsign_4nh:divider|alt_u_div_a5f:divider|add_sub_27_result_int[21]~30  ; 50      ;
; COUNT:inst7|lpm_divide:Mod1|lpm_divide_u7m:auto_generated|sign_div_unsign_5nh:divider|alt_u_div_c5f:divider|op_15~32                      ; 50      ;
; COUNT:inst7|lpm_divide:Div1|lpm_divide_0gm:auto_generated|sign_div_unsign_anh:divider|alt_u_div_m5f:divider|add_sub_25_result_int[18]~26  ; 50      ;
; MAIN:inst8|ST                                                                                                                             ; 49      ;
; COUNT:inst7|lpm_divide:Mod0|lpm_divide_u7m:auto_generated|sign_div_unsign_5nh:divider|alt_u_div_c5f:divider|op_12~32                      ; 49      ;
; COUNT:inst7|lpm_divide:Mod4|lpm_divide_c8m:auto_generated|sign_div_unsign_jnh:divider|alt_u_div_86f:divider|add_sub_15_result_int[16]~30  ; 48      ;
; COUNT:inst7|lpm_divide:Div1|lpm_divide_0gm:auto_generated|sign_div_unsign_anh:divider|alt_u_div_m5f:divider|add_sub_16_result_int[17]~24  ; 48      ;
; COUNT:inst7|lpm_divide:Div1|lpm_divide_0gm:auto_generated|sign_div_unsign_anh:divider|alt_u_div_m5f:divider|add_sub_26_result_int[18]~26  ; 47      ;
; EN                                                                                                                                        ; 46      ;
; COUNT:inst7|lpm_divide:Mod4|lpm_divide_c8m:auto_generated|sign_div_unsign_jnh:divider|alt_u_div_86f:divider|add_sub_14_result_int[15]~28  ; 45      ;
; COUNT:inst7|lpm_divide:Mod5|lpm_divide_c8m:auto_generated|sign_div_unsign_jnh:divider|alt_u_div_86f:divider|op_6~28                       ; 44      ;
; COUNT:inst7|lpm_divide:Mod2|lpm_divide_u7m:auto_generated|sign_div_unsign_5nh:divider|alt_u_div_c5f:divider|op_17~28                      ; 44      ;
; COUNT:inst7|lpm_divide:Mod1|lpm_divide_u7m:auto_generated|sign_div_unsign_5nh:divider|alt_u_div_c5f:divider|op_14~28                      ; 44      ;
; COUNT:inst7|lpm_divide:Div1|lpm_divide_0gm:auto_generated|sign_div_unsign_anh:divider|alt_u_div_m5f:divider|add_sub_27_result_int[18]~26  ; 44      ;
; COUNT:inst7|lpm_divide:Div0|lpm_divide_tfm:auto_generated|sign_div_unsign_7nh:divider|alt_u_div_g5f:divider|add_sub_25_result_int[15]~22  ; 44      ;
; COUNT:inst7|lpm_divide:Div0|lpm_divide_tfm:auto_generated|sign_div_unsign_7nh:divider|alt_u_div_g5f:divider|add_sub_24_result_int[15]~22  ; 44      ;
; COUNT:inst7|lpm_divide:Div0|lpm_divide_tfm:auto_generated|sign_div_unsign_7nh:divider|alt_u_div_g5f:divider|add_sub_23_result_int[15]~22  ; 44      ;
; COUNT:inst7|lpm_divide:Div0|lpm_divide_tfm:auto_generated|sign_div_unsign_7nh:divider|alt_u_div_g5f:divider|add_sub_22_result_int[15]~22  ; 44      ;
; COUNT:inst7|lpm_divide:Div0|lpm_divide_tfm:auto_generated|sign_div_unsign_7nh:divider|alt_u_div_g5f:divider|add_sub_21_result_int[15]~22  ; 44      ;
; COUNT:inst7|lpm_divide:Div6|lpm_divide_4gm:auto_generated|sign_div_unsign_enh:divider|alt_u_div_u5f:divider|add_sub_14_result_int[15]~22  ; 43      ;
; COUNT:inst7|lpm_divide:Mod0|lpm_divide_u7m:auto_generated|sign_div_unsign_5nh:divider|alt_u_div_c5f:divider|op_10~28                      ; 43      ;
; COUNT:inst7|lpm_divide:Div0|lpm_divide_tfm:auto_generated|sign_div_unsign_7nh:divider|alt_u_div_g5f:divider|add_sub_20_result_int[15]~22  ; 43      ;
; COUNT:inst7|lpm_divide:Div0|lpm_divide_tfm:auto_generated|sign_div_unsign_7nh:divider|alt_u_div_g5f:divider|add_sub_19_result_int[15]~22  ; 43      ;
; COUNT:inst7|lpm_divide:Mod4|lpm_divide_c8m:auto_generated|sign_div_unsign_jnh:divider|alt_u_div_86f:divider|add_sub_13_result_int[14]~26  ; 42      ;
; COUNT:inst7|lpm_divide:Div0|lpm_divide_tfm:auto_generated|sign_div_unsign_7nh:divider|alt_u_div_g5f:divider|add_sub_26_result_int[15]~22  ; 42      ;
; COUNT:inst7|lpm_divide:Div0|lpm_divide_tfm:auto_generated|sign_div_unsign_7nh:divider|alt_u_div_g5f:divider|add_sub_18_result_int[15]~22  ; 42      ;
; COUNT:inst7|lpm_divide:Div6|lpm_divide_4gm:auto_generated|sign_div_unsign_enh:divider|alt_u_div_u5f:divider|add_sub_15_result_int[15]~22  ; 41      ;
; COUNT:inst7|lpm_divide:Mod2|lpm_divide_u7m:auto_generated|sign_div_unsign_5nh:divider|alt_u_div_c5f:divider|op_20~40                      ; 41      ;
; COUNT:inst7|lpm_divide:Div0|lpm_divide_tfm:auto_generated|sign_div_unsign_7nh:divider|alt_u_div_g5f:divider|add_sub_17_result_int[15]~22  ; 41      ;
; COUNT:inst7|lpm_divide:Div7|lpm_divide_7gm:auto_generated|sign_div_unsign_hnh:divider|alt_u_div_46f:divider|add_sub_16_result_int[17]~24  ; 40      ;
; COUNT:inst7|lpm_divide:Div6|lpm_divide_4gm:auto_generated|sign_div_unsign_enh:divider|alt_u_div_u5f:divider|add_sub_13_result_int[14]~20  ; 40      ;
; COUNT:inst7|CNT[4]~296                                                                                                                    ; 39      ;
; COUNT:inst7|CNT[4]~34                                                                                                                     ; 39      ;
; COUNT:inst7|CNT[4]~31                                                                                                                     ; 39      ;
; COUNT:inst7|CNT[4]~29                                                                                                                     ; 39      ;
; COUNT:inst7|lpm_divide:Mod4|lpm_divide_c8m:auto_generated|sign_div_unsign_jnh:divider|alt_u_div_86f:divider|add_sub_12_result_int[13]~24  ; 39      ;
; COUNT:inst7|lpm_divide:Div0|lpm_divide_tfm:auto_generated|sign_div_unsign_7nh:divider|alt_u_div_g5f:divider|add_sub_16_result_int[15]~22  ; 39      ;
; COUNT:inst7|lpm_divide:Div6|lpm_divide_4gm:auto_generated|sign_div_unsign_enh:divider|alt_u_div_u5f:divider|add_sub_16_result_int[15]~22  ; 38      ;
; COUNT:inst7|lpm_divide:Mod5|lpm_divide_c8m:auto_generated|sign_div_unsign_jnh:divider|alt_u_div_86f:divider|op_5~24                       ; 38      ;
; COUNT:inst7|lpm_divide:Div3|lpm_divide_ufm:auto_generated|sign_div_unsign_8nh:divider|alt_u_div_i5f:divider|add_sub_28_result_int[25]~36  ; 38      ;
; COUNT:inst7|lpm_divide:Mod2|lpm_divide_u7m:auto_generated|sign_div_unsign_5nh:divider|alt_u_div_c5f:divider|op_16~24                      ; 38      ;
; COUNT:inst7|lpm_divide:Mod1|lpm_divide_u7m:auto_generated|sign_div_unsign_5nh:divider|alt_u_div_c5f:divider|op_13~24                      ; 38      ;
; COUNT:inst7|lpm_divide:Div0|lpm_divide_tfm:auto_generated|sign_div_unsign_7nh:divider|alt_u_div_g5f:divider|add_sub_27_result_int[15]~22  ; 38      ;
; COUNT:inst7|CNT[7]                                                                                                                        ; 37      ;
; COUNT:inst7|CNT[8]                                                                                                                        ; 37      ;
; COUNT:inst7|CNT[9]                                                                                                                        ; 37      ;
; COUNT:inst7|CNT[10]                                                                                                                       ; 37      ;
; COUNT:inst7|CNT[11]                                                                                                                       ; 37      ;
; COUNT:inst7|CNT[12]                                                                                                                       ; 37      ;
; COUNT:inst7|lpm_divide:Mod0|lpm_divide_u7m:auto_generated|sign_div_unsign_5nh:divider|alt_u_div_c5f:divider|op_9~24                       ; 37      ;
; COUNT:inst7|CNT[13]                                                                                                                       ; 36      ;
; COUNT:inst7|lpm_divide:Mod5|lpm_divide_c8m:auto_generated|sign_div_unsign_jnh:divider|alt_u_div_86f:divider|add_sub_17_result_int[18]~34  ; 36      ;
; COUNT:inst7|lpm_divide:Mod4|lpm_divide_c8m:auto_generated|sign_div_unsign_jnh:divider|alt_u_div_86f:divider|add_sub_17_result_int[18]~34  ; 36      ;
; COUNT:inst7|lpm_divide:Mod4|lpm_divide_c8m:auto_generated|sign_div_unsign_jnh:divider|alt_u_div_86f:divider|add_sub_11_result_int[12]~22  ; 36      ;
; COUNT:inst7|lpm_divide:Div0|lpm_divide_tfm:auto_generated|sign_div_unsign_7nh:divider|alt_u_div_g5f:divider|add_sub_15_result_int[15]~22  ; 36      ;
; COUNT:inst7|lpm_divide:Mod10|lpm_divide_28m:auto_generated|sign_div_unsign_9nh:divider|alt_u_div_k5f:divider|add_sub_11_result_int[12]~22 ; 36      ;
; COUNT:inst7|lpm_divide:Mod15|lpm_divide_28m:auto_generated|sign_div_unsign_9nh:divider|alt_u_div_k5f:divider|add_sub_11_result_int[12]~22 ; 36      ;
; COUNT:inst7|lpm_divide:Mod11|lpm_divide_28m:auto_generated|sign_div_unsign_9nh:divider|alt_u_div_k5f:divider|add_sub_11_result_int[12]~22 ; 36      ;
; COUNT:inst7|lpm_divide:Mod16|lpm_divide_28m:auto_generated|sign_div_unsign_9nh:divider|alt_u_div_k5f:divider|add_sub_11_result_int[12]~22 ; 36      ;
; COUNT:inst7|lpm_divide:Mod12|lpm_divide_28m:auto_generated|sign_div_unsign_9nh:divider|alt_u_div_k5f:divider|add_sub_11_result_int[12]~22 ; 35      ;
; COUNT:inst7|lpm_divide:Mod17|lpm_divide_28m:auto_generated|sign_div_unsign_9nh:divider|alt_u_div_k5f:divider|add_sub_11_result_int[12]~22 ; 35      ;
; MAIN:inst8|CS.SLAST                                                                                                                       ; 34      ;
; COUNT:inst7|lpm_divide:Div0|lpm_divide_tfm:auto_generated|sign_div_unsign_7nh:divider|alt_u_div_g5f:divider|add_sub_14_result_int[15]~22  ; 34      ;
; COUNT:inst7|lpm_divide:Div0|lpm_divide_tfm:auto_generated|sign_div_unsign_7nh:divider|alt_u_div_g5f:divider|add_sub_13_result_int[14]~20  ; 34      ;
; COUNT:inst7|CNT[6]                                                                                                                        ; 33      ;
; COUNT:inst7|lpm_divide:Mod11|lpm_divide_28m:auto_generated|sign_div_unsign_9nh:divider|alt_u_div_k5f:divider|add_sub_10_result_int[11]~20 ; 33      ;
; COUNT:inst7|lpm_divide:Mod16|lpm_divide_28m:auto_generated|sign_div_unsign_9nh:divider|alt_u_div_k5f:divider|add_sub_10_result_int[11]~20 ; 33      ;
; COUNT:inst7|lpm_divide:Mod5|lpm_divide_c8m:auto_generated|sign_div_unsign_jnh:divider|alt_u_div_86f:divider|op_4~20                       ; 32      ;
; COUNT:inst7|lpm_divide:Mod4|lpm_divide_c8m:auto_generated|sign_div_unsign_jnh:divider|alt_u_div_86f:divider|add_sub_10_result_int[11]~20  ; 32      ;
; COUNT:inst7|lpm_divide:Mod3|lpm_divide_u7m:auto_generated|sign_div_unsign_5nh:divider|alt_u_div_c5f:divider|op_19~20                      ; 32      ;
; COUNT:inst7|lpm_divide:Mod2|lpm_divide_u7m:auto_generated|sign_div_unsign_5nh:divider|alt_u_div_c5f:divider|op_15~20                      ; 32      ;
; COUNT:inst7|lpm_divide:Div2|lpm_divide_qfm:auto_generated|sign_div_unsign_4nh:divider|alt_u_div_a5f:divider|add_sub_28_result_int[21]~30  ; 32      ;
; COUNT:inst7|lpm_divide:Mod1|lpm_divide_u7m:auto_generated|sign_div_unsign_5nh:divider|alt_u_div_c5f:divider|op_12~20                      ; 32      ;
; COUNT:inst7|lpm_divide:Mod10|lpm_divide_28m:auto_generated|sign_div_unsign_9nh:divider|alt_u_div_k5f:divider|add_sub_10_result_int[11]~20 ; 32      ;
; COUNT:inst7|lpm_divide:Mod15|lpm_divide_28m:auto_generated|sign_div_unsign_9nh:divider|alt_u_div_k5f:divider|add_sub_10_result_int[11]~20 ; 32      ;
; COUNT:inst7|lpm_divide:Mod12|lpm_divide_28m:auto_generated|sign_div_unsign_9nh:divider|alt_u_div_k5f:divider|add_sub_10_result_int[11]~20 ; 32      ;
; COUNT:inst7|lpm_divide:Mod17|lpm_divide_28m:auto_generated|sign_div_unsign_9nh:divider|alt_u_div_k5f:divider|add_sub_10_result_int[11]~20 ; 32      ;
; COUNT:inst7|RES0[3]~0                                                                                                                     ; 31      ;
; COUNT:inst7|lpm_divide:Div5|lpm_divide_1gm:auto_generated|sign_div_unsign_bnh:divider|alt_u_div_n5f:divider|add_sub_15_result_int[11]~16  ; 31      ;
; COUNT:inst7|lpm_divide:Div5|lpm_divide_1gm:auto_generated|sign_div_unsign_bnh:divider|alt_u_div_n5f:divider|add_sub_14_result_int[11]~16  ; 31      ;
; COUNT:inst7|lpm_divide:Div5|lpm_divide_1gm:auto_generated|sign_div_unsign_bnh:divider|alt_u_div_n5f:divider|add_sub_13_result_int[11]~16  ; 31      ;
; COUNT:inst7|lpm_divide:Div5|lpm_divide_1gm:auto_generated|sign_div_unsign_bnh:divider|alt_u_div_n5f:divider|add_sub_12_result_int[11]~16  ; 31      ;
; COUNT:inst7|lpm_divide:Div5|lpm_divide_1gm:auto_generated|sign_div_unsign_bnh:divider|alt_u_div_n5f:divider|add_sub_11_result_int[11]~16  ; 31      ;
; COUNT:inst7|lpm_divide:Div5|lpm_divide_1gm:auto_generated|sign_div_unsign_bnh:divider|alt_u_div_n5f:divider|add_sub_10_result_int[11]~16  ; 31      ;
; COUNT:inst7|lpm_divide:Mod0|lpm_divide_u7m:auto_generated|sign_div_unsign_5nh:divider|alt_u_div_c5f:divider|op_8~20                       ; 31      ;
; COUNT:inst7|CNT[14]                                                                                                                       ; 30      ;
; COUNT:inst7|CNT[15]                                                                                                                       ; 30      ;
; COUNT:inst7|lpm_divide:Div8|lpm_divide_rfm:auto_generated|sign_div_unsign_6nh:divider|alt_u_div_d5f:divider|add_sub_10_result_int[11]~16  ; 30      ;
; COUNT:inst7|lpm_divide:Div11|lpm_divide_rfm:auto_generated|sign_div_unsign_6nh:divider|alt_u_div_d5f:divider|add_sub_10_result_int[11]~16 ; 30      ;
; COUNT:inst7|lpm_divide:Mod11|lpm_divide_28m:auto_generated|sign_div_unsign_9nh:divider|alt_u_div_k5f:divider|add_sub_9_result_int[10]~18  ; 30      ;
; COUNT:inst7|lpm_divide:Mod16|lpm_divide_28m:auto_generated|sign_div_unsign_9nh:divider|alt_u_div_k5f:divider|add_sub_9_result_int[10]~18  ; 30      ;
; COUNT:inst7|CNT[16]                                                                                                                       ; 29      ;
; COUNT:inst7|CNT[17]                                                                                                                       ; 29      ;
; MAIN:inst8|CS.SSUM                                                                                                                        ; 29      ;
; COUNT:inst7|lpm_divide:Div5|lpm_divide_1gm:auto_generated|sign_div_unsign_bnh:divider|alt_u_div_n5f:divider|add_sub_16_result_int[11]~16  ; 29      ;
; COUNT:inst7|lpm_divide:Div5|lpm_divide_1gm:auto_generated|sign_div_unsign_bnh:divider|alt_u_div_n5f:divider|add_sub_9_result_int[10]~14   ; 29      ;
; COUNT:inst7|CNT[5]                                                                                                                        ; 29      ;
; COUNT:inst7|lpm_divide:Mod12|lpm_divide_28m:auto_generated|sign_div_unsign_9nh:divider|alt_u_div_k5f:divider|add_sub_9_result_int[10]~18  ; 29      ;
; COUNT:inst7|lpm_divide:Mod17|lpm_divide_28m:auto_generated|sign_div_unsign_9nh:divider|alt_u_div_k5f:divider|add_sub_9_result_int[10]~18  ; 29      ;
; COUNT:inst7|CNT[18]                                                                                                                       ; 28      ;
; COUNT:inst7|CNT[19]                                                                                                                       ; 28      ;
; COUNT:inst7|lpm_divide:Div1|lpm_divide_0gm:auto_generated|sign_div_unsign_anh:divider|alt_u_div_m5f:divider|add_sub_28_result_int[18]~26  ; 28      ;
; COUNT:inst7|lpm_divide:Div8|lpm_divide_rfm:auto_generated|sign_div_unsign_6nh:divider|alt_u_div_d5f:divider|add_sub_11_result_int[11]~16  ; 28      ;
; COUNT:inst7|lpm_divide:Div8|lpm_divide_rfm:auto_generated|sign_div_unsign_6nh:divider|alt_u_div_d5f:divider|add_sub_9_result_int[10]~14   ; 28      ;
; COUNT:inst7|lpm_divide:Div11|lpm_divide_rfm:auto_generated|sign_div_unsign_6nh:divider|alt_u_div_d5f:divider|add_sub_11_result_int[11]~16 ; 28      ;
; COUNT:inst7|lpm_divide:Div11|lpm_divide_rfm:auto_generated|sign_div_unsign_6nh:divider|alt_u_div_d5f:divider|add_sub_9_result_int[10]~14  ; 28      ;
; COUNT:inst7|CNT[20]                                                                                                                       ; 27      ;
; COUNT:inst7|CNT[21]                                                                                                                       ; 27      ;
; MAIN:inst8|CS.S0                                                                                                                          ; 27      ;
; COUNT:inst7|lpm_divide:Div7|lpm_divide_7gm:auto_generated|sign_div_unsign_hnh:divider|alt_u_div_46f:divider|add_sub_17_result_int[18]~26  ; 27      ;
; COUNT:inst7|CNT[22]                                                                                                                       ; 27      ;
; COUNT:inst7|CNT[23]                                                                                                                       ; 27      ;
; COUNT:inst7|CNT[24]                                                                                                                       ; 27      ;
; COUNT:inst7|CNT[25]                                                                                                                       ; 27      ;
; COUNT:inst7|CNT[26]                                                                                                                       ; 27      ;
; COUNT:inst7|CNT[27]                                                                                                                       ; 27      ;
; COUNT:inst7|CNT[28]                                                                                                                       ; 27      ;
; COUNT:inst7|lpm_divide:Mod10|lpm_divide_28m:auto_generated|sign_div_unsign_9nh:divider|alt_u_div_k5f:divider|add_sub_12_result_int[13]~24 ; 27      ;
; COUNT:inst7|lpm_divide:Mod11|lpm_divide_28m:auto_generated|sign_div_unsign_9nh:divider|alt_u_div_k5f:divider|add_sub_12_result_int[13]~24 ; 27      ;
; COUNT:inst7|lpm_divide:Mod11|lpm_divide_28m:auto_generated|sign_div_unsign_9nh:divider|alt_u_div_k5f:divider|add_sub_8_result_int[9]~16   ; 27      ;
; COUNT:inst7|lpm_divide:Mod16|lpm_divide_28m:auto_generated|sign_div_unsign_9nh:divider|alt_u_div_k5f:divider|add_sub_8_result_int[9]~16   ; 27      ;
; COUNT:inst7|lpm_divide:Mod12|lpm_divide_28m:auto_generated|sign_div_unsign_9nh:divider|alt_u_div_k5f:divider|add_sub_12_result_int[13]~24 ; 27      ;
; COUNT:inst7|lpm_divide:Mod15|lpm_divide_28m:auto_generated|sign_div_unsign_9nh:divider|alt_u_div_k5f:divider|add_sub_12_result_int[13]~24 ; 26      ;
; COUNT:inst7|lpm_divide:Mod16|lpm_divide_28m:auto_generated|sign_div_unsign_9nh:divider|alt_u_div_k5f:divider|add_sub_12_result_int[13]~24 ; 26      ;
; COUNT:inst7|lpm_divide:Mod12|lpm_divide_28m:auto_generated|sign_div_unsign_9nh:divider|alt_u_div_k5f:divider|add_sub_8_result_int[9]~16   ; 26      ;
; COUNT:inst7|lpm_divide:Mod17|lpm_divide_28m:auto_generated|sign_div_unsign_9nh:divider|alt_u_div_k5f:divider|add_sub_12_result_int[13]~24 ; 26      ;
; COUNT:inst7|lpm_divide:Mod17|lpm_divide_28m:auto_generated|sign_div_unsign_9nh:divider|alt_u_div_k5f:divider|add_sub_8_result_int[9]~16   ; 26      ;
; COUNT:inst7|lpm_divide:Mod3|lpm_divide_u7m:auto_generated|sign_div_unsign_5nh:divider|alt_u_div_c5f:divider|op_20~24                      ; 25      ;
; COUNT:inst7|CNT[4]                                                                                                                        ; 25      ;
; COUNT:inst7|lpm_divide:Div6|lpm_divide_4gm:auto_generated|sign_div_unsign_enh:divider|alt_u_div_u5f:divider|add_sub_17_result_int[15]~22  ; 24      ;
; COUNT:inst7|lpm_divide:Div0|lpm_divide_tfm:auto_generated|sign_div_unsign_7nh:divider|alt_u_div_g5f:divider|add_sub_28_result_int[15]~22  ; 24      ;
; COUNT:inst7|lpm_divide:Mod11|lpm_divide_28m:auto_generated|sign_div_unsign_9nh:divider|alt_u_div_k5f:divider|add_sub_7_result_int[8]~14   ; 24      ;
; COUNT:inst7|lpm_divide:Mod16|lpm_divide_28m:auto_generated|sign_div_unsign_9nh:divider|alt_u_div_k5f:divider|add_sub_7_result_int[8]~14   ; 24      ;
; FD:inst|TEMP1~62                                                                                                                          ; 23      ;
; COUNT:inst7|CNT[6]~99                                                                                                                     ; 23      ;
; COUNT:inst7|CNT[29]                                                                                                                       ; 23      ;
; COUNT:inst7|lpm_divide:Mod12|lpm_divide_28m:auto_generated|sign_div_unsign_9nh:divider|alt_u_div_k5f:divider|add_sub_7_result_int[8]~14   ; 23      ;
; COUNT:inst7|lpm_divide:Mod17|lpm_divide_28m:auto_generated|sign_div_unsign_9nh:divider|alt_u_div_k5f:divider|add_sub_7_result_int[8]~14   ; 23      ;
; COUNT:inst7|CNT[6]~297                                                                                                                    ; 22      ;
; inst21                                                                                                                                    ; 22      ;
; COUNT:inst7|lpm_divide:Mod6|lpm_divide_c8m:auto_generated|sign_div_unsign_jnh:divider|alt_u_div_86f:divider|op_7~16                       ; 22      ;
; COUNT:inst7|lpm_divide:Mod5|lpm_divide_c8m:auto_generated|sign_div_unsign_jnh:divider|alt_u_div_86f:divider|op_3~16                       ; 22      ;
; COUNT:inst7|lpm_divide:Mod4|lpm_divide_c8m:auto_generated|sign_div_unsign_jnh:divider|alt_u_div_86f:divider|op_17~16                      ; 22      ;
; COUNT:inst7|lpm_divide:Div4|lpm_divide_mem:auto_generated|sign_div_unsign_0mh:divider|alt_u_div_23f:divider|add_sub_16_result_int[8]~12   ; 22      ;
; COUNT:inst7|lpm_divide:Div4|lpm_divide_mem:auto_generated|sign_div_unsign_0mh:divider|alt_u_div_23f:divider|add_sub_15_result_int[8]~12   ; 22      ;
; COUNT:inst7|lpm_divide:Div4|lpm_divide_mem:auto_generated|sign_div_unsign_0mh:divider|alt_u_div_23f:divider|add_sub_14_result_int[8]~12   ; 22      ;
; COUNT:inst7|lpm_divide:Div4|lpm_divide_mem:auto_generated|sign_div_unsign_0mh:divider|alt_u_div_23f:divider|add_sub_13_result_int[8]~12   ; 22      ;
; COUNT:inst7|lpm_divide:Div4|lpm_divide_mem:auto_generated|sign_div_unsign_0mh:divider|alt_u_div_23f:divider|add_sub_12_result_int[8]~12   ; 22      ;
; COUNT:inst7|lpm_divide:Div4|lpm_divide_mem:auto_generated|sign_div_unsign_0mh:divider|alt_u_div_23f:divider|add_sub_11_result_int[8]~12   ; 22      ;
; COUNT:inst7|lpm_divide:Div4|lpm_divide_mem:auto_generated|sign_div_unsign_0mh:divider|alt_u_div_23f:divider|add_sub_10_result_int[8]~12   ; 22      ;
; COUNT:inst7|lpm_divide:Div4|lpm_divide_mem:auto_generated|sign_div_unsign_0mh:divider|alt_u_div_23f:divider|add_sub_9_result_int[8]~12    ; 22      ;
; COUNT:inst7|lpm_divide:Div4|lpm_divide_mem:auto_generated|sign_div_unsign_0mh:divider|alt_u_div_23f:divider|add_sub_8_result_int[8]~12    ; 22      ;
; COUNT:inst7|lpm_divide:Div4|lpm_divide_mem:auto_generated|sign_div_unsign_0mh:divider|alt_u_div_23f:divider|add_sub_7_result_int[8]~12    ; 22      ;
; COUNT:inst7|lpm_divide:Mod3|lpm_divide_u7m:auto_generated|sign_div_unsign_5nh:divider|alt_u_div_c5f:divider|op_18~16                      ; 22      ;
; COUNT:inst7|lpm_divide:Mod2|lpm_divide_u7m:auto_generated|sign_div_unsign_5nh:divider|alt_u_div_c5f:divider|op_14~16                      ; 22      ;
; COUNT:inst7|lpm_divide:Mod1|lpm_divide_u7m:auto_generated|sign_div_unsign_5nh:divider|alt_u_div_c5f:divider|op_10~16                      ; 22      ;
; COUNT:inst7|lpm_divide:Mod10|lpm_divide_28m:auto_generated|sign_div_unsign_9nh:divider|alt_u_div_k5f:divider|op_12~16                     ; 22      ;
; COUNT:inst7|lpm_divide:Div9|lpm_divide_hem:auto_generated|sign_div_unsign_rlh:divider|alt_u_div_o2f:divider|add_sub_11_result_int[8]~12   ; 22      ;
; COUNT:inst7|lpm_divide:Div9|lpm_divide_hem:auto_generated|sign_div_unsign_rlh:divider|alt_u_div_o2f:divider|add_sub_10_result_int[8]~12   ; 22      ;
; COUNT:inst7|lpm_divide:Div9|lpm_divide_hem:auto_generated|sign_div_unsign_rlh:divider|alt_u_div_o2f:divider|add_sub_9_result_int[8]~12    ; 22      ;
; COUNT:inst7|lpm_divide:Div9|lpm_divide_hem:auto_generated|sign_div_unsign_rlh:divider|alt_u_div_o2f:divider|add_sub_8_result_int[8]~12    ; 22      ;
; COUNT:inst7|lpm_divide:Div9|lpm_divide_hem:auto_generated|sign_div_unsign_rlh:divider|alt_u_div_o2f:divider|add_sub_7_result_int[8]~12    ; 22      ;
; COUNT:inst7|lpm_divide:Mod15|lpm_divide_28m:auto_generated|sign_div_unsign_9nh:divider|alt_u_div_k5f:divider|op_12~16                     ; 22      ;
; COUNT:inst7|lpm_divide:Div12|lpm_divide_hem:auto_generated|sign_div_unsign_rlh:divider|alt_u_div_o2f:divider|add_sub_11_result_int[8]~12  ; 22      ;
; COUNT:inst7|lpm_divide:Div12|lpm_divide_hem:auto_generated|sign_div_unsign_rlh:divider|alt_u_div_o2f:divider|add_sub_10_result_int[8]~12  ; 22      ;
; COUNT:inst7|lpm_divide:Div12|lpm_divide_hem:auto_generated|sign_div_unsign_rlh:divider|alt_u_div_o2f:divider|add_sub_9_result_int[8]~12   ; 22      ;
; COUNT:inst7|lpm_divide:Div12|lpm_divide_hem:auto_generated|sign_div_unsign_rlh:divider|alt_u_div_o2f:divider|add_sub_8_result_int[8]~12   ; 22      ;
; COUNT:inst7|lpm_divide:Div12|lpm_divide_hem:auto_generated|sign_div_unsign_rlh:divider|alt_u_div_o2f:divider|add_sub_7_result_int[8]~12   ; 22      ;
; COUNT:inst7|LessThan2~2                                                                                                                   ; 21      ;
; COUNT:inst7|DIS[5]                                                                                                                        ; 21      ;
; COUNT:inst7|DIS[6]                                                                                                                        ; 21      ;
; COUNT:inst7|DIS[7]                                                                                                                        ; 21      ;
; COUNT:inst7|DIS[8]                                                                                                                        ; 21      ;
; COUNT:inst7|DIS[10]                                                                                                                       ; 21      ;
; COUNT:inst7|CNT[3]                                                                                                                        ; 21      ;
; COUNT:inst7|LAST~3                                                                                                                        ; 21      ;
; COUNT:inst7|LAST~2                                                                                                                        ; 21      ;
; COUNT:inst7|lpm_divide:Mod6|lpm_divide_c8m:auto_generated|sign_div_unsign_jnh:divider|alt_u_div_86f:divider|op_8~20                       ; 21      ;
; COUNT:inst7|lpm_divide:Div4|lpm_divide_mem:auto_generated|sign_div_unsign_0mh:divider|alt_u_div_23f:divider|add_sub_6_result_int[7]~10    ; 21      ;
; COUNT:inst7|lpm_divide:Mod0|lpm_divide_u7m:auto_generated|sign_div_unsign_5nh:divider|alt_u_div_c5f:divider|op_7~16                       ; 21      ;
; COUNT:inst7|lpm_divide:Div9|lpm_divide_hem:auto_generated|sign_div_unsign_rlh:divider|alt_u_div_o2f:divider|add_sub_6_result_int[7]~10    ; 21      ;
; COUNT:inst7|lpm_divide:Div12|lpm_divide_hem:auto_generated|sign_div_unsign_rlh:divider|alt_u_div_o2f:divider|add_sub_6_result_int[7]~10   ; 21      ;
; COUNT:inst7|DIS[9]                                                                                                                        ; 20      ;
; COUNT:inst7|DIS[11]                                                                                                                       ; 20      ;
; COUNT:inst7|CNT[2]                                                                                                                        ; 20      ;
; COUNT:inst7|P[0]                                                                                                                          ; 20      ;
; COUNT:inst7|lpm_divide:Mod12|lpm_divide_28m:auto_generated|sign_div_unsign_9nh:divider|alt_u_div_k5f:divider|add_sub_6_result_int[7]~12   ; 20      ;
; COUNT:inst7|lpm_divide:Mod17|lpm_divide_28m:auto_generated|sign_div_unsign_9nh:divider|alt_u_div_k5f:divider|add_sub_6_result_int[7]~12   ; 20      ;
; COUNT:inst7|DIS[12]                                                                                                                       ; 19      ;
; COUNT:inst7|DIS[13]                                                                                                                       ; 19      ;
; COUNT:inst7|DIS[14]                                                                                                                       ; 19      ;
; SP3                                                                                                                                       ; 18      ;
; SP2                                                                                                                                       ; 18      ;
; COUNT:inst7|lpm_divide:Div5|lpm_divide_1gm:auto_generated|sign_div_unsign_bnh:divider|alt_u_div_n5f:divider|add_sub_17_result_int[11]~16  ; 18      ;
; COUNT:inst7|lpm_divide:Div8|lpm_divide_rfm:auto_generated|sign_div_unsign_6nh:divider|alt_u_div_d5f:divider|add_sub_12_result_int[11]~16  ; 18      ;
; COUNT:inst7|lpm_divide:Div11|lpm_divide_rfm:auto_generated|sign_div_unsign_6nh:divider|alt_u_div_d5f:divider|add_sub_12_result_int[11]~16 ; 18      ;
; COUNT:inst7|lpm_divide:Mod11|lpm_divide_28m:auto_generated|sign_div_unsign_9nh:divider|alt_u_div_k5f:divider|add_sub_6_result_int[7]~12   ; 18      ;
; COUNT:inst7|lpm_divide:Mod16|lpm_divide_28m:auto_generated|sign_div_unsign_9nh:divider|alt_u_div_k5f:divider|add_sub_6_result_int[7]~12   ; 18      ;
; COUNT:inst7|process_0~2                                                                                                                   ; 17      ;
; COUNT:inst7|DIS[4]                                                                                                                        ; 17      ;
; COUNT:inst7|DIS[15]                                                                                                                       ; 17      ;
; COUNT:inst7|DIS[16]                                                                                                                       ; 17      ;
; COUNT:inst7|DIS[17]                                                                                                                       ; 17      ;
; COUNT:inst7|TEMP[3]                                                                                                                       ; 17      ;
; COUNT:inst7|TEMP[4]                                                                                                                       ; 17      ;
; COUNT:inst7|TEMP[5]                                                                                                                       ; 17      ;
; COUNT:inst7|TEMP[6]                                                                                                                       ; 17      ;
; COUNT:inst7|lpm_divide:Mod12|lpm_divide_28m:auto_generated|sign_div_unsign_9nh:divider|alt_u_div_k5f:divider|add_sub_5_result_int[6]~10   ; 17      ;
; COUNT:inst7|lpm_divide:Mod17|lpm_divide_28m:auto_generated|sign_div_unsign_9nh:divider|alt_u_div_k5f:divider|add_sub_5_result_int[6]~10   ; 17      ;
; FD3:inst22|Q1                                                                                                                             ; 16      ;
; COUNT:inst7|TEMP[7]                                                                                                                       ; 16      ;
; COUNT:inst7|TEMP[8]                                                                                                                       ; 16      ;
; COUNT:inst7|LessThan1~7                                                                                                                   ; 15      ;
; MAIN:inst8|Selector26~1                                                                                                                   ; 15      ;
; COUNT:inst7|TEMP[9]                                                                                                                       ; 15      ;
; COUNT:inst7|TEMP[10]                                                                                                                      ; 15      ;
; SP4                                                                                                                                       ; 14      ;
; COUNT:inst7|Decoder0~8                                                                                                                    ; 14      ;
; COUNT:inst7|DIS[3]                                                                                                                        ; 14      ;
; COUNT:inst7|Decoder0~7                                                                                                                    ; 14      ;
; COUNT:inst7|Decoder0~6                                                                                                                    ; 14      ;
; COUNT:inst7|Decoder0~5                                                                                                                    ; 14      ;
; COUNT:inst7|Decoder0~4                                                                                                                    ; 14      ;
; COUNT:inst7|lpm_divide:Div4|lpm_divide_mem:auto_generated|sign_div_unsign_0mh:divider|alt_u_div_23f:divider|add_sub_17_result_int[8]~12   ; 14      ;
; COUNT:inst7|lpm_divide:Div9|lpm_divide_hem:auto_generated|sign_div_unsign_rlh:divider|alt_u_div_o2f:divider|add_sub_12_result_int[8]~12   ; 14      ;
; COUNT:inst7|lpm_divide:Div12|lpm_divide_hem:auto_generated|sign_div_unsign_rlh:divider|alt_u_div_o2f:divider|add_sub_12_result_int[8]~12  ; 14      ;
; COUNT:inst7|lpm_divide:Mod12|lpm_divide_28m:auto_generated|sign_div_unsign_9nh:divider|alt_u_div_k5f:divider|add_sub_4_result_int[5]~8    ; 14      ;
; COUNT:inst7|lpm_divide:Mod17|lpm_divide_28m:auto_generated|sign_div_unsign_9nh:divider|alt_u_div_k5f:divider|add_sub_4_result_int[5]~8    ; 14      ;
; COUNT:inst7|DIS[18]                                                                                                                       ; 13      ;
; COUNT:inst7|P[2]                                                                                                                          ; 13      ;
; COUNT:inst7|P[1]                                                                                                                          ; 13      ;
; COUNT:inst7|lpm_divide:Mod9|lpm_divide_28m:auto_generated|sign_div_unsign_9nh:divider|alt_u_div_k5f:divider|op_3~16                       ; 13      ;
; COUNT:inst7|lpm_divide:Mod14|lpm_divide_28m:auto_generated|sign_div_unsign_9nh:divider|alt_u_div_k5f:divider|op_3~16                      ; 13      ;
; COUNT:inst7|lpm_divide:Div10|lpm_divide_eem:auto_generated|sign_div_unsign_olh:divider|alt_u_div_i2f:divider|add_sub_11_result_int[5]~8   ; 13      ;
; COUNT:inst7|lpm_divide:Div10|lpm_divide_eem:auto_generated|sign_div_unsign_olh:divider|alt_u_div_i2f:divider|add_sub_10_result_int[5]~8   ; 13      ;
; COUNT:inst7|lpm_divide:Div10|lpm_divide_eem:auto_generated|sign_div_unsign_olh:divider|alt_u_div_i2f:divider|add_sub_9_result_int[5]~8    ; 13      ;
; COUNT:inst7|lpm_divide:Div10|lpm_divide_eem:auto_generated|sign_div_unsign_olh:divider|alt_u_div_i2f:divider|add_sub_8_result_int[5]~8    ; 13      ;
; COUNT:inst7|lpm_divide:Div10|lpm_divide_eem:auto_generated|sign_div_unsign_olh:divider|alt_u_div_i2f:divider|add_sub_7_result_int[5]~8    ; 13      ;
; COUNT:inst7|lpm_divide:Div10|lpm_divide_eem:auto_generated|sign_div_unsign_olh:divider|alt_u_div_i2f:divider|add_sub_6_result_int[5]~8    ; 13      ;
; COUNT:inst7|lpm_divide:Div10|lpm_divide_eem:auto_generated|sign_div_unsign_olh:divider|alt_u_div_i2f:divider|add_sub_5_result_int[5]~8    ; 13      ;
; COUNT:inst7|lpm_divide:Div10|lpm_divide_eem:auto_generated|sign_div_unsign_olh:divider|alt_u_div_i2f:divider|add_sub_4_result_int[5]~8    ; 13      ;
; COUNT:inst7|lpm_divide:Div10|lpm_divide_eem:auto_generated|sign_div_unsign_olh:divider|alt_u_div_i2f:divider|add_sub_3_result_int[4]~6    ; 13      ;
; COUNT:inst7|lpm_divide:Div13|lpm_divide_eem:auto_generated|sign_div_unsign_olh:divider|alt_u_div_i2f:divider|add_sub_11_result_int[5]~8   ; 13      ;
; COUNT:inst7|lpm_divide:Div13|lpm_divide_eem:auto_generated|sign_div_unsign_olh:divider|alt_u_div_i2f:divider|add_sub_10_result_int[5]~8   ; 13      ;
; COUNT:inst7|lpm_divide:Div13|lpm_divide_eem:auto_generated|sign_div_unsign_olh:divider|alt_u_div_i2f:divider|add_sub_9_result_int[5]~8    ; 13      ;
; COUNT:inst7|lpm_divide:Div13|lpm_divide_eem:auto_generated|sign_div_unsign_olh:divider|alt_u_div_i2f:divider|add_sub_8_result_int[5]~8    ; 13      ;
; COUNT:inst7|lpm_divide:Div13|lpm_divide_eem:auto_generated|sign_div_unsign_olh:divider|alt_u_div_i2f:divider|add_sub_7_result_int[5]~8    ; 13      ;
; COUNT:inst7|lpm_divide:Div13|lpm_divide_eem:auto_generated|sign_div_unsign_olh:divider|alt_u_div_i2f:divider|add_sub_6_result_int[5]~8    ; 13      ;
; COUNT:inst7|lpm_divide:Div13|lpm_divide_eem:auto_generated|sign_div_unsign_olh:divider|alt_u_div_i2f:divider|add_sub_5_result_int[5]~8    ; 13      ;
; COUNT:inst7|lpm_divide:Div13|lpm_divide_eem:auto_generated|sign_div_unsign_olh:divider|alt_u_div_i2f:divider|add_sub_4_result_int[5]~8    ; 13      ;
; COUNT:inst7|lpm_divide:Div13|lpm_divide_eem:auto_generated|sign_div_unsign_olh:divider|alt_u_div_i2f:divider|add_sub_3_result_int[4]~6    ; 13      ;
; COUNT:inst7|TEMP[11]                                                                                                                      ; 13      ;
; COUNT:inst7|TEMP[12]                                                                                                                      ; 13      ;
; MAIN:inst8|CS.SCT1                                                                                                                        ; 12      ;
; MAIN:inst8|CS.SCT0                                                                                                                        ; 12      ;
; COUNT:inst7|Mux10~1                                                                                                                       ; 12      ;
; COUNT:inst7|LAST_ARRAY[4][3]                                                                                                              ; 12      ;
; COUNT:inst7|Mux9~1                                                                                                                        ; 12      ;
; COUNT:inst7|LAST_ARRAY[4][4]                                                                                                              ; 12      ;
; COUNT:inst7|Mux8~1                                                                                                                        ; 12      ;
; COUNT:inst7|LAST_ARRAY[4][5]                                                                                                              ; 12      ;
; COUNT:inst7|Mux7~1                                                                                                                        ; 12      ;
; COUNT:inst7|LAST_ARRAY[4][6]                                                                                                              ; 12      ;
; COUNT:inst7|CNT[1]                                                                                                                        ; 11      ;
; COUNT:inst7|Mux6~1                                                                                                                        ; 11      ;
; COUNT:inst7|LAST_ARRAY[4][7]                                                                                                              ; 11      ;
; COUNT:inst7|Mux5~1                                                                                                                        ; 11      ;
; COUNT:inst7|LAST_ARRAY[4][8]                                                                                                              ; 11      ;
; COUNT:inst7|\PLAST:CNT[0]                                                                                                                 ; 11      ;
; COUNT:inst7|lpm_divide:Mod12|lpm_divide_28m:auto_generated|sign_div_unsign_9nh:divider|alt_u_div_k5f:divider|add_sub_3_result_int[4]~6    ; 11      ;
; COUNT:inst7|lpm_divide:Mod17|lpm_divide_28m:auto_generated|sign_div_unsign_9nh:divider|alt_u_div_k5f:divider|add_sub_3_result_int[4]~6    ; 11      ;
; MAIN:inst8|Selector26~3                                                                                                                   ; 10      ;
; MAIN:inst8|Selector26~0                                                                                                                   ; 10      ;
; COUNT:inst7|lpm_divide:Div10|lpm_divide_eem:auto_generated|sign_div_unsign_olh:divider|alt_u_div_i2f:divider|add_sub_12_result_int[5]~8   ; 10      ;
; COUNT:inst7|lpm_divide:Div13|lpm_divide_eem:auto_generated|sign_div_unsign_olh:divider|alt_u_div_i2f:divider|add_sub_12_result_int[5]~8   ; 10      ;
; COUNT:inst7|TEMP[2]                                                                                                                       ; 10      ;
; COUNT:inst7|TEMP[13]                                                                                                                      ; 10      ;
; COUNT:inst7|lpm_divide:Mod13|lpm_divide_sio:auto_generated|abs_divider_6ag:divider|alt_u_div_ove:divider|op_3~10                          ; 10      ;
; COUNT:inst7|CNT[0]                                                                                                                        ; 9       ;
; COUNT:inst7|Mux11~1                                                                                                                       ; 9       ;
; COUNT:inst7|LAST_ARRAY[4][2]                                                                                                              ; 9       ;
; COUNT:inst7|Mux4~1                                                                                                                        ; 9       ;
; COUNT:inst7|LAST_ARRAY[4][9]                                                                                                              ; 9       ;
; COUNT:inst7|Mux3~1                                                                                                                        ; 9       ;
; COUNT:inst7|LAST_ARRAY[4][10]                                                                                                             ; 9       ;
; CLOCK_H:inst4|CNT0[0]                                                                                                                     ; 8       ;
; COUNT:inst7|DIS[2]                                                                                                                        ; 8       ;
; A1                                                                                                                                        ; 7       ;
; A2                                                                                                                                        ; 7       ;
; CT0                                                                                                                                       ; 7       ;
; CLOCK_H:inst4|CNT1[0]                                                                                                                     ; 7       ;
; CLOCK_H:inst4|CNT0[2]                                                                                                                     ; 7       ;
; CLOCK_H:inst4|CNT0[1]                                                                                                                     ; 7       ;
; MAIN:inst8|Selector12~0                                                                                                                   ; 7       ;
; MAIN:inst8|Selector13~0                                                                                                                   ; 7       ;
; MAIN:inst8|Selector14~0                                                                                                                   ; 7       ;
; MAIN:inst8|Selector15~0                                                                                                                   ; 7       ;
; MAIN:inst8|Selector16~0                                                                                                                   ; 7       ;
; MAIN:inst8|Selector17~0                                                                                                                   ; 7       ;
; MAIN:inst8|Selector18~0                                                                                                                   ; 7       ;
; MAIN:inst8|Selector19~0                                                                                                                   ; 7       ;
; MAIN:inst8|Selector20~0                                                                                                                   ; 7       ;
; MAIN:inst8|Selector21~0                                                                                                                   ; 7       ;
; MAIN:inst8|Selector22~0                                                                                                                   ; 7       ;
; MAIN:inst8|Selector23~0                                                                                                                   ; 7       ;
; MAIN:inst8|Selector24~0                                                                                                                   ; 7       ;
; MAIN:inst8|Selector25~0                                                                                                                   ; 7       ;
; MAIN:inst8|Selector26~2                                                                                                                   ; 7       ;
; MAIN:inst8|Selector27~0                                                                                                                   ; 7       ;
; MAIN:inst8|Selector28~3                                                                                                                   ; 7       ;
; MAIN:inst8|Selector29~3                                                                                                                   ; 7       ;
; MAIN:inst8|Selector30~3                                                                                                                   ; 7       ;
; MAIN:inst8|Selector31~3                                                                                                                   ; 7       ;
; MAIN:inst8|Selector32~4                                                                                                                   ; 7       ;
; MAIN:inst8|Selector33~3                                                                                                                   ; 7       ;
; MAIN:inst8|Selector34~3                                                                                                                   ; 7       ;
; MAIN:inst8|Selector35~3                                                                                                                   ; 7       ;
; MAIN:inst8|Selector36~4                                                                                                                   ; 7       ;
; MAIN:inst8|Selector37~3                                                                                                                   ; 7       ;
; MAIN:inst8|Selector38~3                                                                                                                   ; 7       ;
; MAIN:inst8|Selector39~3                                                                                                                   ; 7       ;
; MAIN:inst8|Selector40~4                                                                                                                   ; 7       ;
; MAIN:inst8|Selector41~3                                                                                                                   ; 7       ;
; MAIN:inst8|Selector42~3                                                                                                                   ; 7       ;
; MAIN:inst8|Selector43~2                                                                                                                   ; 7       ;
; COUNT:inst7|lpm_divide:Mod13|lpm_divide_sio:auto_generated|abs_divider_6ag:divider|alt_u_div_ove:divider|op_4~12                          ; 7       ;
; CLOCK_H:inst4|CNT1[1]                                                                                                                     ; 6       ;
; CLOCK_H:inst4|CNT0[3]                                                                                                                     ; 6       ;
; CLOCK_M:inst3|CNT1[0]                                                                                                                     ; 6       ;
; CLOCK_M:inst3|CNT0[0]                                                                                                                     ; 6       ;
; COUNT:inst7|Add23~1                                                                                                                       ; 6       ;
; COUNT:inst7|lpm_divide:Mod8|lpm_divide_05m:auto_generated|sign_div_unsign_7kh:divider|alt_u_div_gve:divider|op_1~6                        ; 6       ;
; COUNT:inst7|TEMP[1]                                                                                                                       ; 6       ;
; KEY3                                                                                                                                      ; 5       ;
; START                                                                                                                                     ; 5       ;
; CLOCK_H:inst4|process_0~1                                                                                                                 ; 5       ;
; CLOCK_H:inst4|process_0~0                                                                                                                 ; 5       ;
; FD2:inst1|TEMP1[3]                                                                                                                        ; 5       ;
; CLOCK_H:inst4|CNT1[2]                                                                                                                     ; 5       ;
; CLOCK_M:inst3|CNT1[3]                                                                                                                     ; 5       ;
; CLOCK_M:inst3|CNT1[2]                                                                                                                     ; 5       ;
; CLOCK_M:inst3|CNT1[1]                                                                                                                     ; 5       ;
; CLOCK_M:inst3|CNT0[2]                                                                                                                     ; 5       ;
; CLOCK_M:inst3|CNT0[1]                                                                                                                     ; 5       ;
; MAIN:inst8|CS.S1                                                                                                                          ; 5       ;
; COUNT:inst7|Mux2~1                                                                                                                        ; 5       ;
; COUNT:inst7|LAST_ARRAY[4][11]                                                                                                             ; 5       ;
; COUNT:inst7|Mux1~1                                                                                                                        ; 5       ;
; COUNT:inst7|LAST_ARRAY[4][12]                                                                                                             ; 5       ;
; COUNT:inst7|Mux0~1                                                                                                                        ; 5       ;
; COUNT:inst7|LAST_ARRAY[4][13]                                                                                                             ; 5       ;
; COUNT:inst7|Mux12~1                                                                                                                       ; 5       ;
; COUNT:inst7|LAST_ARRAY[4][1]                                                                                                              ; 5       ;
; COUNT:inst7|\PLAST:CNT[2]                                                                                                                 ; 5       ;
; COUNT:inst7|\PLAST:CNT[1]                                                                                                                 ; 5       ;
; CT1                                                                                                                                       ; 4       ;
; SW_SUM                                                                                                                                    ; 4       ;
; MAIN:inst8|LAST_EN                                                                                                                        ; 4       ;
; FD2:inst1|TEMP1[0]                                                                                                                        ; 4       ;
; FD2:inst1|TEMP1[1]                                                                                                                        ; 4       ;
; CLOCK_H:inst4|Equal2~0                                                                                                                    ; 4       ;
; FD3:inst22|TEMP1[1]                                                                                                                       ; 4       ;
; FD3:inst22|TEMP1[0]                                                                                                                       ; 4       ;
; FD3:inst22|TEMP1[2]                                                                                                                       ; 4       ;
; COUNT:inst7|process_0~1                                                                                                                   ; 4       ;
; COUNT:inst7|process_0~0                                                                                                                   ; 4       ;
; COUNT:inst7|CNT[6]~19                                                                                                                     ; 4       ;
; MAIN:inst8|CS.SRUN1                                                                                                                       ; 4       ;
; CLOCK_H:inst4|CNT1[3]                                                                                                                     ; 4       ;
; CLOCK_M:inst3|CNT0[3]                                                                                                                     ; 4       ;
; MAIN:inst8|Selector6~0                                                                                                                    ; 4       ;
; COUNT:inst7|Mux2~2                                                                                                                        ; 4       ;
; COUNT:inst7|Mux1~2                                                                                                                        ; 4       ;
; COUNT:inst7|Mux0~2                                                                                                                        ; 4       ;
; COUNT:inst7|Add22~0                                                                                                                       ; 4       ;
; COUNT:inst7|lpm_divide:Mod6|lpm_divide_c8m:auto_generated|sign_div_unsign_jnh:divider|alt_u_div_86f:divider|op_9~24                       ; 4       ;
; COUNT:inst7|lpm_divide:Mod5|lpm_divide_c8m:auto_generated|sign_div_unsign_jnh:divider|alt_u_div_86f:divider|add_sub_18_result_int[19]~38  ; 4       ;
; COUNT:inst7|lpm_divide:Mod4|lpm_divide_c8m:auto_generated|sign_div_unsign_jnh:divider|alt_u_div_86f:divider|add_sub_18_result_int[19]~38  ; 4       ;
; COUNT:inst7|lpm_divide:Mod3|lpm_divide_u7m:auto_generated|sign_div_unsign_5nh:divider|alt_u_div_c5f:divider|op_21~28                      ; 4       ;
; COUNT:inst7|lpm_divide:Mod2|lpm_divide_u7m:auto_generated|sign_div_unsign_5nh:divider|alt_u_div_c5f:divider|op_21~44                      ; 4       ;
; COUNT:inst7|lpm_divide:Mod1|lpm_divide_u7m:auto_generated|sign_div_unsign_5nh:divider|alt_u_div_c5f:divider|op_21~56                      ; 4       ;
; COUNT:inst7|lpm_divide:Mod9|lpm_divide_28m:auto_generated|sign_div_unsign_9nh:divider|alt_u_div_k5f:divider|op_4~20                       ; 4       ;
; COUNT:inst7|lpm_divide:Mod14|lpm_divide_28m:auto_generated|sign_div_unsign_9nh:divider|alt_u_div_k5f:divider|op_4~20                      ; 4       ;
; COUNT:inst7|lpm_divide:Mod10|lpm_divide_28m:auto_generated|sign_div_unsign_9nh:divider|alt_u_div_k5f:divider|add_sub_13_result_int[14]~28 ; 4       ;
; COUNT:inst7|lpm_divide:Mod15|lpm_divide_28m:auto_generated|sign_div_unsign_9nh:divider|alt_u_div_k5f:divider|add_sub_13_result_int[14]~28 ; 4       ;
; COUNT:inst7|lpm_divide:Mod11|lpm_divide_28m:auto_generated|sign_div_unsign_9nh:divider|alt_u_div_k5f:divider|add_sub_13_result_int[14]~28 ; 4       ;
; COUNT:inst7|lpm_divide:Mod16|lpm_divide_28m:auto_generated|sign_div_unsign_9nh:divider|alt_u_div_k5f:divider|add_sub_13_result_int[14]~28 ; 4       ;
; PAUSE                                                                                                                                     ; 3       ;
; SHOW_LAST                                                                                                                                 ; 3       ;
; SHOW_DIS                                                                                                                                  ; 3       ;
; COUNT:inst7|QIBU[6]                                                                                                                       ; 3       ;
; COUNT:inst7|QIBU[10]                                                                                                                      ; 3       ;
; COUNT:inst7|QIBU[14]                                                                                                                      ; 3       ;
; COUNT:inst7|QIBU[15]                                                                                                                      ; 3       ;
; COUNT:inst7|lpm_divide:Mod10|lpm_divide_28m:auto_generated|sign_div_unsign_9nh:divider|alt_u_div_k5f:divider|StageOut[155]~176            ; 3       ;
; COUNT:inst7|lpm_divide:Mod11|lpm_divide_28m:auto_generated|sign_div_unsign_9nh:divider|alt_u_div_k5f:divider|StageOut[155]~303            ; 3       ;
; FD2:inst1|TEMP1[2]                                                                                                                        ; 3       ;
; CLOCK_H:inst4|CNT1[3]~4                                                                                                                   ; 3       ;
; CLOCK_M:inst3|CNT1[0]~0                                                                                                                   ; 3       ;
; CLOCK_M:inst3|Equal0~0                                                                                                                    ; 3       ;
; COUNT:inst7|CNT[6]~30                                                                                                                     ; 3       ;
; COUNT:inst7|CNT[6]~18                                                                                                                     ; 3       ;
; COUNT:inst7|LessThan1~6                                                                                                                   ; 3       ;
; COUNT:inst7|DIS[0]                                                                                                                        ; 3       ;
; MAIN:inst8|CS.SRUN0                                                                                                                       ; 3       ;
; FD:inst|Q1                                                                                                                                ; 3       ;
; COUNT:inst7|LAST~1                                                                                                                        ; 3       ;
; COUNT:inst7|lpm_divide:Mod13|lpm_divide_sio:auto_generated|abs_divider_6ag:divider|lpm_abs_hq9:my_abs_num|cs1a[1]~1                       ; 3       ;
; COUNT:inst7|lpm_divide:Mod13|lpm_divide_sio:auto_generated|abs_divider_6ag:divider|lpm_abs_hq9:my_abs_num|cs1a[2]~0                       ; 3       ;
; COUNT:inst7|Add22~3                                                                                                                       ; 3       ;
; FD:inst|TEMP1[22]                                                                                                                         ; 3       ;
; FD:inst|TEMP1[21]                                                                                                                         ; 3       ;
; FD:inst|TEMP1[20]                                                                                                                         ; 3       ;
; FD:inst|TEMP1[19]                                                                                                                         ; 3       ;
; FD:inst|TEMP1[10]                                                                                                                         ; 3       ;
; FD:inst|TEMP1[9]                                                                                                                          ; 3       ;
; FD:inst|TEMP1[4]                                                                                                                          ; 3       ;
; FD:inst|TEMP1[6]                                                                                                                          ; 3       ;
; FD:inst|TEMP1[5]                                                                                                                          ; 3       ;
; FD:inst|TEMP1[8]                                                                                                                          ; 3       ;
; FD:inst|TEMP1[7]                                                                                                                          ; 3       ;
; FD:inst|TEMP1[13]                                                                                                                         ; 3       ;
; FD:inst|TEMP1[12]                                                                                                                         ; 3       ;
; FD:inst|TEMP1[11]                                                                                                                         ; 3       ;
; FD:inst|TEMP1[16]                                                                                                                         ; 3       ;
; FD:inst|TEMP1[15]                                                                                                                         ; 3       ;
; FD:inst|TEMP1[14]                                                                                                                         ; 3       ;
; FD:inst|TEMP1[18]                                                                                                                         ; 3       ;
; FD:inst|TEMP1[17]                                                                                                                         ; 3       ;
; COUNT:inst7|lpm_divide:Mod0|lpm_divide_u7m:auto_generated|sign_div_unsign_5nh:divider|alt_u_div_c5f:divider|add_sub_29_result_int[30]~58  ; 3       ;
; COUNT:inst7|lpm_divide:Mod8|lpm_divide_05m:auto_generated|sign_div_unsign_7kh:divider|alt_u_div_gve:divider|op_2~8                        ; 3       ;
; COUNT:inst7|lpm_divide:Mod12|lpm_divide_28m:auto_generated|sign_div_unsign_9nh:divider|alt_u_div_k5f:divider|add_sub_13_result_int[14]~26 ; 3       ;
; COUNT:inst7|lpm_divide:Mod17|lpm_divide_28m:auto_generated|sign_div_unsign_9nh:divider|alt_u_div_k5f:divider|add_sub_13_result_int[14]~26 ; 3       ;
; COUNT:inst7|QIBU[7]                                                                                                                       ; 2       ;
; COUNT:inst7|QIBU[8]                                                                                                                       ; 2       ;
; COUNT:inst7|QIBU[9]                                                                                                                       ; 2       ;
; COUNT:inst7|QIBU[12]                                                                                                                      ; 2       ;
; COUNT:inst7|QIBU[13]                                                                                                                      ; 2       ;
; COUNT:inst7|QIBU[17]                                                                                                                      ; 2       ;
; COUNT:inst7|QIBU[19]                                                                                                                      ; 2       ;
; MAIN:inst8|SUM_EN                                                                                                                         ; 2       ;
; MAIN:inst8|HH1[3]                                                                                                                         ; 2       ;
; MAIN:inst8|HH1[2]                                                                                                                         ; 2       ;
; MAIN:inst8|HH1[1]                                                                                                                         ; 2       ;
; MAIN:inst8|HH1[0]                                                                                                                         ; 2       ;
; MAIN:inst8|HH0[3]                                                                                                                         ; 2       ;
; MAIN:inst8|HH0[2]                                                                                                                         ; 2       ;
; MAIN:inst8|HH0[1]                                                                                                                         ; 2       ;
; MAIN:inst8|HH0[0]                                                                                                                         ; 2       ;
; MAIN:inst8|MM1[3]                                                                                                                         ; 2       ;
; MAIN:inst8|MM1[2]                                                                                                                         ; 2       ;
; MAIN:inst8|MM1[1]                                                                                                                         ; 2       ;
; MAIN:inst8|MM1[0]                                                                                                                         ; 2       ;
; MAIN:inst8|MM0[3]                                                                                                                         ; 2       ;
; MAIN:inst8|MM0[2]                                                                                                                         ; 2       ;
; MAIN:inst8|MM0[1]                                                                                                                         ; 2       ;
; MAIN:inst8|MM0[0]                                                                                                                         ; 2       ;
; MAIN:inst8|DOT                                                                                                                            ; 2       ;
; COUNT:inst7|lpm_divide:Div0|lpm_divide_tfm:auto_generated|sign_div_unsign_7nh:divider|alt_u_div_g5f:divider|StageOut[290]~1000            ; 2       ;
; COUNT:inst7|lpm_divide:Div0|lpm_divide_tfm:auto_generated|sign_div_unsign_7nh:divider|alt_u_div_g5f:divider|StageOut[275]~999             ; 2       ;
; COUNT:inst7|lpm_divide:Div0|lpm_divide_tfm:auto_generated|sign_div_unsign_7nh:divider|alt_u_div_g5f:divider|StageOut[260]~996             ; 2       ;
; COUNT:inst7|lpm_divide:Mod0|lpm_divide_u7m:auto_generated|sign_div_unsign_5nh:divider|alt_u_div_c5f:divider|StageOut[842]~1068            ; 2       ;
; COUNT:inst7|lpm_divide:Mod0|lpm_divide_u7m:auto_generated|sign_div_unsign_5nh:divider|alt_u_div_c5f:divider|StageOut[812]~1067            ; 2       ;
; COUNT:inst7|lpm_divide:Mod0|lpm_divide_u7m:auto_generated|sign_div_unsign_5nh:divider|alt_u_div_c5f:divider|StageOut[782]~1066            ; 2       ;
; COUNT:inst7|lpm_divide:Mod0|lpm_divide_u7m:auto_generated|sign_div_unsign_5nh:divider|alt_u_div_c5f:divider|StageOut[752]~1065            ; 2       ;
; COUNT:inst7|lpm_divide:Mod0|lpm_divide_u7m:auto_generated|sign_div_unsign_5nh:divider|alt_u_div_c5f:divider|StageOut[722]~1064            ; 2       ;
; COUNT:inst7|lpm_divide:Mod0|lpm_divide_u7m:auto_generated|sign_div_unsign_5nh:divider|alt_u_div_c5f:divider|StageOut[692]~1063            ; 2       ;
; COUNT:inst7|lpm_divide:Mod0|lpm_divide_u7m:auto_generated|sign_div_unsign_5nh:divider|alt_u_div_c5f:divider|StageOut[662]~1062            ; 2       ;
; COUNT:inst7|lpm_divide:Mod0|lpm_divide_u7m:auto_generated|sign_div_unsign_5nh:divider|alt_u_div_c5f:divider|StageOut[632]~1061            ; 2       ;
; COUNT:inst7|lpm_divide:Mod0|lpm_divide_u7m:auto_generated|sign_div_unsign_5nh:divider|alt_u_div_c5f:divider|StageOut[602]~1060            ; 2       ;
; COUNT:inst7|lpm_divide:Mod0|lpm_divide_u7m:auto_generated|sign_div_unsign_5nh:divider|alt_u_div_c5f:divider|StageOut[572]~1059            ; 2       ;
; COUNT:inst7|lpm_divide:Mod0|lpm_divide_u7m:auto_generated|sign_div_unsign_5nh:divider|alt_u_div_c5f:divider|StageOut[542]~1058            ; 2       ;
; COUNT:inst7|lpm_divide:Div0|lpm_divide_tfm:auto_generated|sign_div_unsign_7nh:divider|alt_u_div_g5f:divider|StageOut[245]~990             ; 2       ;
; COUNT:inst7|lpm_divide:Mod6|lpm_divide_c8m:auto_generated|sign_div_unsign_jnh:divider|alt_u_div_86f:divider|StageOut[324]~75              ; 2       ;
; COUNT:inst7|lpm_divide:Mod6|lpm_divide_c8m:auto_generated|sign_div_unsign_jnh:divider|alt_u_div_86f:divider|StageOut[325]~74              ; 2       ;
; COUNT:inst7|lpm_divide:Div6|lpm_divide_4gm:auto_generated|sign_div_unsign_enh:divider|alt_u_div_u5f:divider|StageOut[242]~299             ; 2       ;
; COUNT:inst7|lpm_divide:Div6|lpm_divide_4gm:auto_generated|sign_div_unsign_enh:divider|alt_u_div_u5f:divider|StageOut[227]~298             ; 2       ;
; COUNT:inst7|lpm_divide:Div6|lpm_divide_4gm:auto_generated|sign_div_unsign_enh:divider|alt_u_div_u5f:divider|StageOut[228]~297             ; 2       ;
; COUNT:inst7|lpm_divide:Div6|lpm_divide_4gm:auto_generated|sign_div_unsign_enh:divider|alt_u_div_u5f:divider|StageOut[229]~296             ; 2       ;
; COUNT:inst7|lpm_divide:Div6|lpm_divide_4gm:auto_generated|sign_div_unsign_enh:divider|alt_u_div_u5f:divider|StageOut[230]~295             ; 2       ;
; COUNT:inst7|lpm_divide:Div6|lpm_divide_4gm:auto_generated|sign_div_unsign_enh:divider|alt_u_div_u5f:divider|StageOut[215]~294             ; 2       ;
; COUNT:inst7|lpm_divide:Div6|lpm_divide_4gm:auto_generated|sign_div_unsign_enh:divider|alt_u_div_u5f:divider|StageOut[216]~293             ; 2       ;
; COUNT:inst7|lpm_divide:Div6|lpm_divide_4gm:auto_generated|sign_div_unsign_enh:divider|alt_u_div_u5f:divider|StageOut[217]~292             ; 2       ;
; COUNT:inst7|lpm_divide:Div6|lpm_divide_4gm:auto_generated|sign_div_unsign_enh:divider|alt_u_div_u5f:divider|StageOut[218]~291             ; 2       ;
; COUNT:inst7|lpm_divide:Div6|lpm_divide_4gm:auto_generated|sign_div_unsign_enh:divider|alt_u_div_u5f:divider|StageOut[219]~290             ; 2       ;
; COUNT:inst7|lpm_divide:Div6|lpm_divide_4gm:auto_generated|sign_div_unsign_enh:divider|alt_u_div_u5f:divider|StageOut[220]~289             ; 2       ;
; COUNT:inst7|lpm_divide:Div6|lpm_divide_4gm:auto_generated|sign_div_unsign_enh:divider|alt_u_div_u5f:divider|StageOut[221]~288             ; 2       ;
; COUNT:inst7|lpm_divide:Div6|lpm_divide_4gm:auto_generated|sign_div_unsign_enh:divider|alt_u_div_u5f:divider|StageOut[222]~287             ; 2       ;
; COUNT:inst7|lpm_divide:Mod5|lpm_divide_c8m:auto_generated|sign_div_unsign_jnh:divider|alt_u_div_86f:divider|StageOut[324]~323             ; 2       ;
; COUNT:inst7|lpm_divide:Mod5|lpm_divide_c8m:auto_generated|sign_div_unsign_jnh:divider|alt_u_div_86f:divider|StageOut[305]~322             ; 2       ;
; COUNT:inst7|lpm_divide:Mod5|lpm_divide_c8m:auto_generated|sign_div_unsign_jnh:divider|alt_u_div_86f:divider|StageOut[286]~321             ; 2       ;
; COUNT:inst7|lpm_divide:Mod5|lpm_divide_c8m:auto_generated|sign_div_unsign_jnh:divider|alt_u_div_86f:divider|StageOut[267]~320             ; 2       ;
; COUNT:inst7|lpm_divide:Mod5|lpm_divide_c8m:auto_generated|sign_div_unsign_jnh:divider|alt_u_div_86f:divider|StageOut[248]~319             ; 2       ;
; COUNT:inst7|lpm_divide:Mod5|lpm_divide_c8m:auto_generated|sign_div_unsign_jnh:divider|alt_u_div_86f:divider|StageOut[249]~318             ; 2       ;
; COUNT:inst7|lpm_divide:Mod5|lpm_divide_c8m:auto_generated|sign_div_unsign_jnh:divider|alt_u_div_86f:divider|StageOut[250]~317             ; 2       ;
; COUNT:inst7|lpm_divide:Mod5|lpm_divide_c8m:auto_generated|sign_div_unsign_jnh:divider|alt_u_div_86f:divider|StageOut[251]~316             ; 2       ;
; COUNT:inst7|lpm_divide:Div5|lpm_divide_1gm:auto_generated|sign_div_unsign_bnh:divider|alt_u_div_n5f:divider|StageOut[178]~386             ; 2       ;
; COUNT:inst7|lpm_divide:Div5|lpm_divide_1gm:auto_generated|sign_div_unsign_bnh:divider|alt_u_div_n5f:divider|StageOut[167]~385             ; 2       ;
; COUNT:inst7|lpm_divide:Div5|lpm_divide_1gm:auto_generated|sign_div_unsign_bnh:divider|alt_u_div_n5f:divider|StageOut[156]~384             ; 2       ;
; COUNT:inst7|lpm_divide:Div5|lpm_divide_1gm:auto_generated|sign_div_unsign_bnh:divider|alt_u_div_n5f:divider|StageOut[145]~383             ; 2       ;
; COUNT:inst7|lpm_divide:Div5|lpm_divide_1gm:auto_generated|sign_div_unsign_bnh:divider|alt_u_div_n5f:divider|StageOut[134]~382             ; 2       ;
; COUNT:inst7|lpm_divide:Div5|lpm_divide_1gm:auto_generated|sign_div_unsign_bnh:divider|alt_u_div_n5f:divider|StageOut[123]~381             ; 2       ;
; COUNT:inst7|lpm_divide:Div5|lpm_divide_1gm:auto_generated|sign_div_unsign_bnh:divider|alt_u_div_n5f:divider|StageOut[124]~380             ; 2       ;
; COUNT:inst7|lpm_divide:Div5|lpm_divide_1gm:auto_generated|sign_div_unsign_bnh:divider|alt_u_div_n5f:divider|StageOut[125]~379             ; 2       ;
; COUNT:inst7|lpm_divide:Div5|lpm_divide_1gm:auto_generated|sign_div_unsign_bnh:divider|alt_u_div_n5f:divider|StageOut[114]~378             ; 2       ;
; COUNT:inst7|lpm_divide:Div5|lpm_divide_1gm:auto_generated|sign_div_unsign_bnh:divider|alt_u_div_n5f:divider|StageOut[115]~377             ; 2       ;
; COUNT:inst7|lpm_divide:Div5|lpm_divide_1gm:auto_generated|sign_div_unsign_bnh:divider|alt_u_div_n5f:divider|StageOut[116]~376             ; 2       ;
; COUNT:inst7|lpm_divide:Div5|lpm_divide_1gm:auto_generated|sign_div_unsign_bnh:divider|alt_u_div_n5f:divider|StageOut[117]~375             ; 2       ;
; COUNT:inst7|lpm_divide:Div5|lpm_divide_1gm:auto_generated|sign_div_unsign_bnh:divider|alt_u_div_n5f:divider|StageOut[118]~374             ; 2       ;
; COUNT:inst7|lpm_divide:Mod4|lpm_divide_c8m:auto_generated|sign_div_unsign_jnh:divider|alt_u_div_86f:divider|StageOut[324]~521             ; 2       ;
; COUNT:inst7|lpm_divide:Mod4|lpm_divide_c8m:auto_generated|sign_div_unsign_jnh:divider|alt_u_div_86f:divider|StageOut[305]~520             ; 2       ;
; COUNT:inst7|lpm_divide:Mod4|lpm_divide_c8m:auto_generated|sign_div_unsign_jnh:divider|alt_u_div_86f:divider|StageOut[286]~519             ; 2       ;
; COUNT:inst7|lpm_divide:Mod4|lpm_divide_c8m:auto_generated|sign_div_unsign_jnh:divider|alt_u_div_86f:divider|StageOut[267]~518             ; 2       ;
; COUNT:inst7|lpm_divide:Mod4|lpm_divide_c8m:auto_generated|sign_div_unsign_jnh:divider|alt_u_div_86f:divider|StageOut[248]~517             ; 2       ;
; COUNT:inst7|lpm_divide:Mod4|lpm_divide_c8m:auto_generated|sign_div_unsign_jnh:divider|alt_u_div_86f:divider|StageOut[229]~516             ; 2       ;
; COUNT:inst7|lpm_divide:Mod4|lpm_divide_c8m:auto_generated|sign_div_unsign_jnh:divider|alt_u_div_86f:divider|StageOut[210]~515             ; 2       ;
; COUNT:inst7|lpm_divide:Mod4|lpm_divide_c8m:auto_generated|sign_div_unsign_jnh:divider|alt_u_div_86f:divider|StageOut[191]~514             ; 2       ;
; COUNT:inst7|lpm_divide:Mod4|lpm_divide_c8m:auto_generated|sign_div_unsign_jnh:divider|alt_u_div_86f:divider|StageOut[192]~513             ; 2       ;
; COUNT:inst7|lpm_divide:Mod4|lpm_divide_c8m:auto_generated|sign_div_unsign_jnh:divider|alt_u_div_86f:divider|StageOut[193]~512             ; 2       ;
; COUNT:inst7|lpm_divide:Mod4|lpm_divide_c8m:auto_generated|sign_div_unsign_jnh:divider|alt_u_div_86f:divider|StageOut[194]~511             ; 2       ;
; COUNT:inst7|lpm_divide:Div4|lpm_divide_mem:auto_generated|sign_div_unsign_0mh:divider|alt_u_div_23f:divider|StageOut[130]~362             ; 2       ;
; COUNT:inst7|lpm_divide:Div4|lpm_divide_mem:auto_generated|sign_div_unsign_0mh:divider|alt_u_div_23f:divider|StageOut[122]~361             ; 2       ;
; COUNT:inst7|lpm_divide:Div4|lpm_divide_mem:auto_generated|sign_div_unsign_0mh:divider|alt_u_div_23f:divider|StageOut[114]~360             ; 2       ;
; COUNT:inst7|lpm_divide:Div4|lpm_divide_mem:auto_generated|sign_div_unsign_0mh:divider|alt_u_div_23f:divider|StageOut[106]~359             ; 2       ;
; COUNT:inst7|lpm_divide:Div4|lpm_divide_mem:auto_generated|sign_div_unsign_0mh:divider|alt_u_div_23f:divider|StageOut[98]~358              ; 2       ;
; COUNT:inst7|lpm_divide:Div4|lpm_divide_mem:auto_generated|sign_div_unsign_0mh:divider|alt_u_div_23f:divider|StageOut[90]~357              ; 2       ;
; COUNT:inst7|lpm_divide:Div4|lpm_divide_mem:auto_generated|sign_div_unsign_0mh:divider|alt_u_div_23f:divider|StageOut[82]~356              ; 2       ;
; COUNT:inst7|lpm_divide:Div4|lpm_divide_mem:auto_generated|sign_div_unsign_0mh:divider|alt_u_div_23f:divider|StageOut[74]~355              ; 2       ;
; COUNT:inst7|lpm_divide:Div4|lpm_divide_mem:auto_generated|sign_div_unsign_0mh:divider|alt_u_div_23f:divider|StageOut[66]~354              ; 2       ;
; COUNT:inst7|lpm_divide:Div4|lpm_divide_mem:auto_generated|sign_div_unsign_0mh:divider|alt_u_div_23f:divider|StageOut[67]~353              ; 2       ;
; COUNT:inst7|lpm_divide:Div4|lpm_divide_mem:auto_generated|sign_div_unsign_0mh:divider|alt_u_div_23f:divider|StageOut[59]~352              ; 2       ;
; COUNT:inst7|lpm_divide:Div4|lpm_divide_mem:auto_generated|sign_div_unsign_0mh:divider|alt_u_div_23f:divider|StageOut[60]~351              ; 2       ;
; COUNT:inst7|lpm_divide:Div4|lpm_divide_mem:auto_generated|sign_div_unsign_0mh:divider|alt_u_div_23f:divider|StageOut[61]~350              ; 2       ;
; COUNT:inst7|lpm_divide:Mod3|lpm_divide_u7m:auto_generated|sign_div_unsign_5nh:divider|alt_u_div_c5f:divider|StageOut[841]~125             ; 2       ;
; COUNT:inst7|lpm_divide:Mod3|lpm_divide_u7m:auto_generated|sign_div_unsign_5nh:divider|alt_u_div_c5f:divider|StageOut[811]~124             ; 2       ;
; COUNT:inst7|lpm_divide:Mod3|lpm_divide_u7m:auto_generated|sign_div_unsign_5nh:divider|alt_u_div_c5f:divider|StageOut[812]~123             ; 2       ;
; COUNT:inst7|lpm_divide:Mod3|lpm_divide_u7m:auto_generated|sign_div_unsign_5nh:divider|alt_u_div_c5f:divider|StageOut[813]~122             ; 2       ;
; COUNT:inst7|lpm_divide:Mod3|lpm_divide_u7m:auto_generated|sign_div_unsign_5nh:divider|alt_u_div_c5f:divider|StageOut[814]~121             ; 2       ;
; COUNT:inst7|lpm_divide:Div3|lpm_divide_ufm:auto_generated|sign_div_unsign_8nh:divider|alt_u_div_i5f:divider|StageOut[628]~565             ; 2       ;
; COUNT:inst7|lpm_divide:Div3|lpm_divide_ufm:auto_generated|sign_div_unsign_8nh:divider|alt_u_div_i5f:divider|StageOut[629]~564             ; 2       ;
; COUNT:inst7|lpm_divide:Div3|lpm_divide_ufm:auto_generated|sign_div_unsign_8nh:divider|alt_u_div_i5f:divider|StageOut[630]~563             ; 2       ;
; COUNT:inst7|lpm_divide:Div3|lpm_divide_ufm:auto_generated|sign_div_unsign_8nh:divider|alt_u_div_i5f:divider|StageOut[631]~562             ; 2       ;
; COUNT:inst7|lpm_divide:Div3|lpm_divide_ufm:auto_generated|sign_div_unsign_8nh:divider|alt_u_div_i5f:divider|StageOut[632]~561             ; 2       ;
; COUNT:inst7|lpm_divide:Div3|lpm_divide_ufm:auto_generated|sign_div_unsign_8nh:divider|alt_u_div_i5f:divider|StageOut[633]~560             ; 2       ;
; COUNT:inst7|lpm_divide:Div3|lpm_divide_ufm:auto_generated|sign_div_unsign_8nh:divider|alt_u_div_i5f:divider|StageOut[608]~559             ; 2       ;
; COUNT:inst7|lpm_divide:Div3|lpm_divide_ufm:auto_generated|sign_div_unsign_8nh:divider|alt_u_div_i5f:divider|StageOut[609]~558             ; 2       ;
; COUNT:inst7|lpm_divide:Div3|lpm_divide_ufm:auto_generated|sign_div_unsign_8nh:divider|alt_u_div_i5f:divider|StageOut[610]~557             ; 2       ;
; COUNT:inst7|lpm_divide:Div3|lpm_divide_ufm:auto_generated|sign_div_unsign_8nh:divider|alt_u_div_i5f:divider|StageOut[611]~556             ; 2       ;
; COUNT:inst7|lpm_divide:Div3|lpm_divide_ufm:auto_generated|sign_div_unsign_8nh:divider|alt_u_div_i5f:divider|StageOut[612]~555             ; 2       ;
; COUNT:inst7|lpm_divide:Div3|lpm_divide_ufm:auto_generated|sign_div_unsign_8nh:divider|alt_u_div_i5f:divider|StageOut[613]~554             ; 2       ;
; COUNT:inst7|lpm_divide:Div3|lpm_divide_ufm:auto_generated|sign_div_unsign_8nh:divider|alt_u_div_i5f:divider|StageOut[614]~553             ; 2       ;
; COUNT:inst7|lpm_divide:Div3|lpm_divide_ufm:auto_generated|sign_div_unsign_8nh:divider|alt_u_div_i5f:divider|StageOut[615]~552             ; 2       ;
; COUNT:inst7|lpm_divide:Div3|lpm_divide_ufm:auto_generated|sign_div_unsign_8nh:divider|alt_u_div_i5f:divider|StageOut[616]~551             ; 2       ;
; COUNT:inst7|lpm_divide:Div3|lpm_divide_ufm:auto_generated|sign_div_unsign_8nh:divider|alt_u_div_i5f:divider|StageOut[617]~550             ; 2       ;
; COUNT:inst7|lpm_divide:Div3|lpm_divide_ufm:auto_generated|sign_div_unsign_8nh:divider|alt_u_div_i5f:divider|StageOut[618]~549             ; 2       ;
; COUNT:inst7|lpm_divide:Div3|lpm_divide_ufm:auto_generated|sign_div_unsign_8nh:divider|alt_u_div_i5f:divider|StageOut[619]~548             ; 2       ;
; COUNT:inst7|lpm_divide:Div3|lpm_divide_ufm:auto_generated|sign_div_unsign_8nh:divider|alt_u_div_i5f:divider|StageOut[620]~547             ; 2       ;
; COUNT:inst7|lpm_divide:Div3|lpm_divide_ufm:auto_generated|sign_div_unsign_8nh:divider|alt_u_div_i5f:divider|StageOut[621]~546             ; 2       ;
; COUNT:inst7|lpm_divide:Div3|lpm_divide_ufm:auto_generated|sign_div_unsign_8nh:divider|alt_u_div_i5f:divider|StageOut[622]~545             ; 2       ;
; COUNT:inst7|lpm_divide:Mod2|lpm_divide_u7m:auto_generated|sign_div_unsign_5nh:divider|alt_u_div_c5f:divider|StageOut[841]~405             ; 2       ;
; COUNT:inst7|lpm_divide:Mod2|lpm_divide_u7m:auto_generated|sign_div_unsign_5nh:divider|alt_u_div_c5f:divider|StageOut[811]~404             ; 2       ;
; COUNT:inst7|lpm_divide:Mod2|lpm_divide_u7m:auto_generated|sign_div_unsign_5nh:divider|alt_u_div_c5f:divider|StageOut[781]~403             ; 2       ;
; COUNT:inst7|lpm_divide:Mod2|lpm_divide_u7m:auto_generated|sign_div_unsign_5nh:divider|alt_u_div_c5f:divider|StageOut[751]~402             ; 2       ;
; COUNT:inst7|lpm_divide:Mod2|lpm_divide_u7m:auto_generated|sign_div_unsign_5nh:divider|alt_u_div_c5f:divider|StageOut[721]~401             ; 2       ;
; COUNT:inst7|lpm_divide:Mod2|lpm_divide_u7m:auto_generated|sign_div_unsign_5nh:divider|alt_u_div_c5f:divider|StageOut[691]~400             ; 2       ;
; COUNT:inst7|lpm_divide:Mod2|lpm_divide_u7m:auto_generated|sign_div_unsign_5nh:divider|alt_u_div_c5f:divider|StageOut[692]~399             ; 2       ;
; COUNT:inst7|lpm_divide:Mod2|lpm_divide_u7m:auto_generated|sign_div_unsign_5nh:divider|alt_u_div_c5f:divider|StageOut[693]~398             ; 2       ;
; COUNT:inst7|lpm_divide:Mod2|lpm_divide_u7m:auto_generated|sign_div_unsign_5nh:divider|alt_u_div_c5f:divider|StageOut[694]~397             ; 2       ;
; COUNT:inst7|lpm_divide:Div2|lpm_divide_qfm:auto_generated|sign_div_unsign_4nh:divider|alt_u_div_a5f:divider|StageOut[527]~809             ; 2       ;
; COUNT:inst7|lpm_divide:Div2|lpm_divide_qfm:auto_generated|sign_div_unsign_4nh:divider|alt_u_div_a5f:divider|StageOut[506]~808             ; 2       ;
; COUNT:inst7|lpm_divide:Div2|lpm_divide_qfm:auto_generated|sign_div_unsign_4nh:divider|alt_u_div_a5f:divider|StageOut[485]~807             ; 2       ;
; COUNT:inst7|lpm_divide:Div2|lpm_divide_qfm:auto_generated|sign_div_unsign_4nh:divider|alt_u_div_a5f:divider|StageOut[464]~806             ; 2       ;
; COUNT:inst7|lpm_divide:Div2|lpm_divide_qfm:auto_generated|sign_div_unsign_4nh:divider|alt_u_div_a5f:divider|StageOut[443]~805             ; 2       ;
; COUNT:inst7|lpm_divide:Div2|lpm_divide_qfm:auto_generated|sign_div_unsign_4nh:divider|alt_u_div_a5f:divider|StageOut[444]~804             ; 2       ;
; COUNT:inst7|lpm_divide:Div2|lpm_divide_qfm:auto_generated|sign_div_unsign_4nh:divider|alt_u_div_a5f:divider|StageOut[445]~803             ; 2       ;
; COUNT:inst7|lpm_divide:Div2|lpm_divide_qfm:auto_generated|sign_div_unsign_4nh:divider|alt_u_div_a5f:divider|StageOut[446]~802             ; 2       ;
; COUNT:inst7|lpm_divide:Div2|lpm_divide_qfm:auto_generated|sign_div_unsign_4nh:divider|alt_u_div_a5f:divider|StageOut[447]~801             ; 2       ;
; COUNT:inst7|lpm_divide:Div2|lpm_divide_qfm:auto_generated|sign_div_unsign_4nh:divider|alt_u_div_a5f:divider|StageOut[448]~800             ; 2       ;
; COUNT:inst7|lpm_divide:Div2|lpm_divide_qfm:auto_generated|sign_div_unsign_4nh:divider|alt_u_div_a5f:divider|StageOut[427]~799             ; 2       ;
; COUNT:inst7|lpm_divide:Div2|lpm_divide_qfm:auto_generated|sign_div_unsign_4nh:divider|alt_u_div_a5f:divider|StageOut[428]~798             ; 2       ;
; COUNT:inst7|lpm_divide:Div2|lpm_divide_qfm:auto_generated|sign_div_unsign_4nh:divider|alt_u_div_a5f:divider|StageOut[429]~797             ; 2       ;
; COUNT:inst7|lpm_divide:Div2|lpm_divide_qfm:auto_generated|sign_div_unsign_4nh:divider|alt_u_div_a5f:divider|StageOut[430]~796             ; 2       ;
; COUNT:inst7|lpm_divide:Div2|lpm_divide_qfm:auto_generated|sign_div_unsign_4nh:divider|alt_u_div_a5f:divider|StageOut[431]~795             ; 2       ;
; COUNT:inst7|lpm_divide:Div2|lpm_divide_qfm:auto_generated|sign_div_unsign_4nh:divider|alt_u_div_a5f:divider|StageOut[432]~794             ; 2       ;
; COUNT:inst7|lpm_divide:Div2|lpm_divide_qfm:auto_generated|sign_div_unsign_4nh:divider|alt_u_div_a5f:divider|StageOut[433]~793             ; 2       ;
; COUNT:inst7|lpm_divide:Div2|lpm_divide_qfm:auto_generated|sign_div_unsign_4nh:divider|alt_u_div_a5f:divider|StageOut[434]~792             ; 2       ;
; COUNT:inst7|lpm_divide:Div2|lpm_divide_qfm:auto_generated|sign_div_unsign_4nh:divider|alt_u_div_a5f:divider|StageOut[435]~791             ; 2       ;
; COUNT:inst7|lpm_divide:Div2|lpm_divide_qfm:auto_generated|sign_div_unsign_4nh:divider|alt_u_div_a5f:divider|StageOut[436]~790             ; 2       ;
; COUNT:inst7|lpm_divide:Div2|lpm_divide_qfm:auto_generated|sign_div_unsign_4nh:divider|alt_u_div_a5f:divider|StageOut[437]~789             ; 2       ;
; COUNT:inst7|lpm_divide:Div2|lpm_divide_qfm:auto_generated|sign_div_unsign_4nh:divider|alt_u_div_a5f:divider|StageOut[438]~788             ; 2       ;
; COUNT:inst7|lpm_divide:Mod1|lpm_divide_u7m:auto_generated|sign_div_unsign_5nh:divider|alt_u_div_c5f:divider|StageOut[841]~699             ; 2       ;
; COUNT:inst7|lpm_divide:Mod1|lpm_divide_u7m:auto_generated|sign_div_unsign_5nh:divider|alt_u_div_c5f:divider|StageOut[811]~698             ; 2       ;
; COUNT:inst7|lpm_divide:Mod1|lpm_divide_u7m:auto_generated|sign_div_unsign_5nh:divider|alt_u_div_c5f:divider|StageOut[781]~697             ; 2       ;
; COUNT:inst7|lpm_divide:Mod1|lpm_divide_u7m:auto_generated|sign_div_unsign_5nh:divider|alt_u_div_c5f:divider|StageOut[751]~696             ; 2       ;
; COUNT:inst7|lpm_divide:Mod1|lpm_divide_u7m:auto_generated|sign_div_unsign_5nh:divider|alt_u_div_c5f:divider|StageOut[721]~695             ; 2       ;
; COUNT:inst7|lpm_divide:Mod1|lpm_divide_u7m:auto_generated|sign_div_unsign_5nh:divider|alt_u_div_c5f:divider|StageOut[691]~694             ; 2       ;
; COUNT:inst7|lpm_divide:Mod1|lpm_divide_u7m:auto_generated|sign_div_unsign_5nh:divider|alt_u_div_c5f:divider|StageOut[661]~693             ; 2       ;
; COUNT:inst7|lpm_divide:Mod1|lpm_divide_u7m:auto_generated|sign_div_unsign_5nh:divider|alt_u_div_c5f:divider|StageOut[631]~692             ; 2       ;
; COUNT:inst7|lpm_divide:Mod1|lpm_divide_u7m:auto_generated|sign_div_unsign_5nh:divider|alt_u_div_c5f:divider|StageOut[601]~691             ; 2       ;
; COUNT:inst7|lpm_divide:Mod1|lpm_divide_u7m:auto_generated|sign_div_unsign_5nh:divider|alt_u_div_c5f:divider|StageOut[602]~690             ; 2       ;
; COUNT:inst7|lpm_divide:Mod1|lpm_divide_u7m:auto_generated|sign_div_unsign_5nh:divider|alt_u_div_c5f:divider|StageOut[603]~689             ; 2       ;
; COUNT:inst7|lpm_divide:Mod1|lpm_divide_u7m:auto_generated|sign_div_unsign_5nh:divider|alt_u_div_c5f:divider|StageOut[604]~688             ; 2       ;
; COUNT:inst7|lpm_divide:Div1|lpm_divide_0gm:auto_generated|sign_div_unsign_anh:divider|alt_u_div_m5f:divider|StageOut[470]~911             ; 2       ;
; COUNT:inst7|lpm_divide:Div1|lpm_divide_0gm:auto_generated|sign_div_unsign_anh:divider|alt_u_div_m5f:divider|StageOut[452]~910             ; 2       ;
; COUNT:inst7|lpm_divide:Div1|lpm_divide_0gm:auto_generated|sign_div_unsign_anh:divider|alt_u_div_m5f:divider|StageOut[434]~909             ; 2       ;
; COUNT:inst7|lpm_divide:Div1|lpm_divide_0gm:auto_generated|sign_div_unsign_anh:divider|alt_u_div_m5f:divider|StageOut[416]~908             ; 2       ;
; COUNT:inst7|lpm_divide:Div1|lpm_divide_0gm:auto_generated|sign_div_unsign_anh:divider|alt_u_div_m5f:divider|StageOut[398]~907             ; 2       ;
; COUNT:inst7|lpm_divide:Div1|lpm_divide_0gm:auto_generated|sign_div_unsign_anh:divider|alt_u_div_m5f:divider|StageOut[380]~906             ; 2       ;
; COUNT:inst7|lpm_divide:Div1|lpm_divide_0gm:auto_generated|sign_div_unsign_anh:divider|alt_u_div_m5f:divider|StageOut[362]~905             ; 2       ;
; COUNT:inst7|lpm_divide:Div1|lpm_divide_0gm:auto_generated|sign_div_unsign_anh:divider|alt_u_div_m5f:divider|StageOut[344]~904             ; 2       ;
; COUNT:inst7|lpm_divide:Div1|lpm_divide_0gm:auto_generated|sign_div_unsign_anh:divider|alt_u_div_m5f:divider|StageOut[326]~903             ; 2       ;
; COUNT:inst7|lpm_divide:Div1|lpm_divide_0gm:auto_generated|sign_div_unsign_anh:divider|alt_u_div_m5f:divider|StageOut[327]~902             ; 2       ;
; COUNT:inst7|lpm_divide:Div1|lpm_divide_0gm:auto_generated|sign_div_unsign_anh:divider|alt_u_div_m5f:divider|StageOut[328]~901             ; 2       ;
; COUNT:inst7|lpm_divide:Div1|lpm_divide_0gm:auto_generated|sign_div_unsign_anh:divider|alt_u_div_m5f:divider|StageOut[329]~900             ; 2       ;
; COUNT:inst7|lpm_divide:Div1|lpm_divide_0gm:auto_generated|sign_div_unsign_anh:divider|alt_u_div_m5f:divider|StageOut[330]~899             ; 2       ;
; COUNT:inst7|lpm_divide:Div1|lpm_divide_0gm:auto_generated|sign_div_unsign_anh:divider|alt_u_div_m5f:divider|StageOut[312]~898             ; 2       ;
; COUNT:inst7|lpm_divide:Div1|lpm_divide_0gm:auto_generated|sign_div_unsign_anh:divider|alt_u_div_m5f:divider|StageOut[313]~897             ; 2       ;
; COUNT:inst7|lpm_divide:Div1|lpm_divide_0gm:auto_generated|sign_div_unsign_anh:divider|alt_u_div_m5f:divider|StageOut[314]~896             ; 2       ;
; COUNT:inst7|lpm_divide:Div1|lpm_divide_0gm:auto_generated|sign_div_unsign_anh:divider|alt_u_div_m5f:divider|StageOut[315]~895             ; 2       ;
; COUNT:inst7|lpm_divide:Div1|lpm_divide_0gm:auto_generated|sign_div_unsign_anh:divider|alt_u_div_m5f:divider|StageOut[316]~894             ; 2       ;
; COUNT:inst7|lpm_divide:Div1|lpm_divide_0gm:auto_generated|sign_div_unsign_anh:divider|alt_u_div_m5f:divider|StageOut[317]~893             ; 2       ;
; COUNT:inst7|lpm_divide:Div1|lpm_divide_0gm:auto_generated|sign_div_unsign_anh:divider|alt_u_div_m5f:divider|StageOut[318]~892             ; 2       ;
; COUNT:inst7|lpm_divide:Div1|lpm_divide_0gm:auto_generated|sign_div_unsign_anh:divider|alt_u_div_m5f:divider|StageOut[319]~891             ; 2       ;
; COUNT:inst7|lpm_divide:Div1|lpm_divide_0gm:auto_generated|sign_div_unsign_anh:divider|alt_u_div_m5f:divider|StageOut[320]~890             ; 2       ;
; COUNT:inst7|lpm_divide:Div1|lpm_divide_0gm:auto_generated|sign_div_unsign_anh:divider|alt_u_div_m5f:divider|StageOut[321]~889             ; 2       ;
; COUNT:inst7|lpm_divide:Mod0|lpm_divide_u7m:auto_generated|sign_div_unsign_5nh:divider|alt_u_div_c5f:divider|StageOut[841]~1057            ; 2       ;
; COUNT:inst7|lpm_divide:Mod0|lpm_divide_u7m:auto_generated|sign_div_unsign_5nh:divider|alt_u_div_c5f:divider|StageOut[512]~1045            ; 2       ;
; COUNT:inst7|lpm_divide:Mod0|lpm_divide_u7m:auto_generated|sign_div_unsign_5nh:divider|alt_u_div_c5f:divider|StageOut[513]~1044            ; 2       ;
; COUNT:inst7|lpm_divide:Mod0|lpm_divide_u7m:auto_generated|sign_div_unsign_5nh:divider|alt_u_div_c5f:divider|StageOut[514]~1043            ; 2       ;
; COUNT:inst7|lpm_divide:Div0|lpm_divide_tfm:auto_generated|sign_div_unsign_7nh:divider|alt_u_div_g5f:divider|StageOut[407]~989             ; 2       ;
; COUNT:inst7|lpm_divide:Div0|lpm_divide_tfm:auto_generated|sign_div_unsign_7nh:divider|alt_u_div_g5f:divider|StageOut[392]~988             ; 2       ;
; COUNT:inst7|lpm_divide:Div0|lpm_divide_tfm:auto_generated|sign_div_unsign_7nh:divider|alt_u_div_g5f:divider|StageOut[377]~987             ; 2       ;
; COUNT:inst7|lpm_divide:Div0|lpm_divide_tfm:auto_generated|sign_div_unsign_7nh:divider|alt_u_div_g5f:divider|StageOut[362]~986             ; 2       ;
; COUNT:inst7|lpm_divide:Div0|lpm_divide_tfm:auto_generated|sign_div_unsign_7nh:divider|alt_u_div_g5f:divider|StageOut[347]~985             ; 2       ;
; COUNT:inst7|lpm_divide:Div0|lpm_divide_tfm:auto_generated|sign_div_unsign_7nh:divider|alt_u_div_g5f:divider|StageOut[332]~984             ; 2       ;
; COUNT:inst7|lpm_divide:Div0|lpm_divide_tfm:auto_generated|sign_div_unsign_7nh:divider|alt_u_div_g5f:divider|StageOut[317]~983             ; 2       ;
; COUNT:inst7|lpm_divide:Div0|lpm_divide_tfm:auto_generated|sign_div_unsign_7nh:divider|alt_u_div_g5f:divider|StageOut[302]~982             ; 2       ;
; COUNT:inst7|lpm_divide:Div0|lpm_divide_tfm:auto_generated|sign_div_unsign_7nh:divider|alt_u_div_g5f:divider|StageOut[287]~981             ; 2       ;
; COUNT:inst7|lpm_divide:Div0|lpm_divide_tfm:auto_generated|sign_div_unsign_7nh:divider|alt_u_div_g5f:divider|StageOut[272]~980             ; 2       ;
; COUNT:inst7|lpm_divide:Div0|lpm_divide_tfm:auto_generated|sign_div_unsign_7nh:divider|alt_u_div_g5f:divider|StageOut[272]~979             ; 2       ;
; COUNT:inst7|lpm_divide:Div0|lpm_divide_tfm:auto_generated|sign_div_unsign_7nh:divider|alt_u_div_g5f:divider|StageOut[257]~978             ; 2       ;
; COUNT:inst7|lpm_divide:Div0|lpm_divide_tfm:auto_generated|sign_div_unsign_7nh:divider|alt_u_div_g5f:divider|StageOut[257]~977             ; 2       ;
; COUNT:inst7|lpm_divide:Div0|lpm_divide_tfm:auto_generated|sign_div_unsign_7nh:divider|alt_u_div_g5f:divider|StageOut[230]~973             ; 2       ;
; COUNT:inst7|lpm_divide:Div0|lpm_divide_tfm:auto_generated|sign_div_unsign_7nh:divider|alt_u_div_g5f:divider|StageOut[215]~972             ; 2       ;
; COUNT:inst7|lpm_divide:Div0|lpm_divide_tfm:auto_generated|sign_div_unsign_7nh:divider|alt_u_div_g5f:divider|StageOut[216]~971             ; 2       ;
; COUNT:inst7|lpm_divide:Div0|lpm_divide_tfm:auto_generated|sign_div_unsign_7nh:divider|alt_u_div_g5f:divider|StageOut[217]~970             ; 2       ;
; COUNT:inst7|lpm_divide:Div0|lpm_divide_tfm:auto_generated|sign_div_unsign_7nh:divider|alt_u_div_g5f:divider|StageOut[218]~969             ; 2       ;
; COUNT:inst7|lpm_divide:Div0|lpm_divide_tfm:auto_generated|sign_div_unsign_7nh:divider|alt_u_div_g5f:divider|StageOut[219]~968             ; 2       ;
; COUNT:inst7|lpm_divide:Div0|lpm_divide_tfm:auto_generated|sign_div_unsign_7nh:divider|alt_u_div_g5f:divider|StageOut[220]~967             ; 2       ;
; COUNT:inst7|lpm_divide:Div0|lpm_divide_tfm:auto_generated|sign_div_unsign_7nh:divider|alt_u_div_g5f:divider|StageOut[221]~966             ; 2       ;
; COUNT:inst7|lpm_divide:Div0|lpm_divide_tfm:auto_generated|sign_div_unsign_7nh:divider|alt_u_div_g5f:divider|StageOut[222]~965             ; 2       ;
; COUNT:inst7|lpm_divide:Div8|lpm_divide_rfm:auto_generated|sign_div_unsign_6nh:divider|alt_u_div_d5f:divider|StageOut[123]~176             ; 2       ;
; COUNT:inst7|lpm_divide:Div8|lpm_divide_rfm:auto_generated|sign_div_unsign_6nh:divider|alt_u_div_d5f:divider|StageOut[124]~175             ; 2       ;
; COUNT:inst7|lpm_divide:Div8|lpm_divide_rfm:auto_generated|sign_div_unsign_6nh:divider|alt_u_div_d5f:divider|StageOut[125]~174             ; 2       ;
; COUNT:inst7|lpm_divide:Div8|lpm_divide_rfm:auto_generated|sign_div_unsign_6nh:divider|alt_u_div_d5f:divider|StageOut[114]~173             ; 2       ;
; COUNT:inst7|lpm_divide:Div8|lpm_divide_rfm:auto_generated|sign_div_unsign_6nh:divider|alt_u_div_d5f:divider|StageOut[115]~172             ; 2       ;
; COUNT:inst7|lpm_divide:Div8|lpm_divide_rfm:auto_generated|sign_div_unsign_6nh:divider|alt_u_div_d5f:divider|StageOut[116]~171             ; 2       ;
; COUNT:inst7|lpm_divide:Div8|lpm_divide_rfm:auto_generated|sign_div_unsign_6nh:divider|alt_u_div_d5f:divider|StageOut[117]~170             ; 2       ;
; COUNT:inst7|lpm_divide:Div8|lpm_divide_rfm:auto_generated|sign_div_unsign_6nh:divider|alt_u_div_d5f:divider|StageOut[118]~169             ; 2       ;
; COUNT:inst7|lpm_divide:Mod10|lpm_divide_28m:auto_generated|sign_div_unsign_9nh:divider|alt_u_div_k5f:divider|StageOut[169]~177            ; 2       ;
; COUNT:inst7|lpm_divide:Mod10|lpm_divide_28m:auto_generated|sign_div_unsign_9nh:divider|alt_u_div_k5f:divider|StageOut[141]~175            ; 2       ;
; COUNT:inst7|lpm_divide:Mod10|lpm_divide_28m:auto_generated|sign_div_unsign_9nh:divider|alt_u_div_k5f:divider|StageOut[142]~174            ; 2       ;
; COUNT:inst7|lpm_divide:Mod10|lpm_divide_28m:auto_generated|sign_div_unsign_9nh:divider|alt_u_div_k5f:divider|StageOut[143]~173            ; 2       ;
; COUNT:inst7|lpm_divide:Mod10|lpm_divide_28m:auto_generated|sign_div_unsign_9nh:divider|alt_u_div_k5f:divider|StageOut[144]~172            ; 2       ;
; COUNT:inst7|lpm_divide:Div9|lpm_divide_hem:auto_generated|sign_div_unsign_rlh:divider|alt_u_div_o2f:divider|StageOut[90]~212              ; 2       ;
; COUNT:inst7|lpm_divide:Div9|lpm_divide_hem:auto_generated|sign_div_unsign_rlh:divider|alt_u_div_o2f:divider|StageOut[82]~211              ; 2       ;
; COUNT:inst7|lpm_divide:Div9|lpm_divide_hem:auto_generated|sign_div_unsign_rlh:divider|alt_u_div_o2f:divider|StageOut[74]~210              ; 2       ;
; COUNT:inst7|lpm_divide:Div9|lpm_divide_hem:auto_generated|sign_div_unsign_rlh:divider|alt_u_div_o2f:divider|StageOut[66]~209              ; 2       ;
; COUNT:inst7|lpm_divide:Div9|lpm_divide_hem:auto_generated|sign_div_unsign_rlh:divider|alt_u_div_o2f:divider|StageOut[67]~208              ; 2       ;
; COUNT:inst7|lpm_divide:Div9|lpm_divide_hem:auto_generated|sign_div_unsign_rlh:divider|alt_u_div_o2f:divider|StageOut[59]~207              ; 2       ;
; COUNT:inst7|lpm_divide:Div9|lpm_divide_hem:auto_generated|sign_div_unsign_rlh:divider|alt_u_div_o2f:divider|StageOut[60]~206              ; 2       ;
; COUNT:inst7|lpm_divide:Div9|lpm_divide_hem:auto_generated|sign_div_unsign_rlh:divider|alt_u_div_o2f:divider|StageOut[61]~205              ; 2       ;
; COUNT:inst7|lpm_divide:Mod15|lpm_divide_28m:auto_generated|sign_div_unsign_9nh:divider|alt_u_div_k5f:divider|StageOut[169]~177            ; 2       ;
; COUNT:inst7|lpm_divide:Mod15|lpm_divide_28m:auto_generated|sign_div_unsign_9nh:divider|alt_u_div_k5f:divider|StageOut[155]~176            ; 2       ;
; COUNT:inst7|lpm_divide:Mod15|lpm_divide_28m:auto_generated|sign_div_unsign_9nh:divider|alt_u_div_k5f:divider|StageOut[141]~175            ; 2       ;
; COUNT:inst7|lpm_divide:Mod15|lpm_divide_28m:auto_generated|sign_div_unsign_9nh:divider|alt_u_div_k5f:divider|StageOut[142]~174            ; 2       ;
; COUNT:inst7|lpm_divide:Mod15|lpm_divide_28m:auto_generated|sign_div_unsign_9nh:divider|alt_u_div_k5f:divider|StageOut[143]~173            ; 2       ;
; COUNT:inst7|lpm_divide:Mod15|lpm_divide_28m:auto_generated|sign_div_unsign_9nh:divider|alt_u_div_k5f:divider|StageOut[144]~172            ; 2       ;
; COUNT:inst7|lpm_divide:Mod11|lpm_divide_28m:auto_generated|sign_div_unsign_9nh:divider|alt_u_div_k5f:divider|StageOut[169]~304            ; 2       ;
; COUNT:inst7|lpm_divide:Mod11|lpm_divide_28m:auto_generated|sign_div_unsign_9nh:divider|alt_u_div_k5f:divider|StageOut[141]~302            ; 2       ;
; COUNT:inst7|lpm_divide:Mod11|lpm_divide_28m:auto_generated|sign_div_unsign_9nh:divider|alt_u_div_k5f:divider|StageOut[127]~301            ; 2       ;
; COUNT:inst7|lpm_divide:Mod11|lpm_divide_28m:auto_generated|sign_div_unsign_9nh:divider|alt_u_div_k5f:divider|StageOut[113]~300            ; 2       ;
; COUNT:inst7|lpm_divide:Mod11|lpm_divide_28m:auto_generated|sign_div_unsign_9nh:divider|alt_u_div_k5f:divider|StageOut[99]~299             ; 2       ;
; COUNT:inst7|lpm_divide:Mod11|lpm_divide_28m:auto_generated|sign_div_unsign_9nh:divider|alt_u_div_k5f:divider|StageOut[100]~298            ; 2       ;
; COUNT:inst7|lpm_divide:Mod11|lpm_divide_28m:auto_generated|sign_div_unsign_9nh:divider|alt_u_div_k5f:divider|StageOut[101]~297            ; 2       ;
; COUNT:inst7|lpm_divide:Mod11|lpm_divide_28m:auto_generated|sign_div_unsign_9nh:divider|alt_u_div_k5f:divider|StageOut[102]~296            ; 2       ;
; COUNT:inst7|lpm_divide:Div10|lpm_divide_eem:auto_generated|sign_div_unsign_olh:divider|alt_u_div_i2f:divider|StageOut[57]~174             ; 2       ;
; COUNT:inst7|lpm_divide:Div10|lpm_divide_eem:auto_generated|sign_div_unsign_olh:divider|alt_u_div_i2f:divider|StageOut[52]~173             ; 2       ;
; COUNT:inst7|lpm_divide:Div10|lpm_divide_eem:auto_generated|sign_div_unsign_olh:divider|alt_u_div_i2f:divider|StageOut[47]~172             ; 2       ;
; COUNT:inst7|lpm_divide:Div10|lpm_divide_eem:auto_generated|sign_div_unsign_olh:divider|alt_u_div_i2f:divider|StageOut[42]~171             ; 2       ;
; COUNT:inst7|lpm_divide:Div10|lpm_divide_eem:auto_generated|sign_div_unsign_olh:divider|alt_u_div_i2f:divider|StageOut[37]~170             ; 2       ;
; COUNT:inst7|lpm_divide:Div10|lpm_divide_eem:auto_generated|sign_div_unsign_olh:divider|alt_u_div_i2f:divider|StageOut[32]~169             ; 2       ;
; COUNT:inst7|lpm_divide:Div10|lpm_divide_eem:auto_generated|sign_div_unsign_olh:divider|alt_u_div_i2f:divider|StageOut[27]~168             ; 2       ;
; COUNT:inst7|lpm_divide:Div10|lpm_divide_eem:auto_generated|sign_div_unsign_olh:divider|alt_u_div_i2f:divider|StageOut[22]~167             ; 2       ;
; COUNT:inst7|lpm_divide:Mod16|lpm_divide_28m:auto_generated|sign_div_unsign_9nh:divider|alt_u_div_k5f:divider|StageOut[169]~304            ; 2       ;
; COUNT:inst7|lpm_divide:Mod16|lpm_divide_28m:auto_generated|sign_div_unsign_9nh:divider|alt_u_div_k5f:divider|StageOut[155]~303            ; 2       ;
; COUNT:inst7|lpm_divide:Mod16|lpm_divide_28m:auto_generated|sign_div_unsign_9nh:divider|alt_u_div_k5f:divider|StageOut[141]~302            ; 2       ;
; COUNT:inst7|lpm_divide:Mod16|lpm_divide_28m:auto_generated|sign_div_unsign_9nh:divider|alt_u_div_k5f:divider|StageOut[127]~301            ; 2       ;
; COUNT:inst7|lpm_divide:Mod16|lpm_divide_28m:auto_generated|sign_div_unsign_9nh:divider|alt_u_div_k5f:divider|StageOut[113]~300            ; 2       ;
; COUNT:inst7|lpm_divide:Mod16|lpm_divide_28m:auto_generated|sign_div_unsign_9nh:divider|alt_u_div_k5f:divider|StageOut[99]~299             ; 2       ;
; COUNT:inst7|lpm_divide:Mod16|lpm_divide_28m:auto_generated|sign_div_unsign_9nh:divider|alt_u_div_k5f:divider|StageOut[100]~298            ; 2       ;
; COUNT:inst7|lpm_divide:Mod16|lpm_divide_28m:auto_generated|sign_div_unsign_9nh:divider|alt_u_div_k5f:divider|StageOut[101]~297            ; 2       ;
; COUNT:inst7|lpm_divide:Mod16|lpm_divide_28m:auto_generated|sign_div_unsign_9nh:divider|alt_u_div_k5f:divider|StageOut[102]~296            ; 2       ;
; COUNT:inst7|lpm_divide:Mod12|lpm_divide_28m:auto_generated|sign_div_unsign_9nh:divider|alt_u_div_k5f:divider|StageOut[156]~360            ; 2       ;
; COUNT:inst7|lpm_divide:Mod12|lpm_divide_28m:auto_generated|sign_div_unsign_9nh:divider|alt_u_div_k5f:divider|StageOut[142]~359            ; 2       ;
; COUNT:inst7|lpm_divide:Mod12|lpm_divide_28m:auto_generated|sign_div_unsign_9nh:divider|alt_u_div_k5f:divider|StageOut[128]~358            ; 2       ;
; COUNT:inst7|lpm_divide:Mod12|lpm_divide_28m:auto_generated|sign_div_unsign_9nh:divider|alt_u_div_k5f:divider|StageOut[114]~357            ; 2       ;
; COUNT:inst7|lpm_divide:Mod12|lpm_divide_28m:auto_generated|sign_div_unsign_9nh:divider|alt_u_div_k5f:divider|StageOut[100]~356            ; 2       ;
; COUNT:inst7|lpm_divide:Mod12|lpm_divide_28m:auto_generated|sign_div_unsign_9nh:divider|alt_u_div_k5f:divider|StageOut[86]~355             ; 2       ;
; COUNT:inst7|lpm_divide:Mod12|lpm_divide_28m:auto_generated|sign_div_unsign_9nh:divider|alt_u_div_k5f:divider|StageOut[72]~354             ; 2       ;
; COUNT:inst7|lpm_divide:Mod12|lpm_divide_28m:auto_generated|sign_div_unsign_9nh:divider|alt_u_div_k5f:divider|StageOut[58]~353             ; 2       ;
; COUNT:inst7|lpm_divide:Mod12|lpm_divide_28m:auto_generated|sign_div_unsign_9nh:divider|alt_u_div_k5f:divider|StageOut[59]~352             ; 2       ;
; COUNT:inst7|lpm_divide:Mod12|lpm_divide_28m:auto_generated|sign_div_unsign_9nh:divider|alt_u_div_k5f:divider|StageOut[60]~351             ; 2       ;
; COUNT:inst7|lpm_divide:Mod13|lpm_divide_sio:auto_generated|abs_divider_6ag:divider|alt_u_div_ove:divider|StageOut[32]~31                  ; 2       ;
; COUNT:inst7|lpm_divide:Mod13|lpm_divide_sio:auto_generated|abs_divider_6ag:divider|alt_u_div_ove:divider|StageOut[31]~30                  ; 2       ;
; COUNT:inst7|lpm_divide:Div6|lpm_divide_4gm:auto_generated|sign_div_unsign_enh:divider|alt_u_div_u5f:divider|StageOut[243]~274             ; 2       ;
; COUNT:inst7|lpm_divide:Div6|lpm_divide_4gm:auto_generated|sign_div_unsign_enh:divider|alt_u_div_u5f:divider|StageOut[244]~273             ; 2       ;
; COUNT:inst7|lpm_divide:Div6|lpm_divide_4gm:auto_generated|sign_div_unsign_enh:divider|alt_u_div_u5f:divider|StageOut[245]~272             ; 2       ;
; COUNT:inst7|lpm_divide:Div6|lpm_divide_4gm:auto_generated|sign_div_unsign_enh:divider|alt_u_div_u5f:divider|StageOut[246]~271             ; 2       ;
; COUNT:inst7|lpm_divide:Div6|lpm_divide_4gm:auto_generated|sign_div_unsign_enh:divider|alt_u_div_u5f:divider|StageOut[247]~270             ; 2       ;
; COUNT:inst7|lpm_divide:Div6|lpm_divide_4gm:auto_generated|sign_div_unsign_enh:divider|alt_u_div_u5f:divider|StageOut[248]~269             ; 2       ;
; COUNT:inst7|lpm_divide:Div6|lpm_divide_4gm:auto_generated|sign_div_unsign_enh:divider|alt_u_div_u5f:divider|StageOut[249]~268             ; 2       ;
; COUNT:inst7|lpm_divide:Div6|lpm_divide_4gm:auto_generated|sign_div_unsign_enh:divider|alt_u_div_u5f:divider|StageOut[250]~267             ; 2       ;
; COUNT:inst7|lpm_divide:Div6|lpm_divide_4gm:auto_generated|sign_div_unsign_enh:divider|alt_u_div_u5f:divider|StageOut[251]~266             ; 2       ;
; COUNT:inst7|lpm_divide:Div6|lpm_divide_4gm:auto_generated|sign_div_unsign_enh:divider|alt_u_div_u5f:divider|StageOut[252]~265             ; 2       ;
; COUNT:inst7|lpm_divide:Div6|lpm_divide_4gm:auto_generated|sign_div_unsign_enh:divider|alt_u_div_u5f:divider|StageOut[231]~263             ; 2       ;
; COUNT:inst7|lpm_divide:Div6|lpm_divide_4gm:auto_generated|sign_div_unsign_enh:divider|alt_u_div_u5f:divider|StageOut[232]~262             ; 2       ;
; COUNT:inst7|lpm_divide:Div6|lpm_divide_4gm:auto_generated|sign_div_unsign_enh:divider|alt_u_div_u5f:divider|StageOut[233]~261             ; 2       ;
; COUNT:inst7|lpm_divide:Div6|lpm_divide_4gm:auto_generated|sign_div_unsign_enh:divider|alt_u_div_u5f:divider|StageOut[234]~260             ; 2       ;
; COUNT:inst7|lpm_divide:Div6|lpm_divide_4gm:auto_generated|sign_div_unsign_enh:divider|alt_u_div_u5f:divider|StageOut[235]~259             ; 2       ;
; COUNT:inst7|lpm_divide:Div6|lpm_divide_4gm:auto_generated|sign_div_unsign_enh:divider|alt_u_div_u5f:divider|StageOut[236]~258             ; 2       ;
; COUNT:inst7|lpm_divide:Div6|lpm_divide_4gm:auto_generated|sign_div_unsign_enh:divider|alt_u_div_u5f:divider|StageOut[237]~257             ; 2       ;
; COUNT:inst7|lpm_divide:Mod5|lpm_divide_c8m:auto_generated|sign_div_unsign_jnh:divider|alt_u_div_86f:divider|StageOut[325]~315             ; 2       ;
; COUNT:inst7|lpm_divide:Mod5|lpm_divide_c8m:auto_generated|sign_div_unsign_jnh:divider|alt_u_div_86f:divider|StageOut[306]~300             ; 2       ;
; COUNT:inst7|lpm_divide:Mod5|lpm_divide_c8m:auto_generated|sign_div_unsign_jnh:divider|alt_u_div_86f:divider|StageOut[307]~299             ; 2       ;
; COUNT:inst7|lpm_divide:Mod5|lpm_divide_c8m:auto_generated|sign_div_unsign_jnh:divider|alt_u_div_86f:divider|StageOut[308]~298             ; 2       ;
; COUNT:inst7|lpm_divide:Mod5|lpm_divide_c8m:auto_generated|sign_div_unsign_jnh:divider|alt_u_div_86f:divider|StageOut[309]~297             ; 2       ;
; COUNT:inst7|lpm_divide:Mod5|lpm_divide_c8m:auto_generated|sign_div_unsign_jnh:divider|alt_u_div_86f:divider|StageOut[310]~296             ; 2       ;
; COUNT:inst7|lpm_divide:Mod5|lpm_divide_c8m:auto_generated|sign_div_unsign_jnh:divider|alt_u_div_86f:divider|StageOut[311]~295             ; 2       ;
; COUNT:inst7|lpm_divide:Mod5|lpm_divide_c8m:auto_generated|sign_div_unsign_jnh:divider|alt_u_div_86f:divider|StageOut[312]~294             ; 2       ;
; COUNT:inst7|lpm_divide:Mod5|lpm_divide_c8m:auto_generated|sign_div_unsign_jnh:divider|alt_u_div_86f:divider|StageOut[313]~293             ; 2       ;
; COUNT:inst7|lpm_divide:Mod5|lpm_divide_c8m:auto_generated|sign_div_unsign_jnh:divider|alt_u_div_86f:divider|StageOut[314]~292             ; 2       ;
; COUNT:inst7|lpm_divide:Mod5|lpm_divide_c8m:auto_generated|sign_div_unsign_jnh:divider|alt_u_div_86f:divider|StageOut[315]~291             ; 2       ;
; COUNT:inst7|lpm_divide:Mod5|lpm_divide_c8m:auto_generated|sign_div_unsign_jnh:divider|alt_u_div_86f:divider|StageOut[316]~290             ; 2       ;
; COUNT:inst7|lpm_divide:Mod5|lpm_divide_c8m:auto_generated|sign_div_unsign_jnh:divider|alt_u_div_86f:divider|StageOut[317]~289             ; 2       ;
; COUNT:inst7|lpm_divide:Mod5|lpm_divide_c8m:auto_generated|sign_div_unsign_jnh:divider|alt_u_div_86f:divider|StageOut[318]~288             ; 2       ;
; COUNT:inst7|lpm_divide:Mod5|lpm_divide_c8m:auto_generated|sign_div_unsign_jnh:divider|alt_u_div_86f:divider|StageOut[287]~287             ; 2       ;
; COUNT:inst7|lpm_divide:Mod5|lpm_divide_c8m:auto_generated|sign_div_unsign_jnh:divider|alt_u_div_86f:divider|StageOut[288]~286             ; 2       ;
; COUNT:inst7|lpm_divide:Mod5|lpm_divide_c8m:auto_generated|sign_div_unsign_jnh:divider|alt_u_div_86f:divider|StageOut[289]~285             ; 2       ;
; COUNT:inst7|lpm_divide:Mod5|lpm_divide_c8m:auto_generated|sign_div_unsign_jnh:divider|alt_u_div_86f:divider|StageOut[290]~284             ; 2       ;
; COUNT:inst7|lpm_divide:Mod5|lpm_divide_c8m:auto_generated|sign_div_unsign_jnh:divider|alt_u_div_86f:divider|StageOut[291]~283             ; 2       ;
; COUNT:inst7|lpm_divide:Mod5|lpm_divide_c8m:auto_generated|sign_div_unsign_jnh:divider|alt_u_div_86f:divider|StageOut[292]~282             ; 2       ;
; COUNT:inst7|lpm_divide:Mod5|lpm_divide_c8m:auto_generated|sign_div_unsign_jnh:divider|alt_u_div_86f:divider|StageOut[293]~281             ; 2       ;
; COUNT:inst7|lpm_divide:Mod5|lpm_divide_c8m:auto_generated|sign_div_unsign_jnh:divider|alt_u_div_86f:divider|StageOut[294]~280             ; 2       ;
; COUNT:inst7|lpm_divide:Mod5|lpm_divide_c8m:auto_generated|sign_div_unsign_jnh:divider|alt_u_div_86f:divider|StageOut[295]~279             ; 2       ;
; COUNT:inst7|lpm_divide:Mod5|lpm_divide_c8m:auto_generated|sign_div_unsign_jnh:divider|alt_u_div_86f:divider|StageOut[296]~278             ; 2       ;
; COUNT:inst7|lpm_divide:Mod5|lpm_divide_c8m:auto_generated|sign_div_unsign_jnh:divider|alt_u_div_86f:divider|StageOut[297]~277             ; 2       ;
; COUNT:inst7|lpm_divide:Mod5|lpm_divide_c8m:auto_generated|sign_div_unsign_jnh:divider|alt_u_div_86f:divider|StageOut[268]~276             ; 2       ;
; COUNT:inst7|lpm_divide:Mod5|lpm_divide_c8m:auto_generated|sign_div_unsign_jnh:divider|alt_u_div_86f:divider|StageOut[269]~275             ; 2       ;
; COUNT:inst7|lpm_divide:Mod5|lpm_divide_c8m:auto_generated|sign_div_unsign_jnh:divider|alt_u_div_86f:divider|StageOut[270]~274             ; 2       ;
; COUNT:inst7|lpm_divide:Mod5|lpm_divide_c8m:auto_generated|sign_div_unsign_jnh:divider|alt_u_div_86f:divider|StageOut[271]~273             ; 2       ;
; COUNT:inst7|lpm_divide:Mod5|lpm_divide_c8m:auto_generated|sign_div_unsign_jnh:divider|alt_u_div_86f:divider|StageOut[272]~272             ; 2       ;
; COUNT:inst7|lpm_divide:Mod5|lpm_divide_c8m:auto_generated|sign_div_unsign_jnh:divider|alt_u_div_86f:divider|StageOut[273]~271             ; 2       ;
; COUNT:inst7|lpm_divide:Mod5|lpm_divide_c8m:auto_generated|sign_div_unsign_jnh:divider|alt_u_div_86f:divider|StageOut[274]~270             ; 2       ;
; COUNT:inst7|lpm_divide:Mod5|lpm_divide_c8m:auto_generated|sign_div_unsign_jnh:divider|alt_u_div_86f:divider|StageOut[275]~269             ; 2       ;
; COUNT:inst7|lpm_divide:Mod5|lpm_divide_c8m:auto_generated|sign_div_unsign_jnh:divider|alt_u_div_86f:divider|StageOut[276]~268             ; 2       ;
; COUNT:inst7|lpm_divide:Mod5|lpm_divide_c8m:auto_generated|sign_div_unsign_jnh:divider|alt_u_div_86f:divider|StageOut[252]~267             ; 2       ;
; COUNT:inst7|lpm_divide:Mod5|lpm_divide_c8m:auto_generated|sign_div_unsign_jnh:divider|alt_u_div_86f:divider|StageOut[253]~266             ; 2       ;
; COUNT:inst7|lpm_divide:Mod5|lpm_divide_c8m:auto_generated|sign_div_unsign_jnh:divider|alt_u_div_86f:divider|StageOut[254]~265             ; 2       ;
; COUNT:inst7|lpm_divide:Mod5|lpm_divide_c8m:auto_generated|sign_div_unsign_jnh:divider|alt_u_div_86f:divider|StageOut[255]~264             ; 2       ;
; COUNT:inst7|lpm_divide:Div5|lpm_divide_1gm:auto_generated|sign_div_unsign_bnh:divider|alt_u_div_n5f:divider|StageOut[179]~365             ; 2       ;
; COUNT:inst7|lpm_divide:Div5|lpm_divide_1gm:auto_generated|sign_div_unsign_bnh:divider|alt_u_div_n5f:divider|StageOut[180]~364             ; 2       ;
; COUNT:inst7|lpm_divide:Div5|lpm_divide_1gm:auto_generated|sign_div_unsign_bnh:divider|alt_u_div_n5f:divider|StageOut[181]~363             ; 2       ;
; COUNT:inst7|lpm_divide:Div5|lpm_divide_1gm:auto_generated|sign_div_unsign_bnh:divider|alt_u_div_n5f:divider|StageOut[182]~362             ; 2       ;
; COUNT:inst7|lpm_divide:Div5|lpm_divide_1gm:auto_generated|sign_div_unsign_bnh:divider|alt_u_div_n5f:divider|StageOut[183]~361             ; 2       ;
; COUNT:inst7|lpm_divide:Div5|lpm_divide_1gm:auto_generated|sign_div_unsign_bnh:divider|alt_u_div_n5f:divider|StageOut[184]~360             ; 2       ;
; COUNT:inst7|lpm_divide:Div5|lpm_divide_1gm:auto_generated|sign_div_unsign_bnh:divider|alt_u_div_n5f:divider|StageOut[168]~358             ; 2       ;
; COUNT:inst7|lpm_divide:Div5|lpm_divide_1gm:auto_generated|sign_div_unsign_bnh:divider|alt_u_div_n5f:divider|StageOut[169]~357             ; 2       ;
; COUNT:inst7|lpm_divide:Div5|lpm_divide_1gm:auto_generated|sign_div_unsign_bnh:divider|alt_u_div_n5f:divider|StageOut[170]~356             ; 2       ;
; COUNT:inst7|lpm_divide:Div5|lpm_divide_1gm:auto_generated|sign_div_unsign_bnh:divider|alt_u_div_n5f:divider|StageOut[171]~355             ; 2       ;
; COUNT:inst7|lpm_divide:Div5|lpm_divide_1gm:auto_generated|sign_div_unsign_bnh:divider|alt_u_div_n5f:divider|StageOut[172]~354             ; 2       ;
; COUNT:inst7|lpm_divide:Div5|lpm_divide_1gm:auto_generated|sign_div_unsign_bnh:divider|alt_u_div_n5f:divider|StageOut[173]~353             ; 2       ;
; COUNT:inst7|lpm_divide:Div5|lpm_divide_1gm:auto_generated|sign_div_unsign_bnh:divider|alt_u_div_n5f:divider|StageOut[157]~351             ; 2       ;
; COUNT:inst7|lpm_divide:Div5|lpm_divide_1gm:auto_generated|sign_div_unsign_bnh:divider|alt_u_div_n5f:divider|StageOut[158]~350             ; 2       ;
; COUNT:inst7|lpm_divide:Div5|lpm_divide_1gm:auto_generated|sign_div_unsign_bnh:divider|alt_u_div_n5f:divider|StageOut[159]~349             ; 2       ;
; COUNT:inst7|lpm_divide:Div5|lpm_divide_1gm:auto_generated|sign_div_unsign_bnh:divider|alt_u_div_n5f:divider|StageOut[160]~348             ; 2       ;
; COUNT:inst7|lpm_divide:Div5|lpm_divide_1gm:auto_generated|sign_div_unsign_bnh:divider|alt_u_div_n5f:divider|StageOut[161]~347             ; 2       ;
; COUNT:inst7|lpm_divide:Div5|lpm_divide_1gm:auto_generated|sign_div_unsign_bnh:divider|alt_u_div_n5f:divider|StageOut[162]~346             ; 2       ;
; COUNT:inst7|lpm_divide:Div5|lpm_divide_1gm:auto_generated|sign_div_unsign_bnh:divider|alt_u_div_n5f:divider|StageOut[146]~344             ; 2       ;
; COUNT:inst7|lpm_divide:Div5|lpm_divide_1gm:auto_generated|sign_div_unsign_bnh:divider|alt_u_div_n5f:divider|StageOut[147]~343             ; 2       ;
; COUNT:inst7|lpm_divide:Div5|lpm_divide_1gm:auto_generated|sign_div_unsign_bnh:divider|alt_u_div_n5f:divider|StageOut[148]~342             ; 2       ;
; COUNT:inst7|lpm_divide:Div5|lpm_divide_1gm:auto_generated|sign_div_unsign_bnh:divider|alt_u_div_n5f:divider|StageOut[149]~341             ; 2       ;
; COUNT:inst7|lpm_divide:Div5|lpm_divide_1gm:auto_generated|sign_div_unsign_bnh:divider|alt_u_div_n5f:divider|StageOut[150]~340             ; 2       ;
; COUNT:inst7|lpm_divide:Div5|lpm_divide_1gm:auto_generated|sign_div_unsign_bnh:divider|alt_u_div_n5f:divider|StageOut[151]~339             ; 2       ;
; COUNT:inst7|lpm_divide:Div5|lpm_divide_1gm:auto_generated|sign_div_unsign_bnh:divider|alt_u_div_n5f:divider|StageOut[135]~337             ; 2       ;
; COUNT:inst7|lpm_divide:Div5|lpm_divide_1gm:auto_generated|sign_div_unsign_bnh:divider|alt_u_div_n5f:divider|StageOut[136]~336             ; 2       ;
; COUNT:inst7|lpm_divide:Div5|lpm_divide_1gm:auto_generated|sign_div_unsign_bnh:divider|alt_u_div_n5f:divider|StageOut[137]~335             ; 2       ;
; COUNT:inst7|lpm_divide:Div5|lpm_divide_1gm:auto_generated|sign_div_unsign_bnh:divider|alt_u_div_n5f:divider|StageOut[138]~334             ; 2       ;
; COUNT:inst7|lpm_divide:Div5|lpm_divide_1gm:auto_generated|sign_div_unsign_bnh:divider|alt_u_div_n5f:divider|StageOut[139]~333             ; 2       ;
; COUNT:inst7|lpm_divide:Div5|lpm_divide_1gm:auto_generated|sign_div_unsign_bnh:divider|alt_u_div_n5f:divider|StageOut[140]~332             ; 2       ;
; COUNT:inst7|lpm_divide:Div5|lpm_divide_1gm:auto_generated|sign_div_unsign_bnh:divider|alt_u_div_n5f:divider|StageOut[126]~330             ; 2       ;
; COUNT:inst7|lpm_divide:Div5|lpm_divide_1gm:auto_generated|sign_div_unsign_bnh:divider|alt_u_div_n5f:divider|StageOut[127]~329             ; 2       ;
; COUNT:inst7|lpm_divide:Div5|lpm_divide_1gm:auto_generated|sign_div_unsign_bnh:divider|alt_u_div_n5f:divider|StageOut[128]~328             ; 2       ;
; COUNT:inst7|lpm_divide:Div5|lpm_divide_1gm:auto_generated|sign_div_unsign_bnh:divider|alt_u_div_n5f:divider|StageOut[129]~327             ; 2       ;
; COUNT:inst7|lpm_divide:Mod4|lpm_divide_c8m:auto_generated|sign_div_unsign_jnh:divider|alt_u_div_86f:divider|StageOut[325]~510             ; 2       ;
; COUNT:inst7|lpm_divide:Mod4|lpm_divide_c8m:auto_generated|sign_div_unsign_jnh:divider|alt_u_div_86f:divider|StageOut[306]~494             ; 2       ;
; COUNT:inst7|lpm_divide:Mod4|lpm_divide_c8m:auto_generated|sign_div_unsign_jnh:divider|alt_u_div_86f:divider|StageOut[307]~493             ; 2       ;
; COUNT:inst7|lpm_divide:Mod4|lpm_divide_c8m:auto_generated|sign_div_unsign_jnh:divider|alt_u_div_86f:divider|StageOut[308]~492             ; 2       ;
; COUNT:inst7|lpm_divide:Mod4|lpm_divide_c8m:auto_generated|sign_div_unsign_jnh:divider|alt_u_div_86f:divider|StageOut[309]~491             ; 2       ;
; COUNT:inst7|lpm_divide:Mod4|lpm_divide_c8m:auto_generated|sign_div_unsign_jnh:divider|alt_u_div_86f:divider|StageOut[310]~490             ; 2       ;
; COUNT:inst7|lpm_divide:Mod4|lpm_divide_c8m:auto_generated|sign_div_unsign_jnh:divider|alt_u_div_86f:divider|StageOut[311]~489             ; 2       ;
; COUNT:inst7|lpm_divide:Mod4|lpm_divide_c8m:auto_generated|sign_div_unsign_jnh:divider|alt_u_div_86f:divider|StageOut[312]~488             ; 2       ;
; COUNT:inst7|lpm_divide:Mod4|lpm_divide_c8m:auto_generated|sign_div_unsign_jnh:divider|alt_u_div_86f:divider|StageOut[313]~487             ; 2       ;
; COUNT:inst7|lpm_divide:Mod4|lpm_divide_c8m:auto_generated|sign_div_unsign_jnh:divider|alt_u_div_86f:divider|StageOut[314]~486             ; 2       ;
; COUNT:inst7|lpm_divide:Mod4|lpm_divide_c8m:auto_generated|sign_div_unsign_jnh:divider|alt_u_div_86f:divider|StageOut[315]~485             ; 2       ;
; COUNT:inst7|lpm_divide:Mod4|lpm_divide_c8m:auto_generated|sign_div_unsign_jnh:divider|alt_u_div_86f:divider|StageOut[316]~484             ; 2       ;
; COUNT:inst7|lpm_divide:Mod4|lpm_divide_c8m:auto_generated|sign_div_unsign_jnh:divider|alt_u_div_86f:divider|StageOut[317]~483             ; 2       ;
; COUNT:inst7|lpm_divide:Mod4|lpm_divide_c8m:auto_generated|sign_div_unsign_jnh:divider|alt_u_div_86f:divider|StageOut[318]~482             ; 2       ;
; COUNT:inst7|lpm_divide:Mod4|lpm_divide_c8m:auto_generated|sign_div_unsign_jnh:divider|alt_u_div_86f:divider|StageOut[319]~481             ; 2       ;
; COUNT:inst7|lpm_divide:Mod4|lpm_divide_c8m:auto_generated|sign_div_unsign_jnh:divider|alt_u_div_86f:divider|StageOut[320]~480             ; 2       ;
; COUNT:inst7|lpm_divide:Mod4|lpm_divide_c8m:auto_generated|sign_div_unsign_jnh:divider|alt_u_div_86f:divider|StageOut[287]~479             ; 2       ;
; COUNT:inst7|lpm_divide:Mod4|lpm_divide_c8m:auto_generated|sign_div_unsign_jnh:divider|alt_u_div_86f:divider|StageOut[288]~478             ; 2       ;
; COUNT:inst7|lpm_divide:Mod4|lpm_divide_c8m:auto_generated|sign_div_unsign_jnh:divider|alt_u_div_86f:divider|StageOut[289]~477             ; 2       ;
; COUNT:inst7|lpm_divide:Mod4|lpm_divide_c8m:auto_generated|sign_div_unsign_jnh:divider|alt_u_div_86f:divider|StageOut[290]~476             ; 2       ;
; COUNT:inst7|lpm_divide:Mod4|lpm_divide_c8m:auto_generated|sign_div_unsign_jnh:divider|alt_u_div_86f:divider|StageOut[291]~475             ; 2       ;
; COUNT:inst7|lpm_divide:Mod4|lpm_divide_c8m:auto_generated|sign_div_unsign_jnh:divider|alt_u_div_86f:divider|StageOut[292]~474             ; 2       ;
; COUNT:inst7|lpm_divide:Mod4|lpm_divide_c8m:auto_generated|sign_div_unsign_jnh:divider|alt_u_div_86f:divider|StageOut[293]~473             ; 2       ;
; COUNT:inst7|lpm_divide:Mod4|lpm_divide_c8m:auto_generated|sign_div_unsign_jnh:divider|alt_u_div_86f:divider|StageOut[294]~472             ; 2       ;
; COUNT:inst7|lpm_divide:Mod4|lpm_divide_c8m:auto_generated|sign_div_unsign_jnh:divider|alt_u_div_86f:divider|StageOut[295]~471             ; 2       ;
; COUNT:inst7|lpm_divide:Mod4|lpm_divide_c8m:auto_generated|sign_div_unsign_jnh:divider|alt_u_div_86f:divider|StageOut[296]~470             ; 2       ;
; COUNT:inst7|lpm_divide:Mod4|lpm_divide_c8m:auto_generated|sign_div_unsign_jnh:divider|alt_u_div_86f:divider|StageOut[297]~469             ; 2       ;
; COUNT:inst7|lpm_divide:Mod4|lpm_divide_c8m:auto_generated|sign_div_unsign_jnh:divider|alt_u_div_86f:divider|StageOut[298]~468             ; 2       ;
; COUNT:inst7|lpm_divide:Mod4|lpm_divide_c8m:auto_generated|sign_div_unsign_jnh:divider|alt_u_div_86f:divider|StageOut[299]~467             ; 2       ;
; COUNT:inst7|lpm_divide:Mod4|lpm_divide_c8m:auto_generated|sign_div_unsign_jnh:divider|alt_u_div_86f:divider|StageOut[300]~466             ; 2       ;
; COUNT:inst7|lpm_divide:Mod4|lpm_divide_c8m:auto_generated|sign_div_unsign_jnh:divider|alt_u_div_86f:divider|StageOut[268]~465             ; 2       ;
; COUNT:inst7|lpm_divide:Mod4|lpm_divide_c8m:auto_generated|sign_div_unsign_jnh:divider|alt_u_div_86f:divider|StageOut[269]~464             ; 2       ;
; COUNT:inst7|lpm_divide:Mod4|lpm_divide_c8m:auto_generated|sign_div_unsign_jnh:divider|alt_u_div_86f:divider|StageOut[270]~463             ; 2       ;
; COUNT:inst7|lpm_divide:Mod4|lpm_divide_c8m:auto_generated|sign_div_unsign_jnh:divider|alt_u_div_86f:divider|StageOut[271]~462             ; 2       ;
; COUNT:inst7|lpm_divide:Mod4|lpm_divide_c8m:auto_generated|sign_div_unsign_jnh:divider|alt_u_div_86f:divider|StageOut[272]~461             ; 2       ;
; COUNT:inst7|lpm_divide:Mod4|lpm_divide_c8m:auto_generated|sign_div_unsign_jnh:divider|alt_u_div_86f:divider|StageOut[273]~460             ; 2       ;
; COUNT:inst7|lpm_divide:Mod4|lpm_divide_c8m:auto_generated|sign_div_unsign_jnh:divider|alt_u_div_86f:divider|StageOut[274]~459             ; 2       ;
; COUNT:inst7|lpm_divide:Mod4|lpm_divide_c8m:auto_generated|sign_div_unsign_jnh:divider|alt_u_div_86f:divider|StageOut[275]~458             ; 2       ;
; COUNT:inst7|lpm_divide:Mod4|lpm_divide_c8m:auto_generated|sign_div_unsign_jnh:divider|alt_u_div_86f:divider|StageOut[276]~457             ; 2       ;
; COUNT:inst7|lpm_divide:Mod4|lpm_divide_c8m:auto_generated|sign_div_unsign_jnh:divider|alt_u_div_86f:divider|StageOut[277]~456             ; 2       ;
; COUNT:inst7|lpm_divide:Mod4|lpm_divide_c8m:auto_generated|sign_div_unsign_jnh:divider|alt_u_div_86f:divider|StageOut[278]~455             ; 2       ;
; COUNT:inst7|lpm_divide:Mod4|lpm_divide_c8m:auto_generated|sign_div_unsign_jnh:divider|alt_u_div_86f:divider|StageOut[279]~454             ; 2       ;
; COUNT:inst7|lpm_divide:Mod4|lpm_divide_c8m:auto_generated|sign_div_unsign_jnh:divider|alt_u_div_86f:divider|StageOut[280]~453             ; 2       ;
; COUNT:inst7|lpm_divide:Mod4|lpm_divide_c8m:auto_generated|sign_div_unsign_jnh:divider|alt_u_div_86f:divider|StageOut[249]~452             ; 2       ;
; COUNT:inst7|lpm_divide:Mod4|lpm_divide_c8m:auto_generated|sign_div_unsign_jnh:divider|alt_u_div_86f:divider|StageOut[250]~451             ; 2       ;
; COUNT:inst7|lpm_divide:Mod4|lpm_divide_c8m:auto_generated|sign_div_unsign_jnh:divider|alt_u_div_86f:divider|StageOut[251]~450             ; 2       ;
; COUNT:inst7|lpm_divide:Mod4|lpm_divide_c8m:auto_generated|sign_div_unsign_jnh:divider|alt_u_div_86f:divider|StageOut[252]~449             ; 2       ;
; COUNT:inst7|lpm_divide:Mod4|lpm_divide_c8m:auto_generated|sign_div_unsign_jnh:divider|alt_u_div_86f:divider|StageOut[253]~448             ; 2       ;
; COUNT:inst7|lpm_divide:Mod4|lpm_divide_c8m:auto_generated|sign_div_unsign_jnh:divider|alt_u_div_86f:divider|StageOut[254]~447             ; 2       ;
; COUNT:inst7|lpm_divide:Mod4|lpm_divide_c8m:auto_generated|sign_div_unsign_jnh:divider|alt_u_div_86f:divider|StageOut[255]~446             ; 2       ;
; COUNT:inst7|lpm_divide:Mod4|lpm_divide_c8m:auto_generated|sign_div_unsign_jnh:divider|alt_u_div_86f:divider|StageOut[256]~445             ; 2       ;
; COUNT:inst7|lpm_divide:Mod4|lpm_divide_c8m:auto_generated|sign_div_unsign_jnh:divider|alt_u_div_86f:divider|StageOut[257]~444             ; 2       ;
; COUNT:inst7|lpm_divide:Mod4|lpm_divide_c8m:auto_generated|sign_div_unsign_jnh:divider|alt_u_div_86f:divider|StageOut[258]~443             ; 2       ;
; COUNT:inst7|lpm_divide:Mod4|lpm_divide_c8m:auto_generated|sign_div_unsign_jnh:divider|alt_u_div_86f:divider|StageOut[259]~442             ; 2       ;
; COUNT:inst7|lpm_divide:Mod4|lpm_divide_c8m:auto_generated|sign_div_unsign_jnh:divider|alt_u_div_86f:divider|StageOut[260]~441             ; 2       ;
; COUNT:inst7|lpm_divide:Mod4|lpm_divide_c8m:auto_generated|sign_div_unsign_jnh:divider|alt_u_div_86f:divider|StageOut[230]~440             ; 2       ;
; COUNT:inst7|lpm_divide:Mod4|lpm_divide_c8m:auto_generated|sign_div_unsign_jnh:divider|alt_u_div_86f:divider|StageOut[231]~439             ; 2       ;
; COUNT:inst7|lpm_divide:Mod4|lpm_divide_c8m:auto_generated|sign_div_unsign_jnh:divider|alt_u_div_86f:divider|StageOut[232]~438             ; 2       ;
; COUNT:inst7|lpm_divide:Mod4|lpm_divide_c8m:auto_generated|sign_div_unsign_jnh:divider|alt_u_div_86f:divider|StageOut[233]~437             ; 2       ;
; COUNT:inst7|lpm_divide:Mod4|lpm_divide_c8m:auto_generated|sign_div_unsign_jnh:divider|alt_u_div_86f:divider|StageOut[234]~436             ; 2       ;
; COUNT:inst7|lpm_divide:Mod4|lpm_divide_c8m:auto_generated|sign_div_unsign_jnh:divider|alt_u_div_86f:divider|StageOut[235]~435             ; 2       ;
; COUNT:inst7|lpm_divide:Mod4|lpm_divide_c8m:auto_generated|sign_div_unsign_jnh:divider|alt_u_div_86f:divider|StageOut[236]~434             ; 2       ;
; COUNT:inst7|lpm_divide:Mod4|lpm_divide_c8m:auto_generated|sign_div_unsign_jnh:divider|alt_u_div_86f:divider|StageOut[237]~433             ; 2       ;
; COUNT:inst7|lpm_divide:Mod4|lpm_divide_c8m:auto_generated|sign_div_unsign_jnh:divider|alt_u_div_86f:divider|StageOut[238]~432             ; 2       ;
; COUNT:inst7|lpm_divide:Mod4|lpm_divide_c8m:auto_generated|sign_div_unsign_jnh:divider|alt_u_div_86f:divider|StageOut[239]~431             ; 2       ;
; COUNT:inst7|lpm_divide:Mod4|lpm_divide_c8m:auto_generated|sign_div_unsign_jnh:divider|alt_u_div_86f:divider|StageOut[240]~430             ; 2       ;
; COUNT:inst7|lpm_divide:Mod4|lpm_divide_c8m:auto_generated|sign_div_unsign_jnh:divider|alt_u_div_86f:divider|StageOut[211]~429             ; 2       ;
; COUNT:inst7|lpm_divide:Mod4|lpm_divide_c8m:auto_generated|sign_div_unsign_jnh:divider|alt_u_div_86f:divider|StageOut[212]~428             ; 2       ;
; COUNT:inst7|lpm_divide:Mod4|lpm_divide_c8m:auto_generated|sign_div_unsign_jnh:divider|alt_u_div_86f:divider|StageOut[213]~427             ; 2       ;
; COUNT:inst7|lpm_divide:Mod4|lpm_divide_c8m:auto_generated|sign_div_unsign_jnh:divider|alt_u_div_86f:divider|StageOut[214]~426             ; 2       ;
; COUNT:inst7|lpm_divide:Mod4|lpm_divide_c8m:auto_generated|sign_div_unsign_jnh:divider|alt_u_div_86f:divider|StageOut[215]~425             ; 2       ;
; COUNT:inst7|lpm_divide:Mod4|lpm_divide_c8m:auto_generated|sign_div_unsign_jnh:divider|alt_u_div_86f:divider|StageOut[216]~424             ; 2       ;
; COUNT:inst7|lpm_divide:Mod4|lpm_divide_c8m:auto_generated|sign_div_unsign_jnh:divider|alt_u_div_86f:divider|StageOut[217]~423             ; 2       ;
; COUNT:inst7|lpm_divide:Mod4|lpm_divide_c8m:auto_generated|sign_div_unsign_jnh:divider|alt_u_div_86f:divider|StageOut[218]~422             ; 2       ;
; COUNT:inst7|lpm_divide:Mod4|lpm_divide_c8m:auto_generated|sign_div_unsign_jnh:divider|alt_u_div_86f:divider|StageOut[219]~421             ; 2       ;
; COUNT:inst7|lpm_divide:Mod4|lpm_divide_c8m:auto_generated|sign_div_unsign_jnh:divider|alt_u_div_86f:divider|StageOut[195]~420             ; 2       ;
; COUNT:inst7|lpm_divide:Mod4|lpm_divide_c8m:auto_generated|sign_div_unsign_jnh:divider|alt_u_div_86f:divider|StageOut[196]~419             ; 2       ;
; COUNT:inst7|lpm_divide:Mod4|lpm_divide_c8m:auto_generated|sign_div_unsign_jnh:divider|alt_u_div_86f:divider|StageOut[197]~418             ; 2       ;
; COUNT:inst7|lpm_divide:Mod4|lpm_divide_c8m:auto_generated|sign_div_unsign_jnh:divider|alt_u_div_86f:divider|StageOut[198]~417             ; 2       ;
; COUNT:inst7|lpm_divide:Div4|lpm_divide_mem:auto_generated|sign_div_unsign_0mh:divider|alt_u_div_23f:divider|StageOut[131]~344             ; 2       ;
; COUNT:inst7|lpm_divide:Div4|lpm_divide_mem:auto_generated|sign_div_unsign_0mh:divider|alt_u_div_23f:divider|StageOut[132]~343             ; 2       ;
; COUNT:inst7|lpm_divide:Div4|lpm_divide_mem:auto_generated|sign_div_unsign_0mh:divider|alt_u_div_23f:divider|StageOut[133]~342             ; 2       ;
; COUNT:inst7|lpm_divide:Div4|lpm_divide_mem:auto_generated|sign_div_unsign_0mh:divider|alt_u_div_23f:divider|StageOut[123]~340             ; 2       ;
; COUNT:inst7|lpm_divide:Div4|lpm_divide_mem:auto_generated|sign_div_unsign_0mh:divider|alt_u_div_23f:divider|StageOut[124]~339             ; 2       ;
; COUNT:inst7|lpm_divide:Div4|lpm_divide_mem:auto_generated|sign_div_unsign_0mh:divider|alt_u_div_23f:divider|StageOut[125]~338             ; 2       ;
; COUNT:inst7|lpm_divide:Div4|lpm_divide_mem:auto_generated|sign_div_unsign_0mh:divider|alt_u_div_23f:divider|StageOut[115]~336             ; 2       ;
; COUNT:inst7|lpm_divide:Div4|lpm_divide_mem:auto_generated|sign_div_unsign_0mh:divider|alt_u_div_23f:divider|StageOut[116]~335             ; 2       ;
; COUNT:inst7|lpm_divide:Div4|lpm_divide_mem:auto_generated|sign_div_unsign_0mh:divider|alt_u_div_23f:divider|StageOut[117]~334             ; 2       ;
; COUNT:inst7|lpm_divide:Div4|lpm_divide_mem:auto_generated|sign_div_unsign_0mh:divider|alt_u_div_23f:divider|StageOut[107]~332             ; 2       ;
; COUNT:inst7|lpm_divide:Div4|lpm_divide_mem:auto_generated|sign_div_unsign_0mh:divider|alt_u_div_23f:divider|StageOut[108]~331             ; 2       ;
; COUNT:inst7|lpm_divide:Div4|lpm_divide_mem:auto_generated|sign_div_unsign_0mh:divider|alt_u_div_23f:divider|StageOut[109]~330             ; 2       ;
; COUNT:inst7|lpm_divide:Div4|lpm_divide_mem:auto_generated|sign_div_unsign_0mh:divider|alt_u_div_23f:divider|StageOut[99]~328              ; 2       ;
; COUNT:inst7|lpm_divide:Div4|lpm_divide_mem:auto_generated|sign_div_unsign_0mh:divider|alt_u_div_23f:divider|StageOut[100]~327             ; 2       ;
; COUNT:inst7|lpm_divide:Div4|lpm_divide_mem:auto_generated|sign_div_unsign_0mh:divider|alt_u_div_23f:divider|StageOut[101]~326             ; 2       ;
; COUNT:inst7|lpm_divide:Div4|lpm_divide_mem:auto_generated|sign_div_unsign_0mh:divider|alt_u_div_23f:divider|StageOut[91]~324              ; 2       ;
; COUNT:inst7|lpm_divide:Div4|lpm_divide_mem:auto_generated|sign_div_unsign_0mh:divider|alt_u_div_23f:divider|StageOut[92]~323              ; 2       ;
; COUNT:inst7|lpm_divide:Div4|lpm_divide_mem:auto_generated|sign_div_unsign_0mh:divider|alt_u_div_23f:divider|StageOut[93]~322              ; 2       ;
; COUNT:inst7|lpm_divide:Div4|lpm_divide_mem:auto_generated|sign_div_unsign_0mh:divider|alt_u_div_23f:divider|StageOut[83]~320              ; 2       ;
; COUNT:inst7|lpm_divide:Div4|lpm_divide_mem:auto_generated|sign_div_unsign_0mh:divider|alt_u_div_23f:divider|StageOut[84]~319              ; 2       ;
; COUNT:inst7|lpm_divide:Div4|lpm_divide_mem:auto_generated|sign_div_unsign_0mh:divider|alt_u_div_23f:divider|StageOut[85]~318              ; 2       ;
; COUNT:inst7|lpm_divide:Div4|lpm_divide_mem:auto_generated|sign_div_unsign_0mh:divider|alt_u_div_23f:divider|StageOut[75]~316              ; 2       ;
; COUNT:inst7|lpm_divide:Div4|lpm_divide_mem:auto_generated|sign_div_unsign_0mh:divider|alt_u_div_23f:divider|StageOut[76]~315              ; 2       ;
; COUNT:inst7|lpm_divide:Div4|lpm_divide_mem:auto_generated|sign_div_unsign_0mh:divider|alt_u_div_23f:divider|StageOut[77]~314              ; 2       ;
; COUNT:inst7|lpm_divide:Div4|lpm_divide_mem:auto_generated|sign_div_unsign_0mh:divider|alt_u_div_23f:divider|StageOut[68]~312              ; 2       ;
; COUNT:inst7|lpm_divide:Div4|lpm_divide_mem:auto_generated|sign_div_unsign_0mh:divider|alt_u_div_23f:divider|StageOut[69]~311              ; 2       ;
; COUNT:inst7|lpm_divide:Mod3|lpm_divide_u7m:auto_generated|sign_div_unsign_5nh:divider|alt_u_div_c5f:divider|StageOut[842]~120             ; 2       ;
; COUNT:inst7|lpm_divide:Mod3|lpm_divide_u7m:auto_generated|sign_div_unsign_5nh:divider|alt_u_div_c5f:divider|StageOut[815]~111             ; 2       ;
; COUNT:inst7|lpm_divide:Mod3|lpm_divide_u7m:auto_generated|sign_div_unsign_5nh:divider|alt_u_div_c5f:divider|StageOut[816]~110             ; 2       ;
; COUNT:inst7|lpm_divide:Mod3|lpm_divide_u7m:auto_generated|sign_div_unsign_5nh:divider|alt_u_div_c5f:divider|StageOut[817]~109             ; 2       ;
; COUNT:inst7|lpm_divide:Mod3|lpm_divide_u7m:auto_generated|sign_div_unsign_5nh:divider|alt_u_div_c5f:divider|StageOut[818]~108             ; 2       ;
; COUNT:inst7|lpm_divide:Div3|lpm_divide_ufm:auto_generated|sign_div_unsign_8nh:divider|alt_u_div_i5f:divider|StageOut[680]~542             ; 2       ;
; COUNT:inst7|lpm_divide:Div3|lpm_divide_ufm:auto_generated|sign_div_unsign_8nh:divider|alt_u_div_i5f:divider|StageOut[654]~541             ; 2       ;
; COUNT:inst7|lpm_divide:Div3|lpm_divide_ufm:auto_generated|sign_div_unsign_8nh:divider|alt_u_div_i5f:divider|StageOut[681]~523             ; 2       ;
; COUNT:inst7|lpm_divide:Div3|lpm_divide_ufm:auto_generated|sign_div_unsign_8nh:divider|alt_u_div_i5f:divider|StageOut[655]~522             ; 2       ;
; COUNT:inst7|lpm_divide:Div3|lpm_divide_ufm:auto_generated|sign_div_unsign_8nh:divider|alt_u_div_i5f:divider|StageOut[682]~521             ; 2       ;
; COUNT:inst7|lpm_divide:Div3|lpm_divide_ufm:auto_generated|sign_div_unsign_8nh:divider|alt_u_div_i5f:divider|StageOut[683]~520             ; 2       ;
; COUNT:inst7|lpm_divide:Div3|lpm_divide_ufm:auto_generated|sign_div_unsign_8nh:divider|alt_u_div_i5f:divider|StageOut[684]~519             ; 2       ;
; COUNT:inst7|lpm_divide:Div3|lpm_divide_ufm:auto_generated|sign_div_unsign_8nh:divider|alt_u_div_i5f:divider|StageOut[685]~518             ; 2       ;
; COUNT:inst7|lpm_divide:Div3|lpm_divide_ufm:auto_generated|sign_div_unsign_8nh:divider|alt_u_div_i5f:divider|StageOut[686]~517             ; 2       ;
; COUNT:inst7|lpm_divide:Div3|lpm_divide_ufm:auto_generated|sign_div_unsign_8nh:divider|alt_u_div_i5f:divider|StageOut[687]~516             ; 2       ;
; COUNT:inst7|lpm_divide:Div3|lpm_divide_ufm:auto_generated|sign_div_unsign_8nh:divider|alt_u_div_i5f:divider|StageOut[688]~515             ; 2       ;
; COUNT:inst7|lpm_divide:Div3|lpm_divide_ufm:auto_generated|sign_div_unsign_8nh:divider|alt_u_div_i5f:divider|StageOut[689]~514             ; 2       ;
; COUNT:inst7|lpm_divide:Div3|lpm_divide_ufm:auto_generated|sign_div_unsign_8nh:divider|alt_u_div_i5f:divider|StageOut[690]~513             ; 2       ;
; COUNT:inst7|lpm_divide:Div3|lpm_divide_ufm:auto_generated|sign_div_unsign_8nh:divider|alt_u_div_i5f:divider|StageOut[691]~512             ; 2       ;
; COUNT:inst7|lpm_divide:Div3|lpm_divide_ufm:auto_generated|sign_div_unsign_8nh:divider|alt_u_div_i5f:divider|StageOut[692]~511             ; 2       ;
; COUNT:inst7|lpm_divide:Div3|lpm_divide_ufm:auto_generated|sign_div_unsign_8nh:divider|alt_u_div_i5f:divider|StageOut[693]~510             ; 2       ;
; COUNT:inst7|lpm_divide:Div3|lpm_divide_ufm:auto_generated|sign_div_unsign_8nh:divider|alt_u_div_i5f:divider|StageOut[694]~509             ; 2       ;
; COUNT:inst7|lpm_divide:Div3|lpm_divide_ufm:auto_generated|sign_div_unsign_8nh:divider|alt_u_div_i5f:divider|StageOut[695]~508             ; 2       ;
; COUNT:inst7|lpm_divide:Div3|lpm_divide_ufm:auto_generated|sign_div_unsign_8nh:divider|alt_u_div_i5f:divider|StageOut[696]~507             ; 2       ;
; COUNT:inst7|lpm_divide:Div3|lpm_divide_ufm:auto_generated|sign_div_unsign_8nh:divider|alt_u_div_i5f:divider|StageOut[697]~506             ; 2       ;
; COUNT:inst7|lpm_divide:Div3|lpm_divide_ufm:auto_generated|sign_div_unsign_8nh:divider|alt_u_div_i5f:divider|StageOut[656]~504             ; 2       ;
; COUNT:inst7|lpm_divide:Div3|lpm_divide_ufm:auto_generated|sign_div_unsign_8nh:divider|alt_u_div_i5f:divider|StageOut[657]~503             ; 2       ;
; COUNT:inst7|lpm_divide:Div3|lpm_divide_ufm:auto_generated|sign_div_unsign_8nh:divider|alt_u_div_i5f:divider|StageOut[658]~502             ; 2       ;
; COUNT:inst7|lpm_divide:Div3|lpm_divide_ufm:auto_generated|sign_div_unsign_8nh:divider|alt_u_div_i5f:divider|StageOut[659]~501             ; 2       ;
; COUNT:inst7|lpm_divide:Div3|lpm_divide_ufm:auto_generated|sign_div_unsign_8nh:divider|alt_u_div_i5f:divider|StageOut[660]~500             ; 2       ;
; COUNT:inst7|lpm_divide:Div3|lpm_divide_ufm:auto_generated|sign_div_unsign_8nh:divider|alt_u_div_i5f:divider|StageOut[661]~499             ; 2       ;
; COUNT:inst7|lpm_divide:Div3|lpm_divide_ufm:auto_generated|sign_div_unsign_8nh:divider|alt_u_div_i5f:divider|StageOut[662]~498             ; 2       ;
; COUNT:inst7|lpm_divide:Div3|lpm_divide_ufm:auto_generated|sign_div_unsign_8nh:divider|alt_u_div_i5f:divider|StageOut[663]~497             ; 2       ;
; COUNT:inst7|lpm_divide:Div3|lpm_divide_ufm:auto_generated|sign_div_unsign_8nh:divider|alt_u_div_i5f:divider|StageOut[664]~496             ; 2       ;
; COUNT:inst7|lpm_divide:Div3|lpm_divide_ufm:auto_generated|sign_div_unsign_8nh:divider|alt_u_div_i5f:divider|StageOut[665]~495             ; 2       ;
; COUNT:inst7|lpm_divide:Div3|lpm_divide_ufm:auto_generated|sign_div_unsign_8nh:divider|alt_u_div_i5f:divider|StageOut[666]~494             ; 2       ;
; COUNT:inst7|lpm_divide:Div3|lpm_divide_ufm:auto_generated|sign_div_unsign_8nh:divider|alt_u_div_i5f:divider|StageOut[667]~493             ; 2       ;
; COUNT:inst7|lpm_divide:Div3|lpm_divide_ufm:auto_generated|sign_div_unsign_8nh:divider|alt_u_div_i5f:divider|StageOut[668]~492             ; 2       ;
; COUNT:inst7|lpm_divide:Div3|lpm_divide_ufm:auto_generated|sign_div_unsign_8nh:divider|alt_u_div_i5f:divider|StageOut[669]~491             ; 2       ;
; COUNT:inst7|lpm_divide:Div3|lpm_divide_ufm:auto_generated|sign_div_unsign_8nh:divider|alt_u_div_i5f:divider|StageOut[670]~490             ; 2       ;
; COUNT:inst7|lpm_divide:Div3|lpm_divide_ufm:auto_generated|sign_div_unsign_8nh:divider|alt_u_div_i5f:divider|StageOut[671]~489             ; 2       ;
; COUNT:inst7|lpm_divide:Div3|lpm_divide_ufm:auto_generated|sign_div_unsign_8nh:divider|alt_u_div_i5f:divider|StageOut[672]~488             ; 2       ;
; COUNT:inst7|lpm_divide:Div3|lpm_divide_ufm:auto_generated|sign_div_unsign_8nh:divider|alt_u_div_i5f:divider|StageOut[634]~486             ; 2       ;
; COUNT:inst7|lpm_divide:Div3|lpm_divide_ufm:auto_generated|sign_div_unsign_8nh:divider|alt_u_div_i5f:divider|StageOut[635]~485             ; 2       ;
; COUNT:inst7|lpm_divide:Div3|lpm_divide_ufm:auto_generated|sign_div_unsign_8nh:divider|alt_u_div_i5f:divider|StageOut[636]~484             ; 2       ;
; COUNT:inst7|lpm_divide:Div3|lpm_divide_ufm:auto_generated|sign_div_unsign_8nh:divider|alt_u_div_i5f:divider|StageOut[637]~483             ; 2       ;
; COUNT:inst7|lpm_divide:Div3|lpm_divide_ufm:auto_generated|sign_div_unsign_8nh:divider|alt_u_div_i5f:divider|StageOut[638]~482             ; 2       ;
; COUNT:inst7|lpm_divide:Div3|lpm_divide_ufm:auto_generated|sign_div_unsign_8nh:divider|alt_u_div_i5f:divider|StageOut[639]~481             ; 2       ;
; COUNT:inst7|lpm_divide:Div3|lpm_divide_ufm:auto_generated|sign_div_unsign_8nh:divider|alt_u_div_i5f:divider|StageOut[640]~480             ; 2       ;
; COUNT:inst7|lpm_divide:Div3|lpm_divide_ufm:auto_generated|sign_div_unsign_8nh:divider|alt_u_div_i5f:divider|StageOut[641]~479             ; 2       ;
+-------------------------------------------------------------------------------------------------------------------------------------------+---------+


+--------------------------------------------------------+
; Other Routing Usage Summary                            ;
+-----------------------------+--------------------------+
; Other Routing Resource Type ; Usage                    ;
+-----------------------------+--------------------------+
; Block interconnects         ; 11,607 / 197,592 ( 6 % ) ;
; C16 interconnects           ; 77 / 6,270 ( 1 % )       ;
; C4 interconnects            ; 4,865 / 123,120 ( 4 % )  ;
; Direct links                ; 3,232 / 197,592 ( 2 % )  ;
; Global clocks               ; 9 / 16 ( 56 % )          ;
; Local interconnects         ; 2,593 / 68,416 ( 4 % )   ;
; R24 interconnects           ; 158 / 5,926 ( 3 % )      ;
; R4 interconnects            ; 4,959 / 167,484 ( 3 % )  ;
+-----------------------------+--------------------------+


+-----------------------------------------------------------------------------+
; LAB Logic Elements                                                          ;
+---------------------------------------------+-------------------------------+
; Number of Logic Elements  (Average = 13.69) ; Number of LABs  (Total = 667) ;
+---------------------------------------------+-------------------------------+
; 1                                           ; 22                            ;
; 2                                           ; 7                             ;
; 3                                           ; 8                             ;
; 4                                           ; 18                            ;
; 5                                           ; 16                            ;
; 6                                           ; 5                             ;
; 7                                           ; 14                            ;
; 8                                           ; 5                             ;
; 9                                           ; 6                             ;
; 10                                          ; 8                             ;
; 11                                          ; 13                            ;
; 12                                          ; 25                            ;
; 13                                          ; 20                            ;
; 14                                          ; 35                            ;
; 15                                          ; 19                            ;
; 16                                          ; 446                           ;
+---------------------------------------------+-------------------------------+


+--------------------------------------------------------------------+
; LAB-wide Signals                                                   ;
+------------------------------------+-------------------------------+
; LAB-wide Signals  (Average = 0.18) ; Number of LABs  (Total = 667) ;
+------------------------------------+-------------------------------+
; 1 Async. clear                     ; 17                            ;
; 1 Clock                            ; 47                            ;
; 1 Clock enable                     ; 36                            ;
; 1 Sync. clear                      ; 5                             ;
; 1 Sync. load                       ; 4                             ;
; 2 Async. clears                    ; 1                             ;
; 2 Clock enables                    ; 4                             ;
; 2 Clocks                           ; 3                             ;
+------------------------------------+-------------------------------+


+------------------------------------------------------------------------------+
; LAB Signals Sourced                                                          ;
+----------------------------------------------+-------------------------------+
; Number of Signals Sourced  (Average = 13.36) ; Number of LABs  (Total = 667) ;
+----------------------------------------------+-------------------------------+
; 0                                            ; 0                             ;
; 1                                            ; 22                            ;
; 2                                            ; 9                             ;
; 3                                            ; 9                             ;
; 4                                            ; 19                            ;
; 5                                            ; 17                            ;
; 6                                            ; 18                            ;
; 7                                            ; 16                            ;
; 8                                            ; 6                             ;
; 9                                            ; 8                             ;
; 10                                           ; 13                            ;
; 11                                           ; 17                            ;
; 12                                           ; 24                            ;
; 13                                           ; 23                            ;
; 14                                           ; 32                            ;
; 15                                           ; 104                           ;
; 16                                           ; 301                           ;
; 17                                           ; 5                             ;
; 18                                           ; 5                             ;
; 19                                           ; 5                             ;
; 20                                           ; 2                             ;
; 21                                           ; 2                             ;
; 22                                           ; 1                             ;
; 23                                           ; 1                             ;
; 24                                           ; 2                             ;
; 25                                           ; 0                             ;
; 26                                           ; 0                             ;
; 27                                           ; 1                             ;
; 28                                           ; 2                             ;
; 29                                           ; 1                             ;
; 30                                           ; 1                             ;
; 31                                           ; 1                             ;
+----------------------------------------------+-------------------------------+


+----------------------------------------------------------------------------------+
; LAB Signals Sourced Out                                                          ;
+--------------------------------------------------+-------------------------------+
; Number of Signals Sourced Out  (Average = 10.70) ; Number of LABs  (Total = 667) ;
+--------------------------------------------------+-------------------------------+
; 0                                                ; 1                             ;
; 1                                                ; 41                            ;
; 2                                                ; 10                            ;
; 3                                                ; 23                            ;
; 4                                                ; 36                            ;
; 5                                                ; 28                            ;
; 6                                                ; 13                            ;
; 7                                                ; 28                            ;
; 8                                                ; 19                            ;
; 9                                                ; 26                            ;
; 10                                               ; 39                            ;
; 11                                               ; 44                            ;
; 12                                               ; 37                            ;
; 13                                               ; 76                            ;
; 14                                               ; 61                            ;
; 15                                               ; 63                            ;
; 16                                               ; 121                           ;
; 17                                               ; 0                             ;
; 18                                               ; 0                             ;
; 19                                               ; 0                             ;
; 20                                               ; 1                             ;
+--------------------------------------------------+-------------------------------+


+------------------------------------------------------------------------------+
; LAB Distinct Inputs                                                          ;
+----------------------------------------------+-------------------------------+
; Number of Distinct Inputs  (Average = 16.48) ; Number of LABs  (Total = 667) ;
+----------------------------------------------+-------------------------------+
; 0                                            ; 0                             ;
; 1                                            ; 3                             ;
; 2                                            ; 11                            ;
; 3                                            ; 10                            ;
; 4                                            ; 26                            ;
; 5                                            ; 18                            ;
; 6                                            ; 20                            ;
; 7                                            ; 9                             ;
; 8                                            ; 14                            ;
; 9                                            ; 21                            ;
; 10                                           ; 24                            ;
; 11                                           ; 16                            ;
; 12                                           ; 17                            ;
; 13                                           ; 39                            ;
; 14                                           ; 36                            ;
; 15                                           ; 36                            ;
; 16                                           ; 24                            ;
; 17                                           ; 34                            ;
; 18                                           ; 40                            ;
; 19                                           ; 42                            ;
; 20                                           ; 28                            ;
; 21                                           ; 18                            ;
; 22                                           ; 28                            ;
; 23                                           ; 30                            ;
; 24                                           ; 13                            ;
; 25                                           ; 17                            ;
; 26                                           ; 18                            ;
; 27                                           ; 21                            ;
; 28                                           ; 12                            ;
; 29                                           ; 9                             ;
; 30                                           ; 28                            ;
; 31                                           ; 3                             ;
; 32                                           ; 2                             ;
+----------------------------------------------+-------------------------------+


+-------------------------------------------------------------------------+
; Fitter Device Options                                                   ;
+----------------------------------------------+--------------------------+
; Option                                       ; Setting                  ;
+----------------------------------------------+--------------------------+
; Enable user-supplied start-up clock (CLKUSR) ; Off                      ;
; Enable device-wide reset (DEV_CLRn)          ; Off                      ;
; Enable device-wide output enable (DEV_OE)    ; Off                      ;
; Enable INIT_DONE output                      ; Off                      ;
; Configuration scheme                         ; Active Serial            ;
; Error detection CRC                          ; Off                      ;
; nCEO                                         ; Unreserved               ;
; ASDO,nCSO                                    ; As input tri-stated      ;
; Reserve all unused pins                      ; As output driving ground ;
; Base pin-out file on sameframe device        ; Off                      ;
+----------------------------------------------+--------------------------+


+------------------------------------+
; Operating Settings and Conditions  ;
+---------------------------+--------+
; Setting                   ; Value  ;
+---------------------------+--------+
; Nominal Core Voltage      ; 1.20 V ;
; Low Junction Temperature  ; 0 °C   ;
; High Junction Temperature ; 85 °C  ;
+---------------------------+--------+


+-----------------------------------------------------------------------------+
; Estimated Delay Added for Hold Timing Summary                               ;
+-----------------+---------------------------------------+-------------------+
; Source Clock(s) ; Destination Clock(s)                  ; Delay Added in ns ;
+-----------------+---------------------------------------+-------------------+
; I/O             ; KEY3                                  ; 6.1               ;
; FD:inst|Q1      ; MAIN:inst8|CS.S1                      ; 6.0               ;
; FD:inst|Q1      ; MAIN:inst8|CS.SCT1,MAIN:inst8|CS.SCT0 ; 5.9               ;
; FD:inst|Q1      ; MAIN:inst8|CS.SCT1                    ; 3.4               ;
; FD:inst|Q1      ; MAIN:inst8|CS.SCT0                    ; 3.4               ;
+-----------------+---------------------------------------+-------------------+
Note: For more information on problematic transfers, consider running the Fitter again with the Optimize hold timing option (Settings Menu) turned off.
This will disable optimization of problematic paths and expose them for further analysis using either the TimeQuest Timing Analyzer or the Classic Timing Analyzer.


+------------------------------------------------------------------------+
; Estimated Delay Added for Hold Timing Details                          ;
+---------------------+------------------------------+-------------------+
; Source Register     ; Destination Register         ; Delay Added in ns ;
+---------------------+------------------------------+-------------------+
; KEY3                ; OUT3[0]                      ; 6.095             ;
; MAIN:inst8|CS.SCT0  ; MAIN:inst8|DOT               ; 5.952             ;
; MAIN:inst8|CS.SCT1  ; MAIN:inst8|DOT               ; 5.952             ;
; MAIN:inst8|CS.SLAST ; MAIN:inst8|LAST_EN           ; 3.189             ;
; MAIN:inst8|CS.SSUM  ; COUNT:inst7|LAST_ARRAY[3][0] ; 2.348             ;
; MAIN:inst8|CS.S1    ; MAIN:inst8|LAST_EN           ; 0.645             ;
+---------------------+------------------------------+-------------------+
Note: This table only shows the top 6 path(s) that have the largest delay added for hold.


+-----------------+
; Fitter Messages ;
+-----------------+
Warning (20028): Parallel compilation is not licensed and has been disabled
Info (119006): Selected device EP2C70F896C6 for design "taxi"
Info (21077): Low junction temperature is 0 degrees C
Info (21077): High junction temperature is 85 degrees C
Info (171003): Fitter is performing an Auto Fit compilation, which may decrease Fitter effort to reduce compilation time
Warning (292013): Feature LogicLock is only available with a valid subscription license. You can purchase a software subscription to gain full access to this feature.
Info (176444): Device migration not selected. If you intend to use device migration later, you may need to change the pin assignments as they may be incompatible with other devices
Info (169124): Fitter converted 2 user pins into dedicated programming pins
    Info (169125): Pin ~ASDO~ is reserved at location G7
    Info (169125): Pin ~nCSO~ is reserved at location K9
Warning (335093): TimeQuest Timing Analyzer is analyzing 30 combinational loops as latches.
Critical Warning (332012): Synopsys Design Constraints File file not found: 'taxi.sdc'. A Synopsys Design Constraints File is required by the TimeQuest Timing Analyzer to get proper timing constraints. Without it, the Compiler will not properly optimize the design.
Info (332144): No user constrained base clocks found in the design
Info (332097): The following timing edges are non-unate.  TimeQuest will assume pos-unate behavior for these edges in the clock network.
    Info (332098): Cell: inst3|MCLK  from: datac  to: combout
    Info (332098): Cell: inst4|MCLK  from: datac  to: combout
Info (332130): Timing requirements not specified -- quality metrics such as performance may be sacrificed to reduce compilation time.
Info (176353): Automatically promoted node FD2:inst1|Q1 
    Info (176355): Automatically promoted destinations to use location or clock signal Global Clock
    Info (176356): Following destination nodes may be non-global or may not use global or regional clocks
        Info (176357): Destination node CLOCK_M:inst3|MCLK
Info (176353): Automatically promoted node CLK (placed in PIN AD15 (CLK13, LVDSCLK6p, Input))
    Info (176355): Automatically promoted destinations to use location or clock signal Global Clock CLKCTRL_G14
Info (176353): Automatically promoted node MAIN:inst8|ST 
    Info (176355): Automatically promoted destinations to use location or clock signal Global Clock
    Info (176356): Following destination nodes may be non-global or may not use global or regional clocks
        Info (176357): Destination node COUNT:inst7|DIS[18]
        Info (176357): Destination node COUNT:inst7|DIS[17]
        Info (176357): Destination node COUNT:inst7|DIS[16]
        Info (176357): Destination node COUNT:inst7|DIS[15]
        Info (176357): Destination node COUNT:inst7|DIS[14]
        Info (176357): Destination node COUNT:inst7|DIS[13]
        Info (176357): Destination node COUNT:inst7|DIS[12]
        Info (176357): Destination node COUNT:inst7|DIS[11]
        Info (176357): Destination node COUNT:inst7|DIS[10]
        Info (176357): Destination node COUNT:inst7|DIS[9]
        Info (176358): Non-global destination nodes limited to 10 nodes
Info (176353): Automatically promoted node FD:inst|Q1 
    Info (176355): Automatically promoted destinations to use location or clock signal Global Clock
    Info (176356): Following destination nodes may be non-global or may not use global or regional clocks
        Info (176357): Destination node MAIN:inst8|CS.SSUM
        Info (176357): Destination node MAIN:inst8|CS.SLAST
        Info (176357): Destination node MAIN:inst8|CS.SRUN1
Info (176353): Automatically promoted node MAIN:inst8|CS.SRUN0 
    Info (176355): Automatically promoted destinations to use location or clock signal Global Clock
    Info (176356): Following destination nodes may be non-global or may not use global or regional clocks
        Info (176357): Destination node COUNT:inst7|RES0[3]~0
        Info (176357): Destination node MAIN:inst8|ST
        Info (176357): Destination node MAIN:inst8|Selector3~1
Info (176353): Automatically promoted node CLOCK_H:inst4|MCLK 
    Info (176355): Automatically promoted destinations to use location or clock signal Global Clock
Info (176353): Automatically promoted node CLOCK_M:inst3|MCLK 
    Info (176355): Automatically promoted destinations to use location or clock signal Global Clock
    Info (176356): Following destination nodes may be non-global or may not use global or regional clocks
        Info (176357): Destination node CLOCK_M:inst3|cout
Info (176353): Automatically promoted node MAIN:inst8|CS.SCT0 
    Info (176355): Automatically promoted destinations to use location or clock signal Global Clock
    Info (176356): Following destination nodes may be non-global or may not use global or regional clocks
        Info (176357): Destination node MAIN:inst8|Selector26~1
        Info (176357): Destination node MAIN:inst8|Selector26~3
        Info (176357): Destination node MAIN:inst8|MM0[0]~0
        Info (176357): Destination node MAIN:inst8|MM0[1]~1
        Info (176357): Destination node MAIN:inst8|MM0[2]~2
        Info (176357): Destination node MAIN:inst8|MM0[3]~3
        Info (176357): Destination node MAIN:inst8|MM1[0]~0
        Info (176357): Destination node MAIN:inst8|MM1[1]~1
        Info (176357): Destination node MAIN:inst8|MM1[2]~2
        Info (176357): Destination node MAIN:inst8|MM1[3]~3
        Info (176358): Non-global destination nodes limited to 10 nodes
Info (176353): Automatically promoted node MAIN:inst8|CS.SCT1 
    Info (176355): Automatically promoted destinations to use location or clock signal Global Clock
    Info (176356): Following destination nodes may be non-global or may not use global or regional clocks
        Info (176357): Destination node MAIN:inst8|Selector26~1
        Info (176357): Destination node MAIN:inst8|Selector26~3
        Info (176357): Destination node MAIN:inst8|HH0~0
        Info (176357): Destination node MAIN:inst8|HH0~1
        Info (176357): Destination node MAIN:inst8|HH0~2
        Info (176357): Destination node MAIN:inst8|HH0~3
        Info (176357): Destination node MAIN:inst8|HH1~0
        Info (176357): Destination node MAIN:inst8|HH1~1
        Info (176357): Destination node MAIN:inst8|HH1~2
        Info (176357): Destination node MAIN:inst8|HH1~3
        Info (176358): Non-global destination nodes limited to 10 nodes
Info (176233): Starting register packing
Info (176235): Finished register packing
    Extra Info (176219): No registers were packed into other blocks
Info (171121): Fitter preparation operations ending: elapsed time is 00:00:01
Info (170189): Fitter placement preparation operations beginning
Info (170190): Fitter placement preparation operations ending: elapsed time is 00:00:04
Info (170191): Fitter placement operations beginning
Info (170137): Fitter placement was successful
Info (170192): Fitter placement operations ending: elapsed time is 00:00:16
Info (170193): Fitter routing operations beginning
Info (170195): Router estimated average interconnect usage is 3% of the available device resources
    Info (170196): Router estimated peak interconnect usage is 18% of the available device resources in the region that extends from location X36_Y13 to location X47_Y25
Info (170194): Fitter routing operations ending: elapsed time is 00:00:07
Info (170199): The Fitter performed an Auto Fit compilation.  Optimizations were skipped to reduce compilation time.
    Info (170201): Optimizations that may affect the design's routability were skipped
Info (11888): Total time spent on timing analysis during the Fitter is 4.22 seconds.
Info (306004): Started post-fitting delay annotation
Warning (306006): Found 64 output pins without output pin load capacitance assignment
    Info (306007): Pin "dot0" has no specified output pin load capacitance -- assuming default load capacitance of 0 pF for timing analysis
    Info (306007): Pin "dot1" has no specified output pin load capacitance -- assuming default load capacitance of 0 pF for timing analysis
    Info (306007): Pin "dot2" has no specified output pin load capacitance -- assuming default load capacitance of 0 pF for timing analysis
    Info (306007): Pin "dot3" has no specified output pin load capacitance -- assuming default load capacitance of 0 pF for timing analysis
    Info (306007): Pin "dot4" has no specified output pin load capacitance -- assuming default load capacitance of 0 pF for timing analysis
    Info (306007): Pin "dot5" has no specified output pin load capacitance -- assuming default load capacitance of 0 pF for timing analysis
    Info (306007): Pin "dot6" has no specified output pin load capacitance -- assuming default load capacitance of 0 pF for timing analysis
    Info (306007): Pin "dot7" has no specified output pin load capacitance -- assuming default load capacitance of 0 pF for timing analysis
    Info (306007): Pin "OUT0[6]" has no specified output pin load capacitance -- assuming default load capacitance of 0 pF for timing analysis
    Info (306007): Pin "OUT0[5]" has no specified output pin load capacitance -- assuming default load capacitance of 0 pF for timing analysis
    Info (306007): Pin "OUT0[4]" has no specified output pin load capacitance -- assuming default load capacitance of 0 pF for timing analysis
    Info (306007): Pin "OUT0[3]" has no specified output pin load capacitance -- assuming default load capacitance of 0 pF for timing analysis
    Info (306007): Pin "OUT0[2]" has no specified output pin load capacitance -- assuming default load capacitance of 0 pF for timing analysis
    Info (306007): Pin "OUT0[1]" has no specified output pin load capacitance -- assuming default load capacitance of 0 pF for timing analysis
    Info (306007): Pin "OUT0[0]" has no specified output pin load capacitance -- assuming default load capacitance of 0 pF for timing analysis
    Info (306007): Pin "OUT1[6]" has no specified output pin load capacitance -- assuming default load capacitance of 0 pF for timing analysis
    Info (306007): Pin "OUT1[5]" has no specified output pin load capacitance -- assuming default load capacitance of 0 pF for timing analysis
    Info (306007): Pin "OUT1[4]" has no specified output pin load capacitance -- assuming default load capacitance of 0 pF for timing analysis
    Info (306007): Pin "OUT1[3]" has no specified output pin load capacitance -- assuming default load capacitance of 0 pF for timing analysis
    Info (306007): Pin "OUT1[2]" has no specified output pin load capacitance -- assuming default load capacitance of 0 pF for timing analysis
    Info (306007): Pin "OUT1[1]" has no specified output pin load capacitance -- assuming default load capacitance of 0 pF for timing analysis
    Info (306007): Pin "OUT1[0]" has no specified output pin load capacitance -- assuming default load capacitance of 0 pF for timing analysis
    Info (306007): Pin "OUT2[6]" has no specified output pin load capacitance -- assuming default load capacitance of 0 pF for timing analysis
    Info (306007): Pin "OUT2[5]" has no specified output pin load capacitance -- assuming default load capacitance of 0 pF for timing analysis
    Info (306007): Pin "OUT2[4]" has no specified output pin load capacitance -- assuming default load capacitance of 0 pF for timing analysis
    Info (306007): Pin "OUT2[3]" has no specified output pin load capacitance -- assuming default load capacitance of 0 pF for timing analysis
    Info (306007): Pin "OUT2[2]" has no specified output pin load capacitance -- assuming default load capacitance of 0 pF for timing analysis
    Info (306007): Pin "OUT2[1]" has no specified output pin load capacitance -- assuming default load capacitance of 0 pF for timing analysis
    Info (306007): Pin "OUT2[0]" has no specified output pin load capacitance -- assuming default load capacitance of 0 pF for timing analysis
    Info (306007): Pin "OUT3[6]" has no specified output pin load capacitance -- assuming default load capacitance of 0 pF for timing analysis
    Info (306007): Pin "OUT3[5]" has no specified output pin load capacitance -- assuming default load capacitance of 0 pF for timing analysis
    Info (306007): Pin "OUT3[4]" has no specified output pin load capacitance -- assuming default load capacitance of 0 pF for timing analysis
    Info (306007): Pin "OUT3[3]" has no specified output pin load capacitance -- assuming default load capacitance of 0 pF for timing analysis
    Info (306007): Pin "OUT3[2]" has no specified output pin load capacitance -- assuming default load capacitance of 0 pF for timing analysis
    Info (306007): Pin "OUT3[1]" has no specified output pin load capacitance -- assuming default load capacitance of 0 pF for timing analysis
    Info (306007): Pin "OUT3[0]" has no specified output pin load capacitance -- assuming default load capacitance of 0 pF for timing analysis
    Info (306007): Pin "OUT4[6]" has no specified output pin load capacitance -- assuming default load capacitance of 0 pF for timing analysis
    Info (306007): Pin "OUT4[5]" has no specified output pin load capacitance -- assuming default load capacitance of 0 pF for timing analysis
    Info (306007): Pin "OUT4[4]" has no specified output pin load capacitance -- assuming default load capacitance of 0 pF for timing analysis
    Info (306007): Pin "OUT4[3]" has no specified output pin load capacitance -- assuming default load capacitance of 0 pF for timing analysis
    Info (306007): Pin "OUT4[2]" has no specified output pin load capacitance -- assuming default load capacitance of 0 pF for timing analysis
    Info (306007): Pin "OUT4[1]" has no specified output pin load capacitance -- assuming default load capacitance of 0 pF for timing analysis
    Info (306007): Pin "OUT4[0]" has no specified output pin load capacitance -- assuming default load capacitance of 0 pF for timing analysis
    Info (306007): Pin "OUT5[6]" has no specified output pin load capacitance -- assuming default load capacitance of 0 pF for timing analysis
    Info (306007): Pin "OUT5[5]" has no specified output pin load capacitance -- assuming default load capacitance of 0 pF for timing analysis
    Info (306007): Pin "OUT5[4]" has no specified output pin load capacitance -- assuming default load capacitance of 0 pF for timing analysis
    Info (306007): Pin "OUT5[3]" has no specified output pin load capacitance -- assuming default load capacitance of 0 pF for timing analysis
    Info (306007): Pin "OUT5[2]" has no specified output pin load capacitance -- assuming default load capacitance of 0 pF for timing analysis
    Info (306007): Pin "OUT5[1]" has no specified output pin load capacitance -- assuming default load capacitance of 0 pF for timing analysis
    Info (306007): Pin "OUT5[0]" has no specified output pin load capacitance -- assuming default load capacitance of 0 pF for timing analysis
    Info (306007): Pin "OUT6[6]" has no specified output pin load capacitance -- assuming default load capacitance of 0 pF for timing analysis
    Info (306007): Pin "OUT6[5]" has no specified output pin load capacitance -- assuming default load capacitance of 0 pF for timing analysis
    Info (306007): Pin "OUT6[4]" has no specified output pin load capacitance -- assuming default load capacitance of 0 pF for timing analysis
    Info (306007): Pin "OUT6[3]" has no specified output pin load capacitance -- assuming default load capacitance of 0 pF for timing analysis
    Info (306007): Pin "OUT6[2]" has no specified output pin load capacitance -- assuming default load capacitance of 0 pF for timing analysis
    Info (306007): Pin "OUT6[1]" has no specified output pin load capacitance -- assuming default load capacitance of 0 pF for timing analysis
    Info (306007): Pin "OUT6[0]" has no specified output pin load capacitance -- assuming default load capacitance of 0 pF for timing analysis
    Info (306007): Pin "OUT7[6]" has no specified output pin load capacitance -- assuming default load capacitance of 0 pF for timing analysis
    Info (306007): Pin "OUT7[5]" has no specified output pin load capacitance -- assuming default load capacitance of 0 pF for timing analysis
    Info (306007): Pin "OUT7[4]" has no specified output pin load capacitance -- assuming default load capacitance of 0 pF for timing analysis
    Info (306007): Pin "OUT7[3]" has no specified output pin load capacitance -- assuming default load capacitance of 0 pF for timing analysis
    Info (306007): Pin "OUT7[2]" has no specified output pin load capacitance -- assuming default load capacitance of 0 pF for timing analysis
    Info (306007): Pin "OUT7[1]" has no specified output pin load capacitance -- assuming default load capacitance of 0 pF for timing analysis
    Info (306007): Pin "OUT7[0]" has no specified output pin load capacitance -- assuming default load capacitance of 0 pF for timing analysis
Info (306005): Delay annotation completed successfully
Info (306004): Started post-fitting delay annotation
Info (306005): Delay annotation completed successfully
Info (11218): Fitter post-fit operations ending: elapsed time is 00:00:02
Warning (169174): The Reserve All Unused Pins setting has not been specified, and will default to 'As output driving ground'.
Info (144001): Generated suppressed messages file D:/FPGA/taxi/output_files/taxi.fit.smsg
Info: Quartus II 64-Bit Fitter was successful. 0 errors, 6 warnings
    Info: Peak virtual memory: 5047 megabytes
    Info: Processing ended: Sun Apr 20 21:34:18 2025
    Info: Elapsed time: 00:00:38
    Info: Total CPU time (on all processors): 00:00:37


+----------------------------+
; Fitter Suppressed Messages ;
+----------------------------+
The suppressed messages can be found in D:/FPGA/taxi/output_files/taxi.fit.smsg.


