TimeQuest Timing Analyzer report for taxi
Sun Apr 20 19:51:20 2025
Quartus II 64-Bit Version 13.0.1 Build 232 06/12/2013 Service Pack 1 SJ Web Edition


---------------------
; Table of Contents ;
---------------------
  1. Legal Notice
  2. TimeQuest Timing Analyzer Summary
  3. Parallel Compilation
  4. Clocks
  5. Slow Model Fmax Summary
  6. Slow Model Setup Summary
  7. Slow Model Hold Summary
  8. Slow Model Recovery Summary
  9. Slow Model Removal Summary
 10. Slow Model Minimum Pulse Width Summary
 11. Slow Model Setup: 'FD2:inst1|Q1'
 12. Slow Model Setup: 'MAIN:inst8|CS.SCT1'
 13. Slow Model Setup: 'MAIN:inst8|CS.SCT0'
 14. Slow Model Setup: 'CLK'
 15. Slow Model Setup: 'CT0'
 16. Slow Model Setup: 'MAIN:inst8|CS.S1'
 17. Slow Model Setup: 'FD:inst|Q1'
 18. Slow Model Setup: 'MAIN:inst8|CS.SRUN0'
 19. Slow Model Hold: 'MAIN:inst8|CS.SCT0'
 20. Slow Model Hold: 'MAIN:inst8|CS.SCT1'
 21. Slow Model Hold: 'CT0'
 22. Slow Model Hold: 'FD:inst|Q1'
 23. Slow Model Hold: 'FD2:inst1|Q1'
 24. Slow Model Hold: 'MAIN:inst8|CS.SRUN0'
 25. Slow Model Hold: 'CLK'
 26. Slow Model Hold: 'MAIN:inst8|CS.S1'
 27. Slow Model Recovery: 'FD:inst|Q1'
 28. Slow Model Recovery: 'FD2:inst1|Q1'
 29. Slow Model Recovery: 'MAIN:inst8|CS.SRUN0'
 30. Slow Model Removal: 'MAIN:inst8|CS.SRUN0'
 31. Slow Model Removal: 'FD2:inst1|Q1'
 32. Slow Model Removal: 'FD:inst|Q1'
 33. Slow Model Minimum Pulse Width: 'CLK'
 34. Slow Model Minimum Pulse Width: 'CT0'
 35. Slow Model Minimum Pulse Width: 'FD2:inst1|Q1'
 36. Slow Model Minimum Pulse Width: 'FD:inst|Q1'
 37. Slow Model Minimum Pulse Width: 'MAIN:inst8|CS.SCT0'
 38. Slow Model Minimum Pulse Width: 'MAIN:inst8|CS.SCT1'
 39. Slow Model Minimum Pulse Width: 'MAIN:inst8|CS.SRUN0'
 40. Slow Model Minimum Pulse Width: 'MAIN:inst8|CS.S1'
 41. Setup Times
 42. Hold Times
 43. Clock to Output Times
 44. Minimum Clock to Output Times
 45. Propagation Delay
 46. Minimum Propagation Delay
 47. Fast Model Setup Summary
 48. Fast Model Hold Summary
 49. Fast Model Recovery Summary
 50. Fast Model Removal Summary
 51. Fast Model Minimum Pulse Width Summary
 52. Fast Model Setup: 'FD2:inst1|Q1'
 53. Fast Model Setup: 'MAIN:inst8|CS.SCT1'
 54. Fast Model Setup: 'MAIN:inst8|CS.SCT0'
 55. Fast Model Setup: 'CLK'
 56. Fast Model Setup: 'CT0'
 57. Fast Model Setup: 'MAIN:inst8|CS.S1'
 58. Fast Model Setup: 'FD:inst|Q1'
 59. Fast Model Setup: 'MAIN:inst8|CS.SRUN0'
 60. Fast Model Hold: 'MAIN:inst8|CS.SCT0'
 61. Fast Model Hold: 'MAIN:inst8|CS.SCT1'
 62. Fast Model Hold: 'CT0'
 63. Fast Model Hold: 'FD:inst|Q1'
 64. Fast Model Hold: 'FD2:inst1|Q1'
 65. Fast Model Hold: 'MAIN:inst8|CS.SRUN0'
 66. Fast Model Hold: 'CLK'
 67. Fast Model Hold: 'MAIN:inst8|CS.S1'
 68. Fast Model Recovery: 'FD2:inst1|Q1'
 69. Fast Model Recovery: 'FD:inst|Q1'
 70. Fast Model Recovery: 'MAIN:inst8|CS.SRUN0'
 71. Fast Model Removal: 'MAIN:inst8|CS.SRUN0'
 72. Fast Model Removal: 'FD:inst|Q1'
 73. Fast Model Removal: 'FD2:inst1|Q1'
 74. Fast Model Minimum Pulse Width: 'CLK'
 75. Fast Model Minimum Pulse Width: 'CT0'
 76. Fast Model Minimum Pulse Width: 'FD2:inst1|Q1'
 77. Fast Model Minimum Pulse Width: 'FD:inst|Q1'
 78. Fast Model Minimum Pulse Width: 'MAIN:inst8|CS.SCT0'
 79. Fast Model Minimum Pulse Width: 'MAIN:inst8|CS.SCT1'
 80. Fast Model Minimum Pulse Width: 'MAIN:inst8|CS.SRUN0'
 81. Fast Model Minimum Pulse Width: 'MAIN:inst8|CS.S1'
 82. Setup Times
 83. Hold Times
 84. Clock to Output Times
 85. Minimum Clock to Output Times
 86. Propagation Delay
 87. Minimum Propagation Delay
 88. Multicorner Timing Analysis Summary
 89. Setup Times
 90. Hold Times
 91. Clock to Output Times
 92. Minimum Clock to Output Times
 93. Progagation Delay
 94. Minimum Progagation Delay
 95. Setup Transfers
 96. Hold Transfers
 97. Recovery Transfers
 98. Removal Transfers
 99. Report TCCS
100. Report RSKM
101. Unconstrained Paths
102. TimeQuest Timing Analyzer Messages



----------------
; Legal Notice ;
----------------
Copyright (C) 1991-2013 Altera Corporation
Your use of Altera Corporation's design tools, logic functions 
and other software and tools, and its AMPP partner logic 
functions, and any output files from any of the foregoing 
(including device programming or simulation files), and any 
associated documentation or information are expressly subject 
to the terms and conditions of the Altera Program License 
Subscription Agreement, Altera MegaCore Function License 
Agreement, or other applicable license agreement, including, 
without limitation, that your use is for the sole purpose of 
programming logic devices manufactured by Altera and sold by 
Altera or its authorized distributors.  Please refer to the 
applicable agreement for further details.



+----------------------------------------------------------------------------------------+
; TimeQuest Timing Analyzer Summary                                                      ;
+--------------------+-------------------------------------------------------------------+
; Quartus II Version ; Version 13.0.1 Build 232 06/12/2013 Service Pack 1 SJ Web Edition ;
; Revision Name      ; taxi                                                              ;
; Device Family      ; Cyclone II                                                        ;
; Device Name        ; EP2C70F896C6                                                      ;
; Timing Models      ; Final                                                             ;
; Delay Model        ; Combined                                                          ;
; Rise/Fall Delays   ; Unavailable                                                       ;
+--------------------+-------------------------------------------------------------------+


Parallel compilation was disabled, but you have multiple processors available. Enable parallel compilation to reduce compilation time.
+-------------------------------------+
; Parallel Compilation                ;
+----------------------------+--------+
; Processors                 ; Number ;
+----------------------------+--------+
; Number detected on machine ; 12     ;
; Maximum allowed            ; 1      ;
+----------------------------+--------+


+----------------------------------------------------------------------------------------------------------------------------------------------------------------------------------------------------------+
; Clocks                                                                                                                                                                                                   ;
+---------------------+------+--------+------------+-------+-------+------------+-----------+-------------+-------+--------+-----------+------------+----------+--------+--------+-------------------------+
; Clock Name          ; Type ; Period ; Frequency  ; Rise  ; Fall  ; Duty Cycle ; Divide by ; Multiply by ; Phase ; Offset ; Edge List ; Edge Shift ; Inverted ; Master ; Source ; Targets                 ;
+---------------------+------+--------+------------+-------+-------+------------+-----------+-------------+-------+--------+-----------+------------+----------+--------+--------+-------------------------+
; CLK                 ; Base ; 1.000  ; 1000.0 MHz ; 0.000 ; 0.500 ;            ;           ;             ;       ;        ;           ;            ;          ;        ;        ; { CLK }                 ;
; CT0                 ; Base ; 1.000  ; 1000.0 MHz ; 0.000 ; 0.500 ;            ;           ;             ;       ;        ;           ;            ;          ;        ;        ; { CT0 }                 ;
; FD2:inst1|Q1        ; Base ; 1.000  ; 1000.0 MHz ; 0.000 ; 0.500 ;            ;           ;             ;       ;        ;           ;            ;          ;        ;        ; { FD2:inst1|Q1 }        ;
; FD:inst|Q1          ; Base ; 1.000  ; 1000.0 MHz ; 0.000 ; 0.500 ;            ;           ;             ;       ;        ;           ;            ;          ;        ;        ; { FD:inst|Q1 }          ;
; MAIN:inst8|CS.S1    ; Base ; 1.000  ; 1000.0 MHz ; 0.000 ; 0.500 ;            ;           ;             ;       ;        ;           ;            ;          ;        ;        ; { MAIN:inst8|CS.S1 }    ;
; MAIN:inst8|CS.SCT0  ; Base ; 1.000  ; 1000.0 MHz ; 0.000 ; 0.500 ;            ;           ;             ;       ;        ;           ;            ;          ;        ;        ; { MAIN:inst8|CS.SCT0 }  ;
; MAIN:inst8|CS.SCT1  ; Base ; 1.000  ; 1000.0 MHz ; 0.000 ; 0.500 ;            ;           ;             ;       ;        ;           ;            ;          ;        ;        ; { MAIN:inst8|CS.SCT1 }  ;
; MAIN:inst8|CS.SRUN0 ; Base ; 1.000  ; 1000.0 MHz ; 0.000 ; 0.500 ;            ;           ;             ;       ;        ;           ;            ;          ;        ;        ; { MAIN:inst8|CS.SRUN0 } ;
+---------------------+------+--------+------------+-------+-------+------------+-----------+-------------+-------+--------+-----------+------------+----------+--------+--------+-------------------------+


+-----------------------------------------------------------+
; Slow Model Fmax Summary                                   ;
+------------+-----------------+---------------------+------+
; Fmax       ; Restricted Fmax ; Clock Name          ; Note ;
+------------+-----------------+---------------------+------+
; 14.46 MHz  ; 14.46 MHz       ; FD2:inst1|Q1        ;      ;
; 175.25 MHz ; 175.25 MHz      ; CLK                 ;      ;
; 253.74 MHz ; 253.74 MHz      ; CT0                 ;      ;
; 253.74 MHz ; 253.74 MHz      ; MAIN:inst8|CS.SCT0  ;      ;
; 253.74 MHz ; 253.74 MHz      ; MAIN:inst8|CS.SCT1  ;      ;
; 398.25 MHz ; 398.25 MHz      ; FD:inst|Q1          ;      ;
; 424.09 MHz ; 424.09 MHz      ; MAIN:inst8|CS.SRUN0 ;      ;
+------------+-----------------+---------------------+------+
This panel reports FMAX for every clock in the design, regardless of the user-specified clock periods.  FMAX is only computed for paths where the source and destination registers or ports are driven by the same clock.  Paths of different clocks, including generated clocks, are ignored.  For paths between a clock and its inversion, FMAX is computed as if the rising and falling edges are scaled along with FMAX, such that the duty cycle (in terms of a percentage) is maintained. Altera recommends that you always use clock constraints and other slack reports for sign-off analysis.


+-----------------------------------------------+
; Slow Model Setup Summary                      ;
+---------------------+---------+---------------+
; Clock               ; Slack   ; End Point TNS ;
+---------------------+---------+---------------+
; FD2:inst1|Q1        ; -68.168 ; -1641.460     ;
; MAIN:inst8|CS.SCT1  ; -6.141  ; -96.506       ;
; MAIN:inst8|CS.SCT0  ; -6.040  ; -93.960       ;
; CLK                 ; -4.706  ; -106.210      ;
; CT0                 ; -2.941  ; -17.489       ;
; MAIN:inst8|CS.S1    ; -2.196  ; -2.196        ;
; FD:inst|Q1          ; -1.511  ; -6.228        ;
; MAIN:inst8|CS.SRUN0 ; -1.358  ; -11.535       ;
+---------------------+---------+---------------+


+----------------------------------------------+
; Slow Model Hold Summary                      ;
+---------------------+--------+---------------+
; Clock               ; Slack  ; End Point TNS ;
+---------------------+--------+---------------+
; MAIN:inst8|CS.SCT0  ; -6.023 ; -53.430       ;
; MAIN:inst8|CS.SCT1  ; -5.779 ; -48.114       ;
; CT0                 ; -3.929 ; -51.095       ;
; FD:inst|Q1          ; -2.261 ; -14.063       ;
; FD2:inst1|Q1        ; -1.084 ; -32.524       ;
; MAIN:inst8|CS.SRUN0 ; -0.620 ; -5.157        ;
; CLK                 ; 0.538  ; 0.000         ;
; MAIN:inst8|CS.S1    ; 2.224  ; 0.000         ;
+---------------------+--------+---------------+


+---------------------------------------------+
; Slow Model Recovery Summary                 ;
+---------------------+-------+---------------+
; Clock               ; Slack ; End Point TNS ;
+---------------------+-------+---------------+
; FD:inst|Q1          ; 1.530 ; 0.000         ;
; FD2:inst1|Q1        ; 1.607 ; 0.000         ;
; MAIN:inst8|CS.SRUN0 ; 3.586 ; 0.000         ;
+---------------------+-------+---------------+


+----------------------------------------------+
; Slow Model Removal Summary                   ;
+---------------------+--------+---------------+
; Clock               ; Slack  ; End Point TNS ;
+---------------------+--------+---------------+
; MAIN:inst8|CS.SRUN0 ; -2.816 ; -39.424       ;
; FD2:inst1|Q1        ; -1.721 ; -79.661       ;
; FD:inst|Q1          ; -1.294 ; -1.294        ;
+---------------------+--------+---------------+


+----------------------------------------------+
; Slow Model Minimum Pulse Width Summary       ;
+---------------------+--------+---------------+
; Clock               ; Slack  ; End Point TNS ;
+---------------------+--------+---------------+
; CLK                 ; -1.380 ; -25.380       ;
; CT0                 ; -1.222 ; -18.222       ;
; FD2:inst1|Q1        ; -0.500 ; -89.000       ;
; FD:inst|Q1          ; -0.500 ; -17.000       ;
; MAIN:inst8|CS.SCT0  ; -0.500 ; -17.000       ;
; MAIN:inst8|CS.SCT1  ; -0.500 ; -17.000       ;
; MAIN:inst8|CS.SRUN0 ; -0.500 ; -14.000       ;
; MAIN:inst8|CS.S1    ; 0.500  ; 0.000         ;
+---------------------+--------+---------------+


+----------------------------------------------------------------------------------------------------------------------------+
; Slow Model Setup: 'FD2:inst1|Q1'                                                                                           ;
+---------+---------------------+---------------------+--------------+--------------+--------------+------------+------------+
; Slack   ; From Node           ; To Node             ; Launch Clock ; Latch Clock  ; Relationship ; Clock Skew ; Data Delay ;
+---------+---------------------+---------------------+--------------+--------------+--------------+------------+------------+
; -68.168 ; COUNT:inst7|CNT[20] ; COUNT:inst7|RES0[1] ; FD2:inst1|Q1 ; FD2:inst1|Q1 ; 1.000        ; 0.005      ; 69.209     ;
; -68.167 ; COUNT:inst7|CNT[20] ; COUNT:inst7|RES0[2] ; FD2:inst1|Q1 ; FD2:inst1|Q1 ; 1.000        ; 0.005      ; 69.208     ;
; -68.165 ; COUNT:inst7|CNT[20] ; COUNT:inst7|RES0[3] ; FD2:inst1|Q1 ; FD2:inst1|Q1 ; 1.000        ; 0.005      ; 69.206     ;
; -68.160 ; COUNT:inst7|CNT[21] ; COUNT:inst7|RES0[1] ; FD2:inst1|Q1 ; FD2:inst1|Q1 ; 1.000        ; -0.010     ; 69.186     ;
; -68.159 ; COUNT:inst7|CNT[21] ; COUNT:inst7|RES0[2] ; FD2:inst1|Q1 ; FD2:inst1|Q1 ; 1.000        ; -0.010     ; 69.185     ;
; -68.157 ; COUNT:inst7|CNT[21] ; COUNT:inst7|RES0[3] ; FD2:inst1|Q1 ; FD2:inst1|Q1 ; 1.000        ; -0.010     ; 69.183     ;
; -68.070 ; COUNT:inst7|CNT[22] ; COUNT:inst7|RES0[1] ; FD2:inst1|Q1 ; FD2:inst1|Q1 ; 1.000        ; 0.005      ; 69.111     ;
; -68.069 ; COUNT:inst7|CNT[22] ; COUNT:inst7|RES0[2] ; FD2:inst1|Q1 ; FD2:inst1|Q1 ; 1.000        ; 0.005      ; 69.110     ;
; -68.067 ; COUNT:inst7|CNT[22] ; COUNT:inst7|RES0[3] ; FD2:inst1|Q1 ; FD2:inst1|Q1 ; 1.000        ; 0.005      ; 69.108     ;
; -67.687 ; COUNT:inst7|CNT[23] ; COUNT:inst7|RES0[1] ; FD2:inst1|Q1 ; FD2:inst1|Q1 ; 1.000        ; 0.020      ; 68.743     ;
; -67.686 ; COUNT:inst7|CNT[23] ; COUNT:inst7|RES0[2] ; FD2:inst1|Q1 ; FD2:inst1|Q1 ; 1.000        ; 0.020      ; 68.742     ;
; -67.684 ; COUNT:inst7|CNT[23] ; COUNT:inst7|RES0[3] ; FD2:inst1|Q1 ; FD2:inst1|Q1 ; 1.000        ; 0.020      ; 68.740     ;
; -67.564 ; COUNT:inst7|CNT[24] ; COUNT:inst7|RES0[1] ; FD2:inst1|Q1 ; FD2:inst1|Q1 ; 1.000        ; 0.020      ; 68.620     ;
; -67.563 ; COUNT:inst7|CNT[24] ; COUNT:inst7|RES0[2] ; FD2:inst1|Q1 ; FD2:inst1|Q1 ; 1.000        ; 0.020      ; 68.619     ;
; -67.561 ; COUNT:inst7|CNT[24] ; COUNT:inst7|RES0[3] ; FD2:inst1|Q1 ; FD2:inst1|Q1 ; 1.000        ; 0.020      ; 68.617     ;
; -67.471 ; COUNT:inst7|CNT[25] ; COUNT:inst7|RES0[1] ; FD2:inst1|Q1 ; FD2:inst1|Q1 ; 1.000        ; 0.020      ; 68.527     ;
; -67.470 ; COUNT:inst7|CNT[25] ; COUNT:inst7|RES0[2] ; FD2:inst1|Q1 ; FD2:inst1|Q1 ; 1.000        ; 0.020      ; 68.526     ;
; -67.468 ; COUNT:inst7|CNT[25] ; COUNT:inst7|RES0[3] ; FD2:inst1|Q1 ; FD2:inst1|Q1 ; 1.000        ; 0.020      ; 68.524     ;
; -67.400 ; COUNT:inst7|CNT[26] ; COUNT:inst7|RES0[1] ; FD2:inst1|Q1 ; FD2:inst1|Q1 ; 1.000        ; 0.020      ; 68.456     ;
; -67.399 ; COUNT:inst7|CNT[26] ; COUNT:inst7|RES0[2] ; FD2:inst1|Q1 ; FD2:inst1|Q1 ; 1.000        ; 0.020      ; 68.455     ;
; -67.397 ; COUNT:inst7|CNT[26] ; COUNT:inst7|RES0[3] ; FD2:inst1|Q1 ; FD2:inst1|Q1 ; 1.000        ; 0.020      ; 68.453     ;
; -67.133 ; COUNT:inst7|CNT[27] ; COUNT:inst7|RES0[1] ; FD2:inst1|Q1 ; FD2:inst1|Q1 ; 1.000        ; 0.018      ; 68.187     ;
; -67.132 ; COUNT:inst7|CNT[27] ; COUNT:inst7|RES0[2] ; FD2:inst1|Q1 ; FD2:inst1|Q1 ; 1.000        ; 0.018      ; 68.186     ;
; -67.130 ; COUNT:inst7|CNT[27] ; COUNT:inst7|RES0[3] ; FD2:inst1|Q1 ; FD2:inst1|Q1 ; 1.000        ; 0.018      ; 68.184     ;
; -67.054 ; COUNT:inst7|CNT[28] ; COUNT:inst7|RES0[1] ; FD2:inst1|Q1 ; FD2:inst1|Q1 ; 1.000        ; 0.018      ; 68.108     ;
; -67.053 ; COUNT:inst7|CNT[28] ; COUNT:inst7|RES0[2] ; FD2:inst1|Q1 ; FD2:inst1|Q1 ; 1.000        ; 0.018      ; 68.107     ;
; -67.051 ; COUNT:inst7|CNT[28] ; COUNT:inst7|RES0[3] ; FD2:inst1|Q1 ; FD2:inst1|Q1 ; 1.000        ; 0.018      ; 68.105     ;
; -66.977 ; COUNT:inst7|CNT[29] ; COUNT:inst7|RES0[1] ; FD2:inst1|Q1 ; FD2:inst1|Q1 ; 1.000        ; 0.018      ; 68.031     ;
; -66.976 ; COUNT:inst7|CNT[29] ; COUNT:inst7|RES0[2] ; FD2:inst1|Q1 ; FD2:inst1|Q1 ; 1.000        ; 0.018      ; 68.030     ;
; -66.974 ; COUNT:inst7|CNT[29] ; COUNT:inst7|RES0[3] ; FD2:inst1|Q1 ; FD2:inst1|Q1 ; 1.000        ; 0.018      ; 68.028     ;
; -65.267 ; COUNT:inst7|CNT[19] ; COUNT:inst7|RES0[1] ; FD2:inst1|Q1 ; FD2:inst1|Q1 ; 1.000        ; -0.010     ; 66.293     ;
; -65.266 ; COUNT:inst7|CNT[19] ; COUNT:inst7|RES0[2] ; FD2:inst1|Q1 ; FD2:inst1|Q1 ; 1.000        ; -0.010     ; 66.292     ;
; -65.264 ; COUNT:inst7|CNT[19] ; COUNT:inst7|RES0[3] ; FD2:inst1|Q1 ; FD2:inst1|Q1 ; 1.000        ; -0.010     ; 66.290     ;
; -62.262 ; COUNT:inst7|CNT[18] ; COUNT:inst7|RES0[1] ; FD2:inst1|Q1 ; FD2:inst1|Q1 ; 1.000        ; -0.027     ; 63.271     ;
; -62.261 ; COUNT:inst7|CNT[18] ; COUNT:inst7|RES0[2] ; FD2:inst1|Q1 ; FD2:inst1|Q1 ; 1.000        ; -0.027     ; 63.270     ;
; -62.259 ; COUNT:inst7|CNT[18] ; COUNT:inst7|RES0[3] ; FD2:inst1|Q1 ; FD2:inst1|Q1 ; 1.000        ; -0.027     ; 63.268     ;
; -58.220 ; COUNT:inst7|CNT[17] ; COUNT:inst7|RES0[1] ; FD2:inst1|Q1 ; FD2:inst1|Q1 ; 1.000        ; -0.010     ; 59.246     ;
; -58.219 ; COUNT:inst7|CNT[17] ; COUNT:inst7|RES0[2] ; FD2:inst1|Q1 ; FD2:inst1|Q1 ; 1.000        ; -0.010     ; 59.245     ;
; -58.217 ; COUNT:inst7|CNT[17] ; COUNT:inst7|RES0[3] ; FD2:inst1|Q1 ; FD2:inst1|Q1 ; 1.000        ; -0.010     ; 59.243     ;
; -57.915 ; COUNT:inst7|CNT[20] ; COUNT:inst7|RES1[0] ; FD2:inst1|Q1 ; FD2:inst1|Q1 ; 1.000        ; 0.043      ; 58.994     ;
; -57.705 ; COUNT:inst7|CNT[22] ; COUNT:inst7|RES1[0] ; FD2:inst1|Q1 ; FD2:inst1|Q1 ; 1.000        ; 0.043      ; 58.784     ;
; -57.604 ; COUNT:inst7|CNT[19] ; COUNT:inst7|RES1[0] ; FD2:inst1|Q1 ; FD2:inst1|Q1 ; 1.000        ; 0.028      ; 58.668     ;
; -57.586 ; COUNT:inst7|CNT[20] ; COUNT:inst7|RES1[3] ; FD2:inst1|Q1 ; FD2:inst1|Q1 ; 1.000        ; 0.030      ; 58.652     ;
; -57.524 ; COUNT:inst7|CNT[20] ; COUNT:inst7|RES1[1] ; FD2:inst1|Q1 ; FD2:inst1|Q1 ; 1.000        ; 0.031      ; 58.591     ;
; -57.523 ; COUNT:inst7|CNT[20] ; COUNT:inst7|RES1[2] ; FD2:inst1|Q1 ; FD2:inst1|Q1 ; 1.000        ; 0.031      ; 58.590     ;
; -57.474 ; COUNT:inst7|CNT[21] ; COUNT:inst7|RES1[0] ; FD2:inst1|Q1 ; FD2:inst1|Q1 ; 1.000        ; 0.028      ; 58.538     ;
; -57.465 ; COUNT:inst7|CNT[18] ; COUNT:inst7|RES1[0] ; FD2:inst1|Q1 ; FD2:inst1|Q1 ; 1.000        ; 0.011      ; 58.512     ;
; -57.376 ; COUNT:inst7|CNT[22] ; COUNT:inst7|RES1[3] ; FD2:inst1|Q1 ; FD2:inst1|Q1 ; 1.000        ; 0.030      ; 58.442     ;
; -57.361 ; COUNT:inst7|CNT[25] ; COUNT:inst7|RES1[0] ; FD2:inst1|Q1 ; FD2:inst1|Q1 ; 1.000        ; 0.058      ; 58.455     ;
; -57.318 ; COUNT:inst7|CNT[23] ; COUNT:inst7|RES1[0] ; FD2:inst1|Q1 ; FD2:inst1|Q1 ; 1.000        ; 0.058      ; 58.412     ;
; -57.314 ; COUNT:inst7|CNT[22] ; COUNT:inst7|RES1[1] ; FD2:inst1|Q1 ; FD2:inst1|Q1 ; 1.000        ; 0.031      ; 58.381     ;
; -57.313 ; COUNT:inst7|CNT[22] ; COUNT:inst7|RES1[2] ; FD2:inst1|Q1 ; FD2:inst1|Q1 ; 1.000        ; 0.031      ; 58.380     ;
; -57.275 ; COUNT:inst7|CNT[19] ; COUNT:inst7|RES1[3] ; FD2:inst1|Q1 ; FD2:inst1|Q1 ; 1.000        ; 0.015      ; 58.326     ;
; -57.217 ; COUNT:inst7|CNT[27] ; COUNT:inst7|RES1[0] ; FD2:inst1|Q1 ; FD2:inst1|Q1 ; 1.000        ; 0.056      ; 58.309     ;
; -57.213 ; COUNT:inst7|CNT[19] ; COUNT:inst7|RES1[1] ; FD2:inst1|Q1 ; FD2:inst1|Q1 ; 1.000        ; 0.016      ; 58.265     ;
; -57.212 ; COUNT:inst7|CNT[19] ; COUNT:inst7|RES1[2] ; FD2:inst1|Q1 ; FD2:inst1|Q1 ; 1.000        ; 0.016      ; 58.264     ;
; -57.153 ; COUNT:inst7|CNT[20] ; COUNT:inst7|RES0[0] ; FD2:inst1|Q1 ; FD2:inst1|Q1 ; 1.000        ; -0.031     ; 58.158     ;
; -57.145 ; COUNT:inst7|CNT[21] ; COUNT:inst7|RES1[3] ; FD2:inst1|Q1 ; FD2:inst1|Q1 ; 1.000        ; 0.015      ; 58.196     ;
; -57.145 ; COUNT:inst7|CNT[21] ; COUNT:inst7|RES0[0] ; FD2:inst1|Q1 ; FD2:inst1|Q1 ; 1.000        ; -0.046     ; 58.135     ;
; -57.136 ; COUNT:inst7|CNT[18] ; COUNT:inst7|RES1[3] ; FD2:inst1|Q1 ; FD2:inst1|Q1 ; 1.000        ; -0.002     ; 58.170     ;
; -57.123 ; COUNT:inst7|CNT[16] ; COUNT:inst7|RES0[1] ; FD2:inst1|Q1 ; FD2:inst1|Q1 ; 1.000        ; -0.007     ; 58.152     ;
; -57.122 ; COUNT:inst7|CNT[16] ; COUNT:inst7|RES0[2] ; FD2:inst1|Q1 ; FD2:inst1|Q1 ; 1.000        ; -0.007     ; 58.151     ;
; -57.120 ; COUNT:inst7|CNT[16] ; COUNT:inst7|RES0[3] ; FD2:inst1|Q1 ; FD2:inst1|Q1 ; 1.000        ; -0.007     ; 58.149     ;
; -57.083 ; COUNT:inst7|CNT[21] ; COUNT:inst7|RES1[1] ; FD2:inst1|Q1 ; FD2:inst1|Q1 ; 1.000        ; 0.016      ; 58.135     ;
; -57.082 ; COUNT:inst7|CNT[21] ; COUNT:inst7|RES1[2] ; FD2:inst1|Q1 ; FD2:inst1|Q1 ; 1.000        ; 0.016      ; 58.134     ;
; -57.077 ; COUNT:inst7|CNT[26] ; COUNT:inst7|RES1[0] ; FD2:inst1|Q1 ; FD2:inst1|Q1 ; 1.000        ; 0.058      ; 58.171     ;
; -57.074 ; COUNT:inst7|CNT[18] ; COUNT:inst7|RES1[1] ; FD2:inst1|Q1 ; FD2:inst1|Q1 ; 1.000        ; -0.001     ; 58.109     ;
; -57.073 ; COUNT:inst7|CNT[18] ; COUNT:inst7|RES1[2] ; FD2:inst1|Q1 ; FD2:inst1|Q1 ; 1.000        ; -0.001     ; 58.108     ;
; -57.055 ; COUNT:inst7|CNT[22] ; COUNT:inst7|RES0[0] ; FD2:inst1|Q1 ; FD2:inst1|Q1 ; 1.000        ; -0.031     ; 58.060     ;
; -57.054 ; COUNT:inst7|CNT[24] ; COUNT:inst7|RES1[0] ; FD2:inst1|Q1 ; FD2:inst1|Q1 ; 1.000        ; 0.058      ; 58.148     ;
; -57.032 ; COUNT:inst7|CNT[25] ; COUNT:inst7|RES1[3] ; FD2:inst1|Q1 ; FD2:inst1|Q1 ; 1.000        ; 0.045      ; 58.113     ;
; -56.989 ; COUNT:inst7|CNT[23] ; COUNT:inst7|RES1[3] ; FD2:inst1|Q1 ; FD2:inst1|Q1 ; 1.000        ; 0.045      ; 58.070     ;
; -56.970 ; COUNT:inst7|CNT[25] ; COUNT:inst7|RES1[1] ; FD2:inst1|Q1 ; FD2:inst1|Q1 ; 1.000        ; 0.046      ; 58.052     ;
; -56.969 ; COUNT:inst7|CNT[25] ; COUNT:inst7|RES1[2] ; FD2:inst1|Q1 ; FD2:inst1|Q1 ; 1.000        ; 0.046      ; 58.051     ;
; -56.927 ; COUNT:inst7|CNT[23] ; COUNT:inst7|RES1[1] ; FD2:inst1|Q1 ; FD2:inst1|Q1 ; 1.000        ; 0.046      ; 58.009     ;
; -56.926 ; COUNT:inst7|CNT[23] ; COUNT:inst7|RES1[2] ; FD2:inst1|Q1 ; FD2:inst1|Q1 ; 1.000        ; 0.046      ; 58.008     ;
; -56.888 ; COUNT:inst7|CNT[27] ; COUNT:inst7|RES1[3] ; FD2:inst1|Q1 ; FD2:inst1|Q1 ; 1.000        ; 0.043      ; 57.967     ;
; -56.844 ; COUNT:inst7|CNT[29] ; COUNT:inst7|RES1[0] ; FD2:inst1|Q1 ; FD2:inst1|Q1 ; 1.000        ; 0.056      ; 57.936     ;
; -56.826 ; COUNT:inst7|CNT[27] ; COUNT:inst7|RES1[1] ; FD2:inst1|Q1 ; FD2:inst1|Q1 ; 1.000        ; 0.044      ; 57.906     ;
; -56.825 ; COUNT:inst7|CNT[27] ; COUNT:inst7|RES1[2] ; FD2:inst1|Q1 ; FD2:inst1|Q1 ; 1.000        ; 0.044      ; 57.905     ;
; -56.748 ; COUNT:inst7|CNT[26] ; COUNT:inst7|RES1[3] ; FD2:inst1|Q1 ; FD2:inst1|Q1 ; 1.000        ; 0.045      ; 57.829     ;
; -56.725 ; COUNT:inst7|CNT[24] ; COUNT:inst7|RES1[3] ; FD2:inst1|Q1 ; FD2:inst1|Q1 ; 1.000        ; 0.045      ; 57.806     ;
; -56.686 ; COUNT:inst7|CNT[26] ; COUNT:inst7|RES1[1] ; FD2:inst1|Q1 ; FD2:inst1|Q1 ; 1.000        ; 0.046      ; 57.768     ;
; -56.685 ; COUNT:inst7|CNT[26] ; COUNT:inst7|RES1[2] ; FD2:inst1|Q1 ; FD2:inst1|Q1 ; 1.000        ; 0.046      ; 57.767     ;
; -56.672 ; COUNT:inst7|CNT[23] ; COUNT:inst7|RES0[0] ; FD2:inst1|Q1 ; FD2:inst1|Q1 ; 1.000        ; -0.016     ; 57.692     ;
; -56.663 ; COUNT:inst7|CNT[24] ; COUNT:inst7|RES1[1] ; FD2:inst1|Q1 ; FD2:inst1|Q1 ; 1.000        ; 0.046      ; 57.745     ;
; -56.662 ; COUNT:inst7|CNT[24] ; COUNT:inst7|RES1[2] ; FD2:inst1|Q1 ; FD2:inst1|Q1 ; 1.000        ; 0.046      ; 57.744     ;
; -56.641 ; COUNT:inst7|CNT[28] ; COUNT:inst7|RES1[0] ; FD2:inst1|Q1 ; FD2:inst1|Q1 ; 1.000        ; 0.056      ; 57.733     ;
; -56.549 ; COUNT:inst7|CNT[24] ; COUNT:inst7|RES0[0] ; FD2:inst1|Q1 ; FD2:inst1|Q1 ; 1.000        ; -0.016     ; 57.569     ;
; -56.515 ; COUNT:inst7|CNT[29] ; COUNT:inst7|RES1[3] ; FD2:inst1|Q1 ; FD2:inst1|Q1 ; 1.000        ; 0.043      ; 57.594     ;
; -56.456 ; COUNT:inst7|CNT[25] ; COUNT:inst7|RES0[0] ; FD2:inst1|Q1 ; FD2:inst1|Q1 ; 1.000        ; -0.016     ; 57.476     ;
; -56.453 ; COUNT:inst7|CNT[29] ; COUNT:inst7|RES1[1] ; FD2:inst1|Q1 ; FD2:inst1|Q1 ; 1.000        ; 0.044      ; 57.533     ;
; -56.452 ; COUNT:inst7|CNT[29] ; COUNT:inst7|RES1[2] ; FD2:inst1|Q1 ; FD2:inst1|Q1 ; 1.000        ; 0.044      ; 57.532     ;
; -56.385 ; COUNT:inst7|CNT[26] ; COUNT:inst7|RES0[0] ; FD2:inst1|Q1 ; FD2:inst1|Q1 ; 1.000        ; -0.016     ; 57.405     ;
; -56.312 ; COUNT:inst7|CNT[28] ; COUNT:inst7|RES1[3] ; FD2:inst1|Q1 ; FD2:inst1|Q1 ; 1.000        ; 0.043      ; 57.391     ;
; -56.250 ; COUNT:inst7|CNT[28] ; COUNT:inst7|RES1[1] ; FD2:inst1|Q1 ; FD2:inst1|Q1 ; 1.000        ; 0.044      ; 57.330     ;
; -56.249 ; COUNT:inst7|CNT[28] ; COUNT:inst7|RES1[2] ; FD2:inst1|Q1 ; FD2:inst1|Q1 ; 1.000        ; 0.044      ; 57.329     ;
; -56.118 ; COUNT:inst7|CNT[27] ; COUNT:inst7|RES0[0] ; FD2:inst1|Q1 ; FD2:inst1|Q1 ; 1.000        ; -0.018     ; 57.136     ;
; -56.039 ; COUNT:inst7|CNT[28] ; COUNT:inst7|RES0[0] ; FD2:inst1|Q1 ; FD2:inst1|Q1 ; 1.000        ; -0.018     ; 57.057     ;
; -55.962 ; COUNT:inst7|CNT[29] ; COUNT:inst7|RES0[0] ; FD2:inst1|Q1 ; FD2:inst1|Q1 ; 1.000        ; -0.018     ; 56.980     ;
+---------+---------------------+---------------------+--------------+--------------+--------------+------------+------------+


+-------------------------------------------------------------------------------------------------------------------------------------------+
; Slow Model Setup: 'MAIN:inst8|CS.SCT1'                                                                                                    ;
+--------+-----------------------+-----------------------+--------------------+--------------------+--------------+------------+------------+
; Slack  ; From Node             ; To Node               ; Launch Clock       ; Latch Clock        ; Relationship ; Clock Skew ; Data Delay ;
+--------+-----------------------+-----------------------+--------------------+--------------------+--------------+------------+------------+
; -6.141 ; CLOCK_M:inst3|CNT0[0] ; CLOCK_M:inst3|cout    ; CT0                ; MAIN:inst8|CS.SCT1 ; 1.000        ; -5.532     ; 1.645      ;
; -6.117 ; CLOCK_M:inst3|CNT1[0] ; CLOCK_M:inst3|cout    ; CT0                ; MAIN:inst8|CS.SCT1 ; 1.000        ; -5.533     ; 1.620      ;
; -6.103 ; CLOCK_M:inst3|CNT1[1] ; CLOCK_M:inst3|cout    ; CT0                ; MAIN:inst8|CS.SCT1 ; 1.000        ; -5.533     ; 1.606      ;
; -6.084 ; CLOCK_M:inst3|CNT0[1] ; CLOCK_M:inst3|cout    ; CT0                ; MAIN:inst8|CS.SCT1 ; 1.000        ; -5.532     ; 1.588      ;
; -6.016 ; CLOCK_M:inst3|CNT1[3] ; CLOCK_M:inst3|cout    ; CT0                ; MAIN:inst8|CS.SCT1 ; 1.000        ; -5.532     ; 1.520      ;
; -6.010 ; CLOCK_M:inst3|CNT0[2] ; CLOCK_M:inst3|cout    ; CT0                ; MAIN:inst8|CS.SCT1 ; 1.000        ; -5.532     ; 1.514      ;
; -5.977 ; CLOCK_M:inst3|CNT1[2] ; CLOCK_M:inst3|cout    ; CT0                ; MAIN:inst8|CS.SCT1 ; 1.000        ; -5.533     ; 1.480      ;
; -5.865 ; CLOCK_M:inst3|CNT0[3] ; CLOCK_M:inst3|cout    ; CT0                ; MAIN:inst8|CS.SCT1 ; 1.000        ; -5.532     ; 1.369      ;
; -4.673 ; CLOCK_M:inst3|CNT0[0] ; CLOCK_M:inst3|CNT1[0] ; CT0                ; MAIN:inst8|CS.SCT1 ; 1.000        ; -3.199     ; 2.510      ;
; -4.673 ; CLOCK_M:inst3|CNT0[0] ; CLOCK_M:inst3|CNT1[1] ; CT0                ; MAIN:inst8|CS.SCT1 ; 1.000        ; -3.199     ; 2.510      ;
; -4.673 ; CLOCK_M:inst3|CNT0[0] ; CLOCK_M:inst3|CNT1[2] ; CT0                ; MAIN:inst8|CS.SCT1 ; 1.000        ; -3.199     ; 2.510      ;
; -4.616 ; CLOCK_M:inst3|CNT0[1] ; CLOCK_M:inst3|CNT1[0] ; CT0                ; MAIN:inst8|CS.SCT1 ; 1.000        ; -3.199     ; 2.453      ;
; -4.616 ; CLOCK_M:inst3|CNT0[1] ; CLOCK_M:inst3|CNT1[1] ; CT0                ; MAIN:inst8|CS.SCT1 ; 1.000        ; -3.199     ; 2.453      ;
; -4.616 ; CLOCK_M:inst3|CNT0[1] ; CLOCK_M:inst3|CNT1[2] ; CT0                ; MAIN:inst8|CS.SCT1 ; 1.000        ; -3.199     ; 2.453      ;
; -4.561 ; CLOCK_H:inst4|CNT0[0] ; CLOCK_H:inst4|CNT1[0] ; CT0                ; MAIN:inst8|CS.SCT1 ; 1.000        ; -3.203     ; 2.394      ;
; -4.559 ; CLOCK_H:inst4|CNT0[0] ; CLOCK_H:inst4|CNT1[2] ; CT0                ; MAIN:inst8|CS.SCT1 ; 1.000        ; -3.203     ; 2.392      ;
; -4.554 ; CLOCK_H:inst4|CNT0[0] ; CLOCK_H:inst4|CNT1[3] ; CT0                ; MAIN:inst8|CS.SCT1 ; 1.000        ; -3.203     ; 2.387      ;
; -4.542 ; CLOCK_M:inst3|CNT0[2] ; CLOCK_M:inst3|CNT1[0] ; CT0                ; MAIN:inst8|CS.SCT1 ; 1.000        ; -3.199     ; 2.379      ;
; -4.542 ; CLOCK_M:inst3|CNT0[2] ; CLOCK_M:inst3|CNT1[1] ; CT0                ; MAIN:inst8|CS.SCT1 ; 1.000        ; -3.199     ; 2.379      ;
; -4.542 ; CLOCK_M:inst3|CNT0[2] ; CLOCK_M:inst3|CNT1[2] ; CT0                ; MAIN:inst8|CS.SCT1 ; 1.000        ; -3.199     ; 2.379      ;
; -4.402 ; CLOCK_H:inst4|CNT0[1] ; CLOCK_H:inst4|CNT1[0] ; CT0                ; MAIN:inst8|CS.SCT1 ; 1.000        ; -3.201     ; 2.237      ;
; -4.400 ; CLOCK_H:inst4|CNT0[1] ; CLOCK_H:inst4|CNT1[2] ; CT0                ; MAIN:inst8|CS.SCT1 ; 1.000        ; -3.201     ; 2.235      ;
; -4.397 ; CLOCK_M:inst3|CNT0[3] ; CLOCK_M:inst3|CNT1[0] ; CT0                ; MAIN:inst8|CS.SCT1 ; 1.000        ; -3.199     ; 2.234      ;
; -4.397 ; CLOCK_M:inst3|CNT0[3] ; CLOCK_M:inst3|CNT1[1] ; CT0                ; MAIN:inst8|CS.SCT1 ; 1.000        ; -3.199     ; 2.234      ;
; -4.397 ; CLOCK_M:inst3|CNT0[3] ; CLOCK_M:inst3|CNT1[2] ; CT0                ; MAIN:inst8|CS.SCT1 ; 1.000        ; -3.199     ; 2.234      ;
; -4.395 ; CLOCK_H:inst4|CNT0[1] ; CLOCK_H:inst4|CNT1[3] ; CT0                ; MAIN:inst8|CS.SCT1 ; 1.000        ; -3.201     ; 2.230      ;
; -4.378 ; CLOCK_H:inst4|CNT0[0] ; CLOCK_H:inst4|CNT1[1] ; CT0                ; MAIN:inst8|CS.SCT1 ; 1.000        ; -3.203     ; 2.211      ;
; -4.341 ; CLOCK_H:inst4|CNT1[2] ; CLOCK_H:inst4|CNT1[0] ; CT0                ; MAIN:inst8|CS.SCT1 ; 1.000        ; -3.201     ; 2.176      ;
; -4.339 ; CLOCK_H:inst4|CNT1[2] ; CLOCK_H:inst4|CNT1[2] ; CT0                ; MAIN:inst8|CS.SCT1 ; 1.000        ; -3.201     ; 2.174      ;
; -4.334 ; CLOCK_H:inst4|CNT1[2] ; CLOCK_H:inst4|CNT1[3] ; CT0                ; MAIN:inst8|CS.SCT1 ; 1.000        ; -3.201     ; 2.169      ;
; -4.287 ; CLOCK_H:inst4|CNT1[0] ; CLOCK_H:inst4|CNT1[3] ; CT0                ; MAIN:inst8|CS.SCT1 ; 1.000        ; -3.201     ; 2.122      ;
; -4.270 ; CLOCK_H:inst4|CNT1[1] ; CLOCK_H:inst4|CNT1[0] ; CT0                ; MAIN:inst8|CS.SCT1 ; 1.000        ; -3.201     ; 2.105      ;
; -4.268 ; CLOCK_H:inst4|CNT1[1] ; CLOCK_H:inst4|CNT1[2] ; CT0                ; MAIN:inst8|CS.SCT1 ; 1.000        ; -3.201     ; 2.103      ;
; -4.266 ; CLOCK_H:inst4|CNT0[3] ; CLOCK_H:inst4|CNT1[0] ; CT0                ; MAIN:inst8|CS.SCT1 ; 1.000        ; -3.201     ; 2.101      ;
; -4.264 ; CLOCK_H:inst4|CNT0[3] ; CLOCK_H:inst4|CNT1[2] ; CT0                ; MAIN:inst8|CS.SCT1 ; 1.000        ; -3.201     ; 2.099      ;
; -4.263 ; CLOCK_H:inst4|CNT1[1] ; CLOCK_H:inst4|CNT1[3] ; CT0                ; MAIN:inst8|CS.SCT1 ; 1.000        ; -3.201     ; 2.098      ;
; -4.259 ; CLOCK_H:inst4|CNT0[3] ; CLOCK_H:inst4|CNT1[3] ; CT0                ; MAIN:inst8|CS.SCT1 ; 1.000        ; -3.201     ; 2.094      ;
; -4.241 ; CLOCK_H:inst4|CNT0[2] ; CLOCK_H:inst4|CNT1[0] ; CT0                ; MAIN:inst8|CS.SCT1 ; 1.000        ; -3.201     ; 2.076      ;
; -4.239 ; CLOCK_H:inst4|CNT0[2] ; CLOCK_H:inst4|CNT1[2] ; CT0                ; MAIN:inst8|CS.SCT1 ; 1.000        ; -3.201     ; 2.074      ;
; -4.234 ; CLOCK_H:inst4|CNT0[2] ; CLOCK_H:inst4|CNT1[3] ; CT0                ; MAIN:inst8|CS.SCT1 ; 1.000        ; -3.201     ; 2.069      ;
; -4.225 ; CLOCK_H:inst4|CNT1[0] ; CLOCK_H:inst4|CNT1[0] ; CT0                ; MAIN:inst8|CS.SCT1 ; 1.000        ; -3.201     ; 2.060      ;
; -4.223 ; CLOCK_H:inst4|CNT1[0] ; CLOCK_H:inst4|CNT1[2] ; CT0                ; MAIN:inst8|CS.SCT1 ; 1.000        ; -3.201     ; 2.058      ;
; -4.219 ; CLOCK_H:inst4|CNT0[1] ; CLOCK_H:inst4|CNT1[1] ; CT0                ; MAIN:inst8|CS.SCT1 ; 1.000        ; -3.201     ; 2.054      ;
; -4.204 ; CLOCK_H:inst4|CNT0[3] ; CLOCK_H:inst4|CNT1[1] ; CT0                ; MAIN:inst8|CS.SCT1 ; 1.000        ; -3.201     ; 2.039      ;
; -4.187 ; CLOCK_M:inst3|CNT0[0] ; CLOCK_M:inst3|CNT0[2] ; CT0                ; MAIN:inst8|CS.SCT1 ; 1.000        ; -3.200     ; 2.023      ;
; -4.163 ; CLOCK_H:inst4|CNT1[0] ; CLOCK_H:inst4|CNT1[1] ; CT0                ; MAIN:inst8|CS.SCT1 ; 1.000        ; -3.201     ; 1.998      ;
; -4.158 ; CLOCK_H:inst4|CNT1[2] ; CLOCK_H:inst4|CNT1[1] ; CT0                ; MAIN:inst8|CS.SCT1 ; 1.000        ; -3.201     ; 1.993      ;
; -4.129 ; CLOCK_H:inst4|CNT1[3] ; CLOCK_H:inst4|CNT1[0] ; CT0                ; MAIN:inst8|CS.SCT1 ; 1.000        ; -3.201     ; 1.964      ;
; -4.127 ; CLOCK_H:inst4|CNT1[3] ; CLOCK_H:inst4|CNT1[2] ; CT0                ; MAIN:inst8|CS.SCT1 ; 1.000        ; -3.201     ; 1.962      ;
; -4.126 ; CLOCK_H:inst4|CNT0[2] ; CLOCK_H:inst4|CNT1[1] ; CT0                ; MAIN:inst8|CS.SCT1 ; 1.000        ; -3.201     ; 1.961      ;
; -4.124 ; CLOCK_H:inst4|CNT0[0] ; CLOCK_H:inst4|CNT0[3] ; CT0                ; MAIN:inst8|CS.SCT1 ; 1.000        ; -3.203     ; 1.957      ;
; -4.122 ; CLOCK_H:inst4|CNT1[3] ; CLOCK_H:inst4|CNT1[3] ; CT0                ; MAIN:inst8|CS.SCT1 ; 1.000        ; -3.201     ; 1.957      ;
; -4.119 ; CLOCK_H:inst4|CNT0[0] ; CLOCK_H:inst4|CNT0[2] ; CT0                ; MAIN:inst8|CS.SCT1 ; 1.000        ; -3.203     ; 1.952      ;
; -4.089 ; CLOCK_M:inst3|CNT0[2] ; CLOCK_M:inst3|CNT0[2] ; CT0                ; MAIN:inst8|CS.SCT1 ; 1.000        ; -3.200     ; 1.925      ;
; -4.087 ; CLOCK_H:inst4|CNT1[1] ; CLOCK_H:inst4|CNT1[1] ; CT0                ; MAIN:inst8|CS.SCT1 ; 1.000        ; -3.201     ; 1.922      ;
; -4.085 ; CLOCK_H:inst4|CNT0[2] ; CLOCK_H:inst4|CNT0[3] ; CT0                ; MAIN:inst8|CS.SCT1 ; 1.000        ; -3.201     ; 1.920      ;
; -4.080 ; CLOCK_H:inst4|CNT0[2] ; CLOCK_H:inst4|CNT0[2] ; CT0                ; MAIN:inst8|CS.SCT1 ; 1.000        ; -3.201     ; 1.915      ;
; -4.067 ; CLOCK_H:inst4|CNT1[3] ; CLOCK_H:inst4|CNT1[1] ; CT0                ; MAIN:inst8|CS.SCT1 ; 1.000        ; -3.201     ; 1.902      ;
; -3.998 ; CLOCK_M:inst3|CNT0[1] ; CLOCK_M:inst3|CNT0[2] ; CT0                ; MAIN:inst8|CS.SCT1 ; 1.000        ; -3.200     ; 1.834      ;
; -3.985 ; CLOCK_H:inst4|CNT0[1] ; CLOCK_H:inst4|CNT0[3] ; CT0                ; MAIN:inst8|CS.SCT1 ; 1.000        ; -3.201     ; 1.820      ;
; -3.975 ; CLOCK_H:inst4|CNT0[1] ; CLOCK_H:inst4|CNT0[2] ; CT0                ; MAIN:inst8|CS.SCT1 ; 1.000        ; -3.201     ; 1.810      ;
; -3.924 ; CLOCK_M:inst3|CNT0[0] ; CLOCK_M:inst3|CNT1[3] ; CT0                ; MAIN:inst8|CS.SCT1 ; 1.000        ; -3.200     ; 1.760      ;
; -3.886 ; CLOCK_H:inst4|CNT1[2] ; CLOCK_H:inst4|CNT0[3] ; CT0                ; MAIN:inst8|CS.SCT1 ; 1.000        ; -3.201     ; 1.721      ;
; -3.877 ; CLOCK_H:inst4|CNT1[2] ; CLOCK_H:inst4|CNT0[2] ; CT0                ; MAIN:inst8|CS.SCT1 ; 1.000        ; -3.201     ; 1.712      ;
; -3.867 ; CLOCK_M:inst3|CNT0[1] ; CLOCK_M:inst3|CNT1[3] ; CT0                ; MAIN:inst8|CS.SCT1 ; 1.000        ; -3.200     ; 1.703      ;
; -3.847 ; CLOCK_M:inst3|CNT0[0] ; CLOCK_M:inst3|CNT0[0] ; CT0                ; MAIN:inst8|CS.SCT1 ; 1.000        ; -3.200     ; 1.683      ;
; -3.838 ; CLOCK_M:inst3|CNT1[1] ; CLOCK_M:inst3|CNT1[3] ; CT0                ; MAIN:inst8|CS.SCT1 ; 1.000        ; -3.201     ; 1.673      ;
; -3.837 ; CLOCK_H:inst4|CNT0[3] ; CLOCK_H:inst4|CNT0[3] ; CT0                ; MAIN:inst8|CS.SCT1 ; 1.000        ; -3.201     ; 1.672      ;
; -3.836 ; CLOCK_H:inst4|CNT0[3] ; CLOCK_H:inst4|CNT0[2] ; CT0                ; MAIN:inst8|CS.SCT1 ; 1.000        ; -3.201     ; 1.671      ;
; -3.815 ; CLOCK_H:inst4|CNT1[1] ; CLOCK_H:inst4|CNT0[3] ; CT0                ; MAIN:inst8|CS.SCT1 ; 1.000        ; -3.201     ; 1.650      ;
; -3.806 ; CLOCK_H:inst4|CNT1[1] ; CLOCK_H:inst4|CNT0[2] ; CT0                ; MAIN:inst8|CS.SCT1 ; 1.000        ; -3.201     ; 1.641      ;
; -3.796 ; CLOCK_H:inst4|CNT1[0] ; CLOCK_H:inst4|CNT0[3] ; CT0                ; MAIN:inst8|CS.SCT1 ; 1.000        ; -3.201     ; 1.631      ;
; -3.795 ; CLOCK_H:inst4|CNT1[0] ; CLOCK_H:inst4|CNT0[2] ; CT0                ; MAIN:inst8|CS.SCT1 ; 1.000        ; -3.201     ; 1.630      ;
; -3.793 ; CLOCK_M:inst3|CNT0[2] ; CLOCK_M:inst3|CNT1[3] ; CT0                ; MAIN:inst8|CS.SCT1 ; 1.000        ; -3.200     ; 1.629      ;
; -3.700 ; CLOCK_H:inst4|CNT1[3] ; CLOCK_H:inst4|CNT0[3] ; CT0                ; MAIN:inst8|CS.SCT1 ; 1.000        ; -3.201     ; 1.535      ;
; -3.699 ; CLOCK_H:inst4|CNT1[3] ; CLOCK_H:inst4|CNT0[2] ; CT0                ; MAIN:inst8|CS.SCT1 ; 1.000        ; -3.201     ; 1.534      ;
; -3.697 ; CLOCK_M:inst3|CNT1[2] ; CLOCK_M:inst3|CNT1[3] ; CT0                ; MAIN:inst8|CS.SCT1 ; 1.000        ; -3.201     ; 1.532      ;
; -3.650 ; CLOCK_M:inst3|CNT1[3] ; CLOCK_M:inst3|CNT1[1] ; CT0                ; MAIN:inst8|CS.SCT1 ; 1.000        ; -3.199     ; 1.487      ;
; -3.648 ; CLOCK_M:inst3|CNT0[3] ; CLOCK_M:inst3|CNT1[3] ; CT0                ; MAIN:inst8|CS.SCT1 ; 1.000        ; -3.200     ; 1.484      ;
; -3.594 ; CLOCK_M:inst3|CNT0[1] ; MAIN:inst8|MM0[1]     ; CT0                ; MAIN:inst8|CS.SCT1 ; 1.000        ; -1.711     ; 1.578      ;
; -3.567 ; CLOCK_M:inst3|CNT1[0] ; CLOCK_M:inst3|CNT1[3] ; CT0                ; MAIN:inst8|CS.SCT1 ; 1.000        ; -3.201     ; 1.402      ;
; -3.459 ; CLOCK_M:inst3|CNT1[2] ; CLOCK_M:inst3|CNT1[1] ; CT0                ; MAIN:inst8|CS.SCT1 ; 1.000        ; -3.200     ; 1.295      ;
; -3.430 ; CLOCK_H:inst4|CNT0[2] ; CLOCK_H:inst4|CNT0[1] ; CT0                ; MAIN:inst8|CS.SCT1 ; 1.000        ; -3.201     ; 1.265      ;
; -3.427 ; CLOCK_M:inst3|CNT0[0] ; CLOCK_M:inst3|CNT0[1] ; CT0                ; MAIN:inst8|CS.SCT1 ; 1.000        ; -3.200     ; 1.263      ;
; -3.426 ; CLOCK_M:inst3|CNT0[0] ; CLOCK_M:inst3|CNT0[3] ; CT0                ; MAIN:inst8|CS.SCT1 ; 1.000        ; -3.200     ; 1.262      ;
; -3.420 ; CLOCK_H:inst4|CNT0[0] ; CLOCK_H:inst4|CNT0[1] ; CT0                ; MAIN:inst8|CS.SCT1 ; 1.000        ; -3.203     ; 1.253      ;
; -3.383 ; CLOCK_M:inst3|CNT1[3] ; CLOCK_M:inst3|CNT1[2] ; CT0                ; MAIN:inst8|CS.SCT1 ; 1.000        ; -3.199     ; 1.220      ;
; -3.380 ; CLOCK_M:inst3|CNT0[0] ; MAIN:inst8|MM0[0]     ; CT0                ; MAIN:inst8|CS.SCT1 ; 1.000        ; -1.707     ; 1.393      ;
; -3.303 ; CLOCK_H:inst4|CNT0[3] ; CLOCK_H:inst4|CNT0[1] ; CT0                ; MAIN:inst8|CS.SCT1 ; 1.000        ; -3.201     ; 1.138      ;
; -3.290 ; CLOCK_M:inst3|CNT0[2] ; CLOCK_M:inst3|CNT0[1] ; CT0                ; MAIN:inst8|CS.SCT1 ; 1.000        ; -3.200     ; 1.126      ;
; -3.286 ; CLOCK_M:inst3|CNT0[2] ; CLOCK_M:inst3|CNT0[3] ; CT0                ; MAIN:inst8|CS.SCT1 ; 1.000        ; -3.200     ; 1.122      ;
; -3.282 ; CLOCK_M:inst3|CNT1[1] ; CLOCK_M:inst3|CNT1[2] ; CT0                ; MAIN:inst8|CS.SCT1 ; 1.000        ; -3.200     ; 1.118      ;
; -3.260 ; CLOCK_M:inst3|CNT1[0] ; CLOCK_M:inst3|CNT1[2] ; CT0                ; MAIN:inst8|CS.SCT1 ; 1.000        ; -3.200     ; 1.096      ;
; -3.153 ; CLOCK_M:inst3|CNT0[1] ; CLOCK_M:inst3|CNT0[3] ; CT0                ; MAIN:inst8|CS.SCT1 ; 1.000        ; -3.200     ; 0.989      ;
; -3.137 ; CLOCK_M:inst3|CNT1[0] ; MAIN:inst8|MM1[0]     ; CT0                ; MAIN:inst8|CS.SCT1 ; 1.000        ; -1.707     ; 1.418      ;
; -3.116 ; CLOCK_M:inst3|CNT1[1] ; MAIN:inst8|MM1[1]     ; CT0                ; MAIN:inst8|CS.SCT1 ; 1.000        ; -1.653     ; 1.515      ;
; -3.042 ; CLOCK_M:inst3|CNT0[0] ; CLOCK_M:inst3|cout    ; MAIN:inst8|CS.SCT0 ; MAIN:inst8|CS.SCT1 ; 1.000        ; -2.433     ; 1.645      ;
; -3.018 ; CLOCK_M:inst3|CNT1[0] ; CLOCK_M:inst3|cout    ; MAIN:inst8|CS.SCT0 ; MAIN:inst8|CS.SCT1 ; 1.000        ; -2.434     ; 1.620      ;
; -3.004 ; CLOCK_M:inst3|CNT1[1] ; CLOCK_M:inst3|cout    ; MAIN:inst8|CS.SCT0 ; MAIN:inst8|CS.SCT1 ; 1.000        ; -2.434     ; 1.606      ;
; -2.985 ; CLOCK_M:inst3|CNT0[1] ; CLOCK_M:inst3|cout    ; MAIN:inst8|CS.SCT0 ; MAIN:inst8|CS.SCT1 ; 1.000        ; -2.433     ; 1.588      ;
+--------+-----------------------+-----------------------+--------------------+--------------------+--------------+------------+------------+


+-------------------------------------------------------------------------------------------------------------------------------------------+
; Slow Model Setup: 'MAIN:inst8|CS.SCT0'                                                                                                    ;
+--------+-----------------------+-----------------------+--------------------+--------------------+--------------+------------+------------+
; Slack  ; From Node             ; To Node               ; Launch Clock       ; Latch Clock        ; Relationship ; Clock Skew ; Data Delay ;
+--------+-----------------------+-----------------------+--------------------+--------------------+--------------+------------+------------+
; -6.040 ; CLOCK_M:inst3|CNT0[0] ; CLOCK_M:inst3|cout    ; CT0                ; MAIN:inst8|CS.SCT0 ; 1.000        ; -5.431     ; 1.645      ;
; -6.016 ; CLOCK_M:inst3|CNT1[0] ; CLOCK_M:inst3|cout    ; CT0                ; MAIN:inst8|CS.SCT0 ; 1.000        ; -5.432     ; 1.620      ;
; -6.002 ; CLOCK_M:inst3|CNT1[1] ; CLOCK_M:inst3|cout    ; CT0                ; MAIN:inst8|CS.SCT0 ; 1.000        ; -5.432     ; 1.606      ;
; -5.983 ; CLOCK_M:inst3|CNT0[1] ; CLOCK_M:inst3|cout    ; CT0                ; MAIN:inst8|CS.SCT0 ; 1.000        ; -5.431     ; 1.588      ;
; -5.915 ; CLOCK_M:inst3|CNT1[3] ; CLOCK_M:inst3|cout    ; CT0                ; MAIN:inst8|CS.SCT0 ; 1.000        ; -5.431     ; 1.520      ;
; -5.909 ; CLOCK_M:inst3|CNT0[2] ; CLOCK_M:inst3|cout    ; CT0                ; MAIN:inst8|CS.SCT0 ; 1.000        ; -5.431     ; 1.514      ;
; -5.876 ; CLOCK_M:inst3|CNT1[2] ; CLOCK_M:inst3|cout    ; CT0                ; MAIN:inst8|CS.SCT0 ; 1.000        ; -5.432     ; 1.480      ;
; -5.764 ; CLOCK_M:inst3|CNT0[3] ; CLOCK_M:inst3|cout    ; CT0                ; MAIN:inst8|CS.SCT0 ; 1.000        ; -5.431     ; 1.369      ;
; -4.572 ; CLOCK_M:inst3|CNT0[0] ; CLOCK_M:inst3|CNT1[0] ; CT0                ; MAIN:inst8|CS.SCT0 ; 1.000        ; -3.098     ; 2.510      ;
; -4.572 ; CLOCK_M:inst3|CNT0[0] ; CLOCK_M:inst3|CNT1[1] ; CT0                ; MAIN:inst8|CS.SCT0 ; 1.000        ; -3.098     ; 2.510      ;
; -4.572 ; CLOCK_M:inst3|CNT0[0] ; CLOCK_M:inst3|CNT1[2] ; CT0                ; MAIN:inst8|CS.SCT0 ; 1.000        ; -3.098     ; 2.510      ;
; -4.515 ; CLOCK_M:inst3|CNT0[1] ; CLOCK_M:inst3|CNT1[0] ; CT0                ; MAIN:inst8|CS.SCT0 ; 1.000        ; -3.098     ; 2.453      ;
; -4.515 ; CLOCK_M:inst3|CNT0[1] ; CLOCK_M:inst3|CNT1[1] ; CT0                ; MAIN:inst8|CS.SCT0 ; 1.000        ; -3.098     ; 2.453      ;
; -4.515 ; CLOCK_M:inst3|CNT0[1] ; CLOCK_M:inst3|CNT1[2] ; CT0                ; MAIN:inst8|CS.SCT0 ; 1.000        ; -3.098     ; 2.453      ;
; -4.456 ; CLOCK_H:inst4|CNT0[0] ; CLOCK_H:inst4|CNT1[0] ; CT0                ; MAIN:inst8|CS.SCT0 ; 1.000        ; -3.098     ; 2.394      ;
; -4.454 ; CLOCK_H:inst4|CNT0[0] ; CLOCK_H:inst4|CNT1[2] ; CT0                ; MAIN:inst8|CS.SCT0 ; 1.000        ; -3.098     ; 2.392      ;
; -4.449 ; CLOCK_H:inst4|CNT0[0] ; CLOCK_H:inst4|CNT1[3] ; CT0                ; MAIN:inst8|CS.SCT0 ; 1.000        ; -3.098     ; 2.387      ;
; -4.441 ; CLOCK_M:inst3|CNT0[2] ; CLOCK_M:inst3|CNT1[0] ; CT0                ; MAIN:inst8|CS.SCT0 ; 1.000        ; -3.098     ; 2.379      ;
; -4.441 ; CLOCK_M:inst3|CNT0[2] ; CLOCK_M:inst3|CNT1[1] ; CT0                ; MAIN:inst8|CS.SCT0 ; 1.000        ; -3.098     ; 2.379      ;
; -4.441 ; CLOCK_M:inst3|CNT0[2] ; CLOCK_M:inst3|CNT1[2] ; CT0                ; MAIN:inst8|CS.SCT0 ; 1.000        ; -3.098     ; 2.379      ;
; -4.297 ; CLOCK_H:inst4|CNT0[1] ; CLOCK_H:inst4|CNT1[0] ; CT0                ; MAIN:inst8|CS.SCT0 ; 1.000        ; -3.096     ; 2.237      ;
; -4.296 ; CLOCK_M:inst3|CNT0[3] ; CLOCK_M:inst3|CNT1[0] ; CT0                ; MAIN:inst8|CS.SCT0 ; 1.000        ; -3.098     ; 2.234      ;
; -4.296 ; CLOCK_M:inst3|CNT0[3] ; CLOCK_M:inst3|CNT1[1] ; CT0                ; MAIN:inst8|CS.SCT0 ; 1.000        ; -3.098     ; 2.234      ;
; -4.296 ; CLOCK_M:inst3|CNT0[3] ; CLOCK_M:inst3|CNT1[2] ; CT0                ; MAIN:inst8|CS.SCT0 ; 1.000        ; -3.098     ; 2.234      ;
; -4.295 ; CLOCK_H:inst4|CNT0[1] ; CLOCK_H:inst4|CNT1[2] ; CT0                ; MAIN:inst8|CS.SCT0 ; 1.000        ; -3.096     ; 2.235      ;
; -4.290 ; CLOCK_H:inst4|CNT0[1] ; CLOCK_H:inst4|CNT1[3] ; CT0                ; MAIN:inst8|CS.SCT0 ; 1.000        ; -3.096     ; 2.230      ;
; -4.273 ; CLOCK_H:inst4|CNT0[0] ; CLOCK_H:inst4|CNT1[1] ; CT0                ; MAIN:inst8|CS.SCT0 ; 1.000        ; -3.098     ; 2.211      ;
; -4.236 ; CLOCK_H:inst4|CNT1[2] ; CLOCK_H:inst4|CNT1[0] ; CT0                ; MAIN:inst8|CS.SCT0 ; 1.000        ; -3.096     ; 2.176      ;
; -4.234 ; CLOCK_H:inst4|CNT1[2] ; CLOCK_H:inst4|CNT1[2] ; CT0                ; MAIN:inst8|CS.SCT0 ; 1.000        ; -3.096     ; 2.174      ;
; -4.229 ; CLOCK_H:inst4|CNT1[2] ; CLOCK_H:inst4|CNT1[3] ; CT0                ; MAIN:inst8|CS.SCT0 ; 1.000        ; -3.096     ; 2.169      ;
; -4.182 ; CLOCK_H:inst4|CNT1[0] ; CLOCK_H:inst4|CNT1[3] ; CT0                ; MAIN:inst8|CS.SCT0 ; 1.000        ; -3.096     ; 2.122      ;
; -4.165 ; CLOCK_H:inst4|CNT1[1] ; CLOCK_H:inst4|CNT1[0] ; CT0                ; MAIN:inst8|CS.SCT0 ; 1.000        ; -3.096     ; 2.105      ;
; -4.163 ; CLOCK_H:inst4|CNT1[1] ; CLOCK_H:inst4|CNT1[2] ; CT0                ; MAIN:inst8|CS.SCT0 ; 1.000        ; -3.096     ; 2.103      ;
; -4.161 ; CLOCK_H:inst4|CNT0[3] ; CLOCK_H:inst4|CNT1[0] ; CT0                ; MAIN:inst8|CS.SCT0 ; 1.000        ; -3.096     ; 2.101      ;
; -4.159 ; CLOCK_H:inst4|CNT0[3] ; CLOCK_H:inst4|CNT1[2] ; CT0                ; MAIN:inst8|CS.SCT0 ; 1.000        ; -3.096     ; 2.099      ;
; -4.158 ; CLOCK_H:inst4|CNT1[1] ; CLOCK_H:inst4|CNT1[3] ; CT0                ; MAIN:inst8|CS.SCT0 ; 1.000        ; -3.096     ; 2.098      ;
; -4.154 ; CLOCK_H:inst4|CNT0[3] ; CLOCK_H:inst4|CNT1[3] ; CT0                ; MAIN:inst8|CS.SCT0 ; 1.000        ; -3.096     ; 2.094      ;
; -4.136 ; CLOCK_H:inst4|CNT0[2] ; CLOCK_H:inst4|CNT1[0] ; CT0                ; MAIN:inst8|CS.SCT0 ; 1.000        ; -3.096     ; 2.076      ;
; -4.134 ; CLOCK_H:inst4|CNT0[2] ; CLOCK_H:inst4|CNT1[2] ; CT0                ; MAIN:inst8|CS.SCT0 ; 1.000        ; -3.096     ; 2.074      ;
; -4.129 ; CLOCK_H:inst4|CNT0[2] ; CLOCK_H:inst4|CNT1[3] ; CT0                ; MAIN:inst8|CS.SCT0 ; 1.000        ; -3.096     ; 2.069      ;
; -4.120 ; CLOCK_H:inst4|CNT1[0] ; CLOCK_H:inst4|CNT1[0] ; CT0                ; MAIN:inst8|CS.SCT0 ; 1.000        ; -3.096     ; 2.060      ;
; -4.118 ; CLOCK_H:inst4|CNT1[0] ; CLOCK_H:inst4|CNT1[2] ; CT0                ; MAIN:inst8|CS.SCT0 ; 1.000        ; -3.096     ; 2.058      ;
; -4.114 ; CLOCK_H:inst4|CNT0[1] ; CLOCK_H:inst4|CNT1[1] ; CT0                ; MAIN:inst8|CS.SCT0 ; 1.000        ; -3.096     ; 2.054      ;
; -4.099 ; CLOCK_H:inst4|CNT0[3] ; CLOCK_H:inst4|CNT1[1] ; CT0                ; MAIN:inst8|CS.SCT0 ; 1.000        ; -3.096     ; 2.039      ;
; -4.086 ; CLOCK_M:inst3|CNT0[0] ; CLOCK_M:inst3|CNT0[2] ; CT0                ; MAIN:inst8|CS.SCT0 ; 1.000        ; -3.099     ; 2.023      ;
; -4.058 ; CLOCK_H:inst4|CNT1[0] ; CLOCK_H:inst4|CNT1[1] ; CT0                ; MAIN:inst8|CS.SCT0 ; 1.000        ; -3.096     ; 1.998      ;
; -4.053 ; CLOCK_H:inst4|CNT1[2] ; CLOCK_H:inst4|CNT1[1] ; CT0                ; MAIN:inst8|CS.SCT0 ; 1.000        ; -3.096     ; 1.993      ;
; -4.024 ; CLOCK_H:inst4|CNT1[3] ; CLOCK_H:inst4|CNT1[0] ; CT0                ; MAIN:inst8|CS.SCT0 ; 1.000        ; -3.096     ; 1.964      ;
; -4.022 ; CLOCK_H:inst4|CNT1[3] ; CLOCK_H:inst4|CNT1[2] ; CT0                ; MAIN:inst8|CS.SCT0 ; 1.000        ; -3.096     ; 1.962      ;
; -4.021 ; CLOCK_H:inst4|CNT0[2] ; CLOCK_H:inst4|CNT1[1] ; CT0                ; MAIN:inst8|CS.SCT0 ; 1.000        ; -3.096     ; 1.961      ;
; -4.019 ; CLOCK_H:inst4|CNT0[0] ; CLOCK_H:inst4|CNT0[3] ; CT0                ; MAIN:inst8|CS.SCT0 ; 1.000        ; -3.098     ; 1.957      ;
; -4.017 ; CLOCK_H:inst4|CNT1[3] ; CLOCK_H:inst4|CNT1[3] ; CT0                ; MAIN:inst8|CS.SCT0 ; 1.000        ; -3.096     ; 1.957      ;
; -4.014 ; CLOCK_H:inst4|CNT0[0] ; CLOCK_H:inst4|CNT0[2] ; CT0                ; MAIN:inst8|CS.SCT0 ; 1.000        ; -3.098     ; 1.952      ;
; -3.988 ; CLOCK_M:inst3|CNT0[2] ; CLOCK_M:inst3|CNT0[2] ; CT0                ; MAIN:inst8|CS.SCT0 ; 1.000        ; -3.099     ; 1.925      ;
; -3.982 ; CLOCK_H:inst4|CNT1[1] ; CLOCK_H:inst4|CNT1[1] ; CT0                ; MAIN:inst8|CS.SCT0 ; 1.000        ; -3.096     ; 1.922      ;
; -3.980 ; CLOCK_H:inst4|CNT0[2] ; CLOCK_H:inst4|CNT0[3] ; CT0                ; MAIN:inst8|CS.SCT0 ; 1.000        ; -3.096     ; 1.920      ;
; -3.975 ; CLOCK_H:inst4|CNT0[2] ; CLOCK_H:inst4|CNT0[2] ; CT0                ; MAIN:inst8|CS.SCT0 ; 1.000        ; -3.096     ; 1.915      ;
; -3.962 ; CLOCK_H:inst4|CNT1[3] ; CLOCK_H:inst4|CNT1[1] ; CT0                ; MAIN:inst8|CS.SCT0 ; 1.000        ; -3.096     ; 1.902      ;
; -3.897 ; CLOCK_M:inst3|CNT0[1] ; CLOCK_M:inst3|CNT0[2] ; CT0                ; MAIN:inst8|CS.SCT0 ; 1.000        ; -3.099     ; 1.834      ;
; -3.880 ; CLOCK_H:inst4|CNT0[1] ; CLOCK_H:inst4|CNT0[3] ; CT0                ; MAIN:inst8|CS.SCT0 ; 1.000        ; -3.096     ; 1.820      ;
; -3.870 ; CLOCK_H:inst4|CNT0[1] ; CLOCK_H:inst4|CNT0[2] ; CT0                ; MAIN:inst8|CS.SCT0 ; 1.000        ; -3.096     ; 1.810      ;
; -3.823 ; CLOCK_M:inst3|CNT0[0] ; CLOCK_M:inst3|CNT1[3] ; CT0                ; MAIN:inst8|CS.SCT0 ; 1.000        ; -3.099     ; 1.760      ;
; -3.781 ; CLOCK_H:inst4|CNT1[2] ; CLOCK_H:inst4|CNT0[3] ; CT0                ; MAIN:inst8|CS.SCT0 ; 1.000        ; -3.096     ; 1.721      ;
; -3.772 ; CLOCK_H:inst4|CNT1[2] ; CLOCK_H:inst4|CNT0[2] ; CT0                ; MAIN:inst8|CS.SCT0 ; 1.000        ; -3.096     ; 1.712      ;
; -3.766 ; CLOCK_M:inst3|CNT0[1] ; CLOCK_M:inst3|CNT1[3] ; CT0                ; MAIN:inst8|CS.SCT0 ; 1.000        ; -3.099     ; 1.703      ;
; -3.746 ; CLOCK_M:inst3|CNT0[0] ; CLOCK_M:inst3|CNT0[0] ; CT0                ; MAIN:inst8|CS.SCT0 ; 1.000        ; -3.099     ; 1.683      ;
; -3.737 ; CLOCK_M:inst3|CNT1[1] ; CLOCK_M:inst3|CNT1[3] ; CT0                ; MAIN:inst8|CS.SCT0 ; 1.000        ; -3.100     ; 1.673      ;
; -3.732 ; CLOCK_H:inst4|CNT0[3] ; CLOCK_H:inst4|CNT0[3] ; CT0                ; MAIN:inst8|CS.SCT0 ; 1.000        ; -3.096     ; 1.672      ;
; -3.731 ; CLOCK_H:inst4|CNT0[3] ; CLOCK_H:inst4|CNT0[2] ; CT0                ; MAIN:inst8|CS.SCT0 ; 1.000        ; -3.096     ; 1.671      ;
; -3.710 ; CLOCK_H:inst4|CNT1[1] ; CLOCK_H:inst4|CNT0[3] ; CT0                ; MAIN:inst8|CS.SCT0 ; 1.000        ; -3.096     ; 1.650      ;
; -3.701 ; CLOCK_H:inst4|CNT1[1] ; CLOCK_H:inst4|CNT0[2] ; CT0                ; MAIN:inst8|CS.SCT0 ; 1.000        ; -3.096     ; 1.641      ;
; -3.692 ; CLOCK_M:inst3|CNT0[2] ; CLOCK_M:inst3|CNT1[3] ; CT0                ; MAIN:inst8|CS.SCT0 ; 1.000        ; -3.099     ; 1.629      ;
; -3.691 ; CLOCK_H:inst4|CNT1[0] ; CLOCK_H:inst4|CNT0[3] ; CT0                ; MAIN:inst8|CS.SCT0 ; 1.000        ; -3.096     ; 1.631      ;
; -3.690 ; CLOCK_H:inst4|CNT1[0] ; CLOCK_H:inst4|CNT0[2] ; CT0                ; MAIN:inst8|CS.SCT0 ; 1.000        ; -3.096     ; 1.630      ;
; -3.596 ; CLOCK_M:inst3|CNT1[2] ; CLOCK_M:inst3|CNT1[3] ; CT0                ; MAIN:inst8|CS.SCT0 ; 1.000        ; -3.100     ; 1.532      ;
; -3.595 ; CLOCK_H:inst4|CNT1[3] ; CLOCK_H:inst4|CNT0[3] ; CT0                ; MAIN:inst8|CS.SCT0 ; 1.000        ; -3.096     ; 1.535      ;
; -3.594 ; CLOCK_H:inst4|CNT1[3] ; CLOCK_H:inst4|CNT0[2] ; CT0                ; MAIN:inst8|CS.SCT0 ; 1.000        ; -3.096     ; 1.534      ;
; -3.549 ; CLOCK_M:inst3|CNT1[3] ; CLOCK_M:inst3|CNT1[1] ; CT0                ; MAIN:inst8|CS.SCT0 ; 1.000        ; -3.098     ; 1.487      ;
; -3.547 ; CLOCK_M:inst3|CNT0[3] ; CLOCK_M:inst3|CNT1[3] ; CT0                ; MAIN:inst8|CS.SCT0 ; 1.000        ; -3.099     ; 1.484      ;
; -3.466 ; CLOCK_M:inst3|CNT1[0] ; CLOCK_M:inst3|CNT1[3] ; CT0                ; MAIN:inst8|CS.SCT0 ; 1.000        ; -3.100     ; 1.402      ;
; -3.365 ; CLOCK_H:inst4|CNT1[0] ; MAIN:inst8|HH1[0]     ; CT0                ; MAIN:inst8|CS.SCT0 ; 1.000        ; -1.616     ; 1.738      ;
; -3.358 ; CLOCK_M:inst3|CNT1[2] ; CLOCK_M:inst3|CNT1[1] ; CT0                ; MAIN:inst8|CS.SCT0 ; 1.000        ; -3.099     ; 1.295      ;
; -3.326 ; CLOCK_M:inst3|CNT0[0] ; CLOCK_M:inst3|CNT0[1] ; CT0                ; MAIN:inst8|CS.SCT0 ; 1.000        ; -3.099     ; 1.263      ;
; -3.325 ; CLOCK_H:inst4|CNT0[2] ; CLOCK_H:inst4|CNT0[1] ; CT0                ; MAIN:inst8|CS.SCT0 ; 1.000        ; -3.096     ; 1.265      ;
; -3.325 ; CLOCK_M:inst3|CNT0[0] ; CLOCK_M:inst3|CNT0[3] ; CT0                ; MAIN:inst8|CS.SCT0 ; 1.000        ; -3.099     ; 1.262      ;
; -3.315 ; CLOCK_H:inst4|CNT0[0] ; CLOCK_H:inst4|CNT0[1] ; CT0                ; MAIN:inst8|CS.SCT0 ; 1.000        ; -3.098     ; 1.253      ;
; -3.282 ; CLOCK_M:inst3|CNT1[3] ; CLOCK_M:inst3|CNT1[2] ; CT0                ; MAIN:inst8|CS.SCT0 ; 1.000        ; -3.098     ; 1.220      ;
; -3.198 ; CLOCK_H:inst4|CNT0[3] ; CLOCK_H:inst4|CNT0[1] ; CT0                ; MAIN:inst8|CS.SCT0 ; 1.000        ; -3.096     ; 1.138      ;
; -3.189 ; CLOCK_M:inst3|CNT0[2] ; CLOCK_M:inst3|CNT0[1] ; CT0                ; MAIN:inst8|CS.SCT0 ; 1.000        ; -3.099     ; 1.126      ;
; -3.185 ; CLOCK_M:inst3|CNT0[2] ; CLOCK_M:inst3|CNT0[3] ; CT0                ; MAIN:inst8|CS.SCT0 ; 1.000        ; -3.099     ; 1.122      ;
; -3.181 ; CLOCK_M:inst3|CNT1[1] ; CLOCK_M:inst3|CNT1[2] ; CT0                ; MAIN:inst8|CS.SCT0 ; 1.000        ; -3.099     ; 1.118      ;
; -3.159 ; CLOCK_M:inst3|CNT1[0] ; CLOCK_M:inst3|CNT1[2] ; CT0                ; MAIN:inst8|CS.SCT0 ; 1.000        ; -3.099     ; 1.096      ;
; -3.146 ; CLOCK_H:inst4|CNT1[3] ; MAIN:inst8|HH1[3]     ; CT0                ; MAIN:inst8|CS.SCT0 ; 1.000        ; -1.434     ; 1.576      ;
; -3.052 ; CLOCK_M:inst3|CNT0[1] ; CLOCK_M:inst3|CNT0[3] ; CT0                ; MAIN:inst8|CS.SCT0 ; 1.000        ; -3.099     ; 0.989      ;
; -3.031 ; CLOCK_H:inst4|CNT0[2] ; MAIN:inst8|HH0[2]     ; CT0                ; MAIN:inst8|CS.SCT0 ; 1.000        ; -1.463     ; 1.592      ;
; -2.994 ; CLOCK_H:inst4|CNT0[1] ; MAIN:inst8|HH0[1]     ; CT0                ; MAIN:inst8|CS.SCT0 ; 1.000        ; -1.437     ; 1.588      ;
; -2.981 ; CLOCK_H:inst4|CNT0[3] ; MAIN:inst8|HH0[3]     ; CT0                ; MAIN:inst8|CS.SCT0 ; 1.000        ; -1.435     ; 1.589      ;
; -2.977 ; CLOCK_H:inst4|CNT1[2] ; MAIN:inst8|HH1[2]     ; CT0                ; MAIN:inst8|CS.SCT0 ; 1.000        ; -1.434     ; 1.587      ;
; -2.941 ; CLOCK_M:inst3|CNT0[0] ; CLOCK_M:inst3|cout    ; MAIN:inst8|CS.SCT0 ; MAIN:inst8|CS.SCT0 ; 1.000        ; -2.332     ; 1.645      ;
; -2.917 ; CLOCK_M:inst3|CNT1[0] ; CLOCK_M:inst3|cout    ; MAIN:inst8|CS.SCT0 ; MAIN:inst8|CS.SCT0 ; 1.000        ; -2.333     ; 1.620      ;
+--------+-----------------------+-----------------------+--------------------+--------------------+--------------+------------+------------+


+---------------------------------------------------------------------------------------------------------------------+
; Slow Model Setup: 'CLK'                                                                                             ;
+--------+------------------+-------------------+--------------+-------------+--------------+------------+------------+
; Slack  ; From Node        ; To Node           ; Launch Clock ; Latch Clock ; Relationship ; Clock Skew ; Data Delay ;
+--------+------------------+-------------------+--------------+-------------+--------------+------------+------------+
; -4.706 ; FD:inst|TEMP1[1] ; FD:inst|TEMP1[0]  ; CLK          ; CLK         ; 1.000        ; 0.000      ; 5.742      ;
; -4.706 ; FD:inst|TEMP1[1] ; FD:inst|TEMP1[1]  ; CLK          ; CLK         ; 1.000        ; 0.000      ; 5.742      ;
; -4.706 ; FD:inst|TEMP1[1] ; FD:inst|TEMP1[2]  ; CLK          ; CLK         ; 1.000        ; 0.000      ; 5.742      ;
; -4.706 ; FD:inst|TEMP1[1] ; FD:inst|TEMP1[3]  ; CLK          ; CLK         ; 1.000        ; 0.000      ; 5.742      ;
; -4.706 ; FD:inst|TEMP1[1] ; FD:inst|TEMP1[4]  ; CLK          ; CLK         ; 1.000        ; 0.000      ; 5.742      ;
; -4.706 ; FD:inst|TEMP1[1] ; FD:inst|TEMP1[5]  ; CLK          ; CLK         ; 1.000        ; 0.000      ; 5.742      ;
; -4.706 ; FD:inst|TEMP1[1] ; FD:inst|TEMP1[6]  ; CLK          ; CLK         ; 1.000        ; 0.000      ; 5.742      ;
; -4.706 ; FD:inst|TEMP1[1] ; FD:inst|TEMP1[7]  ; CLK          ; CLK         ; 1.000        ; 0.000      ; 5.742      ;
; -4.706 ; FD:inst|TEMP1[1] ; FD:inst|TEMP1[8]  ; CLK          ; CLK         ; 1.000        ; 0.000      ; 5.742      ;
; -4.706 ; FD:inst|TEMP1[1] ; FD:inst|TEMP1[10] ; CLK          ; CLK         ; 1.000        ; 0.000      ; 5.742      ;
; -4.706 ; FD:inst|TEMP1[1] ; FD:inst|TEMP1[9]  ; CLK          ; CLK         ; 1.000        ; 0.000      ; 5.742      ;
; -4.669 ; FD:inst|TEMP1[2] ; FD:inst|TEMP1[0]  ; CLK          ; CLK         ; 1.000        ; 0.000      ; 5.705      ;
; -4.669 ; FD:inst|TEMP1[2] ; FD:inst|TEMP1[1]  ; CLK          ; CLK         ; 1.000        ; 0.000      ; 5.705      ;
; -4.669 ; FD:inst|TEMP1[2] ; FD:inst|TEMP1[2]  ; CLK          ; CLK         ; 1.000        ; 0.000      ; 5.705      ;
; -4.669 ; FD:inst|TEMP1[2] ; FD:inst|TEMP1[3]  ; CLK          ; CLK         ; 1.000        ; 0.000      ; 5.705      ;
; -4.669 ; FD:inst|TEMP1[2] ; FD:inst|TEMP1[4]  ; CLK          ; CLK         ; 1.000        ; 0.000      ; 5.705      ;
; -4.669 ; FD:inst|TEMP1[2] ; FD:inst|TEMP1[5]  ; CLK          ; CLK         ; 1.000        ; 0.000      ; 5.705      ;
; -4.669 ; FD:inst|TEMP1[2] ; FD:inst|TEMP1[6]  ; CLK          ; CLK         ; 1.000        ; 0.000      ; 5.705      ;
; -4.669 ; FD:inst|TEMP1[2] ; FD:inst|TEMP1[7]  ; CLK          ; CLK         ; 1.000        ; 0.000      ; 5.705      ;
; -4.669 ; FD:inst|TEMP1[2] ; FD:inst|TEMP1[8]  ; CLK          ; CLK         ; 1.000        ; 0.000      ; 5.705      ;
; -4.669 ; FD:inst|TEMP1[2] ; FD:inst|TEMP1[10] ; CLK          ; CLK         ; 1.000        ; 0.000      ; 5.705      ;
; -4.669 ; FD:inst|TEMP1[2] ; FD:inst|TEMP1[9]  ; CLK          ; CLK         ; 1.000        ; 0.000      ; 5.705      ;
; -4.535 ; FD:inst|TEMP1[3] ; FD:inst|TEMP1[0]  ; CLK          ; CLK         ; 1.000        ; 0.000      ; 5.571      ;
; -4.535 ; FD:inst|TEMP1[3] ; FD:inst|TEMP1[1]  ; CLK          ; CLK         ; 1.000        ; 0.000      ; 5.571      ;
; -4.535 ; FD:inst|TEMP1[3] ; FD:inst|TEMP1[2]  ; CLK          ; CLK         ; 1.000        ; 0.000      ; 5.571      ;
; -4.535 ; FD:inst|TEMP1[3] ; FD:inst|TEMP1[3]  ; CLK          ; CLK         ; 1.000        ; 0.000      ; 5.571      ;
; -4.535 ; FD:inst|TEMP1[3] ; FD:inst|TEMP1[4]  ; CLK          ; CLK         ; 1.000        ; 0.000      ; 5.571      ;
; -4.535 ; FD:inst|TEMP1[3] ; FD:inst|TEMP1[5]  ; CLK          ; CLK         ; 1.000        ; 0.000      ; 5.571      ;
; -4.535 ; FD:inst|TEMP1[3] ; FD:inst|TEMP1[6]  ; CLK          ; CLK         ; 1.000        ; 0.000      ; 5.571      ;
; -4.535 ; FD:inst|TEMP1[3] ; FD:inst|TEMP1[7]  ; CLK          ; CLK         ; 1.000        ; 0.000      ; 5.571      ;
; -4.535 ; FD:inst|TEMP1[3] ; FD:inst|TEMP1[8]  ; CLK          ; CLK         ; 1.000        ; 0.000      ; 5.571      ;
; -4.535 ; FD:inst|TEMP1[3] ; FD:inst|TEMP1[10] ; CLK          ; CLK         ; 1.000        ; 0.000      ; 5.571      ;
; -4.535 ; FD:inst|TEMP1[3] ; FD:inst|TEMP1[9]  ; CLK          ; CLK         ; 1.000        ; 0.000      ; 5.571      ;
; -4.397 ; FD:inst|TEMP1[0] ; FD:inst|TEMP1[0]  ; CLK          ; CLK         ; 1.000        ; 0.000      ; 5.433      ;
; -4.397 ; FD:inst|TEMP1[0] ; FD:inst|TEMP1[1]  ; CLK          ; CLK         ; 1.000        ; 0.000      ; 5.433      ;
; -4.397 ; FD:inst|TEMP1[0] ; FD:inst|TEMP1[2]  ; CLK          ; CLK         ; 1.000        ; 0.000      ; 5.433      ;
; -4.397 ; FD:inst|TEMP1[0] ; FD:inst|TEMP1[3]  ; CLK          ; CLK         ; 1.000        ; 0.000      ; 5.433      ;
; -4.397 ; FD:inst|TEMP1[0] ; FD:inst|TEMP1[4]  ; CLK          ; CLK         ; 1.000        ; 0.000      ; 5.433      ;
; -4.397 ; FD:inst|TEMP1[0] ; FD:inst|TEMP1[5]  ; CLK          ; CLK         ; 1.000        ; 0.000      ; 5.433      ;
; -4.397 ; FD:inst|TEMP1[0] ; FD:inst|TEMP1[6]  ; CLK          ; CLK         ; 1.000        ; 0.000      ; 5.433      ;
; -4.397 ; FD:inst|TEMP1[0] ; FD:inst|TEMP1[7]  ; CLK          ; CLK         ; 1.000        ; 0.000      ; 5.433      ;
; -4.397 ; FD:inst|TEMP1[0] ; FD:inst|TEMP1[8]  ; CLK          ; CLK         ; 1.000        ; 0.000      ; 5.433      ;
; -4.397 ; FD:inst|TEMP1[0] ; FD:inst|TEMP1[10] ; CLK          ; CLK         ; 1.000        ; 0.000      ; 5.433      ;
; -4.397 ; FD:inst|TEMP1[0] ; FD:inst|TEMP1[9]  ; CLK          ; CLK         ; 1.000        ; 0.000      ; 5.433      ;
; -4.292 ; FD:inst|TEMP1[4] ; FD:inst|TEMP1[0]  ; CLK          ; CLK         ; 1.000        ; 0.000      ; 5.328      ;
; -4.292 ; FD:inst|TEMP1[4] ; FD:inst|TEMP1[1]  ; CLK          ; CLK         ; 1.000        ; 0.000      ; 5.328      ;
; -4.292 ; FD:inst|TEMP1[4] ; FD:inst|TEMP1[2]  ; CLK          ; CLK         ; 1.000        ; 0.000      ; 5.328      ;
; -4.292 ; FD:inst|TEMP1[4] ; FD:inst|TEMP1[3]  ; CLK          ; CLK         ; 1.000        ; 0.000      ; 5.328      ;
; -4.292 ; FD:inst|TEMP1[4] ; FD:inst|TEMP1[4]  ; CLK          ; CLK         ; 1.000        ; 0.000      ; 5.328      ;
; -4.292 ; FD:inst|TEMP1[4] ; FD:inst|TEMP1[5]  ; CLK          ; CLK         ; 1.000        ; 0.000      ; 5.328      ;
; -4.292 ; FD:inst|TEMP1[4] ; FD:inst|TEMP1[6]  ; CLK          ; CLK         ; 1.000        ; 0.000      ; 5.328      ;
; -4.292 ; FD:inst|TEMP1[4] ; FD:inst|TEMP1[7]  ; CLK          ; CLK         ; 1.000        ; 0.000      ; 5.328      ;
; -4.292 ; FD:inst|TEMP1[4] ; FD:inst|TEMP1[8]  ; CLK          ; CLK         ; 1.000        ; 0.000      ; 5.328      ;
; -4.292 ; FD:inst|TEMP1[4] ; FD:inst|TEMP1[10] ; CLK          ; CLK         ; 1.000        ; 0.000      ; 5.328      ;
; -4.292 ; FD:inst|TEMP1[4] ; FD:inst|TEMP1[9]  ; CLK          ; CLK         ; 1.000        ; 0.000      ; 5.328      ;
; -4.241 ; FD:inst|TEMP1[1] ; FD:inst|TEMP1[11] ; CLK          ; CLK         ; 1.000        ; 0.003      ; 5.280      ;
; -4.241 ; FD:inst|TEMP1[1] ; FD:inst|TEMP1[12] ; CLK          ; CLK         ; 1.000        ; 0.003      ; 5.280      ;
; -4.241 ; FD:inst|TEMP1[1] ; FD:inst|TEMP1[13] ; CLK          ; CLK         ; 1.000        ; 0.003      ; 5.280      ;
; -4.241 ; FD:inst|TEMP1[1] ; FD:inst|TEMP1[14] ; CLK          ; CLK         ; 1.000        ; 0.003      ; 5.280      ;
; -4.241 ; FD:inst|TEMP1[1] ; FD:inst|TEMP1[15] ; CLK          ; CLK         ; 1.000        ; 0.003      ; 5.280      ;
; -4.241 ; FD:inst|TEMP1[1] ; FD:inst|TEMP1[16] ; CLK          ; CLK         ; 1.000        ; 0.003      ; 5.280      ;
; -4.241 ; FD:inst|TEMP1[1] ; FD:inst|TEMP1[17] ; CLK          ; CLK         ; 1.000        ; 0.003      ; 5.280      ;
; -4.241 ; FD:inst|TEMP1[1] ; FD:inst|TEMP1[18] ; CLK          ; CLK         ; 1.000        ; 0.003      ; 5.280      ;
; -4.241 ; FD:inst|TEMP1[1] ; FD:inst|TEMP1[19] ; CLK          ; CLK         ; 1.000        ; 0.003      ; 5.280      ;
; -4.241 ; FD:inst|TEMP1[1] ; FD:inst|TEMP1[20] ; CLK          ; CLK         ; 1.000        ; 0.003      ; 5.280      ;
; -4.241 ; FD:inst|TEMP1[1] ; FD:inst|TEMP1[21] ; CLK          ; CLK         ; 1.000        ; 0.003      ; 5.280      ;
; -4.241 ; FD:inst|TEMP1[1] ; FD:inst|TEMP1[22] ; CLK          ; CLK         ; 1.000        ; 0.003      ; 5.280      ;
; -4.204 ; FD:inst|TEMP1[2] ; FD:inst|TEMP1[11] ; CLK          ; CLK         ; 1.000        ; 0.003      ; 5.243      ;
; -4.204 ; FD:inst|TEMP1[2] ; FD:inst|TEMP1[12] ; CLK          ; CLK         ; 1.000        ; 0.003      ; 5.243      ;
; -4.204 ; FD:inst|TEMP1[2] ; FD:inst|TEMP1[13] ; CLK          ; CLK         ; 1.000        ; 0.003      ; 5.243      ;
; -4.204 ; FD:inst|TEMP1[2] ; FD:inst|TEMP1[14] ; CLK          ; CLK         ; 1.000        ; 0.003      ; 5.243      ;
; -4.204 ; FD:inst|TEMP1[2] ; FD:inst|TEMP1[15] ; CLK          ; CLK         ; 1.000        ; 0.003      ; 5.243      ;
; -4.204 ; FD:inst|TEMP1[2] ; FD:inst|TEMP1[16] ; CLK          ; CLK         ; 1.000        ; 0.003      ; 5.243      ;
; -4.204 ; FD:inst|TEMP1[2] ; FD:inst|TEMP1[17] ; CLK          ; CLK         ; 1.000        ; 0.003      ; 5.243      ;
; -4.204 ; FD:inst|TEMP1[2] ; FD:inst|TEMP1[18] ; CLK          ; CLK         ; 1.000        ; 0.003      ; 5.243      ;
; -4.204 ; FD:inst|TEMP1[2] ; FD:inst|TEMP1[19] ; CLK          ; CLK         ; 1.000        ; 0.003      ; 5.243      ;
; -4.204 ; FD:inst|TEMP1[2] ; FD:inst|TEMP1[20] ; CLK          ; CLK         ; 1.000        ; 0.003      ; 5.243      ;
; -4.204 ; FD:inst|TEMP1[2] ; FD:inst|TEMP1[21] ; CLK          ; CLK         ; 1.000        ; 0.003      ; 5.243      ;
; -4.204 ; FD:inst|TEMP1[2] ; FD:inst|TEMP1[22] ; CLK          ; CLK         ; 1.000        ; 0.003      ; 5.243      ;
; -4.149 ; FD:inst|TEMP1[5] ; FD:inst|TEMP1[0]  ; CLK          ; CLK         ; 1.000        ; 0.000      ; 5.185      ;
; -4.149 ; FD:inst|TEMP1[5] ; FD:inst|TEMP1[1]  ; CLK          ; CLK         ; 1.000        ; 0.000      ; 5.185      ;
; -4.149 ; FD:inst|TEMP1[5] ; FD:inst|TEMP1[2]  ; CLK          ; CLK         ; 1.000        ; 0.000      ; 5.185      ;
; -4.149 ; FD:inst|TEMP1[5] ; FD:inst|TEMP1[3]  ; CLK          ; CLK         ; 1.000        ; 0.000      ; 5.185      ;
; -4.149 ; FD:inst|TEMP1[5] ; FD:inst|TEMP1[4]  ; CLK          ; CLK         ; 1.000        ; 0.000      ; 5.185      ;
; -4.149 ; FD:inst|TEMP1[5] ; FD:inst|TEMP1[5]  ; CLK          ; CLK         ; 1.000        ; 0.000      ; 5.185      ;
; -4.149 ; FD:inst|TEMP1[5] ; FD:inst|TEMP1[6]  ; CLK          ; CLK         ; 1.000        ; 0.000      ; 5.185      ;
; -4.149 ; FD:inst|TEMP1[5] ; FD:inst|TEMP1[7]  ; CLK          ; CLK         ; 1.000        ; 0.000      ; 5.185      ;
; -4.149 ; FD:inst|TEMP1[5] ; FD:inst|TEMP1[8]  ; CLK          ; CLK         ; 1.000        ; 0.000      ; 5.185      ;
; -4.149 ; FD:inst|TEMP1[5] ; FD:inst|TEMP1[10] ; CLK          ; CLK         ; 1.000        ; 0.000      ; 5.185      ;
; -4.149 ; FD:inst|TEMP1[5] ; FD:inst|TEMP1[9]  ; CLK          ; CLK         ; 1.000        ; 0.000      ; 5.185      ;
; -4.070 ; FD:inst|TEMP1[3] ; FD:inst|TEMP1[11] ; CLK          ; CLK         ; 1.000        ; 0.003      ; 5.109      ;
; -4.070 ; FD:inst|TEMP1[3] ; FD:inst|TEMP1[12] ; CLK          ; CLK         ; 1.000        ; 0.003      ; 5.109      ;
; -4.070 ; FD:inst|TEMP1[3] ; FD:inst|TEMP1[13] ; CLK          ; CLK         ; 1.000        ; 0.003      ; 5.109      ;
; -4.070 ; FD:inst|TEMP1[3] ; FD:inst|TEMP1[14] ; CLK          ; CLK         ; 1.000        ; 0.003      ; 5.109      ;
; -4.070 ; FD:inst|TEMP1[3] ; FD:inst|TEMP1[15] ; CLK          ; CLK         ; 1.000        ; 0.003      ; 5.109      ;
; -4.070 ; FD:inst|TEMP1[3] ; FD:inst|TEMP1[16] ; CLK          ; CLK         ; 1.000        ; 0.003      ; 5.109      ;
; -4.070 ; FD:inst|TEMP1[3] ; FD:inst|TEMP1[17] ; CLK          ; CLK         ; 1.000        ; 0.003      ; 5.109      ;
; -4.070 ; FD:inst|TEMP1[3] ; FD:inst|TEMP1[18] ; CLK          ; CLK         ; 1.000        ; 0.003      ; 5.109      ;
; -4.070 ; FD:inst|TEMP1[3] ; FD:inst|TEMP1[19] ; CLK          ; CLK         ; 1.000        ; 0.003      ; 5.109      ;
; -4.070 ; FD:inst|TEMP1[3] ; FD:inst|TEMP1[20] ; CLK          ; CLK         ; 1.000        ; 0.003      ; 5.109      ;
+--------+------------------+-------------------+--------------+-------------+--------------+------------+------------+


+------------------------------------------------------------------------------------------------------------------------------------+
; Slow Model Setup: 'CT0'                                                                                                            ;
+--------+-----------------------+-----------------------+--------------------+-------------+--------------+------------+------------+
; Slack  ; From Node             ; To Node               ; Launch Clock       ; Latch Clock ; Relationship ; Clock Skew ; Data Delay ;
+--------+-----------------------+-----------------------+--------------------+-------------+--------------+------------+------------+
; -2.941 ; CLOCK_M:inst3|CNT0[0] ; CLOCK_M:inst3|cout    ; CT0                ; CT0         ; 1.000        ; -2.332     ; 1.645      ;
; -2.917 ; CLOCK_M:inst3|CNT1[0] ; CLOCK_M:inst3|cout    ; CT0                ; CT0         ; 1.000        ; -2.333     ; 1.620      ;
; -2.903 ; CLOCK_M:inst3|CNT1[1] ; CLOCK_M:inst3|cout    ; CT0                ; CT0         ; 1.000        ; -2.333     ; 1.606      ;
; -2.884 ; CLOCK_M:inst3|CNT0[1] ; CLOCK_M:inst3|cout    ; CT0                ; CT0         ; 1.000        ; -2.332     ; 1.588      ;
; -2.816 ; CLOCK_M:inst3|CNT1[3] ; CLOCK_M:inst3|cout    ; CT0                ; CT0         ; 1.000        ; -2.332     ; 1.520      ;
; -2.810 ; CLOCK_M:inst3|CNT0[2] ; CLOCK_M:inst3|cout    ; CT0                ; CT0         ; 1.000        ; -2.332     ; 1.514      ;
; -2.777 ; CLOCK_M:inst3|CNT1[2] ; CLOCK_M:inst3|cout    ; CT0                ; CT0         ; 1.000        ; -2.333     ; 1.480      ;
; -2.665 ; CLOCK_M:inst3|CNT0[3] ; CLOCK_M:inst3|cout    ; CT0                ; CT0         ; 1.000        ; -2.332     ; 1.369      ;
; -1.473 ; CLOCK_M:inst3|CNT0[0] ; CLOCK_M:inst3|CNT1[0] ; CT0                ; CT0         ; 1.000        ; 0.001      ; 2.510      ;
; -1.473 ; CLOCK_M:inst3|CNT0[0] ; CLOCK_M:inst3|CNT1[1] ; CT0                ; CT0         ; 1.000        ; 0.001      ; 2.510      ;
; -1.473 ; CLOCK_M:inst3|CNT0[0] ; CLOCK_M:inst3|CNT1[2] ; CT0                ; CT0         ; 1.000        ; 0.001      ; 2.510      ;
; -1.416 ; CLOCK_M:inst3|CNT0[1] ; CLOCK_M:inst3|CNT1[0] ; CT0                ; CT0         ; 1.000        ; 0.001      ; 2.453      ;
; -1.416 ; CLOCK_M:inst3|CNT0[1] ; CLOCK_M:inst3|CNT1[1] ; CT0                ; CT0         ; 1.000        ; 0.001      ; 2.453      ;
; -1.416 ; CLOCK_M:inst3|CNT0[1] ; CLOCK_M:inst3|CNT1[2] ; CT0                ; CT0         ; 1.000        ; 0.001      ; 2.453      ;
; -1.360 ; CLOCK_H:inst4|CNT0[0] ; CLOCK_H:inst4|CNT1[0] ; CT0                ; CT0         ; 1.000        ; -0.002     ; 2.394      ;
; -1.358 ; CLOCK_H:inst4|CNT0[0] ; CLOCK_H:inst4|CNT1[2] ; CT0                ; CT0         ; 1.000        ; -0.002     ; 2.392      ;
; -1.353 ; CLOCK_H:inst4|CNT0[0] ; CLOCK_H:inst4|CNT1[3] ; CT0                ; CT0         ; 1.000        ; -0.002     ; 2.387      ;
; -1.342 ; CLOCK_M:inst3|CNT0[2] ; CLOCK_M:inst3|CNT1[0] ; CT0                ; CT0         ; 1.000        ; 0.001      ; 2.379      ;
; -1.342 ; CLOCK_M:inst3|CNT0[2] ; CLOCK_M:inst3|CNT1[1] ; CT0                ; CT0         ; 1.000        ; 0.001      ; 2.379      ;
; -1.342 ; CLOCK_M:inst3|CNT0[2] ; CLOCK_M:inst3|CNT1[2] ; CT0                ; CT0         ; 1.000        ; 0.001      ; 2.379      ;
; -1.201 ; CLOCK_H:inst4|CNT0[1] ; CLOCK_H:inst4|CNT1[0] ; CT0                ; CT0         ; 1.000        ; 0.000      ; 2.237      ;
; -1.199 ; CLOCK_H:inst4|CNT0[1] ; CLOCK_H:inst4|CNT1[2] ; CT0                ; CT0         ; 1.000        ; 0.000      ; 2.235      ;
; -1.197 ; CLOCK_M:inst3|CNT0[3] ; CLOCK_M:inst3|CNT1[0] ; CT0                ; CT0         ; 1.000        ; 0.001      ; 2.234      ;
; -1.197 ; CLOCK_M:inst3|CNT0[3] ; CLOCK_M:inst3|CNT1[1] ; CT0                ; CT0         ; 1.000        ; 0.001      ; 2.234      ;
; -1.197 ; CLOCK_M:inst3|CNT0[3] ; CLOCK_M:inst3|CNT1[2] ; CT0                ; CT0         ; 1.000        ; 0.001      ; 2.234      ;
; -1.194 ; CLOCK_H:inst4|CNT0[1] ; CLOCK_H:inst4|CNT1[3] ; CT0                ; CT0         ; 1.000        ; 0.000      ; 2.230      ;
; -1.177 ; CLOCK_H:inst4|CNT0[0] ; CLOCK_H:inst4|CNT1[1] ; CT0                ; CT0         ; 1.000        ; -0.002     ; 2.211      ;
; -1.140 ; CLOCK_H:inst4|CNT1[2] ; CLOCK_H:inst4|CNT1[0] ; CT0                ; CT0         ; 1.000        ; 0.000      ; 2.176      ;
; -1.138 ; CLOCK_H:inst4|CNT1[2] ; CLOCK_H:inst4|CNT1[2] ; CT0                ; CT0         ; 1.000        ; 0.000      ; 2.174      ;
; -1.133 ; CLOCK_H:inst4|CNT1[2] ; CLOCK_H:inst4|CNT1[3] ; CT0                ; CT0         ; 1.000        ; 0.000      ; 2.169      ;
; -1.086 ; CLOCK_H:inst4|CNT1[0] ; CLOCK_H:inst4|CNT1[3] ; CT0                ; CT0         ; 1.000        ; 0.000      ; 2.122      ;
; -1.069 ; CLOCK_H:inst4|CNT1[1] ; CLOCK_H:inst4|CNT1[0] ; CT0                ; CT0         ; 1.000        ; 0.000      ; 2.105      ;
; -1.067 ; CLOCK_H:inst4|CNT1[1] ; CLOCK_H:inst4|CNT1[2] ; CT0                ; CT0         ; 1.000        ; 0.000      ; 2.103      ;
; -1.065 ; CLOCK_H:inst4|CNT0[3] ; CLOCK_H:inst4|CNT1[0] ; CT0                ; CT0         ; 1.000        ; 0.000      ; 2.101      ;
; -1.063 ; CLOCK_H:inst4|CNT0[3] ; CLOCK_H:inst4|CNT1[2] ; CT0                ; CT0         ; 1.000        ; 0.000      ; 2.099      ;
; -1.062 ; CLOCK_H:inst4|CNT1[1] ; CLOCK_H:inst4|CNT1[3] ; CT0                ; CT0         ; 1.000        ; 0.000      ; 2.098      ;
; -1.058 ; CLOCK_H:inst4|CNT0[3] ; CLOCK_H:inst4|CNT1[3] ; CT0                ; CT0         ; 1.000        ; 0.000      ; 2.094      ;
; -1.040 ; CLOCK_H:inst4|CNT0[2] ; CLOCK_H:inst4|CNT1[0] ; CT0                ; CT0         ; 1.000        ; 0.000      ; 2.076      ;
; -1.038 ; CLOCK_H:inst4|CNT0[2] ; CLOCK_H:inst4|CNT1[2] ; CT0                ; CT0         ; 1.000        ; 0.000      ; 2.074      ;
; -1.033 ; CLOCK_H:inst4|CNT0[2] ; CLOCK_H:inst4|CNT1[3] ; CT0                ; CT0         ; 1.000        ; 0.000      ; 2.069      ;
; -1.024 ; CLOCK_H:inst4|CNT1[0] ; CLOCK_H:inst4|CNT1[0] ; CT0                ; CT0         ; 1.000        ; 0.000      ; 2.060      ;
; -1.022 ; CLOCK_H:inst4|CNT1[0] ; CLOCK_H:inst4|CNT1[2] ; CT0                ; CT0         ; 1.000        ; 0.000      ; 2.058      ;
; -1.018 ; CLOCK_H:inst4|CNT0[1] ; CLOCK_H:inst4|CNT1[1] ; CT0                ; CT0         ; 1.000        ; 0.000      ; 2.054      ;
; -1.003 ; CLOCK_H:inst4|CNT0[3] ; CLOCK_H:inst4|CNT1[1] ; CT0                ; CT0         ; 1.000        ; 0.000      ; 2.039      ;
; -0.987 ; CLOCK_M:inst3|CNT0[0] ; CLOCK_M:inst3|CNT0[2] ; CT0                ; CT0         ; 1.000        ; 0.000      ; 2.023      ;
; -0.962 ; CLOCK_H:inst4|CNT1[0] ; CLOCK_H:inst4|CNT1[1] ; CT0                ; CT0         ; 1.000        ; 0.000      ; 1.998      ;
; -0.957 ; CLOCK_H:inst4|CNT1[2] ; CLOCK_H:inst4|CNT1[1] ; CT0                ; CT0         ; 1.000        ; 0.000      ; 1.993      ;
; -0.928 ; CLOCK_H:inst4|CNT1[3] ; CLOCK_H:inst4|CNT1[0] ; CT0                ; CT0         ; 1.000        ; 0.000      ; 1.964      ;
; -0.926 ; CLOCK_H:inst4|CNT1[3] ; CLOCK_H:inst4|CNT1[2] ; CT0                ; CT0         ; 1.000        ; 0.000      ; 1.962      ;
; -0.925 ; CLOCK_H:inst4|CNT0[2] ; CLOCK_H:inst4|CNT1[1] ; CT0                ; CT0         ; 1.000        ; 0.000      ; 1.961      ;
; -0.923 ; CLOCK_H:inst4|CNT0[0] ; CLOCK_H:inst4|CNT0[3] ; CT0                ; CT0         ; 1.000        ; -0.002     ; 1.957      ;
; -0.921 ; CLOCK_H:inst4|CNT1[3] ; CLOCK_H:inst4|CNT1[3] ; CT0                ; CT0         ; 1.000        ; 0.000      ; 1.957      ;
; -0.918 ; CLOCK_H:inst4|CNT0[0] ; CLOCK_H:inst4|CNT0[2] ; CT0                ; CT0         ; 1.000        ; -0.002     ; 1.952      ;
; -0.889 ; CLOCK_M:inst3|CNT0[2] ; CLOCK_M:inst3|CNT0[2] ; CT0                ; CT0         ; 1.000        ; 0.000      ; 1.925      ;
; -0.886 ; CLOCK_H:inst4|CNT1[1] ; CLOCK_H:inst4|CNT1[1] ; CT0                ; CT0         ; 1.000        ; 0.000      ; 1.922      ;
; -0.884 ; CLOCK_H:inst4|CNT0[2] ; CLOCK_H:inst4|CNT0[3] ; CT0                ; CT0         ; 1.000        ; 0.000      ; 1.920      ;
; -0.879 ; CLOCK_H:inst4|CNT0[2] ; CLOCK_H:inst4|CNT0[2] ; CT0                ; CT0         ; 1.000        ; 0.000      ; 1.915      ;
; -0.866 ; CLOCK_H:inst4|CNT1[3] ; CLOCK_H:inst4|CNT1[1] ; CT0                ; CT0         ; 1.000        ; 0.000      ; 1.902      ;
; -0.798 ; CLOCK_M:inst3|CNT0[1] ; CLOCK_M:inst3|CNT0[2] ; CT0                ; CT0         ; 1.000        ; 0.000      ; 1.834      ;
; -0.784 ; CLOCK_H:inst4|CNT0[1] ; CLOCK_H:inst4|CNT0[3] ; CT0                ; CT0         ; 1.000        ; 0.000      ; 1.820      ;
; -0.774 ; CLOCK_H:inst4|CNT0[1] ; CLOCK_H:inst4|CNT0[2] ; CT0                ; CT0         ; 1.000        ; 0.000      ; 1.810      ;
; -0.724 ; CLOCK_M:inst3|CNT0[0] ; CLOCK_M:inst3|CNT1[3] ; CT0                ; CT0         ; 1.000        ; 0.000      ; 1.760      ;
; -0.685 ; CLOCK_H:inst4|CNT1[2] ; CLOCK_H:inst4|CNT0[3] ; CT0                ; CT0         ; 1.000        ; 0.000      ; 1.721      ;
; -0.676 ; CLOCK_H:inst4|CNT1[2] ; CLOCK_H:inst4|CNT0[2] ; CT0                ; CT0         ; 1.000        ; 0.000      ; 1.712      ;
; -0.667 ; CLOCK_M:inst3|CNT0[1] ; CLOCK_M:inst3|CNT1[3] ; CT0                ; CT0         ; 1.000        ; 0.000      ; 1.703      ;
; -0.647 ; CLOCK_M:inst3|CNT0[0] ; CLOCK_M:inst3|CNT0[0] ; CT0                ; CT0         ; 1.000        ; 0.000      ; 1.683      ;
; -0.638 ; CLOCK_M:inst3|CNT1[1] ; CLOCK_M:inst3|CNT1[3] ; CT0                ; CT0         ; 1.000        ; -0.001     ; 1.673      ;
; -0.636 ; CLOCK_H:inst4|CNT0[3] ; CLOCK_H:inst4|CNT0[3] ; CT0                ; CT0         ; 1.000        ; 0.000      ; 1.672      ;
; -0.635 ; CLOCK_H:inst4|CNT0[3] ; CLOCK_H:inst4|CNT0[2] ; CT0                ; CT0         ; 1.000        ; 0.000      ; 1.671      ;
; -0.614 ; CLOCK_H:inst4|CNT1[1] ; CLOCK_H:inst4|CNT0[3] ; CT0                ; CT0         ; 1.000        ; 0.000      ; 1.650      ;
; -0.605 ; CLOCK_H:inst4|CNT1[1] ; CLOCK_H:inst4|CNT0[2] ; CT0                ; CT0         ; 1.000        ; 0.000      ; 1.641      ;
; -0.595 ; CLOCK_H:inst4|CNT1[0] ; CLOCK_H:inst4|CNT0[3] ; CT0                ; CT0         ; 1.000        ; 0.000      ; 1.631      ;
; -0.594 ; CLOCK_H:inst4|CNT1[0] ; CLOCK_H:inst4|CNT0[2] ; CT0                ; CT0         ; 1.000        ; 0.000      ; 1.630      ;
; -0.593 ; CLOCK_M:inst3|CNT0[2] ; CLOCK_M:inst3|CNT1[3] ; CT0                ; CT0         ; 1.000        ; 0.000      ; 1.629      ;
; -0.499 ; CLOCK_H:inst4|CNT1[3] ; CLOCK_H:inst4|CNT0[3] ; CT0                ; CT0         ; 1.000        ; 0.000      ; 1.535      ;
; -0.498 ; CLOCK_H:inst4|CNT1[3] ; CLOCK_H:inst4|CNT0[2] ; CT0                ; CT0         ; 1.000        ; 0.000      ; 1.534      ;
; -0.497 ; CLOCK_M:inst3|CNT1[2] ; CLOCK_M:inst3|CNT1[3] ; CT0                ; CT0         ; 1.000        ; -0.001     ; 1.532      ;
; -0.450 ; CLOCK_M:inst3|CNT1[3] ; CLOCK_M:inst3|CNT1[1] ; CT0                ; CT0         ; 1.000        ; 0.001      ; 1.487      ;
; -0.448 ; CLOCK_M:inst3|CNT0[3] ; CLOCK_M:inst3|CNT1[3] ; CT0                ; CT0         ; 1.000        ; 0.000      ; 1.484      ;
; -0.367 ; CLOCK_M:inst3|CNT1[0] ; CLOCK_M:inst3|CNT1[3] ; CT0                ; CT0         ; 1.000        ; -0.001     ; 1.402      ;
; -0.259 ; CLOCK_M:inst3|CNT1[2] ; CLOCK_M:inst3|CNT1[1] ; CT0                ; CT0         ; 1.000        ; 0.000      ; 1.295      ;
; -0.229 ; CLOCK_H:inst4|CNT0[2] ; CLOCK_H:inst4|CNT0[1] ; CT0                ; CT0         ; 1.000        ; 0.000      ; 1.265      ;
; -0.227 ; CLOCK_M:inst3|CNT0[0] ; CLOCK_M:inst3|CNT0[1] ; CT0                ; CT0         ; 1.000        ; 0.000      ; 1.263      ;
; -0.226 ; CLOCK_M:inst3|CNT0[0] ; CLOCK_M:inst3|CNT0[3] ; CT0                ; CT0         ; 1.000        ; 0.000      ; 1.262      ;
; -0.219 ; CLOCK_H:inst4|CNT0[0] ; CLOCK_H:inst4|CNT0[1] ; CT0                ; CT0         ; 1.000        ; -0.002     ; 1.253      ;
; -0.183 ; CLOCK_M:inst3|CNT1[3] ; CLOCK_M:inst3|CNT1[2] ; CT0                ; CT0         ; 1.000        ; 0.001      ; 1.220      ;
; -0.102 ; CLOCK_H:inst4|CNT0[3] ; CLOCK_H:inst4|CNT0[1] ; CT0                ; CT0         ; 1.000        ; 0.000      ; 1.138      ;
; -0.090 ; CLOCK_M:inst3|CNT0[2] ; CLOCK_M:inst3|CNT0[1] ; CT0                ; CT0         ; 1.000        ; 0.000      ; 1.126      ;
; -0.086 ; CLOCK_M:inst3|CNT0[2] ; CLOCK_M:inst3|CNT0[3] ; CT0                ; CT0         ; 1.000        ; 0.000      ; 1.122      ;
; -0.082 ; CLOCK_M:inst3|CNT1[1] ; CLOCK_M:inst3|CNT1[2] ; CT0                ; CT0         ; 1.000        ; 0.000      ; 1.118      ;
; -0.060 ; CLOCK_M:inst3|CNT1[0] ; CLOCK_M:inst3|CNT1[2] ; CT0                ; CT0         ; 1.000        ; 0.000      ; 1.096      ;
; 0.047  ; CLOCK_M:inst3|CNT0[1] ; CLOCK_M:inst3|CNT0[3] ; CT0                ; CT0         ; 1.000        ; 0.000      ; 0.989      ;
; 0.158  ; CLOCK_M:inst3|CNT0[0] ; CLOCK_M:inst3|cout    ; MAIN:inst8|CS.SCT0 ; CT0         ; 1.000        ; 0.767      ; 1.645      ;
; 0.182  ; CLOCK_M:inst3|CNT1[0] ; CLOCK_M:inst3|cout    ; MAIN:inst8|CS.SCT0 ; CT0         ; 1.000        ; 0.766      ; 1.620      ;
; 0.196  ; CLOCK_M:inst3|CNT1[1] ; CLOCK_M:inst3|cout    ; MAIN:inst8|CS.SCT0 ; CT0         ; 1.000        ; 0.766      ; 1.606      ;
; 0.215  ; CLOCK_M:inst3|CNT0[1] ; CLOCK_M:inst3|cout    ; MAIN:inst8|CS.SCT0 ; CT0         ; 1.000        ; 0.767      ; 1.588      ;
; 0.218  ; CLOCK_M:inst3|CNT1[0] ; CLOCK_M:inst3|CNT1[1] ; CT0                ; CT0         ; 1.000        ; 0.000      ; 0.818      ;
; 0.229  ; CLOCK_M:inst3|CNT0[3] ; CLOCK_M:inst3|CNT0[1] ; CT0                ; CT0         ; 1.000        ; 0.000      ; 0.807      ;
; 0.259  ; CLOCK_M:inst3|CNT0[0] ; CLOCK_M:inst3|cout    ; MAIN:inst8|CS.SCT1 ; CT0         ; 1.000        ; 0.868      ; 1.645      ;
; 0.283  ; CLOCK_M:inst3|CNT1[0] ; CLOCK_M:inst3|cout    ; MAIN:inst8|CS.SCT1 ; CT0         ; 1.000        ; 0.867      ; 1.620      ;
+--------+-----------------------+-----------------------+--------------------+-------------+--------------+------------+------------+


+----------------------------------------------------------------------------------------------------------------------------+
; Slow Model Setup: 'MAIN:inst8|CS.S1'                                                                                       ;
+--------+--------------------+-------------------+--------------+------------------+--------------+------------+------------+
; Slack  ; From Node          ; To Node           ; Launch Clock ; Latch Clock      ; Relationship ; Clock Skew ; Data Delay ;
+--------+--------------------+-------------------+--------------+------------------+--------------+------------+------------+
; -2.196 ; MAIN:inst8|CS.SSUM ; MAIN:inst8|SUM_EN ; FD:inst|Q1   ; MAIN:inst8|CS.S1 ; 0.500        ; -1.011     ; 0.713      ;
+--------+--------------------+-------------------+--------------+------------------+--------------+------------+------------+


+-----------------------------------------------------------------------------------------------------------------------------------+
; Slow Model Setup: 'FD:inst|Q1'                                                                                                    ;
+--------+----------------------+----------------------+---------------------+-------------+--------------+------------+------------+
; Slack  ; From Node            ; To Node              ; Launch Clock        ; Latch Clock ; Relationship ; Clock Skew ; Data Delay ;
+--------+----------------------+----------------------+---------------------+-------------+--------------+------------+------------+
; -1.511 ; MAIN:inst8|CS.SPAUSE ; MAIN:inst8|CS.SRUN1  ; FD:inst|Q1          ; FD:inst|Q1  ; 1.000        ; -1.362     ; 1.185      ;
; -1.337 ; CT0                  ; MAIN:inst8|CS.SSUM   ; CT0                 ; FD:inst|Q1  ; 0.500        ; 2.007      ; 3.880      ;
; -0.924 ; CT0                  ; MAIN:inst8|CS.S1     ; CT0                 ; FD:inst|Q1  ; 0.500        ; 3.369      ; 4.829      ;
; -0.891 ; CT0                  ; MAIN:inst8|CS.SCT0   ; CT0                 ; FD:inst|Q1  ; 0.500        ; 3.366      ; 4.793      ;
; -0.890 ; CT0                  ; MAIN:inst8|CS.SCT1   ; CT0                 ; FD:inst|Q1  ; 0.500        ; 3.366      ; 4.792      ;
; -0.837 ; CT0                  ; MAIN:inst8|CS.SSUM   ; CT0                 ; FD:inst|Q1  ; 1.000        ; 2.007      ; 3.880      ;
; -0.647 ; MAIN:inst8|CS.S0     ; MAIN:inst8|CS.S1     ; FD:inst|Q1          ; FD:inst|Q1  ; 1.000        ; -0.003     ; 1.680      ;
; -0.446 ; MAIN:inst8|CS.SRUN1  ; MAIN:inst8|CS.SRUN1  ; FD:inst|Q1          ; FD:inst|Q1  ; 1.000        ; 0.000      ; 1.482      ;
; -0.424 ; CT0                  ; MAIN:inst8|CS.S1     ; CT0                 ; FD:inst|Q1  ; 1.000        ; 3.369      ; 4.829      ;
; -0.391 ; CT0                  ; MAIN:inst8|CS.SCT0   ; CT0                 ; FD:inst|Q1  ; 1.000        ; 3.366      ; 4.793      ;
; -0.390 ; CT0                  ; MAIN:inst8|CS.SCT1   ; CT0                 ; FD:inst|Q1  ; 1.000        ; 3.366      ; 4.792      ;
; -0.256 ; FD2:inst1|TEMP1[1]   ; FD2:inst1|TEMP1[0]   ; FD:inst|Q1          ; FD:inst|Q1  ; 1.000        ; 0.000      ; 1.292      ;
; -0.253 ; FD2:inst1|TEMP1[1]   ; FD2:inst1|TEMP1[2]   ; FD:inst|Q1          ; FD:inst|Q1  ; 1.000        ; 0.000      ; 1.289      ;
; -0.052 ; FD3:inst22|TEMP1[2]  ; FD3:inst22|TEMP1[0]  ; FD:inst|Q1          ; FD:inst|Q1  ; 1.000        ; 0.000      ; 1.088      ;
; -0.051 ; FD3:inst22|TEMP1[0]  ; FD3:inst22|Q1        ; FD:inst|Q1          ; FD:inst|Q1  ; 1.000        ; 0.000      ; 1.087      ;
; -0.042 ; FD2:inst1|TEMP1[3]   ; FD2:inst1|TEMP1[0]   ; FD:inst|Q1          ; FD:inst|Q1  ; 1.000        ; 0.000      ; 1.078      ;
; -0.031 ; FD2:inst1|TEMP1[2]   ; FD2:inst1|TEMP1[3]   ; FD:inst|Q1          ; FD:inst|Q1  ; 1.000        ; 0.000      ; 1.067      ;
; -0.013 ; FD3:inst22|TEMP1[1]  ; FD3:inst22|TEMP1[2]  ; FD:inst|Q1          ; FD:inst|Q1  ; 1.000        ; 0.000      ; 1.049      ;
; -0.012 ; FD3:inst22|TEMP1[2]  ; FD3:inst22|TEMP1[1]  ; FD:inst|Q1          ; FD:inst|Q1  ; 1.000        ; 0.000      ; 1.048      ;
; -0.008 ; FD2:inst1|TEMP1[3]   ; FD2:inst1|TEMP1[2]   ; FD:inst|Q1          ; FD:inst|Q1  ; 1.000        ; 0.000      ; 1.044      ;
; -0.007 ; FD2:inst1|TEMP1[3]   ; FD2:inst1|TEMP1[1]   ; FD:inst|Q1          ; FD:inst|Q1  ; 1.000        ; 0.000      ; 1.043      ;
; 0.004  ; FD2:inst1|TEMP1[1]   ; FD2:inst1|TEMP1[3]   ; FD:inst|Q1          ; FD:inst|Q1  ; 1.000        ; 0.000      ; 1.032      ;
; 0.063  ; FD3:inst22|TEMP1[1]  ; FD3:inst22|TEMP1[0]  ; FD:inst|Q1          ; FD:inst|Q1  ; 1.000        ; 0.000      ; 0.973      ;
; 0.101  ; FD3:inst22|TEMP1[1]  ; FD3:inst22|Q1        ; FD:inst|Q1          ; FD:inst|Q1  ; 1.000        ; 0.000      ; 0.935      ;
; 0.199  ; MAIN:inst8|CS.SRUN0  ; MAIN:inst8|CS.SRUN1  ; MAIN:inst8|CS.SRUN0 ; FD:inst|Q1  ; 0.500        ; 2.007      ; 2.594      ;
; 0.222  ; FD3:inst22|TEMP1[0]  ; FD3:inst22|TEMP1[1]  ; FD:inst|Q1          ; FD:inst|Q1  ; 1.000        ; 0.000      ; 0.814      ;
; 0.224  ; FD3:inst22|TEMP1[2]  ; FD3:inst22|Q1        ; FD:inst|Q1          ; FD:inst|Q1  ; 1.000        ; 0.000      ; 0.812      ;
; 0.224  ; FD3:inst22|TEMP1[0]  ; FD3:inst22|TEMP1[2]  ; FD:inst|Q1          ; FD:inst|Q1  ; 1.000        ; 0.000      ; 0.812      ;
; 0.228  ; FD2:inst1|TEMP1[3]   ; FD2:inst1|Q1         ; FD:inst|Q1          ; FD:inst|Q1  ; 1.000        ; 0.000      ; 0.808      ;
; 0.238  ; FD2:inst1|TEMP1[0]   ; FD2:inst1|TEMP1[2]   ; FD:inst|Q1          ; FD:inst|Q1  ; 1.000        ; 0.000      ; 0.798      ;
; 0.238  ; FD2:inst1|TEMP1[0]   ; FD2:inst1|TEMP1[1]   ; FD:inst|Q1          ; FD:inst|Q1  ; 1.000        ; 0.000      ; 0.798      ;
; 0.241  ; FD2:inst1|TEMP1[0]   ; FD2:inst1|TEMP1[3]   ; FD:inst|Q1          ; FD:inst|Q1  ; 1.000        ; 0.000      ; 0.795      ;
; 0.244  ; FD2:inst1|TEMP1[2]   ; FD2:inst1|TEMP1[0]   ; FD:inst|Q1          ; FD:inst|Q1  ; 1.000        ; 0.000      ; 0.792      ;
; 0.379  ; MAIN:inst8|CS.SSUM   ; MAIN:inst8|CS.SSUM   ; FD:inst|Q1          ; FD:inst|Q1  ; 1.000        ; 0.000      ; 0.657      ;
; 0.379  ; MAIN:inst8|CS.SPAUSE ; MAIN:inst8|CS.SPAUSE ; FD:inst|Q1          ; FD:inst|Q1  ; 1.000        ; 0.000      ; 0.657      ;
; 0.379  ; FD2:inst1|TEMP1[0]   ; FD2:inst1|TEMP1[0]   ; FD:inst|Q1          ; FD:inst|Q1  ; 1.000        ; 0.000      ; 0.657      ;
; 0.379  ; FD2:inst1|TEMP1[2]   ; FD2:inst1|TEMP1[2]   ; FD:inst|Q1          ; FD:inst|Q1  ; 1.000        ; 0.000      ; 0.657      ;
; 0.379  ; FD3:inst22|TEMP1[0]  ; FD3:inst22|TEMP1[0]  ; FD:inst|Q1          ; FD:inst|Q1  ; 1.000        ; 0.000      ; 0.657      ;
; 0.379  ; FD2:inst1|TEMP1[3]   ; FD2:inst1|TEMP1[3]   ; FD:inst|Q1          ; FD:inst|Q1  ; 1.000        ; 0.000      ; 0.657      ;
; 0.379  ; FD3:inst22|TEMP1[2]  ; FD3:inst22|TEMP1[2]  ; FD:inst|Q1          ; FD:inst|Q1  ; 1.000        ; 0.000      ; 0.657      ;
; 0.379  ; FD3:inst22|TEMP1[1]  ; FD3:inst22|TEMP1[1]  ; FD:inst|Q1          ; FD:inst|Q1  ; 1.000        ; 0.000      ; 0.657      ;
; 0.379  ; FD2:inst1|TEMP1[1]   ; FD2:inst1|TEMP1[1]   ; FD:inst|Q1          ; FD:inst|Q1  ; 1.000        ; 0.000      ; 0.657      ;
; 0.699  ; MAIN:inst8|CS.SRUN0  ; MAIN:inst8|CS.SRUN1  ; MAIN:inst8|CS.SRUN0 ; FD:inst|Q1  ; 1.000        ; 2.007      ; 2.594      ;
; 0.854  ; MAIN:inst8|CS.SCT0   ; MAIN:inst8|CS.S1     ; MAIN:inst8|CS.SCT0  ; FD:inst|Q1  ; 0.500        ; 3.369      ; 3.301      ;
; 0.888  ; MAIN:inst8|CS.SCT1   ; MAIN:inst8|CS.S1     ; MAIN:inst8|CS.SCT1  ; FD:inst|Q1  ; 0.500        ; 3.369      ; 3.267      ;
; 0.918  ; MAIN:inst8|CS.SRUN1  ; MAIN:inst8|CS.S1     ; FD:inst|Q1          ; FD:inst|Q1  ; 1.000        ; 1.362      ; 1.480      ;
; 0.925  ; MAIN:inst8|CS.S1     ; MAIN:inst8|CS.SRUN0  ; MAIN:inst8|CS.S1    ; FD:inst|Q1  ; 0.500        ; 3.397      ; 3.258      ;
; 1.278  ; MAIN:inst8|CS.S1     ; MAIN:inst8|CS.SSUM   ; MAIN:inst8|CS.S1    ; FD:inst|Q1  ; 0.500        ; 2.007      ; 1.515      ;
; 1.297  ; MAIN:inst8|CS.SSUM   ; MAIN:inst8|CS.S1     ; FD:inst|Q1          ; FD:inst|Q1  ; 1.000        ; 1.362      ; 1.101      ;
; 1.354  ; MAIN:inst8|CS.SCT0   ; MAIN:inst8|CS.S1     ; MAIN:inst8|CS.SCT0  ; FD:inst|Q1  ; 1.000        ; 3.369      ; 3.301      ;
; 1.388  ; MAIN:inst8|CS.SCT1   ; MAIN:inst8|CS.S1     ; MAIN:inst8|CS.SCT1  ; FD:inst|Q1  ; 1.000        ; 3.369      ; 3.267      ;
; 1.422  ; MAIN:inst8|CS.SRUN1  ; MAIN:inst8|CS.SPAUSE ; FD:inst|Q1          ; FD:inst|Q1  ; 1.000        ; 1.362      ; 0.976      ;
; 1.425  ; MAIN:inst8|CS.S1     ; MAIN:inst8|CS.SRUN0  ; MAIN:inst8|CS.S1    ; FD:inst|Q1  ; 1.000        ; 3.397      ; 3.258      ;
; 1.626  ; MAIN:inst8|CS.SCT0   ; FD2:inst1|TEMP1[1]   ; MAIN:inst8|CS.SCT0  ; FD:inst|Q1  ; 0.500        ; 3.355      ; 2.515      ;
; 1.626  ; MAIN:inst8|CS.SCT0   ; FD2:inst1|TEMP1[2]   ; MAIN:inst8|CS.SCT0  ; FD:inst|Q1  ; 0.500        ; 3.355      ; 2.515      ;
; 1.626  ; MAIN:inst8|CS.SCT0   ; FD2:inst1|TEMP1[0]   ; MAIN:inst8|CS.SCT0  ; FD:inst|Q1  ; 0.500        ; 3.355      ; 2.515      ;
; 1.626  ; MAIN:inst8|CS.SCT0   ; FD2:inst1|TEMP1[3]   ; MAIN:inst8|CS.SCT0  ; FD:inst|Q1  ; 0.500        ; 3.355      ; 2.515      ;
; 1.660  ; MAIN:inst8|CS.SCT1   ; FD2:inst1|TEMP1[1]   ; MAIN:inst8|CS.SCT1  ; FD:inst|Q1  ; 0.500        ; 3.355      ; 2.481      ;
; 1.660  ; MAIN:inst8|CS.SCT1   ; FD2:inst1|TEMP1[2]   ; MAIN:inst8|CS.SCT1  ; FD:inst|Q1  ; 0.500        ; 3.355      ; 2.481      ;
; 1.660  ; MAIN:inst8|CS.SCT1   ; FD2:inst1|TEMP1[0]   ; MAIN:inst8|CS.SCT1  ; FD:inst|Q1  ; 0.500        ; 3.355      ; 2.481      ;
; 1.660  ; MAIN:inst8|CS.SCT1   ; FD2:inst1|TEMP1[3]   ; MAIN:inst8|CS.SCT1  ; FD:inst|Q1  ; 0.500        ; 3.355      ; 2.481      ;
; 1.778  ; MAIN:inst8|CS.S1     ; MAIN:inst8|CS.SSUM   ; MAIN:inst8|CS.S1    ; FD:inst|Q1  ; 1.000        ; 2.007      ; 1.515      ;
; 1.893  ; MAIN:inst8|CS.S1     ; MAIN:inst8|CS.SCT1   ; MAIN:inst8|CS.S1    ; FD:inst|Q1  ; 0.500        ; 3.366      ; 2.259      ;
; 1.894  ; MAIN:inst8|CS.S1     ; MAIN:inst8|CS.SCT0   ; MAIN:inst8|CS.S1    ; FD:inst|Q1  ; 0.500        ; 3.366      ; 2.258      ;
; 1.937  ; MAIN:inst8|CS.S1     ; MAIN:inst8|CS.S1     ; MAIN:inst8|CS.S1    ; FD:inst|Q1  ; 0.500        ; 3.369      ; 2.218      ;
; 2.126  ; MAIN:inst8|CS.SCT0   ; FD2:inst1|TEMP1[1]   ; MAIN:inst8|CS.SCT0  ; FD:inst|Q1  ; 1.000        ; 3.355      ; 2.515      ;
; 2.126  ; MAIN:inst8|CS.SCT0   ; FD2:inst1|TEMP1[2]   ; MAIN:inst8|CS.SCT0  ; FD:inst|Q1  ; 1.000        ; 3.355      ; 2.515      ;
; 2.126  ; MAIN:inst8|CS.SCT0   ; FD2:inst1|TEMP1[0]   ; MAIN:inst8|CS.SCT0  ; FD:inst|Q1  ; 1.000        ; 3.355      ; 2.515      ;
; 2.126  ; MAIN:inst8|CS.SCT0   ; FD2:inst1|TEMP1[3]   ; MAIN:inst8|CS.SCT0  ; FD:inst|Q1  ; 1.000        ; 3.355      ; 2.515      ;
; 2.160  ; MAIN:inst8|CS.SCT1   ; FD2:inst1|TEMP1[1]   ; MAIN:inst8|CS.SCT1  ; FD:inst|Q1  ; 1.000        ; 3.355      ; 2.481      ;
; 2.160  ; MAIN:inst8|CS.SCT1   ; FD2:inst1|TEMP1[2]   ; MAIN:inst8|CS.SCT1  ; FD:inst|Q1  ; 1.000        ; 3.355      ; 2.481      ;
; 2.160  ; MAIN:inst8|CS.SCT1   ; FD2:inst1|TEMP1[0]   ; MAIN:inst8|CS.SCT1  ; FD:inst|Q1  ; 1.000        ; 3.355      ; 2.481      ;
; 2.160  ; MAIN:inst8|CS.SCT1   ; FD2:inst1|TEMP1[3]   ; MAIN:inst8|CS.SCT1  ; FD:inst|Q1  ; 1.000        ; 3.355      ; 2.481      ;
; 2.393  ; MAIN:inst8|CS.S1     ; MAIN:inst8|CS.SCT1   ; MAIN:inst8|CS.S1    ; FD:inst|Q1  ; 1.000        ; 3.366      ; 2.259      ;
; 2.394  ; MAIN:inst8|CS.S1     ; MAIN:inst8|CS.SCT0   ; MAIN:inst8|CS.S1    ; FD:inst|Q1  ; 1.000        ; 3.366      ; 2.258      ;
; 2.437  ; MAIN:inst8|CS.S1     ; MAIN:inst8|CS.S1     ; MAIN:inst8|CS.S1    ; FD:inst|Q1  ; 1.000        ; 3.369      ; 2.218      ;
; 2.496  ; MAIN:inst8|CS.SCT0   ; MAIN:inst8|CS.SCT0   ; MAIN:inst8|CS.SCT0  ; FD:inst|Q1  ; 0.500        ; 3.366      ; 1.656      ;
; 2.497  ; MAIN:inst8|CS.SCT0   ; MAIN:inst8|CS.SCT1   ; MAIN:inst8|CS.SCT0  ; FD:inst|Q1  ; 0.500        ; 3.366      ; 1.655      ;
; 2.530  ; MAIN:inst8|CS.SCT1   ; MAIN:inst8|CS.SCT0   ; MAIN:inst8|CS.SCT1  ; FD:inst|Q1  ; 0.500        ; 3.366      ; 1.622      ;
; 2.531  ; MAIN:inst8|CS.SCT1   ; MAIN:inst8|CS.SCT1   ; MAIN:inst8|CS.SCT1  ; FD:inst|Q1  ; 0.500        ; 3.366      ; 1.621      ;
; 2.996  ; MAIN:inst8|CS.SCT0   ; MAIN:inst8|CS.SCT0   ; MAIN:inst8|CS.SCT0  ; FD:inst|Q1  ; 1.000        ; 3.366      ; 1.656      ;
; 2.997  ; MAIN:inst8|CS.SCT0   ; MAIN:inst8|CS.SCT1   ; MAIN:inst8|CS.SCT0  ; FD:inst|Q1  ; 1.000        ; 3.366      ; 1.655      ;
; 3.030  ; MAIN:inst8|CS.SCT1   ; MAIN:inst8|CS.SCT0   ; MAIN:inst8|CS.SCT1  ; FD:inst|Q1  ; 1.000        ; 3.366      ; 1.622      ;
; 3.031  ; MAIN:inst8|CS.SCT1   ; MAIN:inst8|CS.SCT1   ; MAIN:inst8|CS.SCT1  ; FD:inst|Q1  ; 1.000        ; 3.366      ; 1.621      ;
+--------+----------------------+----------------------+---------------------+-------------+--------------+------------+------------+


+-------------------------------------------------------------------------------------------------------------------------------------------+
; Slow Model Setup: 'MAIN:inst8|CS.SRUN0'                                                                                                   ;
+--------+----------------------+----------------------+---------------------+---------------------+--------------+------------+------------+
; Slack  ; From Node            ; To Node              ; Launch Clock        ; Latch Clock         ; Relationship ; Clock Skew ; Data Delay ;
+--------+----------------------+----------------------+---------------------+---------------------+--------------+------------+------------+
; -1.358 ; COUNT:inst7|TEMP[0]  ; COUNT:inst7|TEMP[13] ; MAIN:inst8|CS.SRUN0 ; MAIN:inst8|CS.SRUN0 ; 1.000        ; 0.000      ; 2.394      ;
; -1.287 ; COUNT:inst7|TEMP[0]  ; COUNT:inst7|TEMP[12] ; MAIN:inst8|CS.SRUN0 ; MAIN:inst8|CS.SRUN0 ; 1.000        ; 0.000      ; 2.323      ;
; -1.287 ; COUNT:inst7|TEMP[1]  ; COUNT:inst7|TEMP[13] ; MAIN:inst8|CS.SRUN0 ; MAIN:inst8|CS.SRUN0 ; 1.000        ; 0.000      ; 2.323      ;
; -1.217 ; COUNT:inst7|TEMP[2]  ; COUNT:inst7|TEMP[13] ; MAIN:inst8|CS.SRUN0 ; MAIN:inst8|CS.SRUN0 ; 1.000        ; 0.000      ; 2.253      ;
; -1.216 ; COUNT:inst7|TEMP[0]  ; COUNT:inst7|TEMP[11] ; MAIN:inst8|CS.SRUN0 ; MAIN:inst8|CS.SRUN0 ; 1.000        ; 0.000      ; 2.252      ;
; -1.216 ; COUNT:inst7|TEMP[1]  ; COUNT:inst7|TEMP[12] ; MAIN:inst8|CS.SRUN0 ; MAIN:inst8|CS.SRUN0 ; 1.000        ; 0.000      ; 2.252      ;
; -1.178 ; COUNT:inst7|TEMP[3]  ; COUNT:inst7|TEMP[13] ; MAIN:inst8|CS.SRUN0 ; MAIN:inst8|CS.SRUN0 ; 1.000        ; 0.000      ; 2.214      ;
; -1.146 ; COUNT:inst7|TEMP[2]  ; COUNT:inst7|TEMP[12] ; MAIN:inst8|CS.SRUN0 ; MAIN:inst8|CS.SRUN0 ; 1.000        ; 0.000      ; 2.182      ;
; -1.145 ; COUNT:inst7|TEMP[0]  ; COUNT:inst7|TEMP[10] ; MAIN:inst8|CS.SRUN0 ; MAIN:inst8|CS.SRUN0 ; 1.000        ; 0.000      ; 2.181      ;
; -1.145 ; COUNT:inst7|TEMP[1]  ; COUNT:inst7|TEMP[11] ; MAIN:inst8|CS.SRUN0 ; MAIN:inst8|CS.SRUN0 ; 1.000        ; 0.000      ; 2.181      ;
; -1.118 ; COUNT:inst7|TEMP[6]  ; COUNT:inst7|TEMP[13] ; MAIN:inst8|CS.SRUN0 ; MAIN:inst8|CS.SRUN0 ; 1.000        ; 0.000      ; 2.154      ;
; -1.107 ; COUNT:inst7|TEMP[3]  ; COUNT:inst7|TEMP[12] ; MAIN:inst8|CS.SRUN0 ; MAIN:inst8|CS.SRUN0 ; 1.000        ; 0.000      ; 2.143      ;
; -1.075 ; COUNT:inst7|TEMP[4]  ; COUNT:inst7|TEMP[13] ; MAIN:inst8|CS.SRUN0 ; MAIN:inst8|CS.SRUN0 ; 1.000        ; 0.000      ; 2.111      ;
; -1.075 ; COUNT:inst7|TEMP[2]  ; COUNT:inst7|TEMP[11] ; MAIN:inst8|CS.SRUN0 ; MAIN:inst8|CS.SRUN0 ; 1.000        ; 0.000      ; 2.111      ;
; -1.074 ; COUNT:inst7|TEMP[0]  ; COUNT:inst7|TEMP[9]  ; MAIN:inst8|CS.SRUN0 ; MAIN:inst8|CS.SRUN0 ; 1.000        ; 0.000      ; 2.110      ;
; -1.074 ; COUNT:inst7|TEMP[1]  ; COUNT:inst7|TEMP[10] ; MAIN:inst8|CS.SRUN0 ; MAIN:inst8|CS.SRUN0 ; 1.000        ; 0.000      ; 2.110      ;
; -1.047 ; COUNT:inst7|TEMP[6]  ; COUNT:inst7|TEMP[12] ; MAIN:inst8|CS.SRUN0 ; MAIN:inst8|CS.SRUN0 ; 1.000        ; 0.000      ; 2.083      ;
; -1.036 ; COUNT:inst7|TEMP[5]  ; COUNT:inst7|TEMP[13] ; MAIN:inst8|CS.SRUN0 ; MAIN:inst8|CS.SRUN0 ; 1.000        ; 0.000      ; 2.072      ;
; -1.036 ; COUNT:inst7|TEMP[3]  ; COUNT:inst7|TEMP[11] ; MAIN:inst8|CS.SRUN0 ; MAIN:inst8|CS.SRUN0 ; 1.000        ; 0.000      ; 2.072      ;
; -1.004 ; COUNT:inst7|TEMP[4]  ; COUNT:inst7|TEMP[12] ; MAIN:inst8|CS.SRUN0 ; MAIN:inst8|CS.SRUN0 ; 1.000        ; 0.000      ; 2.040      ;
; -1.004 ; COUNT:inst7|TEMP[2]  ; COUNT:inst7|TEMP[10] ; MAIN:inst8|CS.SRUN0 ; MAIN:inst8|CS.SRUN0 ; 1.000        ; 0.000      ; 2.040      ;
; -1.003 ; COUNT:inst7|TEMP[0]  ; COUNT:inst7|TEMP[8]  ; MAIN:inst8|CS.SRUN0 ; MAIN:inst8|CS.SRUN0 ; 1.000        ; 0.000      ; 2.039      ;
; -1.003 ; COUNT:inst7|TEMP[1]  ; COUNT:inst7|TEMP[9]  ; MAIN:inst8|CS.SRUN0 ; MAIN:inst8|CS.SRUN0 ; 1.000        ; 0.000      ; 2.039      ;
; -0.976 ; COUNT:inst7|TEMP[6]  ; COUNT:inst7|TEMP[11] ; MAIN:inst8|CS.SRUN0 ; MAIN:inst8|CS.SRUN0 ; 1.000        ; 0.000      ; 2.012      ;
; -0.965 ; COUNT:inst7|TEMP[5]  ; COUNT:inst7|TEMP[12] ; MAIN:inst8|CS.SRUN0 ; MAIN:inst8|CS.SRUN0 ; 1.000        ; 0.000      ; 2.001      ;
; -0.965 ; COUNT:inst7|TEMP[3]  ; COUNT:inst7|TEMP[10] ; MAIN:inst8|CS.SRUN0 ; MAIN:inst8|CS.SRUN0 ; 1.000        ; 0.000      ; 2.001      ;
; -0.933 ; COUNT:inst7|TEMP[4]  ; COUNT:inst7|TEMP[11] ; MAIN:inst8|CS.SRUN0 ; MAIN:inst8|CS.SRUN0 ; 1.000        ; 0.000      ; 1.969      ;
; -0.933 ; COUNT:inst7|TEMP[2]  ; COUNT:inst7|TEMP[9]  ; MAIN:inst8|CS.SRUN0 ; MAIN:inst8|CS.SRUN0 ; 1.000        ; 0.000      ; 1.969      ;
; -0.932 ; COUNT:inst7|TEMP[1]  ; COUNT:inst7|TEMP[8]  ; MAIN:inst8|CS.SRUN0 ; MAIN:inst8|CS.SRUN0 ; 1.000        ; 0.000      ; 1.968      ;
; -0.905 ; COUNT:inst7|TEMP[6]  ; COUNT:inst7|TEMP[10] ; MAIN:inst8|CS.SRUN0 ; MAIN:inst8|CS.SRUN0 ; 1.000        ; 0.000      ; 1.941      ;
; -0.894 ; COUNT:inst7|TEMP[5]  ; COUNT:inst7|TEMP[11] ; MAIN:inst8|CS.SRUN0 ; MAIN:inst8|CS.SRUN0 ; 1.000        ; 0.000      ; 1.930      ;
; -0.894 ; COUNT:inst7|TEMP[3]  ; COUNT:inst7|TEMP[9]  ; MAIN:inst8|CS.SRUN0 ; MAIN:inst8|CS.SRUN0 ; 1.000        ; 0.000      ; 1.930      ;
; -0.866 ; COUNT:inst7|TEMP[7]  ; COUNT:inst7|TEMP[13] ; MAIN:inst8|CS.SRUN0 ; MAIN:inst8|CS.SRUN0 ; 1.000        ; 0.000      ; 1.902      ;
; -0.862 ; COUNT:inst7|TEMP[4]  ; COUNT:inst7|TEMP[10] ; MAIN:inst8|CS.SRUN0 ; MAIN:inst8|CS.SRUN0 ; 1.000        ; 0.000      ; 1.898      ;
; -0.862 ; COUNT:inst7|TEMP[2]  ; COUNT:inst7|TEMP[8]  ; MAIN:inst8|CS.SRUN0 ; MAIN:inst8|CS.SRUN0 ; 1.000        ; 0.000      ; 1.898      ;
; -0.844 ; COUNT:inst7|TEMP[0]  ; COUNT:inst7|TEMP[7]  ; MAIN:inst8|CS.SRUN0 ; MAIN:inst8|CS.SRUN0 ; 1.000        ; 0.000      ; 1.880      ;
; -0.834 ; COUNT:inst7|TEMP[6]  ; COUNT:inst7|TEMP[9]  ; MAIN:inst8|CS.SRUN0 ; MAIN:inst8|CS.SRUN0 ; 1.000        ; 0.000      ; 1.870      ;
; -0.823 ; COUNT:inst7|TEMP[5]  ; COUNT:inst7|TEMP[10] ; MAIN:inst8|CS.SRUN0 ; MAIN:inst8|CS.SRUN0 ; 1.000        ; 0.000      ; 1.859      ;
; -0.823 ; COUNT:inst7|TEMP[3]  ; COUNT:inst7|TEMP[8]  ; MAIN:inst8|CS.SRUN0 ; MAIN:inst8|CS.SRUN0 ; 1.000        ; 0.000      ; 1.859      ;
; -0.795 ; COUNT:inst7|TEMP[7]  ; COUNT:inst7|TEMP[12] ; MAIN:inst8|CS.SRUN0 ; MAIN:inst8|CS.SRUN0 ; 1.000        ; 0.000      ; 1.831      ;
; -0.791 ; COUNT:inst7|TEMP[4]  ; COUNT:inst7|TEMP[9]  ; MAIN:inst8|CS.SRUN0 ; MAIN:inst8|CS.SRUN0 ; 1.000        ; 0.000      ; 1.827      ;
; -0.773 ; COUNT:inst7|TEMP[0]  ; COUNT:inst7|TEMP[6]  ; MAIN:inst8|CS.SRUN0 ; MAIN:inst8|CS.SRUN0 ; 1.000        ; 0.000      ; 1.809      ;
; -0.773 ; COUNT:inst7|TEMP[1]  ; COUNT:inst7|TEMP[7]  ; MAIN:inst8|CS.SRUN0 ; MAIN:inst8|CS.SRUN0 ; 1.000        ; 0.000      ; 1.809      ;
; -0.763 ; COUNT:inst7|TEMP[6]  ; COUNT:inst7|TEMP[8]  ; MAIN:inst8|CS.SRUN0 ; MAIN:inst8|CS.SRUN0 ; 1.000        ; 0.000      ; 1.799      ;
; -0.752 ; COUNT:inst7|TEMP[5]  ; COUNT:inst7|TEMP[9]  ; MAIN:inst8|CS.SRUN0 ; MAIN:inst8|CS.SRUN0 ; 1.000        ; 0.000      ; 1.788      ;
; -0.738 ; COUNT:inst7|TEMP[8]  ; COUNT:inst7|TEMP[13] ; MAIN:inst8|CS.SRUN0 ; MAIN:inst8|CS.SRUN0 ; 1.000        ; 0.000      ; 1.774      ;
; -0.724 ; COUNT:inst7|TEMP[7]  ; COUNT:inst7|TEMP[11] ; MAIN:inst8|CS.SRUN0 ; MAIN:inst8|CS.SRUN0 ; 1.000        ; 0.000      ; 1.760      ;
; -0.720 ; COUNT:inst7|TEMP[4]  ; COUNT:inst7|TEMP[8]  ; MAIN:inst8|CS.SRUN0 ; MAIN:inst8|CS.SRUN0 ; 1.000        ; 0.000      ; 1.756      ;
; -0.703 ; COUNT:inst7|TEMP[2]  ; COUNT:inst7|TEMP[7]  ; MAIN:inst8|CS.SRUN0 ; MAIN:inst8|CS.SRUN0 ; 1.000        ; 0.000      ; 1.739      ;
; -0.702 ; COUNT:inst7|TEMP[0]  ; COUNT:inst7|TEMP[5]  ; MAIN:inst8|CS.SRUN0 ; MAIN:inst8|CS.SRUN0 ; 1.000        ; 0.000      ; 1.738      ;
; -0.702 ; COUNT:inst7|TEMP[1]  ; COUNT:inst7|TEMP[6]  ; MAIN:inst8|CS.SRUN0 ; MAIN:inst8|CS.SRUN0 ; 1.000        ; 0.000      ; 1.738      ;
; -0.681 ; COUNT:inst7|TEMP[5]  ; COUNT:inst7|TEMP[8]  ; MAIN:inst8|CS.SRUN0 ; MAIN:inst8|CS.SRUN0 ; 1.000        ; 0.000      ; 1.717      ;
; -0.667 ; COUNT:inst7|TEMP[8]  ; COUNT:inst7|TEMP[12] ; MAIN:inst8|CS.SRUN0 ; MAIN:inst8|CS.SRUN0 ; 1.000        ; 0.000      ; 1.703      ;
; -0.664 ; COUNT:inst7|TEMP[3]  ; COUNT:inst7|TEMP[7]  ; MAIN:inst8|CS.SRUN0 ; MAIN:inst8|CS.SRUN0 ; 1.000        ; 0.000      ; 1.700      ;
; -0.653 ; COUNT:inst7|TEMP[7]  ; COUNT:inst7|TEMP[10] ; MAIN:inst8|CS.SRUN0 ; MAIN:inst8|CS.SRUN0 ; 1.000        ; 0.000      ; 1.689      ;
; -0.632 ; COUNT:inst7|TEMP[9]  ; COUNT:inst7|TEMP[13] ; MAIN:inst8|CS.SRUN0 ; MAIN:inst8|CS.SRUN0 ; 1.000        ; 0.000      ; 1.668      ;
; -0.632 ; COUNT:inst7|TEMP[2]  ; COUNT:inst7|TEMP[6]  ; MAIN:inst8|CS.SRUN0 ; MAIN:inst8|CS.SRUN0 ; 1.000        ; 0.000      ; 1.668      ;
; -0.631 ; COUNT:inst7|TEMP[0]  ; COUNT:inst7|TEMP[4]  ; MAIN:inst8|CS.SRUN0 ; MAIN:inst8|CS.SRUN0 ; 1.000        ; 0.000      ; 1.667      ;
; -0.631 ; COUNT:inst7|TEMP[1]  ; COUNT:inst7|TEMP[5]  ; MAIN:inst8|CS.SRUN0 ; MAIN:inst8|CS.SRUN0 ; 1.000        ; 0.000      ; 1.667      ;
; -0.604 ; COUNT:inst7|TEMP[6]  ; COUNT:inst7|TEMP[7]  ; MAIN:inst8|CS.SRUN0 ; MAIN:inst8|CS.SRUN0 ; 1.000        ; 0.000      ; 1.640      ;
; -0.596 ; COUNT:inst7|TEMP[10] ; COUNT:inst7|TEMP[13] ; MAIN:inst8|CS.SRUN0 ; MAIN:inst8|CS.SRUN0 ; 1.000        ; 0.000      ; 1.632      ;
; -0.596 ; COUNT:inst7|TEMP[8]  ; COUNT:inst7|TEMP[11] ; MAIN:inst8|CS.SRUN0 ; MAIN:inst8|CS.SRUN0 ; 1.000        ; 0.000      ; 1.632      ;
; -0.593 ; COUNT:inst7|TEMP[3]  ; COUNT:inst7|TEMP[6]  ; MAIN:inst8|CS.SRUN0 ; MAIN:inst8|CS.SRUN0 ; 1.000        ; 0.000      ; 1.629      ;
; -0.582 ; COUNT:inst7|TEMP[7]  ; COUNT:inst7|TEMP[9]  ; MAIN:inst8|CS.SRUN0 ; MAIN:inst8|CS.SRUN0 ; 1.000        ; 0.000      ; 1.618      ;
; -0.561 ; COUNT:inst7|TEMP[9]  ; COUNT:inst7|TEMP[12] ; MAIN:inst8|CS.SRUN0 ; MAIN:inst8|CS.SRUN0 ; 1.000        ; 0.000      ; 1.597      ;
; -0.561 ; COUNT:inst7|TEMP[4]  ; COUNT:inst7|TEMP[7]  ; MAIN:inst8|CS.SRUN0 ; MAIN:inst8|CS.SRUN0 ; 1.000        ; 0.000      ; 1.597      ;
; -0.561 ; COUNT:inst7|TEMP[2]  ; COUNT:inst7|TEMP[5]  ; MAIN:inst8|CS.SRUN0 ; MAIN:inst8|CS.SRUN0 ; 1.000        ; 0.000      ; 1.597      ;
; -0.560 ; COUNT:inst7|TEMP[0]  ; COUNT:inst7|TEMP[3]  ; MAIN:inst8|CS.SRUN0 ; MAIN:inst8|CS.SRUN0 ; 1.000        ; 0.000      ; 1.596      ;
; -0.560 ; COUNT:inst7|TEMP[1]  ; COUNT:inst7|TEMP[4]  ; MAIN:inst8|CS.SRUN0 ; MAIN:inst8|CS.SRUN0 ; 1.000        ; 0.000      ; 1.596      ;
; -0.525 ; COUNT:inst7|TEMP[10] ; COUNT:inst7|TEMP[12] ; MAIN:inst8|CS.SRUN0 ; MAIN:inst8|CS.SRUN0 ; 1.000        ; 0.000      ; 1.561      ;
; -0.525 ; COUNT:inst7|TEMP[8]  ; COUNT:inst7|TEMP[10] ; MAIN:inst8|CS.SRUN0 ; MAIN:inst8|CS.SRUN0 ; 1.000        ; 0.000      ; 1.561      ;
; -0.522 ; COUNT:inst7|TEMP[5]  ; COUNT:inst7|TEMP[7]  ; MAIN:inst8|CS.SRUN0 ; MAIN:inst8|CS.SRUN0 ; 1.000        ; 0.000      ; 1.558      ;
; -0.522 ; COUNT:inst7|TEMP[3]  ; COUNT:inst7|TEMP[5]  ; MAIN:inst8|CS.SRUN0 ; MAIN:inst8|CS.SRUN0 ; 1.000        ; 0.000      ; 1.558      ;
; -0.511 ; COUNT:inst7|TEMP[7]  ; COUNT:inst7|TEMP[8]  ; MAIN:inst8|CS.SRUN0 ; MAIN:inst8|CS.SRUN0 ; 1.000        ; 0.000      ; 1.547      ;
; -0.490 ; COUNT:inst7|TEMP[11] ; COUNT:inst7|TEMP[13] ; MAIN:inst8|CS.SRUN0 ; MAIN:inst8|CS.SRUN0 ; 1.000        ; 0.000      ; 1.526      ;
; -0.490 ; COUNT:inst7|TEMP[9]  ; COUNT:inst7|TEMP[11] ; MAIN:inst8|CS.SRUN0 ; MAIN:inst8|CS.SRUN0 ; 1.000        ; 0.000      ; 1.526      ;
; -0.490 ; COUNT:inst7|TEMP[4]  ; COUNT:inst7|TEMP[6]  ; MAIN:inst8|CS.SRUN0 ; MAIN:inst8|CS.SRUN0 ; 1.000        ; 0.000      ; 1.526      ;
; -0.490 ; COUNT:inst7|TEMP[2]  ; COUNT:inst7|TEMP[4]  ; MAIN:inst8|CS.SRUN0 ; MAIN:inst8|CS.SRUN0 ; 1.000        ; 0.000      ; 1.526      ;
; -0.489 ; COUNT:inst7|TEMP[0]  ; COUNT:inst7|TEMP[2]  ; MAIN:inst8|CS.SRUN0 ; MAIN:inst8|CS.SRUN0 ; 1.000        ; 0.000      ; 1.525      ;
; -0.489 ; COUNT:inst7|TEMP[1]  ; COUNT:inst7|TEMP[3]  ; MAIN:inst8|CS.SRUN0 ; MAIN:inst8|CS.SRUN0 ; 1.000        ; 0.000      ; 1.525      ;
; -0.454 ; COUNT:inst7|TEMP[12] ; COUNT:inst7|TEMP[13] ; MAIN:inst8|CS.SRUN0 ; MAIN:inst8|CS.SRUN0 ; 1.000        ; 0.000      ; 1.490      ;
; -0.454 ; COUNT:inst7|TEMP[10] ; COUNT:inst7|TEMP[11] ; MAIN:inst8|CS.SRUN0 ; MAIN:inst8|CS.SRUN0 ; 1.000        ; 0.000      ; 1.490      ;
; -0.454 ; COUNT:inst7|TEMP[8]  ; COUNT:inst7|TEMP[9]  ; MAIN:inst8|CS.SRUN0 ; MAIN:inst8|CS.SRUN0 ; 1.000        ; 0.000      ; 1.490      ;
; -0.451 ; COUNT:inst7|TEMP[5]  ; COUNT:inst7|TEMP[6]  ; MAIN:inst8|CS.SRUN0 ; MAIN:inst8|CS.SRUN0 ; 1.000        ; 0.000      ; 1.487      ;
; -0.451 ; COUNT:inst7|TEMP[3]  ; COUNT:inst7|TEMP[4]  ; MAIN:inst8|CS.SRUN0 ; MAIN:inst8|CS.SRUN0 ; 1.000        ; 0.000      ; 1.487      ;
; -0.419 ; COUNT:inst7|TEMP[11] ; COUNT:inst7|TEMP[12] ; MAIN:inst8|CS.SRUN0 ; MAIN:inst8|CS.SRUN0 ; 1.000        ; 0.000      ; 1.455      ;
; -0.419 ; COUNT:inst7|TEMP[9]  ; COUNT:inst7|TEMP[10] ; MAIN:inst8|CS.SRUN0 ; MAIN:inst8|CS.SRUN0 ; 1.000        ; 0.000      ; 1.455      ;
; -0.419 ; COUNT:inst7|TEMP[4]  ; COUNT:inst7|TEMP[5]  ; MAIN:inst8|CS.SRUN0 ; MAIN:inst8|CS.SRUN0 ; 1.000        ; 0.000      ; 1.455      ;
; -0.419 ; COUNT:inst7|TEMP[2]  ; COUNT:inst7|TEMP[3]  ; MAIN:inst8|CS.SRUN0 ; MAIN:inst8|CS.SRUN0 ; 1.000        ; 0.000      ; 1.455      ;
; -0.418 ; COUNT:inst7|TEMP[0]  ; COUNT:inst7|TEMP[1]  ; MAIN:inst8|CS.SRUN0 ; MAIN:inst8|CS.SRUN0 ; 1.000        ; 0.000      ; 1.454      ;
; -0.418 ; COUNT:inst7|TEMP[1]  ; COUNT:inst7|TEMP[2]  ; MAIN:inst8|CS.SRUN0 ; MAIN:inst8|CS.SRUN0 ; 1.000        ; 0.000      ; 1.454      ;
; -0.221 ; COUNT:inst7|TEMP[6]  ; COUNT:inst7|TEMP[6]  ; MAIN:inst8|CS.SRUN0 ; MAIN:inst8|CS.SRUN0 ; 1.000        ; 0.000      ; 1.257      ;
; -0.113 ; COUNT:inst7|CNT[1]   ; COUNT:inst7|TEMP[13] ; FD2:inst1|Q1        ; MAIN:inst8|CS.SRUN0 ; 0.500        ; 2.114      ; 2.763      ;
; -0.068 ; COUNT:inst7|TEMP[12] ; COUNT:inst7|TEMP[12] ; MAIN:inst8|CS.SRUN0 ; MAIN:inst8|CS.SRUN0 ; 1.000        ; 0.000      ; 1.104      ;
; -0.068 ; COUNT:inst7|TEMP[10] ; COUNT:inst7|TEMP[10] ; MAIN:inst8|CS.SRUN0 ; MAIN:inst8|CS.SRUN0 ; 1.000        ; 0.000      ; 1.104      ;
; -0.068 ; COUNT:inst7|TEMP[8]  ; COUNT:inst7|TEMP[8]  ; MAIN:inst8|CS.SRUN0 ; MAIN:inst8|CS.SRUN0 ; 1.000        ; 0.000      ; 1.104      ;
; -0.065 ; COUNT:inst7|TEMP[5]  ; COUNT:inst7|TEMP[5]  ; MAIN:inst8|CS.SRUN0 ; MAIN:inst8|CS.SRUN0 ; 1.000        ; 0.000      ; 1.101      ;
; -0.065 ; COUNT:inst7|TEMP[3]  ; COUNT:inst7|TEMP[3]  ; MAIN:inst8|CS.SRUN0 ; MAIN:inst8|CS.SRUN0 ; 1.000        ; 0.000      ; 1.101      ;
; -0.042 ; COUNT:inst7|CNT[1]   ; COUNT:inst7|TEMP[12] ; FD2:inst1|Q1        ; MAIN:inst8|CS.SRUN0 ; 0.500        ; 2.114      ; 2.692      ;
; -0.036 ; COUNT:inst7|TEMP[4]  ; COUNT:inst7|TEMP[4]  ; MAIN:inst8|CS.SRUN0 ; MAIN:inst8|CS.SRUN0 ; 1.000        ; 0.000      ; 1.072      ;
+--------+----------------------+----------------------+---------------------+---------------------+--------------+------------+------------+


+-------------------------------------------------------------------------------------------------------------------------------------------+
; Slow Model Hold: 'MAIN:inst8|CS.SCT0'                                                                                                     ;
+--------+-----------------------+-----------------------+--------------------+--------------------+--------------+------------+------------+
; Slack  ; From Node             ; To Node               ; Launch Clock       ; Latch Clock        ; Relationship ; Clock Skew ; Data Delay ;
+--------+-----------------------+-----------------------+--------------------+--------------------+--------------+------------+------------+
; -6.023 ; MAIN:inst8|CS.SCT1    ; MAIN:inst8|HH0[2]     ; MAIN:inst8|CS.SCT1 ; MAIN:inst8|CS.SCT0 ; 0.000        ; 7.048      ; 1.275      ;
; -5.961 ; MAIN:inst8|CS.SCT1    ; MAIN:inst8|HH0[0]     ; MAIN:inst8|CS.SCT1 ; MAIN:inst8|CS.SCT0 ; 0.000        ; 7.076      ; 1.365      ;
; -5.880 ; MAIN:inst8|CS.SCT1    ; MAIN:inst8|HH1[1]     ; MAIN:inst8|CS.SCT1 ; MAIN:inst8|CS.SCT0 ; 0.000        ; 7.048      ; 1.418      ;
; -5.679 ; MAIN:inst8|CS.SCT1    ; MAIN:inst8|HH1[2]     ; MAIN:inst8|CS.SCT1 ; MAIN:inst8|CS.SCT0 ; 0.000        ; 7.077      ; 1.648      ;
; -5.658 ; MAIN:inst8|CS.SCT1    ; MAIN:inst8|HH1[3]     ; MAIN:inst8|CS.SCT1 ; MAIN:inst8|CS.SCT0 ; 0.000        ; 7.077      ; 1.669      ;
; -5.653 ; MAIN:inst8|CS.SCT1    ; MAIN:inst8|HH0[1]     ; MAIN:inst8|CS.SCT1 ; MAIN:inst8|CS.SCT0 ; 0.000        ; 7.074      ; 1.671      ;
; -5.651 ; MAIN:inst8|CS.SCT1    ; MAIN:inst8|HH0[3]     ; MAIN:inst8|CS.SCT1 ; MAIN:inst8|CS.SCT0 ; 0.000        ; 7.076      ; 1.675      ;
; -5.523 ; MAIN:inst8|CS.SCT1    ; MAIN:inst8|HH0[2]     ; MAIN:inst8|CS.SCT1 ; MAIN:inst8|CS.SCT0 ; -0.500       ; 7.048      ; 1.275      ;
; -5.461 ; MAIN:inst8|CS.SCT1    ; MAIN:inst8|HH0[0]     ; MAIN:inst8|CS.SCT1 ; MAIN:inst8|CS.SCT0 ; -0.500       ; 7.076      ; 1.365      ;
; -5.380 ; MAIN:inst8|CS.SCT1    ; MAIN:inst8|HH1[1]     ; MAIN:inst8|CS.SCT1 ; MAIN:inst8|CS.SCT0 ; -0.500       ; 7.048      ; 1.418      ;
; -5.311 ; MAIN:inst8|CS.SCT1    ; MAIN:inst8|HH1[0]     ; MAIN:inst8|CS.SCT1 ; MAIN:inst8|CS.SCT0 ; 0.000        ; 6.895      ; 1.834      ;
; -5.179 ; MAIN:inst8|CS.SCT1    ; MAIN:inst8|HH1[2]     ; MAIN:inst8|CS.SCT1 ; MAIN:inst8|CS.SCT0 ; -0.500       ; 7.077      ; 1.648      ;
; -5.158 ; MAIN:inst8|CS.SCT1    ; MAIN:inst8|HH1[3]     ; MAIN:inst8|CS.SCT1 ; MAIN:inst8|CS.SCT0 ; -0.500       ; 7.077      ; 1.669      ;
; -5.153 ; MAIN:inst8|CS.SCT1    ; MAIN:inst8|HH0[1]     ; MAIN:inst8|CS.SCT1 ; MAIN:inst8|CS.SCT0 ; -0.500       ; 7.074      ; 1.671      ;
; -5.151 ; MAIN:inst8|CS.SCT1    ; MAIN:inst8|HH0[3]     ; MAIN:inst8|CS.SCT1 ; MAIN:inst8|CS.SCT0 ; -0.500       ; 7.076      ; 1.675      ;
; -4.811 ; MAIN:inst8|CS.SCT1    ; MAIN:inst8|HH1[0]     ; MAIN:inst8|CS.SCT1 ; MAIN:inst8|CS.SCT0 ; -0.500       ; 6.895      ; 1.834      ;
; -2.634 ; MAIN:inst8|CS.S0      ; MAIN:inst8|DOT        ; FD:inst|Q1         ; MAIN:inst8|CS.SCT0 ; 0.000        ; 3.348      ; 0.714      ;
; -2.430 ; FD3:inst22|Q1         ; MAIN:inst8|HH1[2]     ; FD:inst|Q1         ; MAIN:inst8|CS.SCT0 ; 0.000        ; 3.709      ; 1.279      ;
; -2.428 ; FD3:inst22|Q1         ; MAIN:inst8|HH0[3]     ; FD:inst|Q1         ; MAIN:inst8|CS.SCT0 ; 0.000        ; 3.708      ; 1.280      ;
; -2.427 ; FD3:inst22|Q1         ; MAIN:inst8|HH1[3]     ; FD:inst|Q1         ; MAIN:inst8|CS.SCT0 ; 0.000        ; 3.709      ; 1.282      ;
; -2.417 ; FD3:inst22|Q1         ; MAIN:inst8|HH0[1]     ; FD:inst|Q1         ; MAIN:inst8|CS.SCT0 ; 0.000        ; 3.706      ; 1.289      ;
; -2.366 ; FD3:inst22|Q1         ; MAIN:inst8|HH1[1]     ; FD:inst|Q1         ; MAIN:inst8|CS.SCT0 ; 0.000        ; 3.680      ; 1.314      ;
; -2.246 ; FD3:inst22|Q1         ; MAIN:inst8|HH0[0]     ; FD:inst|Q1         ; MAIN:inst8|CS.SCT0 ; 0.000        ; 3.708      ; 1.462      ;
; -2.116 ; FD3:inst22|Q1         ; MAIN:inst8|HH0[2]     ; FD:inst|Q1         ; MAIN:inst8|CS.SCT0 ; 0.000        ; 3.680      ; 1.564      ;
; -2.088 ; FD3:inst22|Q1         ; MAIN:inst8|HH1[0]     ; FD:inst|Q1         ; MAIN:inst8|CS.SCT0 ; 0.000        ; 3.527      ; 1.439      ;
; -0.830 ; CLOCK_M:inst3|CNT0[1] ; CLOCK_M:inst3|CNT0[1] ; FD2:inst1|Q1       ; MAIN:inst8|CS.SCT0 ; 0.000        ; 1.221      ; 0.657      ;
; -0.830 ; CLOCK_M:inst3|CNT0[3] ; CLOCK_M:inst3|CNT0[3] ; FD2:inst1|Q1       ; MAIN:inst8|CS.SCT0 ; 0.000        ; 1.221      ; 0.657      ;
; -0.830 ; CLOCK_M:inst3|CNT1[0] ; CLOCK_M:inst3|CNT1[0] ; FD2:inst1|Q1       ; MAIN:inst8|CS.SCT0 ; 0.000        ; 1.221      ; 0.657      ;
; -0.830 ; CLOCK_M:inst3|CNT1[1] ; CLOCK_M:inst3|CNT1[1] ; FD2:inst1|Q1       ; MAIN:inst8|CS.SCT0 ; 0.000        ; 1.221      ; 0.657      ;
; -0.830 ; CLOCK_M:inst3|CNT1[2] ; CLOCK_M:inst3|CNT1[2] ; FD2:inst1|Q1       ; MAIN:inst8|CS.SCT0 ; 0.000        ; 1.221      ; 0.657      ;
; -0.830 ; CLOCK_M:inst3|CNT1[3] ; CLOCK_M:inst3|CNT1[3] ; FD2:inst1|Q1       ; MAIN:inst8|CS.SCT0 ; 0.000        ; 1.221      ; 0.657      ;
; -0.680 ; CLOCK_M:inst3|CNT0[3] ; CLOCK_M:inst3|CNT0[1] ; FD2:inst1|Q1       ; MAIN:inst8|CS.SCT0 ; 0.000        ; 1.221      ; 0.807      ;
; -0.669 ; CLOCK_M:inst3|CNT1[0] ; CLOCK_M:inst3|CNT1[1] ; FD2:inst1|Q1       ; MAIN:inst8|CS.SCT0 ; 0.000        ; 1.221      ; 0.818      ;
; -0.498 ; CLOCK_M:inst3|CNT0[1] ; CLOCK_M:inst3|CNT0[3] ; FD2:inst1|Q1       ; MAIN:inst8|CS.SCT0 ; 0.000        ; 1.221      ; 0.989      ;
; -0.391 ; CLOCK_M:inst3|CNT1[0] ; CLOCK_M:inst3|CNT1[2] ; FD2:inst1|Q1       ; MAIN:inst8|CS.SCT0 ; 0.000        ; 1.221      ; 1.096      ;
; -0.369 ; CLOCK_M:inst3|CNT1[1] ; CLOCK_M:inst3|CNT1[2] ; FD2:inst1|Q1       ; MAIN:inst8|CS.SCT0 ; 0.000        ; 1.221      ; 1.118      ;
; -0.366 ; CLOCK_H:inst4|CNT0[0] ; MAIN:inst8|HH0[0]     ; MAIN:inst8|CS.SCT1 ; MAIN:inst8|CS.SCT0 ; 0.000        ; 1.764      ; 1.398      ;
; -0.365 ; CLOCK_M:inst3|CNT0[2] ; CLOCK_M:inst3|CNT0[3] ; FD2:inst1|Q1       ; MAIN:inst8|CS.SCT0 ; 0.000        ; 1.221      ; 1.122      ;
; -0.361 ; CLOCK_M:inst3|CNT0[2] ; CLOCK_M:inst3|CNT0[1] ; FD2:inst1|Q1       ; MAIN:inst8|CS.SCT0 ; 0.000        ; 1.221      ; 1.126      ;
; -0.308 ; CLOCK_H:inst4|CNT1[1] ; MAIN:inst8|HH1[1]     ; MAIN:inst8|CS.SCT1 ; MAIN:inst8|CS.SCT0 ; 0.000        ; 1.738      ; 1.430      ;
; -0.268 ; CLOCK_M:inst3|CNT1[3] ; CLOCK_M:inst3|CNT1[2] ; FD2:inst1|Q1       ; MAIN:inst8|CS.SCT0 ; 0.000        ; 1.222      ; 1.220      ;
; -0.261 ; CLOCK_H:inst4|CNT0[0] ; MAIN:inst8|HH0[0]     ; MAIN:inst8|CS.SCT0 ; MAIN:inst8|CS.SCT0 ; 0.000        ; 1.659      ; 1.398      ;
; -0.225 ; CLOCK_M:inst3|CNT0[0] ; CLOCK_M:inst3|CNT0[3] ; FD2:inst1|Q1       ; MAIN:inst8|CS.SCT0 ; 0.000        ; 1.221      ; 1.262      ;
; -0.224 ; CLOCK_M:inst3|CNT0[0] ; CLOCK_M:inst3|CNT0[1] ; FD2:inst1|Q1       ; MAIN:inst8|CS.SCT0 ; 0.000        ; 1.221      ; 1.263      ;
; -0.203 ; CLOCK_H:inst4|CNT1[1] ; MAIN:inst8|HH1[1]     ; MAIN:inst8|CS.SCT0 ; MAIN:inst8|CS.SCT0 ; 0.000        ; 1.633      ; 1.430      ;
; -0.192 ; CLOCK_M:inst3|CNT1[2] ; CLOCK_M:inst3|CNT1[1] ; FD2:inst1|Q1       ; MAIN:inst8|CS.SCT0 ; 0.000        ; 1.221      ; 1.295      ;
; -0.191 ; CLOCK_H:inst4|CNT1[3] ; MAIN:inst8|HH1[3]     ; MAIN:inst8|CS.SCT1 ; MAIN:inst8|CS.SCT0 ; 0.000        ; 1.767      ; 1.576      ;
; -0.180 ; CLOCK_H:inst4|CNT1[2] ; MAIN:inst8|HH1[2]     ; MAIN:inst8|CS.SCT1 ; MAIN:inst8|CS.SCT0 ; 0.000        ; 1.767      ; 1.587      ;
; -0.177 ; CLOCK_H:inst4|CNT0[3] ; MAIN:inst8|HH0[3]     ; MAIN:inst8|CS.SCT1 ; MAIN:inst8|CS.SCT0 ; 0.000        ; 1.766      ; 1.589      ;
; -0.176 ; CLOCK_H:inst4|CNT0[1] ; MAIN:inst8|HH0[1]     ; MAIN:inst8|CS.SCT1 ; MAIN:inst8|CS.SCT0 ; 0.000        ; 1.764      ; 1.588      ;
; -0.146 ; CLOCK_H:inst4|CNT0[2] ; MAIN:inst8|HH0[2]     ; MAIN:inst8|CS.SCT1 ; MAIN:inst8|CS.SCT0 ; 0.000        ; 1.738      ; 1.592      ;
; -0.086 ; CLOCK_H:inst4|CNT1[3] ; MAIN:inst8|HH1[3]     ; MAIN:inst8|CS.SCT0 ; MAIN:inst8|CS.SCT0 ; 0.000        ; 1.662      ; 1.576      ;
; -0.084 ; CLOCK_M:inst3|CNT1[0] ; CLOCK_M:inst3|CNT1[3] ; FD2:inst1|Q1       ; MAIN:inst8|CS.SCT0 ; 0.000        ; 1.220      ; 1.402      ;
; -0.075 ; CLOCK_H:inst4|CNT1[2] ; MAIN:inst8|HH1[2]     ; MAIN:inst8|CS.SCT0 ; MAIN:inst8|CS.SCT0 ; 0.000        ; 1.662      ; 1.587      ;
; -0.072 ; CLOCK_H:inst4|CNT0[3] ; MAIN:inst8|HH0[3]     ; MAIN:inst8|CS.SCT0 ; MAIN:inst8|CS.SCT0 ; 0.000        ; 1.661      ; 1.589      ;
; -0.071 ; CLOCK_H:inst4|CNT0[1] ; MAIN:inst8|HH0[1]     ; MAIN:inst8|CS.SCT0 ; MAIN:inst8|CS.SCT0 ; 0.000        ; 1.659      ; 1.588      ;
; -0.041 ; CLOCK_H:inst4|CNT0[2] ; MAIN:inst8|HH0[2]     ; MAIN:inst8|CS.SCT0 ; MAIN:inst8|CS.SCT0 ; 0.000        ; 1.633      ; 1.592      ;
; -0.003 ; CLOCK_M:inst3|CNT0[3] ; CLOCK_M:inst3|CNT1[3] ; FD2:inst1|Q1       ; MAIN:inst8|CS.SCT0 ; 0.000        ; 1.221      ; 1.484      ;
; -0.001 ; CLOCK_M:inst3|CNT1[3] ; CLOCK_M:inst3|CNT1[1] ; FD2:inst1|Q1       ; MAIN:inst8|CS.SCT0 ; 0.000        ; 1.222      ; 1.487      ;
; 0.046  ; CLOCK_M:inst3|CNT1[2] ; CLOCK_M:inst3|CNT1[3] ; FD2:inst1|Q1       ; MAIN:inst8|CS.SCT0 ; 0.000        ; 1.220      ; 1.532      ;
; 0.142  ; CLOCK_M:inst3|CNT0[2] ; CLOCK_M:inst3|CNT1[3] ; FD2:inst1|Q1       ; MAIN:inst8|CS.SCT0 ; 0.000        ; 1.221      ; 1.629      ;
; 0.153  ; CLOCK_H:inst4|CNT1[0] ; MAIN:inst8|HH1[0]     ; MAIN:inst8|CS.SCT1 ; MAIN:inst8|CS.SCT0 ; 0.000        ; 1.585      ; 1.738      ;
; 0.187  ; CLOCK_M:inst3|CNT1[1] ; CLOCK_M:inst3|CNT1[3] ; FD2:inst1|Q1       ; MAIN:inst8|CS.SCT0 ; 0.000        ; 1.220      ; 1.673      ;
; 0.196  ; CLOCK_M:inst3|CNT0[0] ; CLOCK_M:inst3|CNT0[0] ; FD2:inst1|Q1       ; MAIN:inst8|CS.SCT0 ; 0.000        ; 1.221      ; 1.683      ;
; 0.216  ; CLOCK_M:inst3|CNT0[1] ; CLOCK_M:inst3|CNT1[3] ; FD2:inst1|Q1       ; MAIN:inst8|CS.SCT0 ; 0.000        ; 1.221      ; 1.703      ;
; 0.258  ; CLOCK_H:inst4|CNT1[0] ; MAIN:inst8|HH1[0]     ; MAIN:inst8|CS.SCT0 ; MAIN:inst8|CS.SCT0 ; 0.000        ; 1.480      ; 1.738      ;
; 0.273  ; CLOCK_M:inst3|CNT0[0] ; CLOCK_M:inst3|CNT1[3] ; FD2:inst1|Q1       ; MAIN:inst8|CS.SCT0 ; 0.000        ; 1.221      ; 1.760      ;
; 0.286  ; CLOCK_H:inst4|CNT0[0] ; CLOCK_H:inst4|CNT0[0] ; MAIN:inst8|CS.SCT1 ; MAIN:inst8|CS.SCT0 ; 0.000        ; 0.105      ; 0.657      ;
; 0.286  ; CLOCK_H:inst4|CNT0[1] ; CLOCK_H:inst4|CNT0[1] ; MAIN:inst8|CS.SCT1 ; MAIN:inst8|CS.SCT0 ; 0.000        ; 0.105      ; 0.657      ;
; 0.286  ; CLOCK_H:inst4|CNT1[0] ; CLOCK_H:inst4|CNT1[0] ; MAIN:inst8|CS.SCT1 ; MAIN:inst8|CS.SCT0 ; 0.000        ; 0.105      ; 0.657      ;
; 0.286  ; CLOCK_H:inst4|CNT1[1] ; CLOCK_H:inst4|CNT1[1] ; MAIN:inst8|CS.SCT1 ; MAIN:inst8|CS.SCT0 ; 0.000        ; 0.105      ; 0.657      ;
; 0.286  ; CLOCK_H:inst4|CNT1[3] ; CLOCK_H:inst4|CNT1[3] ; MAIN:inst8|CS.SCT1 ; MAIN:inst8|CS.SCT0 ; 0.000        ; 0.105      ; 0.657      ;
; 0.286  ; CLOCK_H:inst4|CNT1[2] ; CLOCK_H:inst4|CNT1[2] ; MAIN:inst8|CS.SCT1 ; MAIN:inst8|CS.SCT0 ; 0.000        ; 0.105      ; 0.657      ;
; 0.290  ; CLOCK_M:inst3|CNT0[1] ; CLOCK_M:inst3|CNT0[1] ; MAIN:inst8|CS.SCT1 ; MAIN:inst8|CS.SCT0 ; 0.000        ; 0.101      ; 0.657      ;
; 0.290  ; CLOCK_M:inst3|CNT0[3] ; CLOCK_M:inst3|CNT0[3] ; MAIN:inst8|CS.SCT1 ; MAIN:inst8|CS.SCT0 ; 0.000        ; 0.101      ; 0.657      ;
; 0.290  ; CLOCK_M:inst3|CNT1[0] ; CLOCK_M:inst3|CNT1[0] ; MAIN:inst8|CS.SCT1 ; MAIN:inst8|CS.SCT0 ; 0.000        ; 0.101      ; 0.657      ;
; 0.290  ; CLOCK_M:inst3|CNT1[1] ; CLOCK_M:inst3|CNT1[1] ; MAIN:inst8|CS.SCT1 ; MAIN:inst8|CS.SCT0 ; 0.000        ; 0.101      ; 0.657      ;
; 0.290  ; CLOCK_M:inst3|CNT1[2] ; CLOCK_M:inst3|CNT1[2] ; MAIN:inst8|CS.SCT1 ; MAIN:inst8|CS.SCT0 ; 0.000        ; 0.101      ; 0.657      ;
; 0.290  ; CLOCK_M:inst3|CNT1[3] ; CLOCK_M:inst3|CNT1[3] ; MAIN:inst8|CS.SCT1 ; MAIN:inst8|CS.SCT0 ; 0.000        ; 0.101      ; 0.657      ;
; 0.347  ; CLOCK_M:inst3|CNT0[1] ; CLOCK_M:inst3|CNT0[2] ; FD2:inst1|Q1       ; MAIN:inst8|CS.SCT0 ; 0.000        ; 1.221      ; 1.834      ;
; 0.391  ; CLOCK_H:inst4|CNT0[0] ; CLOCK_H:inst4|CNT0[0] ; MAIN:inst8|CS.SCT0 ; MAIN:inst8|CS.SCT0 ; 0.000        ; 0.000      ; 0.657      ;
; 0.391  ; CLOCK_H:inst4|CNT0[1] ; CLOCK_H:inst4|CNT0[1] ; MAIN:inst8|CS.SCT0 ; MAIN:inst8|CS.SCT0 ; 0.000        ; 0.000      ; 0.657      ;
; 0.391  ; CLOCK_H:inst4|CNT1[0] ; CLOCK_H:inst4|CNT1[0] ; MAIN:inst8|CS.SCT0 ; MAIN:inst8|CS.SCT0 ; 0.000        ; 0.000      ; 0.657      ;
; 0.391  ; CLOCK_H:inst4|CNT1[1] ; CLOCK_H:inst4|CNT1[1] ; MAIN:inst8|CS.SCT0 ; MAIN:inst8|CS.SCT0 ; 0.000        ; 0.000      ; 0.657      ;
; 0.391  ; CLOCK_H:inst4|CNT1[3] ; CLOCK_H:inst4|CNT1[3] ; MAIN:inst8|CS.SCT0 ; MAIN:inst8|CS.SCT0 ; 0.000        ; 0.000      ; 0.657      ;
; 0.391  ; CLOCK_H:inst4|CNT1[2] ; CLOCK_H:inst4|CNT1[2] ; MAIN:inst8|CS.SCT0 ; MAIN:inst8|CS.SCT0 ; 0.000        ; 0.000      ; 0.657      ;
; 0.391  ; CLOCK_M:inst3|CNT0[1] ; CLOCK_M:inst3|CNT0[1] ; MAIN:inst8|CS.SCT0 ; MAIN:inst8|CS.SCT0 ; 0.000        ; 0.000      ; 0.657      ;
; 0.391  ; CLOCK_M:inst3|CNT0[3] ; CLOCK_M:inst3|CNT0[3] ; MAIN:inst8|CS.SCT0 ; MAIN:inst8|CS.SCT0 ; 0.000        ; 0.000      ; 0.657      ;
; 0.391  ; CLOCK_M:inst3|CNT1[0] ; CLOCK_M:inst3|CNT1[0] ; MAIN:inst8|CS.SCT0 ; MAIN:inst8|CS.SCT0 ; 0.000        ; 0.000      ; 0.657      ;
; 0.391  ; CLOCK_M:inst3|CNT1[1] ; CLOCK_M:inst3|CNT1[1] ; MAIN:inst8|CS.SCT0 ; MAIN:inst8|CS.SCT0 ; 0.000        ; 0.000      ; 0.657      ;
; 0.391  ; CLOCK_M:inst3|CNT1[2] ; CLOCK_M:inst3|CNT1[2] ; MAIN:inst8|CS.SCT0 ; MAIN:inst8|CS.SCT0 ; 0.000        ; 0.000      ; 0.657      ;
; 0.391  ; CLOCK_M:inst3|CNT1[3] ; CLOCK_M:inst3|CNT1[3] ; MAIN:inst8|CS.SCT0 ; MAIN:inst8|CS.SCT0 ; 0.000        ; 0.000      ; 0.657      ;
; 0.438  ; CLOCK_M:inst3|CNT0[2] ; CLOCK_M:inst3|CNT0[2] ; FD2:inst1|Q1       ; MAIN:inst8|CS.SCT0 ; 0.000        ; 1.221      ; 1.925      ;
; 0.440  ; CLOCK_M:inst3|CNT0[3] ; CLOCK_M:inst3|CNT0[1] ; MAIN:inst8|CS.SCT1 ; MAIN:inst8|CS.SCT0 ; 0.000        ; 0.101      ; 0.807      ;
; 0.451  ; CLOCK_M:inst3|CNT1[0] ; CLOCK_M:inst3|CNT1[1] ; MAIN:inst8|CS.SCT1 ; MAIN:inst8|CS.SCT0 ; 0.000        ; 0.101      ; 0.818      ;
; 0.536  ; CLOCK_M:inst3|CNT0[0] ; CLOCK_M:inst3|CNT0[2] ; FD2:inst1|Q1       ; MAIN:inst8|CS.SCT0 ; 0.000        ; 1.221      ; 2.023      ;
; 0.541  ; CLOCK_M:inst3|CNT0[3] ; CLOCK_M:inst3|CNT0[1] ; MAIN:inst8|CS.SCT0 ; MAIN:inst8|CS.SCT0 ; 0.000        ; 0.000      ; 0.807      ;
; 0.552  ; CLOCK_M:inst3|CNT1[0] ; CLOCK_M:inst3|CNT1[1] ; MAIN:inst8|CS.SCT0 ; MAIN:inst8|CS.SCT0 ; 0.000        ; 0.000      ; 0.818      ;
; 0.622  ; CLOCK_M:inst3|CNT0[1] ; CLOCK_M:inst3|CNT0[3] ; MAIN:inst8|CS.SCT1 ; MAIN:inst8|CS.SCT0 ; 0.000        ; 0.101      ; 0.989      ;
; 0.723  ; CLOCK_M:inst3|CNT0[1] ; CLOCK_M:inst3|CNT0[3] ; MAIN:inst8|CS.SCT0 ; MAIN:inst8|CS.SCT0 ; 0.000        ; 0.000      ; 0.989      ;
+--------+-----------------------+-----------------------+--------------------+--------------------+--------------+------------+------------+


+-------------------------------------------------------------------------------------------------------------------------------------------+
; Slow Model Hold: 'MAIN:inst8|CS.SCT1'                                                                                                     ;
+--------+-----------------------+-----------------------+--------------------+--------------------+--------------+------------+------------+
; Slack  ; From Node             ; To Node               ; Launch Clock       ; Latch Clock        ; Relationship ; Clock Skew ; Data Delay ;
+--------+-----------------------+-----------------------+--------------------+--------------------+--------------+------------+------------+
; -5.779 ; MAIN:inst8|CS.SCT0    ; MAIN:inst8|MM1[1]     ; MAIN:inst8|CS.SCT0 ; MAIN:inst8|CS.SCT1 ; 0.000        ; 6.937      ; 1.408      ;
; -5.374 ; MAIN:inst8|CS.SCT0    ; MAIN:inst8|MM1[2]     ; MAIN:inst8|CS.SCT0 ; MAIN:inst8|CS.SCT1 ; 0.000        ; 6.948      ; 1.824      ;
; -5.279 ; MAIN:inst8|CS.SCT0    ; MAIN:inst8|MM1[1]     ; MAIN:inst8|CS.SCT0 ; MAIN:inst8|CS.SCT1 ; -0.500       ; 6.937      ; 1.408      ;
; -5.124 ; MAIN:inst8|CS.SCT0    ; MAIN:inst8|MM1[0]     ; MAIN:inst8|CS.SCT0 ; MAIN:inst8|CS.SCT1 ; 0.000        ; 6.883      ; 2.009      ;
; -4.989 ; MAIN:inst8|CS.SCT0    ; MAIN:inst8|MM0[0]     ; MAIN:inst8|CS.SCT0 ; MAIN:inst8|CS.SCT1 ; 0.000        ; 6.882      ; 2.143      ;
; -4.983 ; MAIN:inst8|CS.SCT0    ; MAIN:inst8|MM0[1]     ; MAIN:inst8|CS.SCT0 ; MAIN:inst8|CS.SCT1 ; 0.000        ; 6.878      ; 2.145      ;
; -4.975 ; MAIN:inst8|CS.SCT0    ; MAIN:inst8|MM0[3]     ; MAIN:inst8|CS.SCT0 ; MAIN:inst8|CS.SCT1 ; 0.000        ; 6.879      ; 2.154      ;
; -4.972 ; MAIN:inst8|CS.SCT0    ; MAIN:inst8|MM0[2]     ; MAIN:inst8|CS.SCT0 ; MAIN:inst8|CS.SCT1 ; 0.000        ; 6.883      ; 2.161      ;
; -4.944 ; MAIN:inst8|CS.SCT0    ; MAIN:inst8|MM1[3]     ; MAIN:inst8|CS.SCT0 ; MAIN:inst8|CS.SCT1 ; 0.000        ; 6.880      ; 2.186      ;
; -4.874 ; MAIN:inst8|CS.SCT0    ; MAIN:inst8|MM1[2]     ; MAIN:inst8|CS.SCT0 ; MAIN:inst8|CS.SCT1 ; -0.500       ; 6.948      ; 1.824      ;
; -4.624 ; MAIN:inst8|CS.SCT0    ; MAIN:inst8|MM1[0]     ; MAIN:inst8|CS.SCT0 ; MAIN:inst8|CS.SCT1 ; -0.500       ; 6.883      ; 2.009      ;
; -4.489 ; MAIN:inst8|CS.SCT0    ; MAIN:inst8|MM0[0]     ; MAIN:inst8|CS.SCT0 ; MAIN:inst8|CS.SCT1 ; -0.500       ; 6.882      ; 2.143      ;
; -4.483 ; MAIN:inst8|CS.SCT0    ; MAIN:inst8|MM0[1]     ; MAIN:inst8|CS.SCT0 ; MAIN:inst8|CS.SCT1 ; -0.500       ; 6.878      ; 2.145      ;
; -4.475 ; MAIN:inst8|CS.SCT0    ; MAIN:inst8|MM0[3]     ; MAIN:inst8|CS.SCT0 ; MAIN:inst8|CS.SCT1 ; -0.500       ; 6.879      ; 2.154      ;
; -4.472 ; MAIN:inst8|CS.SCT0    ; MAIN:inst8|MM0[2]     ; MAIN:inst8|CS.SCT0 ; MAIN:inst8|CS.SCT1 ; -0.500       ; 6.883      ; 2.161      ;
; -4.444 ; MAIN:inst8|CS.SCT0    ; MAIN:inst8|MM1[3]     ; MAIN:inst8|CS.SCT0 ; MAIN:inst8|CS.SCT1 ; -0.500       ; 6.880      ; 2.186      ;
; -2.600 ; MAIN:inst8|CS.S0      ; MAIN:inst8|DOT        ; FD:inst|Q1         ; MAIN:inst8|CS.SCT1 ; 0.000        ; 3.314      ; 0.714      ;
; -2.055 ; FD3:inst22|Q1         ; MAIN:inst8|MM1[2]     ; FD:inst|Q1         ; MAIN:inst8|CS.SCT1 ; 0.000        ; 3.580      ; 1.525      ;
; -1.902 ; FD3:inst22|Q1         ; MAIN:inst8|MM1[1]     ; FD:inst|Q1         ; MAIN:inst8|CS.SCT1 ; 0.000        ; 3.569      ; 1.667      ;
; -1.901 ; FD3:inst22|Q1         ; MAIN:inst8|MM0[2]     ; FD:inst|Q1         ; MAIN:inst8|CS.SCT1 ; 0.000        ; 3.515      ; 1.614      ;
; -1.686 ; FD3:inst22|Q1         ; MAIN:inst8|MM1[0]     ; FD:inst|Q1         ; MAIN:inst8|CS.SCT1 ; 0.000        ; 3.515      ; 1.829      ;
; -1.550 ; FD3:inst22|Q1         ; MAIN:inst8|MM0[0]     ; FD:inst|Q1         ; MAIN:inst8|CS.SCT1 ; 0.000        ; 3.514      ; 1.964      ;
; -1.543 ; FD3:inst22|Q1         ; MAIN:inst8|MM0[1]     ; FD:inst|Q1         ; MAIN:inst8|CS.SCT1 ; 0.000        ; 3.510      ; 1.967      ;
; -1.536 ; FD3:inst22|Q1         ; MAIN:inst8|MM0[3]     ; FD:inst|Q1         ; MAIN:inst8|CS.SCT1 ; 0.000        ; 3.511      ; 1.975      ;
; -1.506 ; FD3:inst22|Q1         ; MAIN:inst8|MM1[3]     ; FD:inst|Q1         ; MAIN:inst8|CS.SCT1 ; 0.000        ; 3.512      ; 2.006      ;
; -1.428 ; CLOCK_M:inst3|CNT1[2] ; MAIN:inst8|MM1[2]     ; FD2:inst1|Q1       ; MAIN:inst8|CS.SCT1 ; 0.000        ; 2.678      ; 1.250      ;
; -1.220 ; CLOCK_M:inst3|CNT0[0] ; MAIN:inst8|MM0[0]     ; FD2:inst1|Q1       ; MAIN:inst8|CS.SCT1 ; 0.000        ; 2.613      ; 1.393      ;
; -1.210 ; CLOCK_M:inst3|CNT0[3] ; MAIN:inst8|MM0[3]     ; FD2:inst1|Q1       ; MAIN:inst8|CS.SCT1 ; 0.000        ; 2.610      ; 1.400      ;
; -1.195 ; CLOCK_M:inst3|CNT1[0] ; MAIN:inst8|MM1[0]     ; FD2:inst1|Q1       ; MAIN:inst8|CS.SCT1 ; 0.000        ; 2.613      ; 1.418      ;
; -1.184 ; CLOCK_M:inst3|CNT1[3] ; MAIN:inst8|MM1[3]     ; FD2:inst1|Q1       ; MAIN:inst8|CS.SCT1 ; 0.000        ; 2.611      ; 1.427      ;
; -1.152 ; CLOCK_M:inst3|CNT1[1] ; MAIN:inst8|MM1[1]     ; FD2:inst1|Q1       ; MAIN:inst8|CS.SCT1 ; 0.000        ; 2.667      ; 1.515      ;
; -1.039 ; CLOCK_M:inst3|CNT0[2] ; MAIN:inst8|MM0[2]     ; FD2:inst1|Q1       ; MAIN:inst8|CS.SCT1 ; 0.000        ; 2.614      ; 1.575      ;
; -1.031 ; CLOCK_M:inst3|CNT0[1] ; MAIN:inst8|MM0[1]     ; FD2:inst1|Q1       ; MAIN:inst8|CS.SCT1 ; 0.000        ; 2.609      ; 1.578      ;
; -0.729 ; CLOCK_M:inst3|CNT0[1] ; CLOCK_M:inst3|CNT0[1] ; FD2:inst1|Q1       ; MAIN:inst8|CS.SCT1 ; 0.000        ; 1.120      ; 0.657      ;
; -0.729 ; CLOCK_M:inst3|CNT0[3] ; CLOCK_M:inst3|CNT0[3] ; FD2:inst1|Q1       ; MAIN:inst8|CS.SCT1 ; 0.000        ; 1.120      ; 0.657      ;
; -0.729 ; CLOCK_M:inst3|CNT1[0] ; CLOCK_M:inst3|CNT1[0] ; FD2:inst1|Q1       ; MAIN:inst8|CS.SCT1 ; 0.000        ; 1.120      ; 0.657      ;
; -0.729 ; CLOCK_M:inst3|CNT1[1] ; CLOCK_M:inst3|CNT1[1] ; FD2:inst1|Q1       ; MAIN:inst8|CS.SCT1 ; 0.000        ; 1.120      ; 0.657      ;
; -0.729 ; CLOCK_M:inst3|CNT1[2] ; CLOCK_M:inst3|CNT1[2] ; FD2:inst1|Q1       ; MAIN:inst8|CS.SCT1 ; 0.000        ; 1.120      ; 0.657      ;
; -0.729 ; CLOCK_M:inst3|CNT1[3] ; CLOCK_M:inst3|CNT1[3] ; FD2:inst1|Q1       ; MAIN:inst8|CS.SCT1 ; 0.000        ; 1.120      ; 0.657      ;
; -0.579 ; CLOCK_M:inst3|CNT0[3] ; CLOCK_M:inst3|CNT0[1] ; FD2:inst1|Q1       ; MAIN:inst8|CS.SCT1 ; 0.000        ; 1.120      ; 0.807      ;
; -0.568 ; CLOCK_M:inst3|CNT1[0] ; CLOCK_M:inst3|CNT1[1] ; FD2:inst1|Q1       ; MAIN:inst8|CS.SCT1 ; 0.000        ; 1.120      ; 0.818      ;
; -0.397 ; CLOCK_M:inst3|CNT0[1] ; CLOCK_M:inst3|CNT0[3] ; FD2:inst1|Q1       ; MAIN:inst8|CS.SCT1 ; 0.000        ; 1.120      ; 0.989      ;
; -0.308 ; CLOCK_M:inst3|CNT1[2] ; MAIN:inst8|MM1[2]     ; MAIN:inst8|CS.SCT1 ; MAIN:inst8|CS.SCT1 ; 0.000        ; 1.558      ; 1.250      ;
; -0.290 ; CLOCK_M:inst3|CNT1[0] ; CLOCK_M:inst3|CNT1[2] ; FD2:inst1|Q1       ; MAIN:inst8|CS.SCT1 ; 0.000        ; 1.120      ; 1.096      ;
; -0.268 ; CLOCK_M:inst3|CNT1[1] ; CLOCK_M:inst3|CNT1[2] ; FD2:inst1|Q1       ; MAIN:inst8|CS.SCT1 ; 0.000        ; 1.120      ; 1.118      ;
; -0.264 ; CLOCK_M:inst3|CNT0[2] ; CLOCK_M:inst3|CNT0[3] ; FD2:inst1|Q1       ; MAIN:inst8|CS.SCT1 ; 0.000        ; 1.120      ; 1.122      ;
; -0.260 ; CLOCK_M:inst3|CNT0[2] ; CLOCK_M:inst3|CNT0[1] ; FD2:inst1|Q1       ; MAIN:inst8|CS.SCT1 ; 0.000        ; 1.120      ; 1.126      ;
; -0.207 ; CLOCK_M:inst3|CNT1[2] ; MAIN:inst8|MM1[2]     ; MAIN:inst8|CS.SCT0 ; MAIN:inst8|CS.SCT1 ; 0.000        ; 1.457      ; 1.250      ;
; -0.167 ; CLOCK_M:inst3|CNT1[3] ; CLOCK_M:inst3|CNT1[2] ; FD2:inst1|Q1       ; MAIN:inst8|CS.SCT1 ; 0.000        ; 1.121      ; 1.220      ;
; -0.124 ; CLOCK_M:inst3|CNT0[0] ; CLOCK_M:inst3|CNT0[3] ; FD2:inst1|Q1       ; MAIN:inst8|CS.SCT1 ; 0.000        ; 1.120      ; 1.262      ;
; -0.123 ; CLOCK_M:inst3|CNT0[0] ; CLOCK_M:inst3|CNT0[1] ; FD2:inst1|Q1       ; MAIN:inst8|CS.SCT1 ; 0.000        ; 1.120      ; 1.263      ;
; -0.100 ; CLOCK_M:inst3|CNT0[0] ; MAIN:inst8|MM0[0]     ; MAIN:inst8|CS.SCT1 ; MAIN:inst8|CS.SCT1 ; 0.000        ; 1.493      ; 1.393      ;
; -0.091 ; CLOCK_M:inst3|CNT1[2] ; CLOCK_M:inst3|CNT1[1] ; FD2:inst1|Q1       ; MAIN:inst8|CS.SCT1 ; 0.000        ; 1.120      ; 1.295      ;
; -0.090 ; CLOCK_M:inst3|CNT0[3] ; MAIN:inst8|MM0[3]     ; MAIN:inst8|CS.SCT1 ; MAIN:inst8|CS.SCT1 ; 0.000        ; 1.490      ; 1.400      ;
; -0.075 ; CLOCK_M:inst3|CNT1[0] ; MAIN:inst8|MM1[0]     ; MAIN:inst8|CS.SCT1 ; MAIN:inst8|CS.SCT1 ; 0.000        ; 1.493      ; 1.418      ;
; -0.064 ; CLOCK_M:inst3|CNT1[3] ; MAIN:inst8|MM1[3]     ; MAIN:inst8|CS.SCT1 ; MAIN:inst8|CS.SCT1 ; 0.000        ; 1.491      ; 1.427      ;
; -0.032 ; CLOCK_M:inst3|CNT1[1] ; MAIN:inst8|MM1[1]     ; MAIN:inst8|CS.SCT1 ; MAIN:inst8|CS.SCT1 ; 0.000        ; 1.547      ; 1.515      ;
; 0.001  ; CLOCK_M:inst3|CNT0[0] ; MAIN:inst8|MM0[0]     ; MAIN:inst8|CS.SCT0 ; MAIN:inst8|CS.SCT1 ; 0.000        ; 1.392      ; 1.393      ;
; 0.011  ; CLOCK_M:inst3|CNT0[3] ; MAIN:inst8|MM0[3]     ; MAIN:inst8|CS.SCT0 ; MAIN:inst8|CS.SCT1 ; 0.000        ; 1.389      ; 1.400      ;
; 0.017  ; CLOCK_M:inst3|CNT1[0] ; CLOCK_M:inst3|CNT1[3] ; FD2:inst1|Q1       ; MAIN:inst8|CS.SCT1 ; 0.000        ; 1.119      ; 1.402      ;
; 0.026  ; CLOCK_M:inst3|CNT1[0] ; MAIN:inst8|MM1[0]     ; MAIN:inst8|CS.SCT0 ; MAIN:inst8|CS.SCT1 ; 0.000        ; 1.392      ; 1.418      ;
; 0.037  ; CLOCK_M:inst3|CNT1[3] ; MAIN:inst8|MM1[3]     ; MAIN:inst8|CS.SCT0 ; MAIN:inst8|CS.SCT1 ; 0.000        ; 1.390      ; 1.427      ;
; 0.069  ; CLOCK_M:inst3|CNT1[1] ; MAIN:inst8|MM1[1]     ; MAIN:inst8|CS.SCT0 ; MAIN:inst8|CS.SCT1 ; 0.000        ; 1.446      ; 1.515      ;
; 0.081  ; CLOCK_M:inst3|CNT0[2] ; MAIN:inst8|MM0[2]     ; MAIN:inst8|CS.SCT1 ; MAIN:inst8|CS.SCT1 ; 0.000        ; 1.494      ; 1.575      ;
; 0.089  ; CLOCK_M:inst3|CNT0[1] ; MAIN:inst8|MM0[1]     ; MAIN:inst8|CS.SCT1 ; MAIN:inst8|CS.SCT1 ; 0.000        ; 1.489      ; 1.578      ;
; 0.098  ; CLOCK_M:inst3|CNT0[3] ; CLOCK_M:inst3|CNT1[3] ; FD2:inst1|Q1       ; MAIN:inst8|CS.SCT1 ; 0.000        ; 1.120      ; 1.484      ;
; 0.100  ; CLOCK_M:inst3|CNT1[3] ; CLOCK_M:inst3|CNT1[1] ; FD2:inst1|Q1       ; MAIN:inst8|CS.SCT1 ; 0.000        ; 1.121      ; 1.487      ;
; 0.147  ; CLOCK_M:inst3|CNT1[2] ; CLOCK_M:inst3|CNT1[3] ; FD2:inst1|Q1       ; MAIN:inst8|CS.SCT1 ; 0.000        ; 1.119      ; 1.532      ;
; 0.182  ; CLOCK_M:inst3|CNT0[2] ; MAIN:inst8|MM0[2]     ; MAIN:inst8|CS.SCT0 ; MAIN:inst8|CS.SCT1 ; 0.000        ; 1.393      ; 1.575      ;
; 0.190  ; CLOCK_M:inst3|CNT0[1] ; MAIN:inst8|MM0[1]     ; MAIN:inst8|CS.SCT0 ; MAIN:inst8|CS.SCT1 ; 0.000        ; 1.388      ; 1.578      ;
; 0.243  ; CLOCK_M:inst3|CNT0[2] ; CLOCK_M:inst3|CNT1[3] ; FD2:inst1|Q1       ; MAIN:inst8|CS.SCT1 ; 0.000        ; 1.120      ; 1.629      ;
; 0.288  ; CLOCK_M:inst3|CNT1[1] ; CLOCK_M:inst3|CNT1[3] ; FD2:inst1|Q1       ; MAIN:inst8|CS.SCT1 ; 0.000        ; 1.119      ; 1.673      ;
; 0.297  ; CLOCK_M:inst3|CNT0[0] ; CLOCK_M:inst3|CNT0[0] ; FD2:inst1|Q1       ; MAIN:inst8|CS.SCT1 ; 0.000        ; 1.120      ; 1.683      ;
; 0.317  ; CLOCK_M:inst3|CNT0[1] ; CLOCK_M:inst3|CNT1[3] ; FD2:inst1|Q1       ; MAIN:inst8|CS.SCT1 ; 0.000        ; 1.120      ; 1.703      ;
; 0.374  ; CLOCK_M:inst3|CNT0[0] ; CLOCK_M:inst3|CNT1[3] ; FD2:inst1|Q1       ; MAIN:inst8|CS.SCT1 ; 0.000        ; 1.120      ; 1.760      ;
; 0.391  ; CLOCK_H:inst4|CNT0[0] ; CLOCK_H:inst4|CNT0[0] ; MAIN:inst8|CS.SCT1 ; MAIN:inst8|CS.SCT1 ; 0.000        ; 0.000      ; 0.657      ;
; 0.391  ; CLOCK_H:inst4|CNT0[1] ; CLOCK_H:inst4|CNT0[1] ; MAIN:inst8|CS.SCT1 ; MAIN:inst8|CS.SCT1 ; 0.000        ; 0.000      ; 0.657      ;
; 0.391  ; CLOCK_H:inst4|CNT1[0] ; CLOCK_H:inst4|CNT1[0] ; MAIN:inst8|CS.SCT1 ; MAIN:inst8|CS.SCT1 ; 0.000        ; 0.000      ; 0.657      ;
; 0.391  ; CLOCK_H:inst4|CNT1[1] ; CLOCK_H:inst4|CNT1[1] ; MAIN:inst8|CS.SCT1 ; MAIN:inst8|CS.SCT1 ; 0.000        ; 0.000      ; 0.657      ;
; 0.391  ; CLOCK_H:inst4|CNT1[3] ; CLOCK_H:inst4|CNT1[3] ; MAIN:inst8|CS.SCT1 ; MAIN:inst8|CS.SCT1 ; 0.000        ; 0.000      ; 0.657      ;
; 0.391  ; CLOCK_H:inst4|CNT1[2] ; CLOCK_H:inst4|CNT1[2] ; MAIN:inst8|CS.SCT1 ; MAIN:inst8|CS.SCT1 ; 0.000        ; 0.000      ; 0.657      ;
; 0.391  ; CLOCK_M:inst3|CNT0[1] ; CLOCK_M:inst3|CNT0[1] ; MAIN:inst8|CS.SCT1 ; MAIN:inst8|CS.SCT1 ; 0.000        ; 0.000      ; 0.657      ;
; 0.391  ; CLOCK_M:inst3|CNT0[3] ; CLOCK_M:inst3|CNT0[3] ; MAIN:inst8|CS.SCT1 ; MAIN:inst8|CS.SCT1 ; 0.000        ; 0.000      ; 0.657      ;
; 0.391  ; CLOCK_M:inst3|CNT1[0] ; CLOCK_M:inst3|CNT1[0] ; MAIN:inst8|CS.SCT1 ; MAIN:inst8|CS.SCT1 ; 0.000        ; 0.000      ; 0.657      ;
; 0.391  ; CLOCK_M:inst3|CNT1[1] ; CLOCK_M:inst3|CNT1[1] ; MAIN:inst8|CS.SCT1 ; MAIN:inst8|CS.SCT1 ; 0.000        ; 0.000      ; 0.657      ;
; 0.391  ; CLOCK_M:inst3|CNT1[2] ; CLOCK_M:inst3|CNT1[2] ; MAIN:inst8|CS.SCT1 ; MAIN:inst8|CS.SCT1 ; 0.000        ; 0.000      ; 0.657      ;
; 0.391  ; CLOCK_M:inst3|CNT1[3] ; CLOCK_M:inst3|CNT1[3] ; MAIN:inst8|CS.SCT1 ; MAIN:inst8|CS.SCT1 ; 0.000        ; 0.000      ; 0.657      ;
; 0.448  ; CLOCK_M:inst3|CNT0[1] ; CLOCK_M:inst3|CNT0[2] ; FD2:inst1|Q1       ; MAIN:inst8|CS.SCT1 ; 0.000        ; 1.120      ; 1.834      ;
; 0.492  ; CLOCK_M:inst3|CNT0[1] ; CLOCK_M:inst3|CNT0[1] ; MAIN:inst8|CS.SCT0 ; MAIN:inst8|CS.SCT1 ; 0.000        ; -0.101     ; 0.657      ;
; 0.492  ; CLOCK_M:inst3|CNT0[3] ; CLOCK_M:inst3|CNT0[3] ; MAIN:inst8|CS.SCT0 ; MAIN:inst8|CS.SCT1 ; 0.000        ; -0.101     ; 0.657      ;
; 0.492  ; CLOCK_M:inst3|CNT1[0] ; CLOCK_M:inst3|CNT1[0] ; MAIN:inst8|CS.SCT0 ; MAIN:inst8|CS.SCT1 ; 0.000        ; -0.101     ; 0.657      ;
; 0.492  ; CLOCK_M:inst3|CNT1[1] ; CLOCK_M:inst3|CNT1[1] ; MAIN:inst8|CS.SCT0 ; MAIN:inst8|CS.SCT1 ; 0.000        ; -0.101     ; 0.657      ;
; 0.492  ; CLOCK_M:inst3|CNT1[2] ; CLOCK_M:inst3|CNT1[2] ; MAIN:inst8|CS.SCT0 ; MAIN:inst8|CS.SCT1 ; 0.000        ; -0.101     ; 0.657      ;
; 0.492  ; CLOCK_M:inst3|CNT1[3] ; CLOCK_M:inst3|CNT1[3] ; MAIN:inst8|CS.SCT0 ; MAIN:inst8|CS.SCT1 ; 0.000        ; -0.101     ; 0.657      ;
; 0.496  ; CLOCK_H:inst4|CNT0[0] ; CLOCK_H:inst4|CNT0[0] ; MAIN:inst8|CS.SCT0 ; MAIN:inst8|CS.SCT1 ; 0.000        ; -0.105     ; 0.657      ;
; 0.496  ; CLOCK_H:inst4|CNT0[1] ; CLOCK_H:inst4|CNT0[1] ; MAIN:inst8|CS.SCT0 ; MAIN:inst8|CS.SCT1 ; 0.000        ; -0.105     ; 0.657      ;
; 0.496  ; CLOCK_H:inst4|CNT1[0] ; CLOCK_H:inst4|CNT1[0] ; MAIN:inst8|CS.SCT0 ; MAIN:inst8|CS.SCT1 ; 0.000        ; -0.105     ; 0.657      ;
; 0.496  ; CLOCK_H:inst4|CNT1[1] ; CLOCK_H:inst4|CNT1[1] ; MAIN:inst8|CS.SCT0 ; MAIN:inst8|CS.SCT1 ; 0.000        ; -0.105     ; 0.657      ;
; 0.496  ; CLOCK_H:inst4|CNT1[3] ; CLOCK_H:inst4|CNT1[3] ; MAIN:inst8|CS.SCT0 ; MAIN:inst8|CS.SCT1 ; 0.000        ; -0.105     ; 0.657      ;
; 0.496  ; CLOCK_H:inst4|CNT1[2] ; CLOCK_H:inst4|CNT1[2] ; MAIN:inst8|CS.SCT0 ; MAIN:inst8|CS.SCT1 ; 0.000        ; -0.105     ; 0.657      ;
+--------+-----------------------+-----------------------+--------------------+--------------------+--------------+------------+------------+


+------------------------------------------------------------------------------------------------------------------------------------+
; Slow Model Hold: 'CT0'                                                                                                             ;
+--------+-----------------------+-----------------------+--------------------+-------------+--------------+------------+------------+
; Slack  ; From Node             ; To Node               ; Launch Clock       ; Latch Clock ; Relationship ; Clock Skew ; Data Delay ;
+--------+-----------------------+-----------------------+--------------------+-------------+--------------+------------+------------+
; -3.929 ; CLOCK_M:inst3|CNT0[1] ; CLOCK_M:inst3|CNT0[1] ; FD2:inst1|Q1       ; CT0         ; 0.000        ; 4.320      ; 0.657      ;
; -3.929 ; CLOCK_M:inst3|CNT0[3] ; CLOCK_M:inst3|CNT0[3] ; FD2:inst1|Q1       ; CT0         ; 0.000        ; 4.320      ; 0.657      ;
; -3.929 ; CLOCK_M:inst3|CNT1[0] ; CLOCK_M:inst3|CNT1[0] ; FD2:inst1|Q1       ; CT0         ; 0.000        ; 4.320      ; 0.657      ;
; -3.929 ; CLOCK_M:inst3|CNT1[1] ; CLOCK_M:inst3|CNT1[1] ; FD2:inst1|Q1       ; CT0         ; 0.000        ; 4.320      ; 0.657      ;
; -3.929 ; CLOCK_M:inst3|CNT1[2] ; CLOCK_M:inst3|CNT1[2] ; FD2:inst1|Q1       ; CT0         ; 0.000        ; 4.320      ; 0.657      ;
; -3.929 ; CLOCK_M:inst3|CNT1[3] ; CLOCK_M:inst3|CNT1[3] ; FD2:inst1|Q1       ; CT0         ; 0.000        ; 4.320      ; 0.657      ;
; -3.779 ; CLOCK_M:inst3|CNT0[3] ; CLOCK_M:inst3|CNT0[1] ; FD2:inst1|Q1       ; CT0         ; 0.000        ; 4.320      ; 0.807      ;
; -3.768 ; CLOCK_M:inst3|CNT1[0] ; CLOCK_M:inst3|CNT1[1] ; FD2:inst1|Q1       ; CT0         ; 0.000        ; 4.320      ; 0.818      ;
; -3.597 ; CLOCK_M:inst3|CNT0[1] ; CLOCK_M:inst3|CNT0[3] ; FD2:inst1|Q1       ; CT0         ; 0.000        ; 4.320      ; 0.989      ;
; -3.490 ; CLOCK_M:inst3|CNT1[0] ; CLOCK_M:inst3|CNT1[2] ; FD2:inst1|Q1       ; CT0         ; 0.000        ; 4.320      ; 1.096      ;
; -3.468 ; CLOCK_M:inst3|CNT1[1] ; CLOCK_M:inst3|CNT1[2] ; FD2:inst1|Q1       ; CT0         ; 0.000        ; 4.320      ; 1.118      ;
; -3.464 ; CLOCK_M:inst3|CNT0[2] ; CLOCK_M:inst3|CNT0[3] ; FD2:inst1|Q1       ; CT0         ; 0.000        ; 4.320      ; 1.122      ;
; -3.460 ; CLOCK_M:inst3|CNT0[2] ; CLOCK_M:inst3|CNT0[1] ; FD2:inst1|Q1       ; CT0         ; 0.000        ; 4.320      ; 1.126      ;
; -3.367 ; CLOCK_M:inst3|CNT1[3] ; CLOCK_M:inst3|CNT1[2] ; FD2:inst1|Q1       ; CT0         ; 0.000        ; 4.321      ; 1.220      ;
; -3.324 ; CLOCK_M:inst3|CNT0[0] ; CLOCK_M:inst3|CNT0[3] ; FD2:inst1|Q1       ; CT0         ; 0.000        ; 4.320      ; 1.262      ;
; -3.323 ; CLOCK_M:inst3|CNT0[0] ; CLOCK_M:inst3|CNT0[1] ; FD2:inst1|Q1       ; CT0         ; 0.000        ; 4.320      ; 1.263      ;
; -3.291 ; CLOCK_M:inst3|CNT1[2] ; CLOCK_M:inst3|CNT1[1] ; FD2:inst1|Q1       ; CT0         ; 0.000        ; 4.320      ; 1.295      ;
; -3.183 ; CLOCK_M:inst3|CNT1[0] ; CLOCK_M:inst3|CNT1[3] ; FD2:inst1|Q1       ; CT0         ; 0.000        ; 4.319      ; 1.402      ;
; -3.102 ; CLOCK_M:inst3|CNT0[3] ; CLOCK_M:inst3|CNT1[3] ; FD2:inst1|Q1       ; CT0         ; 0.000        ; 4.320      ; 1.484      ;
; -3.100 ; CLOCK_M:inst3|CNT1[3] ; CLOCK_M:inst3|CNT1[1] ; FD2:inst1|Q1       ; CT0         ; 0.000        ; 4.321      ; 1.487      ;
; -3.053 ; CLOCK_M:inst3|CNT1[2] ; CLOCK_M:inst3|CNT1[3] ; FD2:inst1|Q1       ; CT0         ; 0.000        ; 4.319      ; 1.532      ;
; -2.957 ; CLOCK_M:inst3|CNT0[2] ; CLOCK_M:inst3|CNT1[3] ; FD2:inst1|Q1       ; CT0         ; 0.000        ; 4.320      ; 1.629      ;
; -2.912 ; CLOCK_M:inst3|CNT1[1] ; CLOCK_M:inst3|CNT1[3] ; FD2:inst1|Q1       ; CT0         ; 0.000        ; 4.319      ; 1.673      ;
; -2.903 ; CLOCK_M:inst3|CNT0[0] ; CLOCK_M:inst3|CNT0[0] ; FD2:inst1|Q1       ; CT0         ; 0.000        ; 4.320      ; 1.683      ;
; -2.883 ; CLOCK_M:inst3|CNT0[1] ; CLOCK_M:inst3|CNT1[3] ; FD2:inst1|Q1       ; CT0         ; 0.000        ; 4.320      ; 1.703      ;
; -2.826 ; CLOCK_M:inst3|CNT0[0] ; CLOCK_M:inst3|CNT1[3] ; FD2:inst1|Q1       ; CT0         ; 0.000        ; 4.320      ; 1.760      ;
; -2.810 ; CLOCK_H:inst4|CNT0[0] ; CLOCK_H:inst4|CNT0[0] ; MAIN:inst8|CS.SCT1 ; CT0         ; 0.000        ; 3.201      ; 0.657      ;
; -2.810 ; CLOCK_H:inst4|CNT0[1] ; CLOCK_H:inst4|CNT0[1] ; MAIN:inst8|CS.SCT1 ; CT0         ; 0.000        ; 3.201      ; 0.657      ;
; -2.810 ; CLOCK_H:inst4|CNT1[0] ; CLOCK_H:inst4|CNT1[0] ; MAIN:inst8|CS.SCT1 ; CT0         ; 0.000        ; 3.201      ; 0.657      ;
; -2.810 ; CLOCK_H:inst4|CNT1[1] ; CLOCK_H:inst4|CNT1[1] ; MAIN:inst8|CS.SCT1 ; CT0         ; 0.000        ; 3.201      ; 0.657      ;
; -2.810 ; CLOCK_H:inst4|CNT1[3] ; CLOCK_H:inst4|CNT1[3] ; MAIN:inst8|CS.SCT1 ; CT0         ; 0.000        ; 3.201      ; 0.657      ;
; -2.810 ; CLOCK_H:inst4|CNT1[2] ; CLOCK_H:inst4|CNT1[2] ; MAIN:inst8|CS.SCT1 ; CT0         ; 0.000        ; 3.201      ; 0.657      ;
; -2.809 ; CLOCK_M:inst3|CNT0[1] ; CLOCK_M:inst3|CNT0[1] ; MAIN:inst8|CS.SCT1 ; CT0         ; 0.000        ; 3.200      ; 0.657      ;
; -2.809 ; CLOCK_M:inst3|CNT0[3] ; CLOCK_M:inst3|CNT0[3] ; MAIN:inst8|CS.SCT1 ; CT0         ; 0.000        ; 3.200      ; 0.657      ;
; -2.809 ; CLOCK_M:inst3|CNT1[0] ; CLOCK_M:inst3|CNT1[0] ; MAIN:inst8|CS.SCT1 ; CT0         ; 0.000        ; 3.200      ; 0.657      ;
; -2.809 ; CLOCK_M:inst3|CNT1[1] ; CLOCK_M:inst3|CNT1[1] ; MAIN:inst8|CS.SCT1 ; CT0         ; 0.000        ; 3.200      ; 0.657      ;
; -2.809 ; CLOCK_M:inst3|CNT1[2] ; CLOCK_M:inst3|CNT1[2] ; MAIN:inst8|CS.SCT1 ; CT0         ; 0.000        ; 3.200      ; 0.657      ;
; -2.809 ; CLOCK_M:inst3|CNT1[3] ; CLOCK_M:inst3|CNT1[3] ; MAIN:inst8|CS.SCT1 ; CT0         ; 0.000        ; 3.200      ; 0.657      ;
; -2.752 ; CLOCK_M:inst3|CNT0[1] ; CLOCK_M:inst3|CNT0[2] ; FD2:inst1|Q1       ; CT0         ; 0.000        ; 4.320      ; 1.834      ;
; -2.708 ; CLOCK_M:inst3|CNT0[1] ; CLOCK_M:inst3|CNT0[1] ; MAIN:inst8|CS.SCT0 ; CT0         ; 0.000        ; 3.099      ; 0.657      ;
; -2.708 ; CLOCK_M:inst3|CNT0[3] ; CLOCK_M:inst3|CNT0[3] ; MAIN:inst8|CS.SCT0 ; CT0         ; 0.000        ; 3.099      ; 0.657      ;
; -2.708 ; CLOCK_M:inst3|CNT1[0] ; CLOCK_M:inst3|CNT1[0] ; MAIN:inst8|CS.SCT0 ; CT0         ; 0.000        ; 3.099      ; 0.657      ;
; -2.708 ; CLOCK_M:inst3|CNT1[1] ; CLOCK_M:inst3|CNT1[1] ; MAIN:inst8|CS.SCT0 ; CT0         ; 0.000        ; 3.099      ; 0.657      ;
; -2.708 ; CLOCK_M:inst3|CNT1[2] ; CLOCK_M:inst3|CNT1[2] ; MAIN:inst8|CS.SCT0 ; CT0         ; 0.000        ; 3.099      ; 0.657      ;
; -2.708 ; CLOCK_M:inst3|CNT1[3] ; CLOCK_M:inst3|CNT1[3] ; MAIN:inst8|CS.SCT0 ; CT0         ; 0.000        ; 3.099      ; 0.657      ;
; -2.705 ; CLOCK_H:inst4|CNT0[0] ; CLOCK_H:inst4|CNT0[0] ; MAIN:inst8|CS.SCT0 ; CT0         ; 0.000        ; 3.096      ; 0.657      ;
; -2.705 ; CLOCK_H:inst4|CNT0[1] ; CLOCK_H:inst4|CNT0[1] ; MAIN:inst8|CS.SCT0 ; CT0         ; 0.000        ; 3.096      ; 0.657      ;
; -2.705 ; CLOCK_H:inst4|CNT1[0] ; CLOCK_H:inst4|CNT1[0] ; MAIN:inst8|CS.SCT0 ; CT0         ; 0.000        ; 3.096      ; 0.657      ;
; -2.705 ; CLOCK_H:inst4|CNT1[1] ; CLOCK_H:inst4|CNT1[1] ; MAIN:inst8|CS.SCT0 ; CT0         ; 0.000        ; 3.096      ; 0.657      ;
; -2.705 ; CLOCK_H:inst4|CNT1[3] ; CLOCK_H:inst4|CNT1[3] ; MAIN:inst8|CS.SCT0 ; CT0         ; 0.000        ; 3.096      ; 0.657      ;
; -2.705 ; CLOCK_H:inst4|CNT1[2] ; CLOCK_H:inst4|CNT1[2] ; MAIN:inst8|CS.SCT0 ; CT0         ; 0.000        ; 3.096      ; 0.657      ;
; -2.661 ; CLOCK_M:inst3|CNT0[2] ; CLOCK_M:inst3|CNT0[2] ; FD2:inst1|Q1       ; CT0         ; 0.000        ; 4.320      ; 1.925      ;
; -2.659 ; CLOCK_M:inst3|CNT0[3] ; CLOCK_M:inst3|CNT0[1] ; MAIN:inst8|CS.SCT1 ; CT0         ; 0.000        ; 3.200      ; 0.807      ;
; -2.648 ; CLOCK_M:inst3|CNT1[0] ; CLOCK_M:inst3|CNT1[1] ; MAIN:inst8|CS.SCT1 ; CT0         ; 0.000        ; 3.200      ; 0.818      ;
; -2.563 ; CLOCK_M:inst3|CNT0[0] ; CLOCK_M:inst3|CNT0[2] ; FD2:inst1|Q1       ; CT0         ; 0.000        ; 4.320      ; 2.023      ;
; -2.558 ; CLOCK_M:inst3|CNT0[3] ; CLOCK_M:inst3|CNT0[1] ; MAIN:inst8|CS.SCT0 ; CT0         ; 0.000        ; 3.099      ; 0.807      ;
; -2.547 ; CLOCK_M:inst3|CNT1[0] ; CLOCK_M:inst3|CNT1[1] ; MAIN:inst8|CS.SCT0 ; CT0         ; 0.000        ; 3.099      ; 0.818      ;
; -2.477 ; CLOCK_M:inst3|CNT0[1] ; CLOCK_M:inst3|CNT0[3] ; MAIN:inst8|CS.SCT1 ; CT0         ; 0.000        ; 3.200      ; 0.989      ;
; -2.376 ; CLOCK_M:inst3|CNT0[1] ; CLOCK_M:inst3|CNT0[3] ; MAIN:inst8|CS.SCT0 ; CT0         ; 0.000        ; 3.099      ; 0.989      ;
; -2.370 ; CLOCK_M:inst3|CNT1[0] ; CLOCK_M:inst3|CNT1[2] ; MAIN:inst8|CS.SCT1 ; CT0         ; 0.000        ; 3.200      ; 1.096      ;
; -2.368 ; CLOCK_H:inst4|CNT1[0] ; CLOCK_H:inst4|CNT1[1] ; MAIN:inst8|CS.SCT1 ; CT0         ; 0.000        ; 3.201      ; 1.099      ;
; -2.366 ; CLOCK_H:inst4|CNT1[0] ; CLOCK_H:inst4|CNT1[2] ; MAIN:inst8|CS.SCT1 ; CT0         ; 0.000        ; 3.201      ; 1.101      ;
; -2.353 ; CLOCK_M:inst3|CNT0[3] ; CLOCK_M:inst3|CNT1[0] ; FD2:inst1|Q1       ; CT0         ; 0.000        ; 4.321      ; 2.234      ;
; -2.353 ; CLOCK_M:inst3|CNT0[3] ; CLOCK_M:inst3|CNT1[1] ; FD2:inst1|Q1       ; CT0         ; 0.000        ; 4.321      ; 2.234      ;
; -2.353 ; CLOCK_M:inst3|CNT0[3] ; CLOCK_M:inst3|CNT1[2] ; FD2:inst1|Q1       ; CT0         ; 0.000        ; 4.321      ; 2.234      ;
; -2.348 ; CLOCK_M:inst3|CNT1[1] ; CLOCK_M:inst3|CNT1[2] ; MAIN:inst8|CS.SCT1 ; CT0         ; 0.000        ; 3.200      ; 1.118      ;
; -2.344 ; CLOCK_M:inst3|CNT0[2] ; CLOCK_M:inst3|CNT0[3] ; MAIN:inst8|CS.SCT1 ; CT0         ; 0.000        ; 3.200      ; 1.122      ;
; -2.340 ; CLOCK_M:inst3|CNT0[2] ; CLOCK_M:inst3|CNT0[1] ; MAIN:inst8|CS.SCT1 ; CT0         ; 0.000        ; 3.200      ; 1.126      ;
; -2.330 ; CLOCK_H:inst4|CNT1[1] ; CLOCK_H:inst4|CNT1[2] ; MAIN:inst8|CS.SCT1 ; CT0         ; 0.000        ; 3.201      ; 1.137      ;
; -2.329 ; CLOCK_H:inst4|CNT0[3] ; CLOCK_H:inst4|CNT0[1] ; MAIN:inst8|CS.SCT1 ; CT0         ; 0.000        ; 3.201      ; 1.138      ;
; -2.269 ; CLOCK_M:inst3|CNT1[0] ; CLOCK_M:inst3|CNT1[2] ; MAIN:inst8|CS.SCT0 ; CT0         ; 0.000        ; 3.099      ; 1.096      ;
; -2.263 ; CLOCK_H:inst4|CNT1[0] ; CLOCK_H:inst4|CNT1[1] ; MAIN:inst8|CS.SCT0 ; CT0         ; 0.000        ; 3.096      ; 1.099      ;
; -2.261 ; CLOCK_H:inst4|CNT1[0] ; CLOCK_H:inst4|CNT1[2] ; MAIN:inst8|CS.SCT0 ; CT0         ; 0.000        ; 3.096      ; 1.101      ;
; -2.247 ; CLOCK_M:inst3|CNT1[3] ; CLOCK_M:inst3|CNT1[2] ; MAIN:inst8|CS.SCT1 ; CT0         ; 0.000        ; 3.201      ; 1.220      ;
; -2.247 ; CLOCK_M:inst3|CNT1[1] ; CLOCK_M:inst3|CNT1[2] ; MAIN:inst8|CS.SCT0 ; CT0         ; 0.000        ; 3.099      ; 1.118      ;
; -2.243 ; CLOCK_M:inst3|CNT0[2] ; CLOCK_M:inst3|CNT0[3] ; MAIN:inst8|CS.SCT0 ; CT0         ; 0.000        ; 3.099      ; 1.122      ;
; -2.239 ; CLOCK_M:inst3|CNT0[2] ; CLOCK_M:inst3|CNT0[1] ; MAIN:inst8|CS.SCT0 ; CT0         ; 0.000        ; 3.099      ; 1.126      ;
; -2.225 ; CLOCK_H:inst4|CNT1[1] ; CLOCK_H:inst4|CNT1[2] ; MAIN:inst8|CS.SCT0 ; CT0         ; 0.000        ; 3.096      ; 1.137      ;
; -2.224 ; CLOCK_H:inst4|CNT0[3] ; CLOCK_H:inst4|CNT0[1] ; MAIN:inst8|CS.SCT0 ; CT0         ; 0.000        ; 3.096      ; 1.138      ;
; -2.212 ; CLOCK_H:inst4|CNT0[0] ; CLOCK_H:inst4|CNT0[1] ; MAIN:inst8|CS.SCT1 ; CT0         ; 0.000        ; 3.199      ; 1.253      ;
; -2.208 ; CLOCK_M:inst3|CNT0[2] ; CLOCK_M:inst3|CNT1[0] ; FD2:inst1|Q1       ; CT0         ; 0.000        ; 4.321      ; 2.379      ;
; -2.208 ; CLOCK_M:inst3|CNT0[2] ; CLOCK_M:inst3|CNT1[1] ; FD2:inst1|Q1       ; CT0         ; 0.000        ; 4.321      ; 2.379      ;
; -2.208 ; CLOCK_M:inst3|CNT0[2] ; CLOCK_M:inst3|CNT1[2] ; FD2:inst1|Q1       ; CT0         ; 0.000        ; 4.321      ; 2.379      ;
; -2.204 ; CLOCK_M:inst3|CNT0[0] ; CLOCK_M:inst3|CNT0[3] ; MAIN:inst8|CS.SCT1 ; CT0         ; 0.000        ; 3.200      ; 1.262      ;
; -2.203 ; CLOCK_M:inst3|CNT0[0] ; CLOCK_M:inst3|CNT0[1] ; MAIN:inst8|CS.SCT1 ; CT0         ; 0.000        ; 3.200      ; 1.263      ;
; -2.202 ; CLOCK_H:inst4|CNT0[2] ; CLOCK_H:inst4|CNT0[1] ; MAIN:inst8|CS.SCT1 ; CT0         ; 0.000        ; 3.201      ; 1.265      ;
; -2.184 ; CLOCK_H:inst4|CNT1[2] ; CLOCK_H:inst4|CNT1[3] ; MAIN:inst8|CS.SCT1 ; CT0         ; 0.000        ; 3.201      ; 1.283      ;
; -2.171 ; CLOCK_M:inst3|CNT1[2] ; CLOCK_M:inst3|CNT1[1] ; MAIN:inst8|CS.SCT1 ; CT0         ; 0.000        ; 3.200      ; 1.295      ;
; -2.146 ; CLOCK_M:inst3|CNT1[3] ; CLOCK_M:inst3|CNT1[2] ; MAIN:inst8|CS.SCT0 ; CT0         ; 0.000        ; 3.100      ; 1.220      ;
; -2.134 ; CLOCK_M:inst3|CNT0[1] ; CLOCK_M:inst3|CNT1[0] ; FD2:inst1|Q1       ; CT0         ; 0.000        ; 4.321      ; 2.453      ;
; -2.134 ; CLOCK_M:inst3|CNT0[1] ; CLOCK_M:inst3|CNT1[1] ; FD2:inst1|Q1       ; CT0         ; 0.000        ; 4.321      ; 2.453      ;
; -2.134 ; CLOCK_M:inst3|CNT0[1] ; CLOCK_M:inst3|CNT1[2] ; FD2:inst1|Q1       ; CT0         ; 0.000        ; 4.321      ; 2.453      ;
; -2.107 ; CLOCK_H:inst4|CNT0[0] ; CLOCK_H:inst4|CNT0[1] ; MAIN:inst8|CS.SCT0 ; CT0         ; 0.000        ; 3.094      ; 1.253      ;
; -2.103 ; CLOCK_M:inst3|CNT0[0] ; CLOCK_M:inst3|CNT0[3] ; MAIN:inst8|CS.SCT0 ; CT0         ; 0.000        ; 3.099      ; 1.262      ;
; -2.102 ; CLOCK_M:inst3|CNT0[0] ; CLOCK_M:inst3|CNT0[1] ; MAIN:inst8|CS.SCT0 ; CT0         ; 0.000        ; 3.099      ; 1.263      ;
; -2.097 ; CLOCK_H:inst4|CNT0[2] ; CLOCK_H:inst4|CNT0[1] ; MAIN:inst8|CS.SCT0 ; CT0         ; 0.000        ; 3.096      ; 1.265      ;
; -2.079 ; CLOCK_H:inst4|CNT1[2] ; CLOCK_H:inst4|CNT1[3] ; MAIN:inst8|CS.SCT0 ; CT0         ; 0.000        ; 3.096      ; 1.283      ;
; -2.077 ; CLOCK_M:inst3|CNT0[0] ; CLOCK_M:inst3|CNT1[0] ; FD2:inst1|Q1       ; CT0         ; 0.000        ; 4.321      ; 2.510      ;
; -2.077 ; CLOCK_M:inst3|CNT0[0] ; CLOCK_M:inst3|CNT1[1] ; FD2:inst1|Q1       ; CT0         ; 0.000        ; 4.321      ; 2.510      ;
; -2.077 ; CLOCK_M:inst3|CNT0[0] ; CLOCK_M:inst3|CNT1[2] ; FD2:inst1|Q1       ; CT0         ; 0.000        ; 4.321      ; 2.510      ;
+--------+-----------------------+-----------------------+--------------------+-------------+--------------+------------+------------+


+-----------------------------------------------------------------------------------------------------------------------------------+
; Slow Model Hold: 'FD:inst|Q1'                                                                                                     ;
+--------+----------------------+----------------------+---------------------+-------------+--------------+------------+------------+
; Slack  ; From Node            ; To Node              ; Launch Clock        ; Latch Clock ; Relationship ; Clock Skew ; Data Delay ;
+--------+----------------------+----------------------+---------------------+-------------+--------------+------------+------------+
; -2.261 ; MAIN:inst8|CS.SCT1   ; MAIN:inst8|CS.SCT1   ; MAIN:inst8|CS.SCT1  ; FD:inst|Q1  ; 0.000        ; 3.366      ; 1.621      ;
; -2.260 ; MAIN:inst8|CS.SCT1   ; MAIN:inst8|CS.SCT0   ; MAIN:inst8|CS.SCT1  ; FD:inst|Q1  ; 0.000        ; 3.366      ; 1.622      ;
; -2.227 ; MAIN:inst8|CS.SCT0   ; MAIN:inst8|CS.SCT1   ; MAIN:inst8|CS.SCT0  ; FD:inst|Q1  ; 0.000        ; 3.366      ; 1.655      ;
; -2.226 ; MAIN:inst8|CS.SCT0   ; MAIN:inst8|CS.SCT0   ; MAIN:inst8|CS.SCT0  ; FD:inst|Q1  ; 0.000        ; 3.366      ; 1.656      ;
; -1.761 ; MAIN:inst8|CS.SCT1   ; MAIN:inst8|CS.SCT1   ; MAIN:inst8|CS.SCT1  ; FD:inst|Q1  ; -0.500       ; 3.366      ; 1.621      ;
; -1.760 ; MAIN:inst8|CS.SCT1   ; MAIN:inst8|CS.SCT0   ; MAIN:inst8|CS.SCT1  ; FD:inst|Q1  ; -0.500       ; 3.366      ; 1.622      ;
; -1.727 ; MAIN:inst8|CS.SCT0   ; MAIN:inst8|CS.SCT1   ; MAIN:inst8|CS.SCT0  ; FD:inst|Q1  ; -0.500       ; 3.366      ; 1.655      ;
; -1.726 ; MAIN:inst8|CS.SCT0   ; MAIN:inst8|CS.SCT0   ; MAIN:inst8|CS.SCT0  ; FD:inst|Q1  ; -0.500       ; 3.366      ; 1.656      ;
; -1.667 ; MAIN:inst8|CS.S1     ; MAIN:inst8|CS.S1     ; MAIN:inst8|CS.S1    ; FD:inst|Q1  ; 0.000        ; 3.369      ; 2.218      ;
; -1.624 ; MAIN:inst8|CS.S1     ; MAIN:inst8|CS.SCT0   ; MAIN:inst8|CS.S1    ; FD:inst|Q1  ; 0.000        ; 3.366      ; 2.258      ;
; -1.623 ; MAIN:inst8|CS.S1     ; MAIN:inst8|CS.SCT1   ; MAIN:inst8|CS.S1    ; FD:inst|Q1  ; 0.000        ; 3.366      ; 2.259      ;
; -1.390 ; MAIN:inst8|CS.SCT1   ; FD2:inst1|TEMP1[1]   ; MAIN:inst8|CS.SCT1  ; FD:inst|Q1  ; 0.000        ; 3.355      ; 2.481      ;
; -1.390 ; MAIN:inst8|CS.SCT1   ; FD2:inst1|TEMP1[2]   ; MAIN:inst8|CS.SCT1  ; FD:inst|Q1  ; 0.000        ; 3.355      ; 2.481      ;
; -1.390 ; MAIN:inst8|CS.SCT1   ; FD2:inst1|TEMP1[0]   ; MAIN:inst8|CS.SCT1  ; FD:inst|Q1  ; 0.000        ; 3.355      ; 2.481      ;
; -1.390 ; MAIN:inst8|CS.SCT1   ; FD2:inst1|TEMP1[3]   ; MAIN:inst8|CS.SCT1  ; FD:inst|Q1  ; 0.000        ; 3.355      ; 2.481      ;
; -1.356 ; MAIN:inst8|CS.SCT0   ; FD2:inst1|TEMP1[1]   ; MAIN:inst8|CS.SCT0  ; FD:inst|Q1  ; 0.000        ; 3.355      ; 2.515      ;
; -1.356 ; MAIN:inst8|CS.SCT0   ; FD2:inst1|TEMP1[2]   ; MAIN:inst8|CS.SCT0  ; FD:inst|Q1  ; 0.000        ; 3.355      ; 2.515      ;
; -1.356 ; MAIN:inst8|CS.SCT0   ; FD2:inst1|TEMP1[0]   ; MAIN:inst8|CS.SCT0  ; FD:inst|Q1  ; 0.000        ; 3.355      ; 2.515      ;
; -1.356 ; MAIN:inst8|CS.SCT0   ; FD2:inst1|TEMP1[3]   ; MAIN:inst8|CS.SCT0  ; FD:inst|Q1  ; 0.000        ; 3.355      ; 2.515      ;
; -1.167 ; MAIN:inst8|CS.S1     ; MAIN:inst8|CS.S1     ; MAIN:inst8|CS.S1    ; FD:inst|Q1  ; -0.500       ; 3.369      ; 2.218      ;
; -1.124 ; MAIN:inst8|CS.S1     ; MAIN:inst8|CS.SCT0   ; MAIN:inst8|CS.S1    ; FD:inst|Q1  ; -0.500       ; 3.366      ; 2.258      ;
; -1.123 ; MAIN:inst8|CS.S1     ; MAIN:inst8|CS.SCT1   ; MAIN:inst8|CS.S1    ; FD:inst|Q1  ; -0.500       ; 3.366      ; 2.259      ;
; -1.008 ; MAIN:inst8|CS.S1     ; MAIN:inst8|CS.SSUM   ; MAIN:inst8|CS.S1    ; FD:inst|Q1  ; 0.000        ; 2.007      ; 1.515      ;
; -0.890 ; MAIN:inst8|CS.SCT1   ; FD2:inst1|TEMP1[1]   ; MAIN:inst8|CS.SCT1  ; FD:inst|Q1  ; -0.500       ; 3.355      ; 2.481      ;
; -0.890 ; MAIN:inst8|CS.SCT1   ; FD2:inst1|TEMP1[2]   ; MAIN:inst8|CS.SCT1  ; FD:inst|Q1  ; -0.500       ; 3.355      ; 2.481      ;
; -0.890 ; MAIN:inst8|CS.SCT1   ; FD2:inst1|TEMP1[0]   ; MAIN:inst8|CS.SCT1  ; FD:inst|Q1  ; -0.500       ; 3.355      ; 2.481      ;
; -0.890 ; MAIN:inst8|CS.SCT1   ; FD2:inst1|TEMP1[3]   ; MAIN:inst8|CS.SCT1  ; FD:inst|Q1  ; -0.500       ; 3.355      ; 2.481      ;
; -0.856 ; MAIN:inst8|CS.SCT0   ; FD2:inst1|TEMP1[1]   ; MAIN:inst8|CS.SCT0  ; FD:inst|Q1  ; -0.500       ; 3.355      ; 2.515      ;
; -0.856 ; MAIN:inst8|CS.SCT0   ; FD2:inst1|TEMP1[2]   ; MAIN:inst8|CS.SCT0  ; FD:inst|Q1  ; -0.500       ; 3.355      ; 2.515      ;
; -0.856 ; MAIN:inst8|CS.SCT0   ; FD2:inst1|TEMP1[0]   ; MAIN:inst8|CS.SCT0  ; FD:inst|Q1  ; -0.500       ; 3.355      ; 2.515      ;
; -0.856 ; MAIN:inst8|CS.SCT0   ; FD2:inst1|TEMP1[3]   ; MAIN:inst8|CS.SCT0  ; FD:inst|Q1  ; -0.500       ; 3.355      ; 2.515      ;
; -0.655 ; MAIN:inst8|CS.S1     ; MAIN:inst8|CS.SRUN0  ; MAIN:inst8|CS.S1    ; FD:inst|Q1  ; 0.000        ; 3.397      ; 3.258      ;
; -0.652 ; MAIN:inst8|CS.SRUN1  ; MAIN:inst8|CS.SPAUSE ; FD:inst|Q1          ; FD:inst|Q1  ; 0.000        ; 1.362      ; 0.976      ;
; -0.618 ; MAIN:inst8|CS.SCT1   ; MAIN:inst8|CS.S1     ; MAIN:inst8|CS.SCT1  ; FD:inst|Q1  ; 0.000        ; 3.369      ; 3.267      ;
; -0.584 ; MAIN:inst8|CS.SCT0   ; MAIN:inst8|CS.S1     ; MAIN:inst8|CS.SCT0  ; FD:inst|Q1  ; 0.000        ; 3.369      ; 3.301      ;
; -0.527 ; MAIN:inst8|CS.SSUM   ; MAIN:inst8|CS.S1     ; FD:inst|Q1          ; FD:inst|Q1  ; 0.000        ; 1.362      ; 1.101      ;
; -0.508 ; MAIN:inst8|CS.S1     ; MAIN:inst8|CS.SSUM   ; MAIN:inst8|CS.S1    ; FD:inst|Q1  ; -0.500       ; 2.007      ; 1.515      ;
; -0.155 ; MAIN:inst8|CS.S1     ; MAIN:inst8|CS.SRUN0  ; MAIN:inst8|CS.S1    ; FD:inst|Q1  ; -0.500       ; 3.397      ; 3.258      ;
; -0.148 ; MAIN:inst8|CS.SRUN1  ; MAIN:inst8|CS.S1     ; FD:inst|Q1          ; FD:inst|Q1  ; 0.000        ; 1.362      ; 1.480      ;
; -0.118 ; MAIN:inst8|CS.SCT1   ; MAIN:inst8|CS.S1     ; MAIN:inst8|CS.SCT1  ; FD:inst|Q1  ; -0.500       ; 3.369      ; 3.267      ;
; -0.084 ; MAIN:inst8|CS.SCT0   ; MAIN:inst8|CS.S1     ; MAIN:inst8|CS.SCT0  ; FD:inst|Q1  ; -0.500       ; 3.369      ; 3.301      ;
; 0.071  ; MAIN:inst8|CS.SRUN0  ; MAIN:inst8|CS.SRUN1  ; MAIN:inst8|CS.SRUN0 ; FD:inst|Q1  ; 0.000        ; 2.007      ; 2.594      ;
; 0.391  ; MAIN:inst8|CS.SSUM   ; MAIN:inst8|CS.SSUM   ; FD:inst|Q1          ; FD:inst|Q1  ; 0.000        ; 0.000      ; 0.657      ;
; 0.391  ; FD2:inst1|TEMP1[1]   ; FD2:inst1|TEMP1[1]   ; FD:inst|Q1          ; FD:inst|Q1  ; 0.000        ; 0.000      ; 0.657      ;
; 0.391  ; FD2:inst1|TEMP1[2]   ; FD2:inst1|TEMP1[2]   ; FD:inst|Q1          ; FD:inst|Q1  ; 0.000        ; 0.000      ; 0.657      ;
; 0.391  ; FD2:inst1|TEMP1[0]   ; FD2:inst1|TEMP1[0]   ; FD:inst|Q1          ; FD:inst|Q1  ; 0.000        ; 0.000      ; 0.657      ;
; 0.391  ; FD2:inst1|TEMP1[3]   ; FD2:inst1|TEMP1[3]   ; FD:inst|Q1          ; FD:inst|Q1  ; 0.000        ; 0.000      ; 0.657      ;
; 0.391  ; FD3:inst22|TEMP1[1]  ; FD3:inst22|TEMP1[1]  ; FD:inst|Q1          ; FD:inst|Q1  ; 0.000        ; 0.000      ; 0.657      ;
; 0.391  ; FD3:inst22|TEMP1[0]  ; FD3:inst22|TEMP1[0]  ; FD:inst|Q1          ; FD:inst|Q1  ; 0.000        ; 0.000      ; 0.657      ;
; 0.391  ; FD3:inst22|TEMP1[2]  ; FD3:inst22|TEMP1[2]  ; FD:inst|Q1          ; FD:inst|Q1  ; 0.000        ; 0.000      ; 0.657      ;
; 0.391  ; MAIN:inst8|CS.SPAUSE ; MAIN:inst8|CS.SPAUSE ; FD:inst|Q1          ; FD:inst|Q1  ; 0.000        ; 0.000      ; 0.657      ;
; 0.526  ; FD2:inst1|TEMP1[2]   ; FD2:inst1|TEMP1[0]   ; FD:inst|Q1          ; FD:inst|Q1  ; 0.000        ; 0.000      ; 0.792      ;
; 0.529  ; FD2:inst1|TEMP1[0]   ; FD2:inst1|TEMP1[3]   ; FD:inst|Q1          ; FD:inst|Q1  ; 0.000        ; 0.000      ; 0.795      ;
; 0.532  ; FD2:inst1|TEMP1[0]   ; FD2:inst1|TEMP1[1]   ; FD:inst|Q1          ; FD:inst|Q1  ; 0.000        ; 0.000      ; 0.798      ;
; 0.532  ; FD2:inst1|TEMP1[0]   ; FD2:inst1|TEMP1[2]   ; FD:inst|Q1          ; FD:inst|Q1  ; 0.000        ; 0.000      ; 0.798      ;
; 0.542  ; FD2:inst1|TEMP1[3]   ; FD2:inst1|Q1         ; FD:inst|Q1          ; FD:inst|Q1  ; 0.000        ; 0.000      ; 0.808      ;
; 0.546  ; FD3:inst22|TEMP1[2]  ; FD3:inst22|Q1        ; FD:inst|Q1          ; FD:inst|Q1  ; 0.000        ; 0.000      ; 0.812      ;
; 0.546  ; FD3:inst22|TEMP1[0]  ; FD3:inst22|TEMP1[2]  ; FD:inst|Q1          ; FD:inst|Q1  ; 0.000        ; 0.000      ; 0.812      ;
; 0.548  ; FD3:inst22|TEMP1[0]  ; FD3:inst22|TEMP1[1]  ; FD:inst|Q1          ; FD:inst|Q1  ; 0.000        ; 0.000      ; 0.814      ;
; 0.571  ; MAIN:inst8|CS.SRUN0  ; MAIN:inst8|CS.SRUN1  ; MAIN:inst8|CS.SRUN0 ; FD:inst|Q1  ; -0.500       ; 2.007      ; 2.594      ;
; 0.669  ; FD3:inst22|TEMP1[1]  ; FD3:inst22|Q1        ; FD:inst|Q1          ; FD:inst|Q1  ; 0.000        ; 0.000      ; 0.935      ;
; 0.707  ; FD3:inst22|TEMP1[1]  ; FD3:inst22|TEMP1[0]  ; FD:inst|Q1          ; FD:inst|Q1  ; 0.000        ; 0.000      ; 0.973      ;
; 0.766  ; FD2:inst1|TEMP1[1]   ; FD2:inst1|TEMP1[3]   ; FD:inst|Q1          ; FD:inst|Q1  ; 0.000        ; 0.000      ; 1.032      ;
; 0.777  ; FD2:inst1|TEMP1[3]   ; FD2:inst1|TEMP1[1]   ; FD:inst|Q1          ; FD:inst|Q1  ; 0.000        ; 0.000      ; 1.043      ;
; 0.778  ; FD2:inst1|TEMP1[3]   ; FD2:inst1|TEMP1[2]   ; FD:inst|Q1          ; FD:inst|Q1  ; 0.000        ; 0.000      ; 1.044      ;
; 0.782  ; FD3:inst22|TEMP1[2]  ; FD3:inst22|TEMP1[1]  ; FD:inst|Q1          ; FD:inst|Q1  ; 0.000        ; 0.000      ; 1.048      ;
; 0.783  ; FD3:inst22|TEMP1[1]  ; FD3:inst22|TEMP1[2]  ; FD:inst|Q1          ; FD:inst|Q1  ; 0.000        ; 0.000      ; 1.049      ;
; 0.801  ; FD2:inst1|TEMP1[2]   ; FD2:inst1|TEMP1[3]   ; FD:inst|Q1          ; FD:inst|Q1  ; 0.000        ; 0.000      ; 1.067      ;
; 0.812  ; FD2:inst1|TEMP1[3]   ; FD2:inst1|TEMP1[0]   ; FD:inst|Q1          ; FD:inst|Q1  ; 0.000        ; 0.000      ; 1.078      ;
; 0.821  ; FD3:inst22|TEMP1[0]  ; FD3:inst22|Q1        ; FD:inst|Q1          ; FD:inst|Q1  ; 0.000        ; 0.000      ; 1.087      ;
; 0.822  ; FD3:inst22|TEMP1[2]  ; FD3:inst22|TEMP1[0]  ; FD:inst|Q1          ; FD:inst|Q1  ; 0.000        ; 0.000      ; 1.088      ;
; 1.023  ; FD2:inst1|TEMP1[1]   ; FD2:inst1|TEMP1[2]   ; FD:inst|Q1          ; FD:inst|Q1  ; 0.000        ; 0.000      ; 1.289      ;
; 1.026  ; FD2:inst1|TEMP1[1]   ; FD2:inst1|TEMP1[0]   ; FD:inst|Q1          ; FD:inst|Q1  ; 0.000        ; 0.000      ; 1.292      ;
; 1.160  ; CT0                  ; MAIN:inst8|CS.SCT1   ; CT0                 ; FD:inst|Q1  ; 0.000        ; 3.366      ; 4.792      ;
; 1.161  ; CT0                  ; MAIN:inst8|CS.SCT0   ; CT0                 ; FD:inst|Q1  ; 0.000        ; 3.366      ; 4.793      ;
; 1.194  ; CT0                  ; MAIN:inst8|CS.S1     ; CT0                 ; FD:inst|Q1  ; 0.000        ; 3.369      ; 4.829      ;
; 1.216  ; MAIN:inst8|CS.SRUN1  ; MAIN:inst8|CS.SRUN1  ; FD:inst|Q1          ; FD:inst|Q1  ; 0.000        ; 0.000      ; 1.482      ;
; 1.417  ; MAIN:inst8|CS.S0     ; MAIN:inst8|CS.S1     ; FD:inst|Q1          ; FD:inst|Q1  ; 0.000        ; -0.003     ; 1.680      ;
; 1.607  ; CT0                  ; MAIN:inst8|CS.SSUM   ; CT0                 ; FD:inst|Q1  ; 0.000        ; 2.007      ; 3.880      ;
; 1.660  ; CT0                  ; MAIN:inst8|CS.SCT1   ; CT0                 ; FD:inst|Q1  ; -0.500       ; 3.366      ; 4.792      ;
; 1.661  ; CT0                  ; MAIN:inst8|CS.SCT0   ; CT0                 ; FD:inst|Q1  ; -0.500       ; 3.366      ; 4.793      ;
; 1.694  ; CT0                  ; MAIN:inst8|CS.S1     ; CT0                 ; FD:inst|Q1  ; -0.500       ; 3.369      ; 4.829      ;
; 2.107  ; CT0                  ; MAIN:inst8|CS.SSUM   ; CT0                 ; FD:inst|Q1  ; -0.500       ; 2.007      ; 3.880      ;
; 2.281  ; MAIN:inst8|CS.SPAUSE ; MAIN:inst8|CS.SRUN1  ; FD:inst|Q1          ; FD:inst|Q1  ; 0.000        ; -1.362     ; 1.185      ;
+--------+----------------------+----------------------+---------------------+-------------+--------------+------------+------------+


+-----------------------------------------------------------------------------------------------------------------------------------+
; Slow Model Hold: 'FD2:inst1|Q1'                                                                                                   ;
+--------+----------------------+---------------------+---------------------+--------------+--------------+------------+------------+
; Slack  ; From Node            ; To Node             ; Launch Clock        ; Latch Clock  ; Relationship ; Clock Skew ; Data Delay ;
+--------+----------------------+---------------------+---------------------+--------------+--------------+------------+------------+
; -1.084 ; MAIN:inst8|CS.SRUN0  ; COUNT:inst7|DIS[3]  ; MAIN:inst8|CS.SRUN0 ; FD2:inst1|Q1 ; 0.000        ; 4.080      ; 3.512      ;
; -1.084 ; MAIN:inst8|CS.SRUN0  ; COUNT:inst7|DIS[4]  ; MAIN:inst8|CS.SRUN0 ; FD2:inst1|Q1 ; 0.000        ; 4.080      ; 3.512      ;
; -1.084 ; MAIN:inst8|CS.SRUN0  ; COUNT:inst7|DIS[5]  ; MAIN:inst8|CS.SRUN0 ; FD2:inst1|Q1 ; 0.000        ; 4.080      ; 3.512      ;
; -1.084 ; MAIN:inst8|CS.SRUN0  ; COUNT:inst7|DIS[6]  ; MAIN:inst8|CS.SRUN0 ; FD2:inst1|Q1 ; 0.000        ; 4.080      ; 3.512      ;
; -1.084 ; MAIN:inst8|CS.SRUN0  ; COUNT:inst7|DIS[7]  ; MAIN:inst8|CS.SRUN0 ; FD2:inst1|Q1 ; 0.000        ; 4.080      ; 3.512      ;
; -1.084 ; MAIN:inst8|CS.SRUN0  ; COUNT:inst7|DIS[8]  ; MAIN:inst8|CS.SRUN0 ; FD2:inst1|Q1 ; 0.000        ; 4.080      ; 3.512      ;
; -1.084 ; MAIN:inst8|CS.SRUN0  ; COUNT:inst7|DIS[9]  ; MAIN:inst8|CS.SRUN0 ; FD2:inst1|Q1 ; 0.000        ; 4.080      ; 3.512      ;
; -1.062 ; MAIN:inst8|CS.SRUN0  ; COUNT:inst7|DIS[2]  ; MAIN:inst8|CS.SRUN0 ; FD2:inst1|Q1 ; 0.000        ; 4.078      ; 3.532      ;
; -0.843 ; MAIN:inst8|CS.SRUN0  ; COUNT:inst7|CNT[0]  ; MAIN:inst8|CS.SRUN0 ; FD2:inst1|Q1 ; 0.000        ; 4.075      ; 3.748      ;
; -0.843 ; MAIN:inst8|CS.SRUN0  ; COUNT:inst7|CNT[2]  ; MAIN:inst8|CS.SRUN0 ; FD2:inst1|Q1 ; 0.000        ; 4.075      ; 3.748      ;
; -0.812 ; MAIN:inst8|CS.SRUN0  ; COUNT:inst7|DIS[10] ; MAIN:inst8|CS.SRUN0 ; FD2:inst1|Q1 ; 0.000        ; 4.084      ; 3.788      ;
; -0.812 ; MAIN:inst8|CS.SRUN0  ; COUNT:inst7|DIS[12] ; MAIN:inst8|CS.SRUN0 ; FD2:inst1|Q1 ; 0.000        ; 4.084      ; 3.788      ;
; -0.812 ; MAIN:inst8|CS.SRUN0  ; COUNT:inst7|DIS[13] ; MAIN:inst8|CS.SRUN0 ; FD2:inst1|Q1 ; 0.000        ; 4.084      ; 3.788      ;
; -0.812 ; MAIN:inst8|CS.SRUN0  ; COUNT:inst7|DIS[14] ; MAIN:inst8|CS.SRUN0 ; FD2:inst1|Q1 ; 0.000        ; 4.084      ; 3.788      ;
; -0.812 ; MAIN:inst8|CS.SRUN0  ; COUNT:inst7|DIS[15] ; MAIN:inst8|CS.SRUN0 ; FD2:inst1|Q1 ; 0.000        ; 4.084      ; 3.788      ;
; -0.812 ; MAIN:inst8|CS.SRUN0  ; COUNT:inst7|DIS[16] ; MAIN:inst8|CS.SRUN0 ; FD2:inst1|Q1 ; 0.000        ; 4.084      ; 3.788      ;
; -0.812 ; MAIN:inst8|CS.SRUN0  ; COUNT:inst7|DIS[18] ; MAIN:inst8|CS.SRUN0 ; FD2:inst1|Q1 ; 0.000        ; 4.084      ; 3.788      ;
; -0.798 ; MAIN:inst8|CS.SRUN0  ; COUNT:inst7|CNT[3]  ; MAIN:inst8|CS.SRUN0 ; FD2:inst1|Q1 ; 0.000        ; 4.074      ; 3.792      ;
; -0.798 ; MAIN:inst8|CS.SRUN0  ; COUNT:inst7|CNT[4]  ; MAIN:inst8|CS.SRUN0 ; FD2:inst1|Q1 ; 0.000        ; 4.074      ; 3.792      ;
; -0.798 ; MAIN:inst8|CS.SRUN0  ; COUNT:inst7|CNT[5]  ; MAIN:inst8|CS.SRUN0 ; FD2:inst1|Q1 ; 0.000        ; 4.074      ; 3.792      ;
; -0.798 ; MAIN:inst8|CS.SRUN0  ; COUNT:inst7|CNT[11] ; MAIN:inst8|CS.SRUN0 ; FD2:inst1|Q1 ; 0.000        ; 4.074      ; 3.792      ;
; -0.690 ; MAIN:inst8|CS.SRUN0  ; COUNT:inst7|DIS1[0] ; MAIN:inst8|CS.SRUN0 ; FD2:inst1|Q1 ; 0.000        ; 4.084      ; 3.910      ;
; -0.659 ; MAIN:inst8|CS.SRUN0  ; COUNT:inst7|DIS[0]  ; MAIN:inst8|CS.SRUN0 ; FD2:inst1|Q1 ; 0.000        ; 4.078      ; 3.935      ;
; -0.584 ; MAIN:inst8|CS.SRUN0  ; COUNT:inst7|DIS[3]  ; MAIN:inst8|CS.SRUN0 ; FD2:inst1|Q1 ; -0.500       ; 4.080      ; 3.512      ;
; -0.584 ; MAIN:inst8|CS.SRUN0  ; COUNT:inst7|DIS[4]  ; MAIN:inst8|CS.SRUN0 ; FD2:inst1|Q1 ; -0.500       ; 4.080      ; 3.512      ;
; -0.584 ; MAIN:inst8|CS.SRUN0  ; COUNT:inst7|DIS[5]  ; MAIN:inst8|CS.SRUN0 ; FD2:inst1|Q1 ; -0.500       ; 4.080      ; 3.512      ;
; -0.584 ; MAIN:inst8|CS.SRUN0  ; COUNT:inst7|DIS[6]  ; MAIN:inst8|CS.SRUN0 ; FD2:inst1|Q1 ; -0.500       ; 4.080      ; 3.512      ;
; -0.584 ; MAIN:inst8|CS.SRUN0  ; COUNT:inst7|DIS[7]  ; MAIN:inst8|CS.SRUN0 ; FD2:inst1|Q1 ; -0.500       ; 4.080      ; 3.512      ;
; -0.584 ; MAIN:inst8|CS.SRUN0  ; COUNT:inst7|DIS[8]  ; MAIN:inst8|CS.SRUN0 ; FD2:inst1|Q1 ; -0.500       ; 4.080      ; 3.512      ;
; -0.584 ; MAIN:inst8|CS.SRUN0  ; COUNT:inst7|DIS[9]  ; MAIN:inst8|CS.SRUN0 ; FD2:inst1|Q1 ; -0.500       ; 4.080      ; 3.512      ;
; -0.562 ; MAIN:inst8|CS.SRUN0  ; COUNT:inst7|DIS[2]  ; MAIN:inst8|CS.SRUN0 ; FD2:inst1|Q1 ; -0.500       ; 4.078      ; 3.532      ;
; -0.546 ; MAIN:inst8|CS.SRUN0  ; COUNT:inst7|CNT[15] ; MAIN:inst8|CS.SRUN0 ; FD2:inst1|Q1 ; 0.000        ; 4.061      ; 4.031      ;
; -0.519 ; MAIN:inst8|CS.SRUN0  ; COUNT:inst7|CNT[7]  ; MAIN:inst8|CS.SRUN0 ; FD2:inst1|Q1 ; 0.000        ; 4.062      ; 4.059      ;
; -0.519 ; MAIN:inst8|CS.SRUN0  ; COUNT:inst7|CNT[8]  ; MAIN:inst8|CS.SRUN0 ; FD2:inst1|Q1 ; 0.000        ; 4.062      ; 4.059      ;
; -0.519 ; MAIN:inst8|CS.SRUN0  ; COUNT:inst7|CNT[9]  ; MAIN:inst8|CS.SRUN0 ; FD2:inst1|Q1 ; 0.000        ; 4.062      ; 4.059      ;
; -0.517 ; MAIN:inst8|CS.SRUN0  ; COUNT:inst7|DIS[11] ; MAIN:inst8|CS.SRUN0 ; FD2:inst1|Q1 ; 0.000        ; 4.085      ; 4.084      ;
; -0.517 ; MAIN:inst8|CS.SRUN0  ; COUNT:inst7|DIS[17] ; MAIN:inst8|CS.SRUN0 ; FD2:inst1|Q1 ; 0.000        ; 4.085      ; 4.084      ;
; -0.461 ; MAIN:inst8|CS.SRUN0  ; COUNT:inst7|CNT[6]  ; MAIN:inst8|CS.SRUN0 ; FD2:inst1|Q1 ; 0.000        ; 4.046      ; 4.101      ;
; -0.461 ; MAIN:inst8|CS.SRUN0  ; COUNT:inst7|CNT[16] ; MAIN:inst8|CS.SRUN0 ; FD2:inst1|Q1 ; 0.000        ; 4.046      ; 4.101      ;
; -0.409 ; MAIN:inst8|CS.SRUN1  ; COUNT:inst7|DIS[3]  ; FD:inst|Q1          ; FD2:inst1|Q1 ; 0.000        ; 2.073      ; 1.930      ;
; -0.409 ; MAIN:inst8|CS.SRUN1  ; COUNT:inst7|DIS[4]  ; FD:inst|Q1          ; FD2:inst1|Q1 ; 0.000        ; 2.073      ; 1.930      ;
; -0.409 ; MAIN:inst8|CS.SRUN1  ; COUNT:inst7|DIS[5]  ; FD:inst|Q1          ; FD2:inst1|Q1 ; 0.000        ; 2.073      ; 1.930      ;
; -0.409 ; MAIN:inst8|CS.SRUN1  ; COUNT:inst7|DIS[6]  ; FD:inst|Q1          ; FD2:inst1|Q1 ; 0.000        ; 2.073      ; 1.930      ;
; -0.409 ; MAIN:inst8|CS.SRUN1  ; COUNT:inst7|DIS[7]  ; FD:inst|Q1          ; FD2:inst1|Q1 ; 0.000        ; 2.073      ; 1.930      ;
; -0.409 ; MAIN:inst8|CS.SRUN1  ; COUNT:inst7|DIS[8]  ; FD:inst|Q1          ; FD2:inst1|Q1 ; 0.000        ; 2.073      ; 1.930      ;
; -0.409 ; MAIN:inst8|CS.SRUN1  ; COUNT:inst7|DIS[9]  ; FD:inst|Q1          ; FD2:inst1|Q1 ; 0.000        ; 2.073      ; 1.930      ;
; -0.407 ; MAIN:inst8|CS.SRUN0  ; COUNT:inst7|RES3[0] ; MAIN:inst8|CS.SRUN0 ; FD2:inst1|Q1 ; 0.000        ; 4.083      ; 4.192      ;
; -0.407 ; MAIN:inst8|CS.SRUN0  ; COUNT:inst7|RES3[1] ; MAIN:inst8|CS.SRUN0 ; FD2:inst1|Q1 ; 0.000        ; 4.083      ; 4.192      ;
; -0.407 ; MAIN:inst8|CS.SRUN0  ; COUNT:inst7|RES3[2] ; MAIN:inst8|CS.SRUN0 ; FD2:inst1|Q1 ; 0.000        ; 4.083      ; 4.192      ;
; -0.407 ; MAIN:inst8|CS.SRUN0  ; COUNT:inst7|RES3[3] ; MAIN:inst8|CS.SRUN0 ; FD2:inst1|Q1 ; 0.000        ; 4.083      ; 4.192      ;
; -0.400 ; MAIN:inst8|CS.SRUN0  ; COUNT:inst7|DIS3[2] ; MAIN:inst8|CS.SRUN0 ; FD2:inst1|Q1 ; 0.000        ; 4.059      ; 4.175      ;
; -0.387 ; MAIN:inst8|CS.SRUN1  ; COUNT:inst7|DIS[2]  ; FD:inst|Q1          ; FD2:inst1|Q1 ; 0.000        ; 2.071      ; 1.950      ;
; -0.343 ; MAIN:inst8|CS.SRUN0  ; COUNT:inst7|CNT[0]  ; MAIN:inst8|CS.SRUN0 ; FD2:inst1|Q1 ; -0.500       ; 4.075      ; 3.748      ;
; -0.343 ; MAIN:inst8|CS.SRUN0  ; COUNT:inst7|CNT[2]  ; MAIN:inst8|CS.SRUN0 ; FD2:inst1|Q1 ; -0.500       ; 4.075      ; 3.748      ;
; -0.338 ; COUNT:inst7|QIBU[7]  ; COUNT:inst7|CNT[7]  ; MAIN:inst8|CS.SRUN0 ; FD2:inst1|Q1 ; -0.500       ; 1.718      ; 1.146      ;
; -0.322 ; COUNT:inst7|QIBU[14] ; COUNT:inst7|CNT[20] ; MAIN:inst8|CS.SRUN0 ; FD2:inst1|Q1 ; -0.500       ; 1.712      ; 1.156      ;
; -0.319 ; COUNT:inst7|QIBU[6]  ; COUNT:inst7|CNT[16] ; MAIN:inst8|CS.SRUN0 ; FD2:inst1|Q1 ; -0.500       ; 1.711      ; 1.158      ;
; -0.317 ; COUNT:inst7|QIBU[19] ; COUNT:inst7|CNT[19] ; MAIN:inst8|CS.SRUN0 ; FD2:inst1|Q1 ; -0.500       ; 1.701      ; 1.150      ;
; -0.316 ; COUNT:inst7|QIBU[6]  ; COUNT:inst7|CNT[6]  ; MAIN:inst8|CS.SRUN0 ; FD2:inst1|Q1 ; -0.500       ; 1.711      ; 1.161      ;
; -0.312 ; MAIN:inst8|CS.SRUN0  ; COUNT:inst7|DIS[10] ; MAIN:inst8|CS.SRUN0 ; FD2:inst1|Q1 ; -0.500       ; 4.084      ; 3.788      ;
; -0.312 ; MAIN:inst8|CS.SRUN0  ; COUNT:inst7|DIS[12] ; MAIN:inst8|CS.SRUN0 ; FD2:inst1|Q1 ; -0.500       ; 4.084      ; 3.788      ;
; -0.312 ; MAIN:inst8|CS.SRUN0  ; COUNT:inst7|DIS[13] ; MAIN:inst8|CS.SRUN0 ; FD2:inst1|Q1 ; -0.500       ; 4.084      ; 3.788      ;
; -0.312 ; MAIN:inst8|CS.SRUN0  ; COUNT:inst7|DIS[14] ; MAIN:inst8|CS.SRUN0 ; FD2:inst1|Q1 ; -0.500       ; 4.084      ; 3.788      ;
; -0.312 ; MAIN:inst8|CS.SRUN0  ; COUNT:inst7|DIS[15] ; MAIN:inst8|CS.SRUN0 ; FD2:inst1|Q1 ; -0.500       ; 4.084      ; 3.788      ;
; -0.312 ; MAIN:inst8|CS.SRUN0  ; COUNT:inst7|DIS[16] ; MAIN:inst8|CS.SRUN0 ; FD2:inst1|Q1 ; -0.500       ; 4.084      ; 3.788      ;
; -0.312 ; MAIN:inst8|CS.SRUN0  ; COUNT:inst7|DIS[18] ; MAIN:inst8|CS.SRUN0 ; FD2:inst1|Q1 ; -0.500       ; 4.084      ; 3.788      ;
; -0.309 ; COUNT:inst7|QIBU[14] ; COUNT:inst7|CNT[14] ; MAIN:inst8|CS.SRUN0 ; FD2:inst1|Q1 ; -0.500       ; 1.712      ; 1.169      ;
; -0.298 ; MAIN:inst8|CS.SRUN0  ; COUNT:inst7|CNT[3]  ; MAIN:inst8|CS.SRUN0 ; FD2:inst1|Q1 ; -0.500       ; 4.074      ; 3.792      ;
; -0.298 ; MAIN:inst8|CS.SRUN0  ; COUNT:inst7|CNT[4]  ; MAIN:inst8|CS.SRUN0 ; FD2:inst1|Q1 ; -0.500       ; 4.074      ; 3.792      ;
; -0.298 ; MAIN:inst8|CS.SRUN0  ; COUNT:inst7|CNT[5]  ; MAIN:inst8|CS.SRUN0 ; FD2:inst1|Q1 ; -0.500       ; 4.074      ; 3.792      ;
; -0.298 ; MAIN:inst8|CS.SRUN0  ; COUNT:inst7|CNT[11] ; MAIN:inst8|CS.SRUN0 ; FD2:inst1|Q1 ; -0.500       ; 4.074      ; 3.792      ;
; -0.295 ; COUNT:inst7|QIBU[12] ; COUNT:inst7|CNT[12] ; MAIN:inst8|CS.SRUN0 ; FD2:inst1|Q1 ; -0.500       ; 1.679      ; 1.150      ;
; -0.284 ; MAIN:inst8|CS.SRUN0  ; COUNT:inst7|CNT[18] ; MAIN:inst8|CS.SRUN0 ; FD2:inst1|Q1 ; 0.000        ; 4.066      ; 4.298      ;
; -0.283 ; MAIN:inst8|CS.SRUN0  ; COUNT:inst7|DIS2[0] ; MAIN:inst8|CS.SRUN0 ; FD2:inst1|Q1 ; 0.000        ; 4.017      ; 4.250      ;
; -0.283 ; MAIN:inst8|CS.SRUN0  ; COUNT:inst7|DIS2[1] ; MAIN:inst8|CS.SRUN0 ; FD2:inst1|Q1 ; 0.000        ; 4.017      ; 4.250      ;
; -0.283 ; MAIN:inst8|CS.SRUN0  ; COUNT:inst7|DIS2[2] ; MAIN:inst8|CS.SRUN0 ; FD2:inst1|Q1 ; 0.000        ; 4.017      ; 4.250      ;
; -0.283 ; MAIN:inst8|CS.SRUN0  ; COUNT:inst7|DIS2[3] ; MAIN:inst8|CS.SRUN0 ; FD2:inst1|Q1 ; 0.000        ; 4.017      ; 4.250      ;
; -0.278 ; MAIN:inst8|CS.SRUN0  ; COUNT:inst7|CNT[1]  ; MAIN:inst8|CS.SRUN0 ; FD2:inst1|Q1 ; 0.000        ; 4.069      ; 4.307      ;
; -0.278 ; MAIN:inst8|CS.SRUN0  ; COUNT:inst7|CNT[10] ; MAIN:inst8|CS.SRUN0 ; FD2:inst1|Q1 ; 0.000        ; 4.069      ; 4.307      ;
; -0.256 ; COUNT:inst7|QIBU[13] ; COUNT:inst7|CNT[13] ; MAIN:inst8|CS.SRUN0 ; FD2:inst1|Q1 ; -0.500       ; 1.677      ; 1.187      ;
; -0.248 ; MAIN:inst8|CS.SRUN0  ; COUNT:inst7|CNT[12] ; MAIN:inst8|CS.SRUN0 ; FD2:inst1|Q1 ; 0.000        ; 4.060      ; 4.328      ;
; -0.248 ; MAIN:inst8|CS.SRUN0  ; COUNT:inst7|CNT[13] ; MAIN:inst8|CS.SRUN0 ; FD2:inst1|Q1 ; 0.000        ; 4.060      ; 4.328      ;
; -0.236 ; MAIN:inst8|CS.SRUN0  ; COUNT:inst7|CNT[17] ; MAIN:inst8|CS.SRUN0 ; FD2:inst1|Q1 ; 0.000        ; 4.049      ; 4.329      ;
; -0.236 ; MAIN:inst8|CS.SRUN0  ; COUNT:inst7|CNT[19] ; MAIN:inst8|CS.SRUN0 ; FD2:inst1|Q1 ; 0.000        ; 4.049      ; 4.329      ;
; -0.236 ; MAIN:inst8|CS.SRUN0  ; COUNT:inst7|CNT[21] ; MAIN:inst8|CS.SRUN0 ; FD2:inst1|Q1 ; 0.000        ; 4.049      ; 4.329      ;
; -0.205 ; MAIN:inst8|CS.SRUN0  ; COUNT:inst7|RES2[2] ; MAIN:inst8|CS.SRUN0 ; FD2:inst1|Q1 ; 0.000        ; 4.084      ; 4.395      ;
; -0.205 ; MAIN:inst8|CS.SRUN0  ; COUNT:inst7|RES2[3] ; MAIN:inst8|CS.SRUN0 ; FD2:inst1|Q1 ; 0.000        ; 4.084      ; 4.395      ;
; -0.202 ; MAIN:inst8|CS.SRUN0  ; COUNT:inst7|CNT[14] ; MAIN:inst8|CS.SRUN0 ; FD2:inst1|Q1 ; 0.000        ; 4.034      ; 4.348      ;
; -0.202 ; MAIN:inst8|CS.SRUN0  ; COUNT:inst7|CNT[20] ; MAIN:inst8|CS.SRUN0 ; FD2:inst1|Q1 ; 0.000        ; 4.034      ; 4.348      ;
; -0.202 ; MAIN:inst8|CS.SRUN0  ; COUNT:inst7|CNT[22] ; MAIN:inst8|CS.SRUN0 ; FD2:inst1|Q1 ; 0.000        ; 4.034      ; 4.348      ;
; -0.192 ; MAIN:inst8|CS.SRUN0  ; COUNT:inst7|DIS1[1] ; MAIN:inst8|CS.SRUN0 ; FD2:inst1|Q1 ; 0.000        ; 4.092      ; 4.416      ;
; -0.192 ; MAIN:inst8|CS.SRUN0  ; COUNT:inst7|DIS1[2] ; MAIN:inst8|CS.SRUN0 ; FD2:inst1|Q1 ; 0.000        ; 4.092      ; 4.416      ;
; -0.192 ; MAIN:inst8|CS.SRUN0  ; COUNT:inst7|DIS1[3] ; MAIN:inst8|CS.SRUN0 ; FD2:inst1|Q1 ; 0.000        ; 4.092      ; 4.416      ;
; -0.190 ; MAIN:inst8|CS.SRUN0  ; COUNT:inst7|DIS1[0] ; MAIN:inst8|CS.SRUN0 ; FD2:inst1|Q1 ; -0.500       ; 4.084      ; 3.910      ;
; -0.168 ; MAIN:inst8|CS.SRUN1  ; COUNT:inst7|CNT[0]  ; FD:inst|Q1          ; FD2:inst1|Q1 ; 0.000        ; 2.068      ; 2.166      ;
; -0.168 ; MAIN:inst8|CS.SRUN1  ; COUNT:inst7|CNT[2]  ; FD:inst|Q1          ; FD2:inst1|Q1 ; 0.000        ; 2.068      ; 2.166      ;
; -0.159 ; MAIN:inst8|CS.SRUN0  ; COUNT:inst7|DIS[0]  ; MAIN:inst8|CS.SRUN0 ; FD2:inst1|Q1 ; -0.500       ; 4.078      ; 3.935      ;
; -0.156 ; MAIN:inst8|CS.SRUN0  ; COUNT:inst7|RES2[0] ; MAIN:inst8|CS.SRUN0 ; FD2:inst1|Q1 ; 0.000        ; 4.070      ; 4.430      ;
; -0.156 ; MAIN:inst8|CS.SRUN0  ; COUNT:inst7|RES2[1] ; MAIN:inst8|CS.SRUN0 ; FD2:inst1|Q1 ; 0.000        ; 4.070      ; 4.430      ;
; -0.156 ; MAIN:inst8|CS.SRUN0  ; COUNT:inst7|DIS3[0] ; MAIN:inst8|CS.SRUN0 ; FD2:inst1|Q1 ; 0.000        ; 4.063      ; 4.423      ;
+--------+----------------------+---------------------+---------------------+--------------+--------------+------------+------------+


+-----------------------------------------------------------------------------------------------------------------------------------+
; Slow Model Hold: 'MAIN:inst8|CS.SRUN0'                                                                                            ;
+--------+---------------------+----------------------+--------------+---------------------+--------------+------------+------------+
; Slack  ; From Node           ; To Node              ; Launch Clock ; Latch Clock         ; Relationship ; Clock Skew ; Data Delay ;
+--------+---------------------+----------------------+--------------+---------------------+--------------+------------+------------+
; -0.620 ; COUNT:inst7|CNT[3]  ; COUNT:inst7|TEMP[3]  ; FD2:inst1|Q1 ; MAIN:inst8|CS.SRUN0 ; -0.500       ; 2.109      ; 1.255      ;
; -0.620 ; COUNT:inst7|CNT[5]  ; COUNT:inst7|TEMP[5]  ; FD2:inst1|Q1 ; MAIN:inst8|CS.SRUN0 ; -0.500       ; 2.109      ; 1.255      ;
; -0.617 ; COUNT:inst7|CNT[2]  ; COUNT:inst7|TEMP[2]  ; FD2:inst1|Q1 ; MAIN:inst8|CS.SRUN0 ; -0.500       ; 2.108      ; 1.257      ;
; -0.615 ; COUNT:inst7|CNT[4]  ; COUNT:inst7|TEMP[4]  ; FD2:inst1|Q1 ; MAIN:inst8|CS.SRUN0 ; -0.500       ; 2.109      ; 1.260      ;
; -0.578 ; COUNT:inst7|CNT[0]  ; COUNT:inst7|TEMP[0]  ; FD2:inst1|Q1 ; MAIN:inst8|CS.SRUN0 ; -0.500       ; 2.108      ; 1.296      ;
; -0.372 ; COUNT:inst7|CNT[1]  ; COUNT:inst7|TEMP[1]  ; FD2:inst1|Q1 ; MAIN:inst8|CS.SRUN0 ; -0.500       ; 2.114      ; 1.508      ;
; -0.332 ; COUNT:inst7|CNT[10] ; COUNT:inst7|TEMP[10] ; FD2:inst1|Q1 ; MAIN:inst8|CS.SRUN0 ; -0.500       ; 2.114      ; 1.548      ;
; -0.326 ; COUNT:inst7|CNT[11] ; COUNT:inst7|TEMP[11] ; FD2:inst1|Q1 ; MAIN:inst8|CS.SRUN0 ; -0.500       ; 2.109      ; 1.549      ;
; -0.325 ; COUNT:inst7|CNT[8]  ; COUNT:inst7|TEMP[8]  ; FD2:inst1|Q1 ; MAIN:inst8|CS.SRUN0 ; -0.500       ; 2.121      ; 1.562      ;
; -0.295 ; COUNT:inst7|CNT[7]  ; COUNT:inst7|TEMP[7]  ; FD2:inst1|Q1 ; MAIN:inst8|CS.SRUN0 ; -0.500       ; 2.121      ; 1.592      ;
; -0.270 ; COUNT:inst7|CNT[6]  ; COUNT:inst7|TEMP[6]  ; FD2:inst1|Q1 ; MAIN:inst8|CS.SRUN0 ; -0.500       ; 2.137      ; 1.633      ;
; -0.233 ; COUNT:inst7|CNT[3]  ; COUNT:inst7|TEMP[4]  ; FD2:inst1|Q1 ; MAIN:inst8|CS.SRUN0 ; -0.500       ; 2.109      ; 1.642      ;
; -0.233 ; COUNT:inst7|CNT[5]  ; COUNT:inst7|TEMP[6]  ; FD2:inst1|Q1 ; MAIN:inst8|CS.SRUN0 ; -0.500       ; 2.109      ; 1.642      ;
; -0.231 ; COUNT:inst7|CNT[2]  ; COUNT:inst7|TEMP[3]  ; FD2:inst1|Q1 ; MAIN:inst8|CS.SRUN0 ; -0.500       ; 2.108      ; 1.643      ;
; -0.229 ; COUNT:inst7|CNT[4]  ; COUNT:inst7|TEMP[5]  ; FD2:inst1|Q1 ; MAIN:inst8|CS.SRUN0 ; -0.500       ; 2.109      ; 1.646      ;
; -0.191 ; COUNT:inst7|CNT[0]  ; COUNT:inst7|TEMP[1]  ; FD2:inst1|Q1 ; MAIN:inst8|CS.SRUN0 ; -0.500       ; 2.108      ; 1.683      ;
; -0.162 ; COUNT:inst7|CNT[5]  ; COUNT:inst7|TEMP[7]  ; FD2:inst1|Q1 ; MAIN:inst8|CS.SRUN0 ; -0.500       ; 2.109      ; 1.713      ;
; -0.162 ; COUNT:inst7|CNT[3]  ; COUNT:inst7|TEMP[5]  ; FD2:inst1|Q1 ; MAIN:inst8|CS.SRUN0 ; -0.500       ; 2.109      ; 1.713      ;
; -0.160 ; COUNT:inst7|CNT[2]  ; COUNT:inst7|TEMP[4]  ; FD2:inst1|Q1 ; MAIN:inst8|CS.SRUN0 ; -0.500       ; 2.108      ; 1.714      ;
; -0.158 ; COUNT:inst7|CNT[4]  ; COUNT:inst7|TEMP[6]  ; FD2:inst1|Q1 ; MAIN:inst8|CS.SRUN0 ; -0.500       ; 2.109      ; 1.717      ;
; -0.120 ; COUNT:inst7|CNT[0]  ; COUNT:inst7|TEMP[2]  ; FD2:inst1|Q1 ; MAIN:inst8|CS.SRUN0 ; -0.500       ; 2.108      ; 1.754      ;
; -0.091 ; COUNT:inst7|CNT[3]  ; COUNT:inst7|TEMP[6]  ; FD2:inst1|Q1 ; MAIN:inst8|CS.SRUN0 ; -0.500       ; 2.109      ; 1.784      ;
; -0.089 ; COUNT:inst7|CNT[2]  ; COUNT:inst7|TEMP[5]  ; FD2:inst1|Q1 ; MAIN:inst8|CS.SRUN0 ; -0.500       ; 2.108      ; 1.785      ;
; -0.087 ; COUNT:inst7|CNT[4]  ; COUNT:inst7|TEMP[7]  ; FD2:inst1|Q1 ; MAIN:inst8|CS.SRUN0 ; -0.500       ; 2.109      ; 1.788      ;
; -0.065 ; COUNT:inst7|CNT[9]  ; COUNT:inst7|TEMP[9]  ; FD2:inst1|Q1 ; MAIN:inst8|CS.SRUN0 ; -0.500       ; 2.121      ; 1.822      ;
; -0.062 ; COUNT:inst7|CNT[13] ; COUNT:inst7|TEMP[13] ; FD2:inst1|Q1 ; MAIN:inst8|CS.SRUN0 ; -0.500       ; 2.123      ; 1.827      ;
; -0.060 ; COUNT:inst7|CNT[12] ; COUNT:inst7|TEMP[12] ; FD2:inst1|Q1 ; MAIN:inst8|CS.SRUN0 ; -0.500       ; 2.123      ; 1.829      ;
; -0.049 ; COUNT:inst7|CNT[0]  ; COUNT:inst7|TEMP[3]  ; FD2:inst1|Q1 ; MAIN:inst8|CS.SRUN0 ; -0.500       ; 2.108      ; 1.825      ;
; -0.020 ; COUNT:inst7|CNT[3]  ; COUNT:inst7|TEMP[7]  ; FD2:inst1|Q1 ; MAIN:inst8|CS.SRUN0 ; -0.500       ; 2.109      ; 1.855      ;
; -0.018 ; COUNT:inst7|CNT[2]  ; COUNT:inst7|TEMP[6]  ; FD2:inst1|Q1 ; MAIN:inst8|CS.SRUN0 ; -0.500       ; 2.108      ; 1.856      ;
; -0.003 ; COUNT:inst7|CNT[5]  ; COUNT:inst7|TEMP[8]  ; FD2:inst1|Q1 ; MAIN:inst8|CS.SRUN0 ; -0.500       ; 2.109      ; 1.872      ;
; 0.014  ; COUNT:inst7|CNT[1]  ; COUNT:inst7|TEMP[2]  ; FD2:inst1|Q1 ; MAIN:inst8|CS.SRUN0 ; -0.500       ; 2.114      ; 1.894      ;
; 0.022  ; COUNT:inst7|CNT[0]  ; COUNT:inst7|TEMP[4]  ; FD2:inst1|Q1 ; MAIN:inst8|CS.SRUN0 ; -0.500       ; 2.108      ; 1.896      ;
; 0.051  ; COUNT:inst7|CNT[10] ; COUNT:inst7|TEMP[11] ; FD2:inst1|Q1 ; MAIN:inst8|CS.SRUN0 ; -0.500       ; 2.114      ; 1.931      ;
; 0.053  ; COUNT:inst7|CNT[2]  ; COUNT:inst7|TEMP[7]  ; FD2:inst1|Q1 ; MAIN:inst8|CS.SRUN0 ; -0.500       ; 2.108      ; 1.927      ;
; 0.058  ; COUNT:inst7|CNT[8]  ; COUNT:inst7|TEMP[9]  ; FD2:inst1|Q1 ; MAIN:inst8|CS.SRUN0 ; -0.500       ; 2.121      ; 1.945      ;
; 0.060  ; COUNT:inst7|CNT[11] ; COUNT:inst7|TEMP[12] ; FD2:inst1|Q1 ; MAIN:inst8|CS.SRUN0 ; -0.500       ; 2.109      ; 1.935      ;
; 0.068  ; COUNT:inst7|CNT[5]  ; COUNT:inst7|TEMP[9]  ; FD2:inst1|Q1 ; MAIN:inst8|CS.SRUN0 ; -0.500       ; 2.109      ; 1.943      ;
; 0.072  ; COUNT:inst7|CNT[4]  ; COUNT:inst7|TEMP[8]  ; FD2:inst1|Q1 ; MAIN:inst8|CS.SRUN0 ; -0.500       ; 2.109      ; 1.947      ;
; 0.085  ; COUNT:inst7|CNT[1]  ; COUNT:inst7|TEMP[3]  ; FD2:inst1|Q1 ; MAIN:inst8|CS.SRUN0 ; -0.500       ; 2.114      ; 1.965      ;
; 0.093  ; COUNT:inst7|CNT[0]  ; COUNT:inst7|TEMP[5]  ; FD2:inst1|Q1 ; MAIN:inst8|CS.SRUN0 ; -0.500       ; 2.108      ; 1.967      ;
; 0.116  ; COUNT:inst7|CNT[6]  ; COUNT:inst7|TEMP[7]  ; FD2:inst1|Q1 ; MAIN:inst8|CS.SRUN0 ; -0.500       ; 2.137      ; 2.019      ;
; 0.122  ; COUNT:inst7|CNT[10] ; COUNT:inst7|TEMP[12] ; FD2:inst1|Q1 ; MAIN:inst8|CS.SRUN0 ; -0.500       ; 2.114      ; 2.002      ;
; 0.129  ; COUNT:inst7|CNT[8]  ; COUNT:inst7|TEMP[10] ; FD2:inst1|Q1 ; MAIN:inst8|CS.SRUN0 ; -0.500       ; 2.121      ; 2.016      ;
; 0.131  ; COUNT:inst7|CNT[11] ; COUNT:inst7|TEMP[13] ; FD2:inst1|Q1 ; MAIN:inst8|CS.SRUN0 ; -0.500       ; 2.109      ; 2.006      ;
; 0.139  ; COUNT:inst7|CNT[3]  ; COUNT:inst7|TEMP[8]  ; FD2:inst1|Q1 ; MAIN:inst8|CS.SRUN0 ; -0.500       ; 2.109      ; 2.014      ;
; 0.139  ; COUNT:inst7|CNT[5]  ; COUNT:inst7|TEMP[10] ; FD2:inst1|Q1 ; MAIN:inst8|CS.SRUN0 ; -0.500       ; 2.109      ; 2.014      ;
; 0.143  ; COUNT:inst7|CNT[4]  ; COUNT:inst7|TEMP[9]  ; FD2:inst1|Q1 ; MAIN:inst8|CS.SRUN0 ; -0.500       ; 2.109      ; 2.018      ;
; 0.156  ; COUNT:inst7|CNT[1]  ; COUNT:inst7|TEMP[4]  ; FD2:inst1|Q1 ; MAIN:inst8|CS.SRUN0 ; -0.500       ; 2.114      ; 2.036      ;
; 0.164  ; COUNT:inst7|CNT[0]  ; COUNT:inst7|TEMP[6]  ; FD2:inst1|Q1 ; MAIN:inst8|CS.SRUN0 ; -0.500       ; 2.108      ; 2.038      ;
; 0.181  ; COUNT:inst7|CNT[7]  ; COUNT:inst7|TEMP[8]  ; FD2:inst1|Q1 ; MAIN:inst8|CS.SRUN0 ; -0.500       ; 2.121      ; 2.068      ;
; 0.193  ; COUNT:inst7|CNT[10] ; COUNT:inst7|TEMP[13] ; FD2:inst1|Q1 ; MAIN:inst8|CS.SRUN0 ; -0.500       ; 2.114      ; 2.073      ;
; 0.200  ; COUNT:inst7|CNT[8]  ; COUNT:inst7|TEMP[11] ; FD2:inst1|Q1 ; MAIN:inst8|CS.SRUN0 ; -0.500       ; 2.121      ; 2.087      ;
; 0.210  ; COUNT:inst7|CNT[3]  ; COUNT:inst7|TEMP[9]  ; FD2:inst1|Q1 ; MAIN:inst8|CS.SRUN0 ; -0.500       ; 2.109      ; 2.085      ;
; 0.210  ; COUNT:inst7|CNT[5]  ; COUNT:inst7|TEMP[11] ; FD2:inst1|Q1 ; MAIN:inst8|CS.SRUN0 ; -0.500       ; 2.109      ; 2.085      ;
; 0.212  ; COUNT:inst7|CNT[2]  ; COUNT:inst7|TEMP[8]  ; FD2:inst1|Q1 ; MAIN:inst8|CS.SRUN0 ; -0.500       ; 2.108      ; 2.086      ;
; 0.214  ; COUNT:inst7|CNT[4]  ; COUNT:inst7|TEMP[10] ; FD2:inst1|Q1 ; MAIN:inst8|CS.SRUN0 ; -0.500       ; 2.109      ; 2.089      ;
; 0.227  ; COUNT:inst7|CNT[1]  ; COUNT:inst7|TEMP[5]  ; FD2:inst1|Q1 ; MAIN:inst8|CS.SRUN0 ; -0.500       ; 2.114      ; 2.107      ;
; 0.235  ; COUNT:inst7|CNT[0]  ; COUNT:inst7|TEMP[7]  ; FD2:inst1|Q1 ; MAIN:inst8|CS.SRUN0 ; -0.500       ; 2.108      ; 2.109      ;
; 0.252  ; COUNT:inst7|CNT[7]  ; COUNT:inst7|TEMP[9]  ; FD2:inst1|Q1 ; MAIN:inst8|CS.SRUN0 ; -0.500       ; 2.121      ; 2.139      ;
; 0.271  ; COUNT:inst7|CNT[8]  ; COUNT:inst7|TEMP[12] ; FD2:inst1|Q1 ; MAIN:inst8|CS.SRUN0 ; -0.500       ; 2.121      ; 2.158      ;
; 0.275  ; COUNT:inst7|CNT[6]  ; COUNT:inst7|TEMP[8]  ; FD2:inst1|Q1 ; MAIN:inst8|CS.SRUN0 ; -0.500       ; 2.137      ; 2.178      ;
; 0.281  ; COUNT:inst7|CNT[3]  ; COUNT:inst7|TEMP[10] ; FD2:inst1|Q1 ; MAIN:inst8|CS.SRUN0 ; -0.500       ; 2.109      ; 2.156      ;
; 0.281  ; COUNT:inst7|CNT[5]  ; COUNT:inst7|TEMP[12] ; FD2:inst1|Q1 ; MAIN:inst8|CS.SRUN0 ; -0.500       ; 2.109      ; 2.156      ;
; 0.283  ; COUNT:inst7|CNT[2]  ; COUNT:inst7|TEMP[9]  ; FD2:inst1|Q1 ; MAIN:inst8|CS.SRUN0 ; -0.500       ; 2.108      ; 2.157      ;
; 0.285  ; COUNT:inst7|CNT[4]  ; COUNT:inst7|TEMP[11] ; FD2:inst1|Q1 ; MAIN:inst8|CS.SRUN0 ; -0.500       ; 2.109      ; 2.160      ;
; 0.298  ; COUNT:inst7|CNT[1]  ; COUNT:inst7|TEMP[6]  ; FD2:inst1|Q1 ; MAIN:inst8|CS.SRUN0 ; -0.500       ; 2.114      ; 2.178      ;
; 0.321  ; COUNT:inst7|CNT[9]  ; COUNT:inst7|TEMP[10] ; FD2:inst1|Q1 ; MAIN:inst8|CS.SRUN0 ; -0.500       ; 2.121      ; 2.208      ;
; 0.323  ; COUNT:inst7|CNT[12] ; COUNT:inst7|TEMP[13] ; FD2:inst1|Q1 ; MAIN:inst8|CS.SRUN0 ; -0.500       ; 2.123      ; 2.212      ;
; 0.323  ; COUNT:inst7|CNT[7]  ; COUNT:inst7|TEMP[10] ; FD2:inst1|Q1 ; MAIN:inst8|CS.SRUN0 ; -0.500       ; 2.121      ; 2.210      ;
; 0.342  ; COUNT:inst7|CNT[8]  ; COUNT:inst7|TEMP[13] ; FD2:inst1|Q1 ; MAIN:inst8|CS.SRUN0 ; -0.500       ; 2.121      ; 2.229      ;
; 0.346  ; COUNT:inst7|CNT[6]  ; COUNT:inst7|TEMP[9]  ; FD2:inst1|Q1 ; MAIN:inst8|CS.SRUN0 ; -0.500       ; 2.137      ; 2.249      ;
; 0.352  ; COUNT:inst7|CNT[3]  ; COUNT:inst7|TEMP[11] ; FD2:inst1|Q1 ; MAIN:inst8|CS.SRUN0 ; -0.500       ; 2.109      ; 2.227      ;
; 0.352  ; COUNT:inst7|CNT[5]  ; COUNT:inst7|TEMP[13] ; FD2:inst1|Q1 ; MAIN:inst8|CS.SRUN0 ; -0.500       ; 2.109      ; 2.227      ;
; 0.354  ; COUNT:inst7|CNT[2]  ; COUNT:inst7|TEMP[10] ; FD2:inst1|Q1 ; MAIN:inst8|CS.SRUN0 ; -0.500       ; 2.108      ; 2.228      ;
; 0.356  ; COUNT:inst7|CNT[4]  ; COUNT:inst7|TEMP[12] ; FD2:inst1|Q1 ; MAIN:inst8|CS.SRUN0 ; -0.500       ; 2.109      ; 2.231      ;
; 0.369  ; COUNT:inst7|CNT[1]  ; COUNT:inst7|TEMP[7]  ; FD2:inst1|Q1 ; MAIN:inst8|CS.SRUN0 ; -0.500       ; 2.114      ; 2.249      ;
; 0.392  ; COUNT:inst7|CNT[9]  ; COUNT:inst7|TEMP[11] ; FD2:inst1|Q1 ; MAIN:inst8|CS.SRUN0 ; -0.500       ; 2.121      ; 2.279      ;
; 0.394  ; COUNT:inst7|CNT[7]  ; COUNT:inst7|TEMP[11] ; FD2:inst1|Q1 ; MAIN:inst8|CS.SRUN0 ; -0.500       ; 2.121      ; 2.281      ;
; 0.394  ; COUNT:inst7|CNT[0]  ; COUNT:inst7|TEMP[8]  ; FD2:inst1|Q1 ; MAIN:inst8|CS.SRUN0 ; -0.500       ; 2.108      ; 2.268      ;
; 0.417  ; COUNT:inst7|CNT[6]  ; COUNT:inst7|TEMP[10] ; FD2:inst1|Q1 ; MAIN:inst8|CS.SRUN0 ; -0.500       ; 2.137      ; 2.320      ;
; 0.423  ; COUNT:inst7|CNT[3]  ; COUNT:inst7|TEMP[12] ; FD2:inst1|Q1 ; MAIN:inst8|CS.SRUN0 ; -0.500       ; 2.109      ; 2.298      ;
; 0.425  ; COUNT:inst7|CNT[2]  ; COUNT:inst7|TEMP[11] ; FD2:inst1|Q1 ; MAIN:inst8|CS.SRUN0 ; -0.500       ; 2.108      ; 2.299      ;
; 0.427  ; COUNT:inst7|CNT[4]  ; COUNT:inst7|TEMP[13] ; FD2:inst1|Q1 ; MAIN:inst8|CS.SRUN0 ; -0.500       ; 2.109      ; 2.302      ;
; 0.463  ; COUNT:inst7|CNT[9]  ; COUNT:inst7|TEMP[12] ; FD2:inst1|Q1 ; MAIN:inst8|CS.SRUN0 ; -0.500       ; 2.121      ; 2.350      ;
; 0.465  ; COUNT:inst7|CNT[7]  ; COUNT:inst7|TEMP[12] ; FD2:inst1|Q1 ; MAIN:inst8|CS.SRUN0 ; -0.500       ; 2.121      ; 2.352      ;
; 0.465  ; COUNT:inst7|CNT[0]  ; COUNT:inst7|TEMP[9]  ; FD2:inst1|Q1 ; MAIN:inst8|CS.SRUN0 ; -0.500       ; 2.108      ; 2.339      ;
; 0.488  ; COUNT:inst7|CNT[6]  ; COUNT:inst7|TEMP[11] ; FD2:inst1|Q1 ; MAIN:inst8|CS.SRUN0 ; -0.500       ; 2.137      ; 2.391      ;
; 0.494  ; COUNT:inst7|CNT[3]  ; COUNT:inst7|TEMP[13] ; FD2:inst1|Q1 ; MAIN:inst8|CS.SRUN0 ; -0.500       ; 2.109      ; 2.369      ;
; 0.496  ; COUNT:inst7|CNT[2]  ; COUNT:inst7|TEMP[12] ; FD2:inst1|Q1 ; MAIN:inst8|CS.SRUN0 ; -0.500       ; 2.108      ; 2.370      ;
; 0.528  ; COUNT:inst7|CNT[1]  ; COUNT:inst7|TEMP[8]  ; FD2:inst1|Q1 ; MAIN:inst8|CS.SRUN0 ; -0.500       ; 2.114      ; 2.408      ;
; 0.534  ; COUNT:inst7|CNT[9]  ; COUNT:inst7|TEMP[13] ; FD2:inst1|Q1 ; MAIN:inst8|CS.SRUN0 ; -0.500       ; 2.121      ; 2.421      ;
; 0.536  ; COUNT:inst7|CNT[7]  ; COUNT:inst7|TEMP[13] ; FD2:inst1|Q1 ; MAIN:inst8|CS.SRUN0 ; -0.500       ; 2.121      ; 2.423      ;
; 0.536  ; COUNT:inst7|CNT[0]  ; COUNT:inst7|TEMP[10] ; FD2:inst1|Q1 ; MAIN:inst8|CS.SRUN0 ; -0.500       ; 2.108      ; 2.410      ;
; 0.559  ; COUNT:inst7|CNT[6]  ; COUNT:inst7|TEMP[12] ; FD2:inst1|Q1 ; MAIN:inst8|CS.SRUN0 ; -0.500       ; 2.137      ; 2.462      ;
; 0.567  ; COUNT:inst7|CNT[2]  ; COUNT:inst7|TEMP[13] ; FD2:inst1|Q1 ; MAIN:inst8|CS.SRUN0 ; -0.500       ; 2.108      ; 2.441      ;
; 0.599  ; COUNT:inst7|CNT[1]  ; COUNT:inst7|TEMP[9]  ; FD2:inst1|Q1 ; MAIN:inst8|CS.SRUN0 ; -0.500       ; 2.114      ; 2.479      ;
; 0.607  ; COUNT:inst7|CNT[0]  ; COUNT:inst7|TEMP[11] ; FD2:inst1|Q1 ; MAIN:inst8|CS.SRUN0 ; -0.500       ; 2.108      ; 2.481      ;
; 0.630  ; COUNT:inst7|CNT[6]  ; COUNT:inst7|TEMP[13] ; FD2:inst1|Q1 ; MAIN:inst8|CS.SRUN0 ; -0.500       ; 2.137      ; 2.533      ;
; 0.670  ; COUNT:inst7|CNT[1]  ; COUNT:inst7|TEMP[10] ; FD2:inst1|Q1 ; MAIN:inst8|CS.SRUN0 ; -0.500       ; 2.114      ; 2.550      ;
+--------+---------------------+----------------------+--------------+---------------------+--------------+------------+------------+


+---------------------------------------------------------------------------------------------------------------------+
; Slow Model Hold: 'CLK'                                                                                              ;
+-------+-------------------+-------------------+--------------+-------------+--------------+------------+------------+
; Slack ; From Node         ; To Node           ; Launch Clock ; Latch Clock ; Relationship ; Clock Skew ; Data Delay ;
+-------+-------------------+-------------------+--------------+-------------+--------------+------------+------------+
; 0.538 ; FD:inst|TEMP1[22] ; FD:inst|TEMP1[22] ; CLK          ; CLK         ; 0.000        ; 0.000      ; 0.804      ;
; 0.802 ; FD:inst|TEMP1[8]  ; FD:inst|TEMP1[8]  ; CLK          ; CLK         ; 0.000        ; 0.000      ; 1.068      ;
; 0.802 ; FD:inst|TEMP1[10] ; FD:inst|TEMP1[10] ; CLK          ; CLK         ; 0.000        ; 0.000      ; 1.068      ;
; 0.808 ; FD:inst|TEMP1[12] ; FD:inst|TEMP1[12] ; CLK          ; CLK         ; 0.000        ; 0.000      ; 1.074      ;
; 0.809 ; FD:inst|TEMP1[20] ; FD:inst|TEMP1[20] ; CLK          ; CLK         ; 0.000        ; 0.000      ; 1.075      ;
; 0.815 ; FD:inst|TEMP1[4]  ; FD:inst|TEMP1[4]  ; CLK          ; CLK         ; 0.000        ; 0.000      ; 1.081      ;
; 0.816 ; FD:inst|TEMP1[6]  ; FD:inst|TEMP1[6]  ; CLK          ; CLK         ; 0.000        ; 0.000      ; 1.082      ;
; 0.820 ; FD:inst|TEMP1[13] ; FD:inst|TEMP1[13] ; CLK          ; CLK         ; 0.000        ; 0.000      ; 1.086      ;
; 0.821 ; FD:inst|TEMP1[15] ; FD:inst|TEMP1[15] ; CLK          ; CLK         ; 0.000        ; 0.000      ; 1.087      ;
; 0.822 ; FD:inst|TEMP1[18] ; FD:inst|TEMP1[18] ; CLK          ; CLK         ; 0.000        ; 0.000      ; 1.088      ;
; 0.837 ; FD:inst|TEMP1[3]  ; FD:inst|TEMP1[3]  ; CLK          ; CLK         ; 0.000        ; 0.000      ; 1.103      ;
; 0.842 ; FD:inst|TEMP1[7]  ; FD:inst|TEMP1[7]  ; CLK          ; CLK         ; 0.000        ; 0.000      ; 1.108      ;
; 0.845 ; FD:inst|TEMP1[14] ; FD:inst|TEMP1[14] ; CLK          ; CLK         ; 0.000        ; 0.000      ; 1.111      ;
; 0.845 ; FD:inst|TEMP1[19] ; FD:inst|TEMP1[19] ; CLK          ; CLK         ; 0.000        ; 0.000      ; 1.111      ;
; 0.846 ; FD:inst|TEMP1[16] ; FD:inst|TEMP1[16] ; CLK          ; CLK         ; 0.000        ; 0.000      ; 1.112      ;
; 0.850 ; FD:inst|TEMP1[21] ; FD:inst|TEMP1[21] ; CLK          ; CLK         ; 0.000        ; 0.000      ; 1.116      ;
; 0.976 ; FD:inst|TEMP1[0]  ; FD:inst|TEMP1[0]  ; CLK          ; CLK         ; 0.000        ; 0.000      ; 1.242      ;
; 0.978 ; FD:inst|TEMP1[2]  ; FD:inst|TEMP1[2]  ; CLK          ; CLK         ; 0.000        ; 0.000      ; 1.244      ;
; 0.986 ; FD:inst|TEMP1[5]  ; FD:inst|TEMP1[5]  ; CLK          ; CLK         ; 0.000        ; 0.000      ; 1.252      ;
; 0.989 ; FD:inst|TEMP1[1]  ; FD:inst|TEMP1[1]  ; CLK          ; CLK         ; 0.000        ; 0.000      ; 1.255      ;
; 0.996 ; FD:inst|TEMP1[17] ; FD:inst|TEMP1[17] ; CLK          ; CLK         ; 0.000        ; 0.000      ; 1.262      ;
; 1.000 ; FD:inst|TEMP1[21] ; FD:inst|Q1        ; CLK          ; CLK         ; 0.000        ; -0.002     ; 1.264      ;
; 1.017 ; FD:inst|TEMP1[11] ; FD:inst|TEMP1[11] ; CLK          ; CLK         ; 0.000        ; 0.000      ; 1.283      ;
; 1.029 ; FD:inst|TEMP1[9]  ; FD:inst|TEMP1[9]  ; CLK          ; CLK         ; 0.000        ; 0.000      ; 1.295      ;
; 1.032 ; FD:inst|TEMP1[22] ; FD:inst|Q1        ; CLK          ; CLK         ; 0.000        ; -0.002     ; 1.296      ;
; 1.185 ; FD:inst|TEMP1[8]  ; FD:inst|TEMP1[9]  ; CLK          ; CLK         ; 0.000        ; 0.000      ; 1.451      ;
; 1.191 ; FD:inst|TEMP1[12] ; FD:inst|TEMP1[13] ; CLK          ; CLK         ; 0.000        ; 0.000      ; 1.457      ;
; 1.192 ; FD:inst|TEMP1[20] ; FD:inst|TEMP1[21] ; CLK          ; CLK         ; 0.000        ; 0.000      ; 1.458      ;
; 1.198 ; FD:inst|TEMP1[4]  ; FD:inst|TEMP1[5]  ; CLK          ; CLK         ; 0.000        ; 0.000      ; 1.464      ;
; 1.199 ; FD:inst|TEMP1[6]  ; FD:inst|TEMP1[7]  ; CLK          ; CLK         ; 0.000        ; 0.000      ; 1.465      ;
; 1.203 ; FD:inst|TEMP1[13] ; FD:inst|TEMP1[14] ; CLK          ; CLK         ; 0.000        ; 0.000      ; 1.469      ;
; 1.204 ; FD:inst|TEMP1[15] ; FD:inst|TEMP1[16] ; CLK          ; CLK         ; 0.000        ; 0.000      ; 1.470      ;
; 1.223 ; FD:inst|TEMP1[3]  ; FD:inst|TEMP1[4]  ; CLK          ; CLK         ; 0.000        ; 0.000      ; 1.489      ;
; 1.228 ; FD:inst|TEMP1[7]  ; FD:inst|TEMP1[8]  ; CLK          ; CLK         ; 0.000        ; 0.000      ; 1.494      ;
; 1.231 ; FD:inst|TEMP1[19] ; FD:inst|TEMP1[20] ; CLK          ; CLK         ; 0.000        ; 0.000      ; 1.497      ;
; 1.231 ; FD:inst|TEMP1[14] ; FD:inst|TEMP1[15] ; CLK          ; CLK         ; 0.000        ; 0.000      ; 1.497      ;
; 1.232 ; FD:inst|TEMP1[16] ; FD:inst|TEMP1[17] ; CLK          ; CLK         ; 0.000        ; 0.000      ; 1.498      ;
; 1.236 ; FD:inst|TEMP1[21] ; FD:inst|TEMP1[22] ; CLK          ; CLK         ; 0.000        ; 0.000      ; 1.502      ;
; 1.238 ; FD:inst|TEMP1[17] ; FD:inst|Q1        ; CLK          ; CLK         ; 0.000        ; -0.002     ; 1.502      ;
; 1.256 ; FD:inst|TEMP1[8]  ; FD:inst|TEMP1[10] ; CLK          ; CLK         ; 0.000        ; 0.000      ; 1.522      ;
; 1.262 ; FD:inst|TEMP1[12] ; FD:inst|TEMP1[14] ; CLK          ; CLK         ; 0.000        ; 0.000      ; 1.528      ;
; 1.263 ; FD:inst|TEMP1[20] ; FD:inst|TEMP1[22] ; CLK          ; CLK         ; 0.000        ; 0.000      ; 1.529      ;
; 1.269 ; FD:inst|TEMP1[4]  ; FD:inst|TEMP1[6]  ; CLK          ; CLK         ; 0.000        ; 0.000      ; 1.535      ;
; 1.270 ; FD:inst|TEMP1[6]  ; FD:inst|TEMP1[8]  ; CLK          ; CLK         ; 0.000        ; 0.000      ; 1.536      ;
; 1.274 ; FD:inst|TEMP1[10] ; FD:inst|TEMP1[11] ; CLK          ; CLK         ; 0.000        ; 0.003      ; 1.543      ;
; 1.274 ; FD:inst|TEMP1[13] ; FD:inst|TEMP1[15] ; CLK          ; CLK         ; 0.000        ; 0.000      ; 1.540      ;
; 1.275 ; FD:inst|TEMP1[15] ; FD:inst|TEMP1[17] ; CLK          ; CLK         ; 0.000        ; 0.000      ; 1.541      ;
; 1.294 ; FD:inst|TEMP1[3]  ; FD:inst|TEMP1[5]  ; CLK          ; CLK         ; 0.000        ; 0.000      ; 1.560      ;
; 1.297 ; FD:inst|TEMP1[18] ; FD:inst|TEMP1[19] ; CLK          ; CLK         ; 0.000        ; 0.000      ; 1.563      ;
; 1.299 ; FD:inst|TEMP1[7]  ; FD:inst|TEMP1[9]  ; CLK          ; CLK         ; 0.000        ; 0.000      ; 1.565      ;
; 1.302 ; FD:inst|TEMP1[19] ; FD:inst|TEMP1[21] ; CLK          ; CLK         ; 0.000        ; 0.000      ; 1.568      ;
; 1.302 ; FD:inst|TEMP1[14] ; FD:inst|TEMP1[16] ; CLK          ; CLK         ; 0.000        ; 0.000      ; 1.568      ;
; 1.303 ; FD:inst|TEMP1[16] ; FD:inst|TEMP1[18] ; CLK          ; CLK         ; 0.000        ; 0.000      ; 1.569      ;
; 1.333 ; FD:inst|TEMP1[12] ; FD:inst|TEMP1[15] ; CLK          ; CLK         ; 0.000        ; 0.000      ; 1.599      ;
; 1.340 ; FD:inst|TEMP1[4]  ; FD:inst|TEMP1[7]  ; CLK          ; CLK         ; 0.000        ; 0.000      ; 1.606      ;
; 1.341 ; FD:inst|TEMP1[6]  ; FD:inst|TEMP1[9]  ; CLK          ; CLK         ; 0.000        ; 0.000      ; 1.607      ;
; 1.345 ; FD:inst|TEMP1[10] ; FD:inst|TEMP1[12] ; CLK          ; CLK         ; 0.000        ; 0.003      ; 1.614      ;
; 1.345 ; FD:inst|TEMP1[13] ; FD:inst|TEMP1[16] ; CLK          ; CLK         ; 0.000        ; 0.000      ; 1.611      ;
; 1.346 ; FD:inst|TEMP1[15] ; FD:inst|TEMP1[18] ; CLK          ; CLK         ; 0.000        ; 0.000      ; 1.612      ;
; 1.348 ; FD:inst|TEMP1[18] ; FD:inst|Q1        ; CLK          ; CLK         ; 0.000        ; -0.002     ; 1.612      ;
; 1.359 ; FD:inst|TEMP1[0]  ; FD:inst|TEMP1[1]  ; CLK          ; CLK         ; 0.000        ; 0.000      ; 1.625      ;
; 1.365 ; FD:inst|TEMP1[3]  ; FD:inst|TEMP1[6]  ; CLK          ; CLK         ; 0.000        ; 0.000      ; 1.631      ;
; 1.368 ; FD:inst|TEMP1[18] ; FD:inst|TEMP1[20] ; CLK          ; CLK         ; 0.000        ; 0.000      ; 1.634      ;
; 1.369 ; FD:inst|TEMP1[5]  ; FD:inst|TEMP1[6]  ; CLK          ; CLK         ; 0.000        ; 0.000      ; 1.635      ;
; 1.370 ; FD:inst|TEMP1[7]  ; FD:inst|TEMP1[10] ; CLK          ; CLK         ; 0.000        ; 0.000      ; 1.636      ;
; 1.372 ; FD:inst|TEMP1[1]  ; FD:inst|TEMP1[2]  ; CLK          ; CLK         ; 0.000        ; 0.000      ; 1.638      ;
; 1.373 ; FD:inst|TEMP1[19] ; FD:inst|TEMP1[22] ; CLK          ; CLK         ; 0.000        ; 0.000      ; 1.639      ;
; 1.373 ; FD:inst|TEMP1[14] ; FD:inst|TEMP1[17] ; CLK          ; CLK         ; 0.000        ; 0.000      ; 1.639      ;
; 1.379 ; FD:inst|TEMP1[17] ; FD:inst|TEMP1[18] ; CLK          ; CLK         ; 0.000        ; 0.000      ; 1.645      ;
; 1.383 ; FD:inst|TEMP1[21] ; FD:inst|TEMP1[11] ; CLK          ; CLK         ; 0.000        ; 0.000      ; 1.649      ;
; 1.383 ; FD:inst|TEMP1[21] ; FD:inst|TEMP1[12] ; CLK          ; CLK         ; 0.000        ; 0.000      ; 1.649      ;
; 1.383 ; FD:inst|TEMP1[21] ; FD:inst|TEMP1[13] ; CLK          ; CLK         ; 0.000        ; 0.000      ; 1.649      ;
; 1.383 ; FD:inst|TEMP1[21] ; FD:inst|TEMP1[14] ; CLK          ; CLK         ; 0.000        ; 0.000      ; 1.649      ;
; 1.383 ; FD:inst|TEMP1[21] ; FD:inst|TEMP1[15] ; CLK          ; CLK         ; 0.000        ; 0.000      ; 1.649      ;
; 1.383 ; FD:inst|TEMP1[21] ; FD:inst|TEMP1[16] ; CLK          ; CLK         ; 0.000        ; 0.000      ; 1.649      ;
; 1.383 ; FD:inst|TEMP1[21] ; FD:inst|TEMP1[17] ; CLK          ; CLK         ; 0.000        ; 0.000      ; 1.649      ;
; 1.383 ; FD:inst|TEMP1[21] ; FD:inst|TEMP1[18] ; CLK          ; CLK         ; 0.000        ; 0.000      ; 1.649      ;
; 1.383 ; FD:inst|TEMP1[21] ; FD:inst|TEMP1[19] ; CLK          ; CLK         ; 0.000        ; 0.000      ; 1.649      ;
; 1.383 ; FD:inst|TEMP1[21] ; FD:inst|TEMP1[20] ; CLK          ; CLK         ; 0.000        ; 0.000      ; 1.649      ;
; 1.399 ; FD:inst|TEMP1[8]  ; FD:inst|TEMP1[11] ; CLK          ; CLK         ; 0.000        ; 0.003      ; 1.668      ;
; 1.403 ; FD:inst|TEMP1[11] ; FD:inst|TEMP1[12] ; CLK          ; CLK         ; 0.000        ; 0.000      ; 1.669      ;
; 1.404 ; FD:inst|TEMP1[12] ; FD:inst|TEMP1[16] ; CLK          ; CLK         ; 0.000        ; 0.000      ; 1.670      ;
; 1.411 ; FD:inst|TEMP1[4]  ; FD:inst|TEMP1[8]  ; CLK          ; CLK         ; 0.000        ; 0.000      ; 1.677      ;
; 1.412 ; FD:inst|TEMP1[6]  ; FD:inst|TEMP1[10] ; CLK          ; CLK         ; 0.000        ; 0.000      ; 1.678      ;
; 1.415 ; FD:inst|TEMP1[9]  ; FD:inst|TEMP1[10] ; CLK          ; CLK         ; 0.000        ; 0.000      ; 1.681      ;
; 1.416 ; FD:inst|TEMP1[10] ; FD:inst|TEMP1[13] ; CLK          ; CLK         ; 0.000        ; 0.003      ; 1.685      ;
; 1.416 ; FD:inst|TEMP1[13] ; FD:inst|TEMP1[17] ; CLK          ; CLK         ; 0.000        ; 0.000      ; 1.682      ;
; 1.430 ; FD:inst|TEMP1[0]  ; FD:inst|TEMP1[2]  ; CLK          ; CLK         ; 0.000        ; 0.000      ; 1.696      ;
; 1.436 ; FD:inst|TEMP1[20] ; FD:inst|Q1        ; CLK          ; CLK         ; 0.000        ; -0.002     ; 1.700      ;
; 1.436 ; FD:inst|TEMP1[3]  ; FD:inst|TEMP1[7]  ; CLK          ; CLK         ; 0.000        ; 0.000      ; 1.702      ;
; 1.439 ; FD:inst|TEMP1[18] ; FD:inst|TEMP1[21] ; CLK          ; CLK         ; 0.000        ; 0.000      ; 1.705      ;
; 1.440 ; FD:inst|TEMP1[5]  ; FD:inst|TEMP1[7]  ; CLK          ; CLK         ; 0.000        ; 0.000      ; 1.706      ;
; 1.444 ; FD:inst|TEMP1[14] ; FD:inst|TEMP1[18] ; CLK          ; CLK         ; 0.000        ; 0.000      ; 1.710      ;
; 1.454 ; FD:inst|TEMP1[2]  ; FD:inst|TEMP1[3]  ; CLK          ; CLK         ; 0.000        ; 0.000      ; 1.720      ;
; 1.462 ; FD:inst|TEMP1[16] ; FD:inst|TEMP1[19] ; CLK          ; CLK         ; 0.000        ; 0.000      ; 1.728      ;
; 1.470 ; FD:inst|TEMP1[8]  ; FD:inst|TEMP1[12] ; CLK          ; CLK         ; 0.000        ; 0.003      ; 1.739      ;
; 1.474 ; FD:inst|TEMP1[11] ; FD:inst|TEMP1[13] ; CLK          ; CLK         ; 0.000        ; 0.000      ; 1.740      ;
; 1.475 ; FD:inst|TEMP1[12] ; FD:inst|TEMP1[17] ; CLK          ; CLK         ; 0.000        ; 0.000      ; 1.741      ;
; 1.479 ; FD:inst|TEMP1[22] ; FD:inst|TEMP1[11] ; CLK          ; CLK         ; 0.000        ; 0.000      ; 1.745      ;
; 1.479 ; FD:inst|TEMP1[22] ; FD:inst|TEMP1[12] ; CLK          ; CLK         ; 0.000        ; 0.000      ; 1.745      ;
+-------+-------------------+-------------------+--------------+-------------+--------------+------------+------------+


+---------------------------------------------------------------------------------------------------------------------------+
; Slow Model Hold: 'MAIN:inst8|CS.S1'                                                                                       ;
+-------+--------------------+-------------------+--------------+------------------+--------------+------------+------------+
; Slack ; From Node          ; To Node           ; Launch Clock ; Latch Clock      ; Relationship ; Clock Skew ; Data Delay ;
+-------+--------------------+-------------------+--------------+------------------+--------------+------------+------------+
; 2.224 ; MAIN:inst8|CS.SSUM ; MAIN:inst8|SUM_EN ; FD:inst|Q1   ; MAIN:inst8|CS.S1 ; -0.500       ; -1.011     ; 0.713      ;
+-------+--------------------+-------------------+--------------+------------------+--------------+------------+------------+


+-----------------------------------------------------------------------------------------------------------------------+
; Slow Model Recovery: 'FD:inst|Q1'                                                                                     ;
+-------+--------------------+--------------+--------------------+-------------+--------------+------------+------------+
; Slack ; From Node          ; To Node      ; Launch Clock       ; Latch Clock ; Relationship ; Clock Skew ; Data Delay ;
+-------+--------------------+--------------+--------------------+-------------+--------------+------------+------------+
; 1.530 ; MAIN:inst8|CS.SCT0 ; FD2:inst1|Q1 ; MAIN:inst8|CS.SCT0 ; FD:inst|Q1  ; 0.500        ; 3.355      ; 2.611      ;
; 1.564 ; MAIN:inst8|CS.SCT1 ; FD2:inst1|Q1 ; MAIN:inst8|CS.SCT1 ; FD:inst|Q1  ; 0.500        ; 3.355      ; 2.577      ;
; 2.030 ; MAIN:inst8|CS.SCT0 ; FD2:inst1|Q1 ; MAIN:inst8|CS.SCT0 ; FD:inst|Q1  ; 1.000        ; 3.355      ; 2.611      ;
; 2.064 ; MAIN:inst8|CS.SCT1 ; FD2:inst1|Q1 ; MAIN:inst8|CS.SCT1 ; FD:inst|Q1  ; 1.000        ; 3.355      ; 2.577      ;
+-------+--------------------+--------------+--------------------+-------------+--------------+------------+------------+


+---------------------------------------------------------------------------------------------------------------------------------+
; Slow Model Recovery: 'FD2:inst1|Q1'                                                                                             ;
+-------+---------------------+---------------------+---------------------+--------------+--------------+------------+------------+
; Slack ; From Node           ; To Node             ; Launch Clock        ; Latch Clock  ; Relationship ; Clock Skew ; Data Delay ;
+-------+---------------------+---------------------+---------------------+--------------+--------------+------------+------------+
; 1.607 ; MAIN:inst8|CS.SRUN0 ; COUNT:inst7|CNT[12] ; MAIN:inst8|CS.SRUN0 ; FD2:inst1|Q1 ; 0.500        ; 4.060      ; 3.239      ;
; 1.607 ; MAIN:inst8|CS.SRUN0 ; COUNT:inst7|CNT[13] ; MAIN:inst8|CS.SRUN0 ; FD2:inst1|Q1 ; 0.500        ; 4.060      ; 3.239      ;
; 1.629 ; MAIN:inst8|CS.SRUN0 ; COUNT:inst7|CNT[17] ; MAIN:inst8|CS.SRUN0 ; FD2:inst1|Q1 ; 0.500        ; 4.049      ; 3.206      ;
; 1.629 ; MAIN:inst8|CS.SRUN0 ; COUNT:inst7|CNT[19] ; MAIN:inst8|CS.SRUN0 ; FD2:inst1|Q1 ; 0.500        ; 4.049      ; 3.206      ;
; 1.629 ; MAIN:inst8|CS.SRUN0 ; COUNT:inst7|CNT[21] ; MAIN:inst8|CS.SRUN0 ; FD2:inst1|Q1 ; 0.500        ; 4.049      ; 3.206      ;
; 1.638 ; MAIN:inst8|CS.SRUN0 ; COUNT:inst7|CNT[6]  ; MAIN:inst8|CS.SRUN0 ; FD2:inst1|Q1 ; 0.500        ; 4.046      ; 3.194      ;
; 1.638 ; MAIN:inst8|CS.SRUN0 ; COUNT:inst7|CNT[16] ; MAIN:inst8|CS.SRUN0 ; FD2:inst1|Q1 ; 0.500        ; 4.046      ; 3.194      ;
; 1.640 ; MAIN:inst8|CS.SRUN0 ; COUNT:inst7|CNT[14] ; MAIN:inst8|CS.SRUN0 ; FD2:inst1|Q1 ; 0.500        ; 4.034      ; 3.180      ;
; 1.640 ; MAIN:inst8|CS.SRUN0 ; COUNT:inst7|CNT[20] ; MAIN:inst8|CS.SRUN0 ; FD2:inst1|Q1 ; 0.500        ; 4.034      ; 3.180      ;
; 1.640 ; MAIN:inst8|CS.SRUN0 ; COUNT:inst7|CNT[22] ; MAIN:inst8|CS.SRUN0 ; FD2:inst1|Q1 ; 0.500        ; 4.034      ; 3.180      ;
; 1.645 ; MAIN:inst8|CS.SRUN0 ; COUNT:inst7|CNT[7]  ; MAIN:inst8|CS.SRUN0 ; FD2:inst1|Q1 ; 0.500        ; 4.062      ; 3.203      ;
; 1.645 ; MAIN:inst8|CS.SRUN0 ; COUNT:inst7|CNT[8]  ; MAIN:inst8|CS.SRUN0 ; FD2:inst1|Q1 ; 0.500        ; 4.062      ; 3.203      ;
; 1.645 ; MAIN:inst8|CS.SRUN0 ; COUNT:inst7|CNT[9]  ; MAIN:inst8|CS.SRUN0 ; FD2:inst1|Q1 ; 0.500        ; 4.062      ; 3.203      ;
; 1.990 ; MAIN:inst8|CS.SRUN0 ; COUNT:inst7|DIS[10] ; MAIN:inst8|CS.SRUN0 ; FD2:inst1|Q1 ; 0.500        ; 4.084      ; 2.880      ;
; 1.990 ; MAIN:inst8|CS.SRUN0 ; COUNT:inst7|DIS[11] ; MAIN:inst8|CS.SRUN0 ; FD2:inst1|Q1 ; 0.500        ; 4.085      ; 2.881      ;
; 1.990 ; MAIN:inst8|CS.SRUN0 ; COUNT:inst7|DIS[12] ; MAIN:inst8|CS.SRUN0 ; FD2:inst1|Q1 ; 0.500        ; 4.084      ; 2.880      ;
; 1.990 ; MAIN:inst8|CS.SRUN0 ; COUNT:inst7|DIS[13] ; MAIN:inst8|CS.SRUN0 ; FD2:inst1|Q1 ; 0.500        ; 4.084      ; 2.880      ;
; 1.990 ; MAIN:inst8|CS.SRUN0 ; COUNT:inst7|DIS[14] ; MAIN:inst8|CS.SRUN0 ; FD2:inst1|Q1 ; 0.500        ; 4.084      ; 2.880      ;
; 1.990 ; MAIN:inst8|CS.SRUN0 ; COUNT:inst7|DIS[15] ; MAIN:inst8|CS.SRUN0 ; FD2:inst1|Q1 ; 0.500        ; 4.084      ; 2.880      ;
; 1.990 ; MAIN:inst8|CS.SRUN0 ; COUNT:inst7|DIS[16] ; MAIN:inst8|CS.SRUN0 ; FD2:inst1|Q1 ; 0.500        ; 4.084      ; 2.880      ;
; 1.990 ; MAIN:inst8|CS.SRUN0 ; COUNT:inst7|DIS[17] ; MAIN:inst8|CS.SRUN0 ; FD2:inst1|Q1 ; 0.500        ; 4.085      ; 2.881      ;
; 1.990 ; MAIN:inst8|CS.SRUN0 ; COUNT:inst7|DIS[18] ; MAIN:inst8|CS.SRUN0 ; FD2:inst1|Q1 ; 0.500        ; 4.084      ; 2.880      ;
; 1.990 ; MAIN:inst8|CS.SRUN0 ; COUNT:inst7|CNT[18] ; MAIN:inst8|CS.SRUN0 ; FD2:inst1|Q1 ; 0.500        ; 4.066      ; 2.862      ;
; 1.990 ; MAIN:inst8|CS.SRUN0 ; COUNT:inst7|CNT[23] ; MAIN:inst8|CS.SRUN0 ; FD2:inst1|Q1 ; 0.500        ; 4.019      ; 2.815      ;
; 1.990 ; MAIN:inst8|CS.SRUN0 ; COUNT:inst7|CNT[24] ; MAIN:inst8|CS.SRUN0 ; FD2:inst1|Q1 ; 0.500        ; 4.019      ; 2.815      ;
; 1.990 ; MAIN:inst8|CS.SRUN0 ; COUNT:inst7|CNT[25] ; MAIN:inst8|CS.SRUN0 ; FD2:inst1|Q1 ; 0.500        ; 4.019      ; 2.815      ;
; 1.990 ; MAIN:inst8|CS.SRUN0 ; COUNT:inst7|CNT[26] ; MAIN:inst8|CS.SRUN0 ; FD2:inst1|Q1 ; 0.500        ; 4.019      ; 2.815      ;
; 1.990 ; MAIN:inst8|CS.SRUN0 ; COUNT:inst7|CNT[27] ; MAIN:inst8|CS.SRUN0 ; FD2:inst1|Q1 ; 0.500        ; 4.021      ; 2.817      ;
; 1.990 ; MAIN:inst8|CS.SRUN0 ; COUNT:inst7|CNT[28] ; MAIN:inst8|CS.SRUN0 ; FD2:inst1|Q1 ; 0.500        ; 4.021      ; 2.817      ;
; 1.990 ; MAIN:inst8|CS.SRUN0 ; COUNT:inst7|CNT[29] ; MAIN:inst8|CS.SRUN0 ; FD2:inst1|Q1 ; 0.500        ; 4.021      ; 2.817      ;
; 1.991 ; MAIN:inst8|CS.SRUN0 ; COUNT:inst7|DIS[0]  ; MAIN:inst8|CS.SRUN0 ; FD2:inst1|Q1 ; 0.500        ; 4.078      ; 2.873      ;
; 1.991 ; MAIN:inst8|CS.SRUN0 ; COUNT:inst7|DIS[1]  ; MAIN:inst8|CS.SRUN0 ; FD2:inst1|Q1 ; 0.500        ; 4.088      ; 2.883      ;
; 1.991 ; MAIN:inst8|CS.SRUN0 ; COUNT:inst7|DIS[2]  ; MAIN:inst8|CS.SRUN0 ; FD2:inst1|Q1 ; 0.500        ; 4.078      ; 2.873      ;
; 1.991 ; MAIN:inst8|CS.SRUN0 ; COUNT:inst7|DIS[3]  ; MAIN:inst8|CS.SRUN0 ; FD2:inst1|Q1 ; 0.500        ; 4.080      ; 2.875      ;
; 1.991 ; MAIN:inst8|CS.SRUN0 ; COUNT:inst7|DIS[4]  ; MAIN:inst8|CS.SRUN0 ; FD2:inst1|Q1 ; 0.500        ; 4.080      ; 2.875      ;
; 1.991 ; MAIN:inst8|CS.SRUN0 ; COUNT:inst7|DIS[5]  ; MAIN:inst8|CS.SRUN0 ; FD2:inst1|Q1 ; 0.500        ; 4.080      ; 2.875      ;
; 1.991 ; MAIN:inst8|CS.SRUN0 ; COUNT:inst7|DIS[6]  ; MAIN:inst8|CS.SRUN0 ; FD2:inst1|Q1 ; 0.500        ; 4.080      ; 2.875      ;
; 1.991 ; MAIN:inst8|CS.SRUN0 ; COUNT:inst7|DIS[7]  ; MAIN:inst8|CS.SRUN0 ; FD2:inst1|Q1 ; 0.500        ; 4.080      ; 2.875      ;
; 1.991 ; MAIN:inst8|CS.SRUN0 ; COUNT:inst7|DIS[8]  ; MAIN:inst8|CS.SRUN0 ; FD2:inst1|Q1 ; 0.500        ; 4.080      ; 2.875      ;
; 1.991 ; MAIN:inst8|CS.SRUN0 ; COUNT:inst7|DIS[9]  ; MAIN:inst8|CS.SRUN0 ; FD2:inst1|Q1 ; 0.500        ; 4.080      ; 2.875      ;
; 1.991 ; MAIN:inst8|CS.SRUN0 ; COUNT:inst7|CNT[0]  ; MAIN:inst8|CS.SRUN0 ; FD2:inst1|Q1 ; 0.500        ; 4.075      ; 2.870      ;
; 1.991 ; MAIN:inst8|CS.SRUN0 ; COUNT:inst7|CNT[1]  ; MAIN:inst8|CS.SRUN0 ; FD2:inst1|Q1 ; 0.500        ; 4.069      ; 2.864      ;
; 1.991 ; MAIN:inst8|CS.SRUN0 ; COUNT:inst7|CNT[2]  ; MAIN:inst8|CS.SRUN0 ; FD2:inst1|Q1 ; 0.500        ; 4.075      ; 2.870      ;
; 1.991 ; MAIN:inst8|CS.SRUN0 ; COUNT:inst7|CNT[3]  ; MAIN:inst8|CS.SRUN0 ; FD2:inst1|Q1 ; 0.500        ; 4.074      ; 2.869      ;
; 1.991 ; MAIN:inst8|CS.SRUN0 ; COUNT:inst7|CNT[4]  ; MAIN:inst8|CS.SRUN0 ; FD2:inst1|Q1 ; 0.500        ; 4.074      ; 2.869      ;
; 1.991 ; MAIN:inst8|CS.SRUN0 ; COUNT:inst7|CNT[5]  ; MAIN:inst8|CS.SRUN0 ; FD2:inst1|Q1 ; 0.500        ; 4.074      ; 2.869      ;
; 1.991 ; MAIN:inst8|CS.SRUN0 ; COUNT:inst7|CNT[10] ; MAIN:inst8|CS.SRUN0 ; FD2:inst1|Q1 ; 0.500        ; 4.069      ; 2.864      ;
; 1.991 ; MAIN:inst8|CS.SRUN0 ; COUNT:inst7|CNT[11] ; MAIN:inst8|CS.SRUN0 ; FD2:inst1|Q1 ; 0.500        ; 4.074      ; 2.869      ;
; 1.991 ; MAIN:inst8|CS.SRUN0 ; COUNT:inst7|CNT[15] ; MAIN:inst8|CS.SRUN0 ; FD2:inst1|Q1 ; 0.500        ; 4.061      ; 2.856      ;
; 2.107 ; MAIN:inst8|CS.SRUN0 ; COUNT:inst7|CNT[12] ; MAIN:inst8|CS.SRUN0 ; FD2:inst1|Q1 ; 1.000        ; 4.060      ; 3.239      ;
; 2.107 ; MAIN:inst8|CS.SRUN0 ; COUNT:inst7|CNT[13] ; MAIN:inst8|CS.SRUN0 ; FD2:inst1|Q1 ; 1.000        ; 4.060      ; 3.239      ;
; 2.129 ; MAIN:inst8|CS.SRUN0 ; COUNT:inst7|CNT[17] ; MAIN:inst8|CS.SRUN0 ; FD2:inst1|Q1 ; 1.000        ; 4.049      ; 3.206      ;
; 2.129 ; MAIN:inst8|CS.SRUN0 ; COUNT:inst7|CNT[19] ; MAIN:inst8|CS.SRUN0 ; FD2:inst1|Q1 ; 1.000        ; 4.049      ; 3.206      ;
; 2.129 ; MAIN:inst8|CS.SRUN0 ; COUNT:inst7|CNT[21] ; MAIN:inst8|CS.SRUN0 ; FD2:inst1|Q1 ; 1.000        ; 4.049      ; 3.206      ;
; 2.138 ; MAIN:inst8|CS.SRUN0 ; COUNT:inst7|CNT[6]  ; MAIN:inst8|CS.SRUN0 ; FD2:inst1|Q1 ; 1.000        ; 4.046      ; 3.194      ;
; 2.138 ; MAIN:inst8|CS.SRUN0 ; COUNT:inst7|CNT[16] ; MAIN:inst8|CS.SRUN0 ; FD2:inst1|Q1 ; 1.000        ; 4.046      ; 3.194      ;
; 2.140 ; MAIN:inst8|CS.SRUN0 ; COUNT:inst7|CNT[14] ; MAIN:inst8|CS.SRUN0 ; FD2:inst1|Q1 ; 1.000        ; 4.034      ; 3.180      ;
; 2.140 ; MAIN:inst8|CS.SRUN0 ; COUNT:inst7|CNT[20] ; MAIN:inst8|CS.SRUN0 ; FD2:inst1|Q1 ; 1.000        ; 4.034      ; 3.180      ;
; 2.140 ; MAIN:inst8|CS.SRUN0 ; COUNT:inst7|CNT[22] ; MAIN:inst8|CS.SRUN0 ; FD2:inst1|Q1 ; 1.000        ; 4.034      ; 3.180      ;
; 2.145 ; MAIN:inst8|CS.SRUN0 ; COUNT:inst7|CNT[7]  ; MAIN:inst8|CS.SRUN0 ; FD2:inst1|Q1 ; 1.000        ; 4.062      ; 3.203      ;
; 2.145 ; MAIN:inst8|CS.SRUN0 ; COUNT:inst7|CNT[8]  ; MAIN:inst8|CS.SRUN0 ; FD2:inst1|Q1 ; 1.000        ; 4.062      ; 3.203      ;
; 2.145 ; MAIN:inst8|CS.SRUN0 ; COUNT:inst7|CNT[9]  ; MAIN:inst8|CS.SRUN0 ; FD2:inst1|Q1 ; 1.000        ; 4.062      ; 3.203      ;
; 2.490 ; MAIN:inst8|CS.SRUN0 ; COUNT:inst7|DIS[10] ; MAIN:inst8|CS.SRUN0 ; FD2:inst1|Q1 ; 1.000        ; 4.084      ; 2.880      ;
; 2.490 ; MAIN:inst8|CS.SRUN0 ; COUNT:inst7|DIS[11] ; MAIN:inst8|CS.SRUN0 ; FD2:inst1|Q1 ; 1.000        ; 4.085      ; 2.881      ;
; 2.490 ; MAIN:inst8|CS.SRUN0 ; COUNT:inst7|DIS[12] ; MAIN:inst8|CS.SRUN0 ; FD2:inst1|Q1 ; 1.000        ; 4.084      ; 2.880      ;
; 2.490 ; MAIN:inst8|CS.SRUN0 ; COUNT:inst7|DIS[13] ; MAIN:inst8|CS.SRUN0 ; FD2:inst1|Q1 ; 1.000        ; 4.084      ; 2.880      ;
; 2.490 ; MAIN:inst8|CS.SRUN0 ; COUNT:inst7|DIS[14] ; MAIN:inst8|CS.SRUN0 ; FD2:inst1|Q1 ; 1.000        ; 4.084      ; 2.880      ;
; 2.490 ; MAIN:inst8|CS.SRUN0 ; COUNT:inst7|DIS[15] ; MAIN:inst8|CS.SRUN0 ; FD2:inst1|Q1 ; 1.000        ; 4.084      ; 2.880      ;
; 2.490 ; MAIN:inst8|CS.SRUN0 ; COUNT:inst7|DIS[16] ; MAIN:inst8|CS.SRUN0 ; FD2:inst1|Q1 ; 1.000        ; 4.084      ; 2.880      ;
; 2.490 ; MAIN:inst8|CS.SRUN0 ; COUNT:inst7|DIS[17] ; MAIN:inst8|CS.SRUN0 ; FD2:inst1|Q1 ; 1.000        ; 4.085      ; 2.881      ;
; 2.490 ; MAIN:inst8|CS.SRUN0 ; COUNT:inst7|DIS[18] ; MAIN:inst8|CS.SRUN0 ; FD2:inst1|Q1 ; 1.000        ; 4.084      ; 2.880      ;
; 2.490 ; MAIN:inst8|CS.SRUN0 ; COUNT:inst7|CNT[18] ; MAIN:inst8|CS.SRUN0 ; FD2:inst1|Q1 ; 1.000        ; 4.066      ; 2.862      ;
; 2.490 ; MAIN:inst8|CS.SRUN0 ; COUNT:inst7|CNT[23] ; MAIN:inst8|CS.SRUN0 ; FD2:inst1|Q1 ; 1.000        ; 4.019      ; 2.815      ;
; 2.490 ; MAIN:inst8|CS.SRUN0 ; COUNT:inst7|CNT[24] ; MAIN:inst8|CS.SRUN0 ; FD2:inst1|Q1 ; 1.000        ; 4.019      ; 2.815      ;
; 2.490 ; MAIN:inst8|CS.SRUN0 ; COUNT:inst7|CNT[25] ; MAIN:inst8|CS.SRUN0 ; FD2:inst1|Q1 ; 1.000        ; 4.019      ; 2.815      ;
; 2.490 ; MAIN:inst8|CS.SRUN0 ; COUNT:inst7|CNT[26] ; MAIN:inst8|CS.SRUN0 ; FD2:inst1|Q1 ; 1.000        ; 4.019      ; 2.815      ;
; 2.490 ; MAIN:inst8|CS.SRUN0 ; COUNT:inst7|CNT[27] ; MAIN:inst8|CS.SRUN0 ; FD2:inst1|Q1 ; 1.000        ; 4.021      ; 2.817      ;
; 2.490 ; MAIN:inst8|CS.SRUN0 ; COUNT:inst7|CNT[28] ; MAIN:inst8|CS.SRUN0 ; FD2:inst1|Q1 ; 1.000        ; 4.021      ; 2.817      ;
; 2.490 ; MAIN:inst8|CS.SRUN0 ; COUNT:inst7|CNT[29] ; MAIN:inst8|CS.SRUN0 ; FD2:inst1|Q1 ; 1.000        ; 4.021      ; 2.817      ;
; 2.491 ; MAIN:inst8|CS.SRUN0 ; COUNT:inst7|DIS[0]  ; MAIN:inst8|CS.SRUN0 ; FD2:inst1|Q1 ; 1.000        ; 4.078      ; 2.873      ;
; 2.491 ; MAIN:inst8|CS.SRUN0 ; COUNT:inst7|DIS[1]  ; MAIN:inst8|CS.SRUN0 ; FD2:inst1|Q1 ; 1.000        ; 4.088      ; 2.883      ;
; 2.491 ; MAIN:inst8|CS.SRUN0 ; COUNT:inst7|DIS[2]  ; MAIN:inst8|CS.SRUN0 ; FD2:inst1|Q1 ; 1.000        ; 4.078      ; 2.873      ;
; 2.491 ; MAIN:inst8|CS.SRUN0 ; COUNT:inst7|DIS[3]  ; MAIN:inst8|CS.SRUN0 ; FD2:inst1|Q1 ; 1.000        ; 4.080      ; 2.875      ;
; 2.491 ; MAIN:inst8|CS.SRUN0 ; COUNT:inst7|DIS[4]  ; MAIN:inst8|CS.SRUN0 ; FD2:inst1|Q1 ; 1.000        ; 4.080      ; 2.875      ;
; 2.491 ; MAIN:inst8|CS.SRUN0 ; COUNT:inst7|DIS[5]  ; MAIN:inst8|CS.SRUN0 ; FD2:inst1|Q1 ; 1.000        ; 4.080      ; 2.875      ;
; 2.491 ; MAIN:inst8|CS.SRUN0 ; COUNT:inst7|DIS[6]  ; MAIN:inst8|CS.SRUN0 ; FD2:inst1|Q1 ; 1.000        ; 4.080      ; 2.875      ;
; 2.491 ; MAIN:inst8|CS.SRUN0 ; COUNT:inst7|DIS[7]  ; MAIN:inst8|CS.SRUN0 ; FD2:inst1|Q1 ; 1.000        ; 4.080      ; 2.875      ;
; 2.491 ; MAIN:inst8|CS.SRUN0 ; COUNT:inst7|DIS[8]  ; MAIN:inst8|CS.SRUN0 ; FD2:inst1|Q1 ; 1.000        ; 4.080      ; 2.875      ;
; 2.491 ; MAIN:inst8|CS.SRUN0 ; COUNT:inst7|DIS[9]  ; MAIN:inst8|CS.SRUN0 ; FD2:inst1|Q1 ; 1.000        ; 4.080      ; 2.875      ;
; 2.491 ; MAIN:inst8|CS.SRUN0 ; COUNT:inst7|CNT[0]  ; MAIN:inst8|CS.SRUN0 ; FD2:inst1|Q1 ; 1.000        ; 4.075      ; 2.870      ;
; 2.491 ; MAIN:inst8|CS.SRUN0 ; COUNT:inst7|CNT[1]  ; MAIN:inst8|CS.SRUN0 ; FD2:inst1|Q1 ; 1.000        ; 4.069      ; 2.864      ;
; 2.491 ; MAIN:inst8|CS.SRUN0 ; COUNT:inst7|CNT[2]  ; MAIN:inst8|CS.SRUN0 ; FD2:inst1|Q1 ; 1.000        ; 4.075      ; 2.870      ;
; 2.491 ; MAIN:inst8|CS.SRUN0 ; COUNT:inst7|CNT[3]  ; MAIN:inst8|CS.SRUN0 ; FD2:inst1|Q1 ; 1.000        ; 4.074      ; 2.869      ;
; 2.491 ; MAIN:inst8|CS.SRUN0 ; COUNT:inst7|CNT[4]  ; MAIN:inst8|CS.SRUN0 ; FD2:inst1|Q1 ; 1.000        ; 4.074      ; 2.869      ;
; 2.491 ; MAIN:inst8|CS.SRUN0 ; COUNT:inst7|CNT[5]  ; MAIN:inst8|CS.SRUN0 ; FD2:inst1|Q1 ; 1.000        ; 4.074      ; 2.869      ;
; 2.491 ; MAIN:inst8|CS.SRUN0 ; COUNT:inst7|CNT[10] ; MAIN:inst8|CS.SRUN0 ; FD2:inst1|Q1 ; 1.000        ; 4.069      ; 2.864      ;
; 2.491 ; MAIN:inst8|CS.SRUN0 ; COUNT:inst7|CNT[11] ; MAIN:inst8|CS.SRUN0 ; FD2:inst1|Q1 ; 1.000        ; 4.074      ; 2.869      ;
; 2.491 ; MAIN:inst8|CS.SRUN0 ; COUNT:inst7|CNT[15] ; MAIN:inst8|CS.SRUN0 ; FD2:inst1|Q1 ; 1.000        ; 4.061      ; 2.856      ;
+-------+---------------------+---------------------+---------------------+--------------+--------------+------------+------------+


+------------------------------------------------------------------------------------------------------------------------------------+
; Slow Model Recovery: 'MAIN:inst8|CS.SRUN0'                                                                                         ;
+-------+-------------------+----------------------+------------------+---------------------+--------------+------------+------------+
; Slack ; From Node         ; To Node              ; Launch Clock     ; Latch Clock         ; Relationship ; Clock Skew ; Data Delay ;
+-------+-------------------+----------------------+------------------+---------------------+--------------+------------+------------+
; 3.586 ; MAIN:inst8|SUM_EN ; COUNT:inst7|TEMP[0]  ; MAIN:inst8|CS.S1 ; MAIN:inst8|CS.SRUN0 ; 1.000        ; 5.187      ; 2.637      ;
; 3.586 ; MAIN:inst8|SUM_EN ; COUNT:inst7|TEMP[1]  ; MAIN:inst8|CS.S1 ; MAIN:inst8|CS.SRUN0 ; 1.000        ; 5.187      ; 2.637      ;
; 3.586 ; MAIN:inst8|SUM_EN ; COUNT:inst7|TEMP[2]  ; MAIN:inst8|CS.S1 ; MAIN:inst8|CS.SRUN0 ; 1.000        ; 5.187      ; 2.637      ;
; 3.586 ; MAIN:inst8|SUM_EN ; COUNT:inst7|TEMP[3]  ; MAIN:inst8|CS.S1 ; MAIN:inst8|CS.SRUN0 ; 1.000        ; 5.187      ; 2.637      ;
; 3.586 ; MAIN:inst8|SUM_EN ; COUNT:inst7|TEMP[4]  ; MAIN:inst8|CS.S1 ; MAIN:inst8|CS.SRUN0 ; 1.000        ; 5.187      ; 2.637      ;
; 3.586 ; MAIN:inst8|SUM_EN ; COUNT:inst7|TEMP[5]  ; MAIN:inst8|CS.S1 ; MAIN:inst8|CS.SRUN0 ; 1.000        ; 5.187      ; 2.637      ;
; 3.586 ; MAIN:inst8|SUM_EN ; COUNT:inst7|TEMP[6]  ; MAIN:inst8|CS.S1 ; MAIN:inst8|CS.SRUN0 ; 1.000        ; 5.187      ; 2.637      ;
; 3.586 ; MAIN:inst8|SUM_EN ; COUNT:inst7|TEMP[7]  ; MAIN:inst8|CS.S1 ; MAIN:inst8|CS.SRUN0 ; 1.000        ; 5.187      ; 2.637      ;
; 3.586 ; MAIN:inst8|SUM_EN ; COUNT:inst7|TEMP[8]  ; MAIN:inst8|CS.S1 ; MAIN:inst8|CS.SRUN0 ; 1.000        ; 5.187      ; 2.637      ;
; 3.586 ; MAIN:inst8|SUM_EN ; COUNT:inst7|TEMP[9]  ; MAIN:inst8|CS.S1 ; MAIN:inst8|CS.SRUN0 ; 1.000        ; 5.187      ; 2.637      ;
; 3.586 ; MAIN:inst8|SUM_EN ; COUNT:inst7|TEMP[10] ; MAIN:inst8|CS.S1 ; MAIN:inst8|CS.SRUN0 ; 1.000        ; 5.187      ; 2.637      ;
; 3.586 ; MAIN:inst8|SUM_EN ; COUNT:inst7|TEMP[11] ; MAIN:inst8|CS.S1 ; MAIN:inst8|CS.SRUN0 ; 1.000        ; 5.187      ; 2.637      ;
; 3.586 ; MAIN:inst8|SUM_EN ; COUNT:inst7|TEMP[12] ; MAIN:inst8|CS.S1 ; MAIN:inst8|CS.SRUN0 ; 1.000        ; 5.187      ; 2.637      ;
; 3.586 ; MAIN:inst8|SUM_EN ; COUNT:inst7|TEMP[13] ; MAIN:inst8|CS.S1 ; MAIN:inst8|CS.SRUN0 ; 1.000        ; 5.187      ; 2.637      ;
+-------+-------------------+----------------------+------------------+---------------------+--------------+------------+------------+


+-------------------------------------------------------------------------------------------------------------------------------------+
; Slow Model Removal: 'MAIN:inst8|CS.SRUN0'                                                                                           ;
+--------+-------------------+----------------------+------------------+---------------------+--------------+------------+------------+
; Slack  ; From Node         ; To Node              ; Launch Clock     ; Latch Clock         ; Relationship ; Clock Skew ; Data Delay ;
+--------+-------------------+----------------------+------------------+---------------------+--------------+------------+------------+
; -2.816 ; MAIN:inst8|SUM_EN ; COUNT:inst7|TEMP[0]  ; MAIN:inst8|CS.S1 ; MAIN:inst8|CS.SRUN0 ; 0.000        ; 5.187      ; 2.637      ;
; -2.816 ; MAIN:inst8|SUM_EN ; COUNT:inst7|TEMP[1]  ; MAIN:inst8|CS.S1 ; MAIN:inst8|CS.SRUN0 ; 0.000        ; 5.187      ; 2.637      ;
; -2.816 ; MAIN:inst8|SUM_EN ; COUNT:inst7|TEMP[2]  ; MAIN:inst8|CS.S1 ; MAIN:inst8|CS.SRUN0 ; 0.000        ; 5.187      ; 2.637      ;
; -2.816 ; MAIN:inst8|SUM_EN ; COUNT:inst7|TEMP[3]  ; MAIN:inst8|CS.S1 ; MAIN:inst8|CS.SRUN0 ; 0.000        ; 5.187      ; 2.637      ;
; -2.816 ; MAIN:inst8|SUM_EN ; COUNT:inst7|TEMP[4]  ; MAIN:inst8|CS.S1 ; MAIN:inst8|CS.SRUN0 ; 0.000        ; 5.187      ; 2.637      ;
; -2.816 ; MAIN:inst8|SUM_EN ; COUNT:inst7|TEMP[5]  ; MAIN:inst8|CS.S1 ; MAIN:inst8|CS.SRUN0 ; 0.000        ; 5.187      ; 2.637      ;
; -2.816 ; MAIN:inst8|SUM_EN ; COUNT:inst7|TEMP[6]  ; MAIN:inst8|CS.S1 ; MAIN:inst8|CS.SRUN0 ; 0.000        ; 5.187      ; 2.637      ;
; -2.816 ; MAIN:inst8|SUM_EN ; COUNT:inst7|TEMP[7]  ; MAIN:inst8|CS.S1 ; MAIN:inst8|CS.SRUN0 ; 0.000        ; 5.187      ; 2.637      ;
; -2.816 ; MAIN:inst8|SUM_EN ; COUNT:inst7|TEMP[8]  ; MAIN:inst8|CS.S1 ; MAIN:inst8|CS.SRUN0 ; 0.000        ; 5.187      ; 2.637      ;
; -2.816 ; MAIN:inst8|SUM_EN ; COUNT:inst7|TEMP[9]  ; MAIN:inst8|CS.S1 ; MAIN:inst8|CS.SRUN0 ; 0.000        ; 5.187      ; 2.637      ;
; -2.816 ; MAIN:inst8|SUM_EN ; COUNT:inst7|TEMP[10] ; MAIN:inst8|CS.S1 ; MAIN:inst8|CS.SRUN0 ; 0.000        ; 5.187      ; 2.637      ;
; -2.816 ; MAIN:inst8|SUM_EN ; COUNT:inst7|TEMP[11] ; MAIN:inst8|CS.S1 ; MAIN:inst8|CS.SRUN0 ; 0.000        ; 5.187      ; 2.637      ;
; -2.816 ; MAIN:inst8|SUM_EN ; COUNT:inst7|TEMP[12] ; MAIN:inst8|CS.S1 ; MAIN:inst8|CS.SRUN0 ; 0.000        ; 5.187      ; 2.637      ;
; -2.816 ; MAIN:inst8|SUM_EN ; COUNT:inst7|TEMP[13] ; MAIN:inst8|CS.S1 ; MAIN:inst8|CS.SRUN0 ; 0.000        ; 5.187      ; 2.637      ;
+--------+-------------------+----------------------+------------------+---------------------+--------------+------------+------------+


+----------------------------------------------------------------------------------------------------------------------------------+
; Slow Model Removal: 'FD2:inst1|Q1'                                                                                               ;
+--------+---------------------+---------------------+---------------------+--------------+--------------+------------+------------+
; Slack  ; From Node           ; To Node             ; Launch Clock        ; Latch Clock  ; Relationship ; Clock Skew ; Data Delay ;
+--------+---------------------+---------------------+---------------------+--------------+--------------+------------+------------+
; -1.721 ; MAIN:inst8|CS.SRUN0 ; COUNT:inst7|DIS[0]  ; MAIN:inst8|CS.SRUN0 ; FD2:inst1|Q1 ; 0.000        ; 4.078      ; 2.873      ;
; -1.721 ; MAIN:inst8|CS.SRUN0 ; COUNT:inst7|DIS[1]  ; MAIN:inst8|CS.SRUN0 ; FD2:inst1|Q1 ; 0.000        ; 4.088      ; 2.883      ;
; -1.721 ; MAIN:inst8|CS.SRUN0 ; COUNT:inst7|DIS[2]  ; MAIN:inst8|CS.SRUN0 ; FD2:inst1|Q1 ; 0.000        ; 4.078      ; 2.873      ;
; -1.721 ; MAIN:inst8|CS.SRUN0 ; COUNT:inst7|DIS[3]  ; MAIN:inst8|CS.SRUN0 ; FD2:inst1|Q1 ; 0.000        ; 4.080      ; 2.875      ;
; -1.721 ; MAIN:inst8|CS.SRUN0 ; COUNT:inst7|DIS[4]  ; MAIN:inst8|CS.SRUN0 ; FD2:inst1|Q1 ; 0.000        ; 4.080      ; 2.875      ;
; -1.721 ; MAIN:inst8|CS.SRUN0 ; COUNT:inst7|DIS[5]  ; MAIN:inst8|CS.SRUN0 ; FD2:inst1|Q1 ; 0.000        ; 4.080      ; 2.875      ;
; -1.721 ; MAIN:inst8|CS.SRUN0 ; COUNT:inst7|DIS[6]  ; MAIN:inst8|CS.SRUN0 ; FD2:inst1|Q1 ; 0.000        ; 4.080      ; 2.875      ;
; -1.721 ; MAIN:inst8|CS.SRUN0 ; COUNT:inst7|DIS[7]  ; MAIN:inst8|CS.SRUN0 ; FD2:inst1|Q1 ; 0.000        ; 4.080      ; 2.875      ;
; -1.721 ; MAIN:inst8|CS.SRUN0 ; COUNT:inst7|DIS[8]  ; MAIN:inst8|CS.SRUN0 ; FD2:inst1|Q1 ; 0.000        ; 4.080      ; 2.875      ;
; -1.721 ; MAIN:inst8|CS.SRUN0 ; COUNT:inst7|DIS[9]  ; MAIN:inst8|CS.SRUN0 ; FD2:inst1|Q1 ; 0.000        ; 4.080      ; 2.875      ;
; -1.721 ; MAIN:inst8|CS.SRUN0 ; COUNT:inst7|CNT[0]  ; MAIN:inst8|CS.SRUN0 ; FD2:inst1|Q1 ; 0.000        ; 4.075      ; 2.870      ;
; -1.721 ; MAIN:inst8|CS.SRUN0 ; COUNT:inst7|CNT[1]  ; MAIN:inst8|CS.SRUN0 ; FD2:inst1|Q1 ; 0.000        ; 4.069      ; 2.864      ;
; -1.721 ; MAIN:inst8|CS.SRUN0 ; COUNT:inst7|CNT[2]  ; MAIN:inst8|CS.SRUN0 ; FD2:inst1|Q1 ; 0.000        ; 4.075      ; 2.870      ;
; -1.721 ; MAIN:inst8|CS.SRUN0 ; COUNT:inst7|CNT[3]  ; MAIN:inst8|CS.SRUN0 ; FD2:inst1|Q1 ; 0.000        ; 4.074      ; 2.869      ;
; -1.721 ; MAIN:inst8|CS.SRUN0 ; COUNT:inst7|CNT[4]  ; MAIN:inst8|CS.SRUN0 ; FD2:inst1|Q1 ; 0.000        ; 4.074      ; 2.869      ;
; -1.721 ; MAIN:inst8|CS.SRUN0 ; COUNT:inst7|CNT[5]  ; MAIN:inst8|CS.SRUN0 ; FD2:inst1|Q1 ; 0.000        ; 4.074      ; 2.869      ;
; -1.721 ; MAIN:inst8|CS.SRUN0 ; COUNT:inst7|CNT[10] ; MAIN:inst8|CS.SRUN0 ; FD2:inst1|Q1 ; 0.000        ; 4.069      ; 2.864      ;
; -1.721 ; MAIN:inst8|CS.SRUN0 ; COUNT:inst7|CNT[11] ; MAIN:inst8|CS.SRUN0 ; FD2:inst1|Q1 ; 0.000        ; 4.074      ; 2.869      ;
; -1.721 ; MAIN:inst8|CS.SRUN0 ; COUNT:inst7|CNT[15] ; MAIN:inst8|CS.SRUN0 ; FD2:inst1|Q1 ; 0.000        ; 4.061      ; 2.856      ;
; -1.720 ; MAIN:inst8|CS.SRUN0 ; COUNT:inst7|DIS[10] ; MAIN:inst8|CS.SRUN0 ; FD2:inst1|Q1 ; 0.000        ; 4.084      ; 2.880      ;
; -1.720 ; MAIN:inst8|CS.SRUN0 ; COUNT:inst7|DIS[11] ; MAIN:inst8|CS.SRUN0 ; FD2:inst1|Q1 ; 0.000        ; 4.085      ; 2.881      ;
; -1.720 ; MAIN:inst8|CS.SRUN0 ; COUNT:inst7|DIS[12] ; MAIN:inst8|CS.SRUN0 ; FD2:inst1|Q1 ; 0.000        ; 4.084      ; 2.880      ;
; -1.720 ; MAIN:inst8|CS.SRUN0 ; COUNT:inst7|DIS[13] ; MAIN:inst8|CS.SRUN0 ; FD2:inst1|Q1 ; 0.000        ; 4.084      ; 2.880      ;
; -1.720 ; MAIN:inst8|CS.SRUN0 ; COUNT:inst7|DIS[14] ; MAIN:inst8|CS.SRUN0 ; FD2:inst1|Q1 ; 0.000        ; 4.084      ; 2.880      ;
; -1.720 ; MAIN:inst8|CS.SRUN0 ; COUNT:inst7|DIS[15] ; MAIN:inst8|CS.SRUN0 ; FD2:inst1|Q1 ; 0.000        ; 4.084      ; 2.880      ;
; -1.720 ; MAIN:inst8|CS.SRUN0 ; COUNT:inst7|DIS[16] ; MAIN:inst8|CS.SRUN0 ; FD2:inst1|Q1 ; 0.000        ; 4.084      ; 2.880      ;
; -1.720 ; MAIN:inst8|CS.SRUN0 ; COUNT:inst7|DIS[17] ; MAIN:inst8|CS.SRUN0 ; FD2:inst1|Q1 ; 0.000        ; 4.085      ; 2.881      ;
; -1.720 ; MAIN:inst8|CS.SRUN0 ; COUNT:inst7|DIS[18] ; MAIN:inst8|CS.SRUN0 ; FD2:inst1|Q1 ; 0.000        ; 4.084      ; 2.880      ;
; -1.720 ; MAIN:inst8|CS.SRUN0 ; COUNT:inst7|CNT[18] ; MAIN:inst8|CS.SRUN0 ; FD2:inst1|Q1 ; 0.000        ; 4.066      ; 2.862      ;
; -1.720 ; MAIN:inst8|CS.SRUN0 ; COUNT:inst7|CNT[23] ; MAIN:inst8|CS.SRUN0 ; FD2:inst1|Q1 ; 0.000        ; 4.019      ; 2.815      ;
; -1.720 ; MAIN:inst8|CS.SRUN0 ; COUNT:inst7|CNT[24] ; MAIN:inst8|CS.SRUN0 ; FD2:inst1|Q1 ; 0.000        ; 4.019      ; 2.815      ;
; -1.720 ; MAIN:inst8|CS.SRUN0 ; COUNT:inst7|CNT[25] ; MAIN:inst8|CS.SRUN0 ; FD2:inst1|Q1 ; 0.000        ; 4.019      ; 2.815      ;
; -1.720 ; MAIN:inst8|CS.SRUN0 ; COUNT:inst7|CNT[26] ; MAIN:inst8|CS.SRUN0 ; FD2:inst1|Q1 ; 0.000        ; 4.019      ; 2.815      ;
; -1.720 ; MAIN:inst8|CS.SRUN0 ; COUNT:inst7|CNT[27] ; MAIN:inst8|CS.SRUN0 ; FD2:inst1|Q1 ; 0.000        ; 4.021      ; 2.817      ;
; -1.720 ; MAIN:inst8|CS.SRUN0 ; COUNT:inst7|CNT[28] ; MAIN:inst8|CS.SRUN0 ; FD2:inst1|Q1 ; 0.000        ; 4.021      ; 2.817      ;
; -1.720 ; MAIN:inst8|CS.SRUN0 ; COUNT:inst7|CNT[29] ; MAIN:inst8|CS.SRUN0 ; FD2:inst1|Q1 ; 0.000        ; 4.021      ; 2.817      ;
; -1.375 ; MAIN:inst8|CS.SRUN0 ; COUNT:inst7|CNT[7]  ; MAIN:inst8|CS.SRUN0 ; FD2:inst1|Q1 ; 0.000        ; 4.062      ; 3.203      ;
; -1.375 ; MAIN:inst8|CS.SRUN0 ; COUNT:inst7|CNT[8]  ; MAIN:inst8|CS.SRUN0 ; FD2:inst1|Q1 ; 0.000        ; 4.062      ; 3.203      ;
; -1.375 ; MAIN:inst8|CS.SRUN0 ; COUNT:inst7|CNT[9]  ; MAIN:inst8|CS.SRUN0 ; FD2:inst1|Q1 ; 0.000        ; 4.062      ; 3.203      ;
; -1.370 ; MAIN:inst8|CS.SRUN0 ; COUNT:inst7|CNT[14] ; MAIN:inst8|CS.SRUN0 ; FD2:inst1|Q1 ; 0.000        ; 4.034      ; 3.180      ;
; -1.370 ; MAIN:inst8|CS.SRUN0 ; COUNT:inst7|CNT[20] ; MAIN:inst8|CS.SRUN0 ; FD2:inst1|Q1 ; 0.000        ; 4.034      ; 3.180      ;
; -1.370 ; MAIN:inst8|CS.SRUN0 ; COUNT:inst7|CNT[22] ; MAIN:inst8|CS.SRUN0 ; FD2:inst1|Q1 ; 0.000        ; 4.034      ; 3.180      ;
; -1.368 ; MAIN:inst8|CS.SRUN0 ; COUNT:inst7|CNT[6]  ; MAIN:inst8|CS.SRUN0 ; FD2:inst1|Q1 ; 0.000        ; 4.046      ; 3.194      ;
; -1.368 ; MAIN:inst8|CS.SRUN0 ; COUNT:inst7|CNT[16] ; MAIN:inst8|CS.SRUN0 ; FD2:inst1|Q1 ; 0.000        ; 4.046      ; 3.194      ;
; -1.359 ; MAIN:inst8|CS.SRUN0 ; COUNT:inst7|CNT[17] ; MAIN:inst8|CS.SRUN0 ; FD2:inst1|Q1 ; 0.000        ; 4.049      ; 3.206      ;
; -1.359 ; MAIN:inst8|CS.SRUN0 ; COUNT:inst7|CNT[19] ; MAIN:inst8|CS.SRUN0 ; FD2:inst1|Q1 ; 0.000        ; 4.049      ; 3.206      ;
; -1.359 ; MAIN:inst8|CS.SRUN0 ; COUNT:inst7|CNT[21] ; MAIN:inst8|CS.SRUN0 ; FD2:inst1|Q1 ; 0.000        ; 4.049      ; 3.206      ;
; -1.337 ; MAIN:inst8|CS.SRUN0 ; COUNT:inst7|CNT[12] ; MAIN:inst8|CS.SRUN0 ; FD2:inst1|Q1 ; 0.000        ; 4.060      ; 3.239      ;
; -1.337 ; MAIN:inst8|CS.SRUN0 ; COUNT:inst7|CNT[13] ; MAIN:inst8|CS.SRUN0 ; FD2:inst1|Q1 ; 0.000        ; 4.060      ; 3.239      ;
; -1.221 ; MAIN:inst8|CS.SRUN0 ; COUNT:inst7|DIS[0]  ; MAIN:inst8|CS.SRUN0 ; FD2:inst1|Q1 ; -0.500       ; 4.078      ; 2.873      ;
; -1.221 ; MAIN:inst8|CS.SRUN0 ; COUNT:inst7|DIS[1]  ; MAIN:inst8|CS.SRUN0 ; FD2:inst1|Q1 ; -0.500       ; 4.088      ; 2.883      ;
; -1.221 ; MAIN:inst8|CS.SRUN0 ; COUNT:inst7|DIS[2]  ; MAIN:inst8|CS.SRUN0 ; FD2:inst1|Q1 ; -0.500       ; 4.078      ; 2.873      ;
; -1.221 ; MAIN:inst8|CS.SRUN0 ; COUNT:inst7|DIS[3]  ; MAIN:inst8|CS.SRUN0 ; FD2:inst1|Q1 ; -0.500       ; 4.080      ; 2.875      ;
; -1.221 ; MAIN:inst8|CS.SRUN0 ; COUNT:inst7|DIS[4]  ; MAIN:inst8|CS.SRUN0 ; FD2:inst1|Q1 ; -0.500       ; 4.080      ; 2.875      ;
; -1.221 ; MAIN:inst8|CS.SRUN0 ; COUNT:inst7|DIS[5]  ; MAIN:inst8|CS.SRUN0 ; FD2:inst1|Q1 ; -0.500       ; 4.080      ; 2.875      ;
; -1.221 ; MAIN:inst8|CS.SRUN0 ; COUNT:inst7|DIS[6]  ; MAIN:inst8|CS.SRUN0 ; FD2:inst1|Q1 ; -0.500       ; 4.080      ; 2.875      ;
; -1.221 ; MAIN:inst8|CS.SRUN0 ; COUNT:inst7|DIS[7]  ; MAIN:inst8|CS.SRUN0 ; FD2:inst1|Q1 ; -0.500       ; 4.080      ; 2.875      ;
; -1.221 ; MAIN:inst8|CS.SRUN0 ; COUNT:inst7|DIS[8]  ; MAIN:inst8|CS.SRUN0 ; FD2:inst1|Q1 ; -0.500       ; 4.080      ; 2.875      ;
; -1.221 ; MAIN:inst8|CS.SRUN0 ; COUNT:inst7|DIS[9]  ; MAIN:inst8|CS.SRUN0 ; FD2:inst1|Q1 ; -0.500       ; 4.080      ; 2.875      ;
; -1.221 ; MAIN:inst8|CS.SRUN0 ; COUNT:inst7|CNT[0]  ; MAIN:inst8|CS.SRUN0 ; FD2:inst1|Q1 ; -0.500       ; 4.075      ; 2.870      ;
; -1.221 ; MAIN:inst8|CS.SRUN0 ; COUNT:inst7|CNT[1]  ; MAIN:inst8|CS.SRUN0 ; FD2:inst1|Q1 ; -0.500       ; 4.069      ; 2.864      ;
; -1.221 ; MAIN:inst8|CS.SRUN0 ; COUNT:inst7|CNT[2]  ; MAIN:inst8|CS.SRUN0 ; FD2:inst1|Q1 ; -0.500       ; 4.075      ; 2.870      ;
; -1.221 ; MAIN:inst8|CS.SRUN0 ; COUNT:inst7|CNT[3]  ; MAIN:inst8|CS.SRUN0 ; FD2:inst1|Q1 ; -0.500       ; 4.074      ; 2.869      ;
; -1.221 ; MAIN:inst8|CS.SRUN0 ; COUNT:inst7|CNT[4]  ; MAIN:inst8|CS.SRUN0 ; FD2:inst1|Q1 ; -0.500       ; 4.074      ; 2.869      ;
; -1.221 ; MAIN:inst8|CS.SRUN0 ; COUNT:inst7|CNT[5]  ; MAIN:inst8|CS.SRUN0 ; FD2:inst1|Q1 ; -0.500       ; 4.074      ; 2.869      ;
; -1.221 ; MAIN:inst8|CS.SRUN0 ; COUNT:inst7|CNT[10] ; MAIN:inst8|CS.SRUN0 ; FD2:inst1|Q1 ; -0.500       ; 4.069      ; 2.864      ;
; -1.221 ; MAIN:inst8|CS.SRUN0 ; COUNT:inst7|CNT[11] ; MAIN:inst8|CS.SRUN0 ; FD2:inst1|Q1 ; -0.500       ; 4.074      ; 2.869      ;
; -1.221 ; MAIN:inst8|CS.SRUN0 ; COUNT:inst7|CNT[15] ; MAIN:inst8|CS.SRUN0 ; FD2:inst1|Q1 ; -0.500       ; 4.061      ; 2.856      ;
; -1.220 ; MAIN:inst8|CS.SRUN0 ; COUNT:inst7|DIS[10] ; MAIN:inst8|CS.SRUN0 ; FD2:inst1|Q1 ; -0.500       ; 4.084      ; 2.880      ;
; -1.220 ; MAIN:inst8|CS.SRUN0 ; COUNT:inst7|DIS[11] ; MAIN:inst8|CS.SRUN0 ; FD2:inst1|Q1 ; -0.500       ; 4.085      ; 2.881      ;
; -1.220 ; MAIN:inst8|CS.SRUN0 ; COUNT:inst7|DIS[12] ; MAIN:inst8|CS.SRUN0 ; FD2:inst1|Q1 ; -0.500       ; 4.084      ; 2.880      ;
; -1.220 ; MAIN:inst8|CS.SRUN0 ; COUNT:inst7|DIS[13] ; MAIN:inst8|CS.SRUN0 ; FD2:inst1|Q1 ; -0.500       ; 4.084      ; 2.880      ;
; -1.220 ; MAIN:inst8|CS.SRUN0 ; COUNT:inst7|DIS[14] ; MAIN:inst8|CS.SRUN0 ; FD2:inst1|Q1 ; -0.500       ; 4.084      ; 2.880      ;
; -1.220 ; MAIN:inst8|CS.SRUN0 ; COUNT:inst7|DIS[15] ; MAIN:inst8|CS.SRUN0 ; FD2:inst1|Q1 ; -0.500       ; 4.084      ; 2.880      ;
; -1.220 ; MAIN:inst8|CS.SRUN0 ; COUNT:inst7|DIS[16] ; MAIN:inst8|CS.SRUN0 ; FD2:inst1|Q1 ; -0.500       ; 4.084      ; 2.880      ;
; -1.220 ; MAIN:inst8|CS.SRUN0 ; COUNT:inst7|DIS[17] ; MAIN:inst8|CS.SRUN0 ; FD2:inst1|Q1 ; -0.500       ; 4.085      ; 2.881      ;
; -1.220 ; MAIN:inst8|CS.SRUN0 ; COUNT:inst7|DIS[18] ; MAIN:inst8|CS.SRUN0 ; FD2:inst1|Q1 ; -0.500       ; 4.084      ; 2.880      ;
; -1.220 ; MAIN:inst8|CS.SRUN0 ; COUNT:inst7|CNT[18] ; MAIN:inst8|CS.SRUN0 ; FD2:inst1|Q1 ; -0.500       ; 4.066      ; 2.862      ;
; -1.220 ; MAIN:inst8|CS.SRUN0 ; COUNT:inst7|CNT[23] ; MAIN:inst8|CS.SRUN0 ; FD2:inst1|Q1 ; -0.500       ; 4.019      ; 2.815      ;
; -1.220 ; MAIN:inst8|CS.SRUN0 ; COUNT:inst7|CNT[24] ; MAIN:inst8|CS.SRUN0 ; FD2:inst1|Q1 ; -0.500       ; 4.019      ; 2.815      ;
; -1.220 ; MAIN:inst8|CS.SRUN0 ; COUNT:inst7|CNT[25] ; MAIN:inst8|CS.SRUN0 ; FD2:inst1|Q1 ; -0.500       ; 4.019      ; 2.815      ;
; -1.220 ; MAIN:inst8|CS.SRUN0 ; COUNT:inst7|CNT[26] ; MAIN:inst8|CS.SRUN0 ; FD2:inst1|Q1 ; -0.500       ; 4.019      ; 2.815      ;
; -1.220 ; MAIN:inst8|CS.SRUN0 ; COUNT:inst7|CNT[27] ; MAIN:inst8|CS.SRUN0 ; FD2:inst1|Q1 ; -0.500       ; 4.021      ; 2.817      ;
; -1.220 ; MAIN:inst8|CS.SRUN0 ; COUNT:inst7|CNT[28] ; MAIN:inst8|CS.SRUN0 ; FD2:inst1|Q1 ; -0.500       ; 4.021      ; 2.817      ;
; -1.220 ; MAIN:inst8|CS.SRUN0 ; COUNT:inst7|CNT[29] ; MAIN:inst8|CS.SRUN0 ; FD2:inst1|Q1 ; -0.500       ; 4.021      ; 2.817      ;
; -0.875 ; MAIN:inst8|CS.SRUN0 ; COUNT:inst7|CNT[7]  ; MAIN:inst8|CS.SRUN0 ; FD2:inst1|Q1 ; -0.500       ; 4.062      ; 3.203      ;
; -0.875 ; MAIN:inst8|CS.SRUN0 ; COUNT:inst7|CNT[8]  ; MAIN:inst8|CS.SRUN0 ; FD2:inst1|Q1 ; -0.500       ; 4.062      ; 3.203      ;
; -0.875 ; MAIN:inst8|CS.SRUN0 ; COUNT:inst7|CNT[9]  ; MAIN:inst8|CS.SRUN0 ; FD2:inst1|Q1 ; -0.500       ; 4.062      ; 3.203      ;
; -0.870 ; MAIN:inst8|CS.SRUN0 ; COUNT:inst7|CNT[14] ; MAIN:inst8|CS.SRUN0 ; FD2:inst1|Q1 ; -0.500       ; 4.034      ; 3.180      ;
; -0.870 ; MAIN:inst8|CS.SRUN0 ; COUNT:inst7|CNT[20] ; MAIN:inst8|CS.SRUN0 ; FD2:inst1|Q1 ; -0.500       ; 4.034      ; 3.180      ;
; -0.870 ; MAIN:inst8|CS.SRUN0 ; COUNT:inst7|CNT[22] ; MAIN:inst8|CS.SRUN0 ; FD2:inst1|Q1 ; -0.500       ; 4.034      ; 3.180      ;
; -0.868 ; MAIN:inst8|CS.SRUN0 ; COUNT:inst7|CNT[6]  ; MAIN:inst8|CS.SRUN0 ; FD2:inst1|Q1 ; -0.500       ; 4.046      ; 3.194      ;
; -0.868 ; MAIN:inst8|CS.SRUN0 ; COUNT:inst7|CNT[16] ; MAIN:inst8|CS.SRUN0 ; FD2:inst1|Q1 ; -0.500       ; 4.046      ; 3.194      ;
; -0.859 ; MAIN:inst8|CS.SRUN0 ; COUNT:inst7|CNT[17] ; MAIN:inst8|CS.SRUN0 ; FD2:inst1|Q1 ; -0.500       ; 4.049      ; 3.206      ;
; -0.859 ; MAIN:inst8|CS.SRUN0 ; COUNT:inst7|CNT[19] ; MAIN:inst8|CS.SRUN0 ; FD2:inst1|Q1 ; -0.500       ; 4.049      ; 3.206      ;
; -0.859 ; MAIN:inst8|CS.SRUN0 ; COUNT:inst7|CNT[21] ; MAIN:inst8|CS.SRUN0 ; FD2:inst1|Q1 ; -0.500       ; 4.049      ; 3.206      ;
; -0.837 ; MAIN:inst8|CS.SRUN0 ; COUNT:inst7|CNT[12] ; MAIN:inst8|CS.SRUN0 ; FD2:inst1|Q1 ; -0.500       ; 4.060      ; 3.239      ;
; -0.837 ; MAIN:inst8|CS.SRUN0 ; COUNT:inst7|CNT[13] ; MAIN:inst8|CS.SRUN0 ; FD2:inst1|Q1 ; -0.500       ; 4.060      ; 3.239      ;
+--------+---------------------+---------------------+---------------------+--------------+--------------+------------+------------+


+------------------------------------------------------------------------------------------------------------------------+
; Slow Model Removal: 'FD:inst|Q1'                                                                                       ;
+--------+--------------------+--------------+--------------------+-------------+--------------+------------+------------+
; Slack  ; From Node          ; To Node      ; Launch Clock       ; Latch Clock ; Relationship ; Clock Skew ; Data Delay ;
+--------+--------------------+--------------+--------------------+-------------+--------------+------------+------------+
; -1.294 ; MAIN:inst8|CS.SCT1 ; FD2:inst1|Q1 ; MAIN:inst8|CS.SCT1 ; FD:inst|Q1  ; 0.000        ; 3.355      ; 2.577      ;
; -1.260 ; MAIN:inst8|CS.SCT0 ; FD2:inst1|Q1 ; MAIN:inst8|CS.SCT0 ; FD:inst|Q1  ; 0.000        ; 3.355      ; 2.611      ;
; -0.794 ; MAIN:inst8|CS.SCT1 ; FD2:inst1|Q1 ; MAIN:inst8|CS.SCT1 ; FD:inst|Q1  ; -0.500       ; 3.355      ; 2.577      ;
; -0.760 ; MAIN:inst8|CS.SCT0 ; FD2:inst1|Q1 ; MAIN:inst8|CS.SCT0 ; FD:inst|Q1  ; -0.500       ; 3.355      ; 2.611      ;
+--------+--------------------+--------------+--------------------+-------------+--------------+------------+------------+


+-------------------------------------------------------------------------------------------------------+
; Slow Model Minimum Pulse Width: 'CLK'                                                                 ;
+--------+--------------+----------------+------------------+-------+------------+----------------------+
; Slack  ; Actual Width ; Required Width ; Type             ; Clock ; Clock Edge ; Target               ;
+--------+--------------+----------------+------------------+-------+------------+----------------------+
; -1.380 ; 1.000        ; 2.380          ; Port Rate        ; CLK   ; Rise       ; CLK                  ;
; -0.500 ; 0.500        ; 1.000          ; High Pulse Width ; CLK   ; Rise       ; FD:inst|Q1           ;
; -0.500 ; 0.500        ; 1.000          ; Low Pulse Width  ; CLK   ; Rise       ; FD:inst|Q1           ;
; -0.500 ; 0.500        ; 1.000          ; High Pulse Width ; CLK   ; Rise       ; FD:inst|TEMP1[0]     ;
; -0.500 ; 0.500        ; 1.000          ; Low Pulse Width  ; CLK   ; Rise       ; FD:inst|TEMP1[0]     ;
; -0.500 ; 0.500        ; 1.000          ; High Pulse Width ; CLK   ; Rise       ; FD:inst|TEMP1[10]    ;
; -0.500 ; 0.500        ; 1.000          ; Low Pulse Width  ; CLK   ; Rise       ; FD:inst|TEMP1[10]    ;
; -0.500 ; 0.500        ; 1.000          ; High Pulse Width ; CLK   ; Rise       ; FD:inst|TEMP1[11]    ;
; -0.500 ; 0.500        ; 1.000          ; Low Pulse Width  ; CLK   ; Rise       ; FD:inst|TEMP1[11]    ;
; -0.500 ; 0.500        ; 1.000          ; High Pulse Width ; CLK   ; Rise       ; FD:inst|TEMP1[12]    ;
; -0.500 ; 0.500        ; 1.000          ; Low Pulse Width  ; CLK   ; Rise       ; FD:inst|TEMP1[12]    ;
; -0.500 ; 0.500        ; 1.000          ; High Pulse Width ; CLK   ; Rise       ; FD:inst|TEMP1[13]    ;
; -0.500 ; 0.500        ; 1.000          ; Low Pulse Width  ; CLK   ; Rise       ; FD:inst|TEMP1[13]    ;
; -0.500 ; 0.500        ; 1.000          ; High Pulse Width ; CLK   ; Rise       ; FD:inst|TEMP1[14]    ;
; -0.500 ; 0.500        ; 1.000          ; Low Pulse Width  ; CLK   ; Rise       ; FD:inst|TEMP1[14]    ;
; -0.500 ; 0.500        ; 1.000          ; High Pulse Width ; CLK   ; Rise       ; FD:inst|TEMP1[15]    ;
; -0.500 ; 0.500        ; 1.000          ; Low Pulse Width  ; CLK   ; Rise       ; FD:inst|TEMP1[15]    ;
; -0.500 ; 0.500        ; 1.000          ; High Pulse Width ; CLK   ; Rise       ; FD:inst|TEMP1[16]    ;
; -0.500 ; 0.500        ; 1.000          ; Low Pulse Width  ; CLK   ; Rise       ; FD:inst|TEMP1[16]    ;
; -0.500 ; 0.500        ; 1.000          ; High Pulse Width ; CLK   ; Rise       ; FD:inst|TEMP1[17]    ;
; -0.500 ; 0.500        ; 1.000          ; Low Pulse Width  ; CLK   ; Rise       ; FD:inst|TEMP1[17]    ;
; -0.500 ; 0.500        ; 1.000          ; High Pulse Width ; CLK   ; Rise       ; FD:inst|TEMP1[18]    ;
; -0.500 ; 0.500        ; 1.000          ; Low Pulse Width  ; CLK   ; Rise       ; FD:inst|TEMP1[18]    ;
; -0.500 ; 0.500        ; 1.000          ; High Pulse Width ; CLK   ; Rise       ; FD:inst|TEMP1[19]    ;
; -0.500 ; 0.500        ; 1.000          ; Low Pulse Width  ; CLK   ; Rise       ; FD:inst|TEMP1[19]    ;
; -0.500 ; 0.500        ; 1.000          ; High Pulse Width ; CLK   ; Rise       ; FD:inst|TEMP1[1]     ;
; -0.500 ; 0.500        ; 1.000          ; Low Pulse Width  ; CLK   ; Rise       ; FD:inst|TEMP1[1]     ;
; -0.500 ; 0.500        ; 1.000          ; High Pulse Width ; CLK   ; Rise       ; FD:inst|TEMP1[20]    ;
; -0.500 ; 0.500        ; 1.000          ; Low Pulse Width  ; CLK   ; Rise       ; FD:inst|TEMP1[20]    ;
; -0.500 ; 0.500        ; 1.000          ; High Pulse Width ; CLK   ; Rise       ; FD:inst|TEMP1[21]    ;
; -0.500 ; 0.500        ; 1.000          ; Low Pulse Width  ; CLK   ; Rise       ; FD:inst|TEMP1[21]    ;
; -0.500 ; 0.500        ; 1.000          ; High Pulse Width ; CLK   ; Rise       ; FD:inst|TEMP1[22]    ;
; -0.500 ; 0.500        ; 1.000          ; Low Pulse Width  ; CLK   ; Rise       ; FD:inst|TEMP1[22]    ;
; -0.500 ; 0.500        ; 1.000          ; High Pulse Width ; CLK   ; Rise       ; FD:inst|TEMP1[2]     ;
; -0.500 ; 0.500        ; 1.000          ; Low Pulse Width  ; CLK   ; Rise       ; FD:inst|TEMP1[2]     ;
; -0.500 ; 0.500        ; 1.000          ; High Pulse Width ; CLK   ; Rise       ; FD:inst|TEMP1[3]     ;
; -0.500 ; 0.500        ; 1.000          ; Low Pulse Width  ; CLK   ; Rise       ; FD:inst|TEMP1[3]     ;
; -0.500 ; 0.500        ; 1.000          ; High Pulse Width ; CLK   ; Rise       ; FD:inst|TEMP1[4]     ;
; -0.500 ; 0.500        ; 1.000          ; Low Pulse Width  ; CLK   ; Rise       ; FD:inst|TEMP1[4]     ;
; -0.500 ; 0.500        ; 1.000          ; High Pulse Width ; CLK   ; Rise       ; FD:inst|TEMP1[5]     ;
; -0.500 ; 0.500        ; 1.000          ; Low Pulse Width  ; CLK   ; Rise       ; FD:inst|TEMP1[5]     ;
; -0.500 ; 0.500        ; 1.000          ; High Pulse Width ; CLK   ; Rise       ; FD:inst|TEMP1[6]     ;
; -0.500 ; 0.500        ; 1.000          ; Low Pulse Width  ; CLK   ; Rise       ; FD:inst|TEMP1[6]     ;
; -0.500 ; 0.500        ; 1.000          ; High Pulse Width ; CLK   ; Rise       ; FD:inst|TEMP1[7]     ;
; -0.500 ; 0.500        ; 1.000          ; Low Pulse Width  ; CLK   ; Rise       ; FD:inst|TEMP1[7]     ;
; -0.500 ; 0.500        ; 1.000          ; High Pulse Width ; CLK   ; Rise       ; FD:inst|TEMP1[8]     ;
; -0.500 ; 0.500        ; 1.000          ; Low Pulse Width  ; CLK   ; Rise       ; FD:inst|TEMP1[8]     ;
; -0.500 ; 0.500        ; 1.000          ; High Pulse Width ; CLK   ; Rise       ; FD:inst|TEMP1[9]     ;
; -0.500 ; 0.500        ; 1.000          ; Low Pulse Width  ; CLK   ; Rise       ; FD:inst|TEMP1[9]     ;
; 0.500  ; 0.500        ; 0.000          ; High Pulse Width ; CLK   ; Rise       ; CLK|combout          ;
; 0.500  ; 0.500        ; 0.000          ; Low Pulse Width  ; CLK   ; Rise       ; CLK|combout          ;
; 0.500  ; 0.500        ; 0.000          ; High Pulse Width ; CLK   ; Rise       ; CLK~clkctrl|inclk[0] ;
; 0.500  ; 0.500        ; 0.000          ; Low Pulse Width  ; CLK   ; Rise       ; CLK~clkctrl|inclk[0] ;
; 0.500  ; 0.500        ; 0.000          ; High Pulse Width ; CLK   ; Rise       ; CLK~clkctrl|outclk   ;
; 0.500  ; 0.500        ; 0.000          ; Low Pulse Width  ; CLK   ; Rise       ; CLK~clkctrl|outclk   ;
; 0.500  ; 0.500        ; 0.000          ; High Pulse Width ; CLK   ; Rise       ; inst|Q1|clk          ;
; 0.500  ; 0.500        ; 0.000          ; Low Pulse Width  ; CLK   ; Rise       ; inst|Q1|clk          ;
; 0.500  ; 0.500        ; 0.000          ; High Pulse Width ; CLK   ; Rise       ; inst|TEMP1[0]|clk    ;
; 0.500  ; 0.500        ; 0.000          ; Low Pulse Width  ; CLK   ; Rise       ; inst|TEMP1[0]|clk    ;
; 0.500  ; 0.500        ; 0.000          ; High Pulse Width ; CLK   ; Rise       ; inst|TEMP1[10]|clk   ;
; 0.500  ; 0.500        ; 0.000          ; Low Pulse Width  ; CLK   ; Rise       ; inst|TEMP1[10]|clk   ;
; 0.500  ; 0.500        ; 0.000          ; High Pulse Width ; CLK   ; Rise       ; inst|TEMP1[11]|clk   ;
; 0.500  ; 0.500        ; 0.000          ; Low Pulse Width  ; CLK   ; Rise       ; inst|TEMP1[11]|clk   ;
; 0.500  ; 0.500        ; 0.000          ; High Pulse Width ; CLK   ; Rise       ; inst|TEMP1[12]|clk   ;
; 0.500  ; 0.500        ; 0.000          ; Low Pulse Width  ; CLK   ; Rise       ; inst|TEMP1[12]|clk   ;
; 0.500  ; 0.500        ; 0.000          ; High Pulse Width ; CLK   ; Rise       ; inst|TEMP1[13]|clk   ;
; 0.500  ; 0.500        ; 0.000          ; Low Pulse Width  ; CLK   ; Rise       ; inst|TEMP1[13]|clk   ;
; 0.500  ; 0.500        ; 0.000          ; High Pulse Width ; CLK   ; Rise       ; inst|TEMP1[14]|clk   ;
; 0.500  ; 0.500        ; 0.000          ; Low Pulse Width  ; CLK   ; Rise       ; inst|TEMP1[14]|clk   ;
; 0.500  ; 0.500        ; 0.000          ; High Pulse Width ; CLK   ; Rise       ; inst|TEMP1[15]|clk   ;
; 0.500  ; 0.500        ; 0.000          ; Low Pulse Width  ; CLK   ; Rise       ; inst|TEMP1[15]|clk   ;
; 0.500  ; 0.500        ; 0.000          ; High Pulse Width ; CLK   ; Rise       ; inst|TEMP1[16]|clk   ;
; 0.500  ; 0.500        ; 0.000          ; Low Pulse Width  ; CLK   ; Rise       ; inst|TEMP1[16]|clk   ;
; 0.500  ; 0.500        ; 0.000          ; High Pulse Width ; CLK   ; Rise       ; inst|TEMP1[17]|clk   ;
; 0.500  ; 0.500        ; 0.000          ; Low Pulse Width  ; CLK   ; Rise       ; inst|TEMP1[17]|clk   ;
; 0.500  ; 0.500        ; 0.000          ; High Pulse Width ; CLK   ; Rise       ; inst|TEMP1[18]|clk   ;
; 0.500  ; 0.500        ; 0.000          ; Low Pulse Width  ; CLK   ; Rise       ; inst|TEMP1[18]|clk   ;
; 0.500  ; 0.500        ; 0.000          ; High Pulse Width ; CLK   ; Rise       ; inst|TEMP1[19]|clk   ;
; 0.500  ; 0.500        ; 0.000          ; Low Pulse Width  ; CLK   ; Rise       ; inst|TEMP1[19]|clk   ;
; 0.500  ; 0.500        ; 0.000          ; High Pulse Width ; CLK   ; Rise       ; inst|TEMP1[1]|clk    ;
; 0.500  ; 0.500        ; 0.000          ; Low Pulse Width  ; CLK   ; Rise       ; inst|TEMP1[1]|clk    ;
; 0.500  ; 0.500        ; 0.000          ; High Pulse Width ; CLK   ; Rise       ; inst|TEMP1[20]|clk   ;
; 0.500  ; 0.500        ; 0.000          ; Low Pulse Width  ; CLK   ; Rise       ; inst|TEMP1[20]|clk   ;
; 0.500  ; 0.500        ; 0.000          ; High Pulse Width ; CLK   ; Rise       ; inst|TEMP1[21]|clk   ;
; 0.500  ; 0.500        ; 0.000          ; Low Pulse Width  ; CLK   ; Rise       ; inst|TEMP1[21]|clk   ;
; 0.500  ; 0.500        ; 0.000          ; High Pulse Width ; CLK   ; Rise       ; inst|TEMP1[22]|clk   ;
; 0.500  ; 0.500        ; 0.000          ; Low Pulse Width  ; CLK   ; Rise       ; inst|TEMP1[22]|clk   ;
; 0.500  ; 0.500        ; 0.000          ; High Pulse Width ; CLK   ; Rise       ; inst|TEMP1[2]|clk    ;
; 0.500  ; 0.500        ; 0.000          ; Low Pulse Width  ; CLK   ; Rise       ; inst|TEMP1[2]|clk    ;
; 0.500  ; 0.500        ; 0.000          ; High Pulse Width ; CLK   ; Rise       ; inst|TEMP1[3]|clk    ;
; 0.500  ; 0.500        ; 0.000          ; Low Pulse Width  ; CLK   ; Rise       ; inst|TEMP1[3]|clk    ;
; 0.500  ; 0.500        ; 0.000          ; High Pulse Width ; CLK   ; Rise       ; inst|TEMP1[4]|clk    ;
; 0.500  ; 0.500        ; 0.000          ; Low Pulse Width  ; CLK   ; Rise       ; inst|TEMP1[4]|clk    ;
; 0.500  ; 0.500        ; 0.000          ; High Pulse Width ; CLK   ; Rise       ; inst|TEMP1[5]|clk    ;
; 0.500  ; 0.500        ; 0.000          ; Low Pulse Width  ; CLK   ; Rise       ; inst|TEMP1[5]|clk    ;
; 0.500  ; 0.500        ; 0.000          ; High Pulse Width ; CLK   ; Rise       ; inst|TEMP1[6]|clk    ;
; 0.500  ; 0.500        ; 0.000          ; Low Pulse Width  ; CLK   ; Rise       ; inst|TEMP1[6]|clk    ;
; 0.500  ; 0.500        ; 0.000          ; High Pulse Width ; CLK   ; Rise       ; inst|TEMP1[7]|clk    ;
; 0.500  ; 0.500        ; 0.000          ; Low Pulse Width  ; CLK   ; Rise       ; inst|TEMP1[7]|clk    ;
; 0.500  ; 0.500        ; 0.000          ; High Pulse Width ; CLK   ; Rise       ; inst|TEMP1[8]|clk    ;
+--------+--------------+----------------+------------------+-------+------------+----------------------+


+--------------------------------------------------------------------------------------------------------------+
; Slow Model Minimum Pulse Width: 'CT0'                                                                        ;
+--------+--------------+----------------+------------------+-------+------------+-----------------------------+
; Slack  ; Actual Width ; Required Width ; Type             ; Clock ; Clock Edge ; Target                      ;
+--------+--------------+----------------+------------------+-------+------------+-----------------------------+
; -1.222 ; 1.000        ; 2.222          ; Port Rate        ; CT0   ; Rise       ; CT0                         ;
; -0.500 ; 0.500        ; 1.000          ; High Pulse Width ; CT0   ; Rise       ; CLOCK_H:inst4|CNT0[0]       ;
; -0.500 ; 0.500        ; 1.000          ; Low Pulse Width  ; CT0   ; Rise       ; CLOCK_H:inst4|CNT0[0]       ;
; -0.500 ; 0.500        ; 1.000          ; High Pulse Width ; CT0   ; Rise       ; CLOCK_H:inst4|CNT0[1]       ;
; -0.500 ; 0.500        ; 1.000          ; Low Pulse Width  ; CT0   ; Rise       ; CLOCK_H:inst4|CNT0[1]       ;
; -0.500 ; 0.500        ; 1.000          ; High Pulse Width ; CT0   ; Rise       ; CLOCK_H:inst4|CNT0[2]       ;
; -0.500 ; 0.500        ; 1.000          ; Low Pulse Width  ; CT0   ; Rise       ; CLOCK_H:inst4|CNT0[2]       ;
; -0.500 ; 0.500        ; 1.000          ; High Pulse Width ; CT0   ; Rise       ; CLOCK_H:inst4|CNT0[3]       ;
; -0.500 ; 0.500        ; 1.000          ; Low Pulse Width  ; CT0   ; Rise       ; CLOCK_H:inst4|CNT0[3]       ;
; -0.500 ; 0.500        ; 1.000          ; High Pulse Width ; CT0   ; Rise       ; CLOCK_H:inst4|CNT1[0]       ;
; -0.500 ; 0.500        ; 1.000          ; Low Pulse Width  ; CT0   ; Rise       ; CLOCK_H:inst4|CNT1[0]       ;
; -0.500 ; 0.500        ; 1.000          ; High Pulse Width ; CT0   ; Rise       ; CLOCK_H:inst4|CNT1[1]       ;
; -0.500 ; 0.500        ; 1.000          ; Low Pulse Width  ; CT0   ; Rise       ; CLOCK_H:inst4|CNT1[1]       ;
; -0.500 ; 0.500        ; 1.000          ; High Pulse Width ; CT0   ; Rise       ; CLOCK_H:inst4|CNT1[2]       ;
; -0.500 ; 0.500        ; 1.000          ; Low Pulse Width  ; CT0   ; Rise       ; CLOCK_H:inst4|CNT1[2]       ;
; -0.500 ; 0.500        ; 1.000          ; High Pulse Width ; CT0   ; Rise       ; CLOCK_H:inst4|CNT1[3]       ;
; -0.500 ; 0.500        ; 1.000          ; Low Pulse Width  ; CT0   ; Rise       ; CLOCK_H:inst4|CNT1[3]       ;
; -0.500 ; 0.500        ; 1.000          ; High Pulse Width ; CT0   ; Rise       ; CLOCK_M:inst3|CNT0[0]       ;
; -0.500 ; 0.500        ; 1.000          ; Low Pulse Width  ; CT0   ; Rise       ; CLOCK_M:inst3|CNT0[0]       ;
; -0.500 ; 0.500        ; 1.000          ; High Pulse Width ; CT0   ; Rise       ; CLOCK_M:inst3|CNT0[1]       ;
; -0.500 ; 0.500        ; 1.000          ; Low Pulse Width  ; CT0   ; Rise       ; CLOCK_M:inst3|CNT0[1]       ;
; -0.500 ; 0.500        ; 1.000          ; High Pulse Width ; CT0   ; Rise       ; CLOCK_M:inst3|CNT0[2]       ;
; -0.500 ; 0.500        ; 1.000          ; Low Pulse Width  ; CT0   ; Rise       ; CLOCK_M:inst3|CNT0[2]       ;
; -0.500 ; 0.500        ; 1.000          ; High Pulse Width ; CT0   ; Rise       ; CLOCK_M:inst3|CNT0[3]       ;
; -0.500 ; 0.500        ; 1.000          ; Low Pulse Width  ; CT0   ; Rise       ; CLOCK_M:inst3|CNT0[3]       ;
; -0.500 ; 0.500        ; 1.000          ; High Pulse Width ; CT0   ; Rise       ; CLOCK_M:inst3|CNT1[0]       ;
; -0.500 ; 0.500        ; 1.000          ; Low Pulse Width  ; CT0   ; Rise       ; CLOCK_M:inst3|CNT1[0]       ;
; -0.500 ; 0.500        ; 1.000          ; High Pulse Width ; CT0   ; Rise       ; CLOCK_M:inst3|CNT1[1]       ;
; -0.500 ; 0.500        ; 1.000          ; Low Pulse Width  ; CT0   ; Rise       ; CLOCK_M:inst3|CNT1[1]       ;
; -0.500 ; 0.500        ; 1.000          ; High Pulse Width ; CT0   ; Rise       ; CLOCK_M:inst3|CNT1[2]       ;
; -0.500 ; 0.500        ; 1.000          ; Low Pulse Width  ; CT0   ; Rise       ; CLOCK_M:inst3|CNT1[2]       ;
; -0.500 ; 0.500        ; 1.000          ; High Pulse Width ; CT0   ; Rise       ; CLOCK_M:inst3|CNT1[3]       ;
; -0.500 ; 0.500        ; 1.000          ; Low Pulse Width  ; CT0   ; Rise       ; CLOCK_M:inst3|CNT1[3]       ;
; -0.500 ; 0.500        ; 1.000          ; High Pulse Width ; CT0   ; Rise       ; CLOCK_M:inst3|cout          ;
; -0.500 ; 0.500        ; 1.000          ; Low Pulse Width  ; CT0   ; Rise       ; CLOCK_M:inst3|cout          ;
; 0.500  ; 0.500        ; 0.000          ; High Pulse Width ; CT0   ; Rise       ; CT0|combout                 ;
; 0.500  ; 0.500        ; 0.000          ; Low Pulse Width  ; CT0   ; Rise       ; CT0|combout                 ;
; 0.500  ; 0.500        ; 0.000          ; High Pulse Width ; CT0   ; Rise       ; inst3|CNT0[0]|clk           ;
; 0.500  ; 0.500        ; 0.000          ; Low Pulse Width  ; CT0   ; Rise       ; inst3|CNT0[0]|clk           ;
; 0.500  ; 0.500        ; 0.000          ; High Pulse Width ; CT0   ; Rise       ; inst3|CNT0[1]|clk           ;
; 0.500  ; 0.500        ; 0.000          ; Low Pulse Width  ; CT0   ; Rise       ; inst3|CNT0[1]|clk           ;
; 0.500  ; 0.500        ; 0.000          ; High Pulse Width ; CT0   ; Rise       ; inst3|CNT0[2]|clk           ;
; 0.500  ; 0.500        ; 0.000          ; Low Pulse Width  ; CT0   ; Rise       ; inst3|CNT0[2]|clk           ;
; 0.500  ; 0.500        ; 0.000          ; High Pulse Width ; CT0   ; Rise       ; inst3|CNT0[3]|clk           ;
; 0.500  ; 0.500        ; 0.000          ; Low Pulse Width  ; CT0   ; Rise       ; inst3|CNT0[3]|clk           ;
; 0.500  ; 0.500        ; 0.000          ; High Pulse Width ; CT0   ; Rise       ; inst3|CNT1[0]|clk           ;
; 0.500  ; 0.500        ; 0.000          ; Low Pulse Width  ; CT0   ; Rise       ; inst3|CNT1[0]|clk           ;
; 0.500  ; 0.500        ; 0.000          ; High Pulse Width ; CT0   ; Rise       ; inst3|CNT1[1]|clk           ;
; 0.500  ; 0.500        ; 0.000          ; Low Pulse Width  ; CT0   ; Rise       ; inst3|CNT1[1]|clk           ;
; 0.500  ; 0.500        ; 0.000          ; High Pulse Width ; CT0   ; Rise       ; inst3|CNT1[2]|clk           ;
; 0.500  ; 0.500        ; 0.000          ; Low Pulse Width  ; CT0   ; Rise       ; inst3|CNT1[2]|clk           ;
; 0.500  ; 0.500        ; 0.000          ; High Pulse Width ; CT0   ; Rise       ; inst3|CNT1[3]|clk           ;
; 0.500  ; 0.500        ; 0.000          ; Low Pulse Width  ; CT0   ; Rise       ; inst3|CNT1[3]|clk           ;
; 0.500  ; 0.500        ; 0.000          ; High Pulse Width ; CT0   ; Rise       ; inst3|MCLK|combout          ;
; 0.500  ; 0.500        ; 0.000          ; Low Pulse Width  ; CT0   ; Rise       ; inst3|MCLK|combout          ;
; 0.500  ; 0.500        ; 0.000          ; High Pulse Width ; CT0   ; Rise       ; inst3|MCLK|datac            ;
; 0.500  ; 0.500        ; 0.000          ; Low Pulse Width  ; CT0   ; Rise       ; inst3|MCLK|datac            ;
; 0.500  ; 0.500        ; 0.000          ; High Pulse Width ; CT0   ; Rise       ; inst3|MCLK~clkctrl|inclk[0] ;
; 0.500  ; 0.500        ; 0.000          ; Low Pulse Width  ; CT0   ; Rise       ; inst3|MCLK~clkctrl|inclk[0] ;
; 0.500  ; 0.500        ; 0.000          ; High Pulse Width ; CT0   ; Rise       ; inst3|MCLK~clkctrl|outclk   ;
; 0.500  ; 0.500        ; 0.000          ; Low Pulse Width  ; CT0   ; Rise       ; inst3|MCLK~clkctrl|outclk   ;
; 0.500  ; 0.500        ; 0.000          ; High Pulse Width ; CT0   ; Rise       ; inst3|cout|clk              ;
; 0.500  ; 0.500        ; 0.000          ; Low Pulse Width  ; CT0   ; Rise       ; inst3|cout|clk              ;
; 0.500  ; 0.500        ; 0.000          ; High Pulse Width ; CT0   ; Rise       ; inst4|CNT0[0]|clk           ;
; 0.500  ; 0.500        ; 0.000          ; Low Pulse Width  ; CT0   ; Rise       ; inst4|CNT0[0]|clk           ;
; 0.500  ; 0.500        ; 0.000          ; High Pulse Width ; CT0   ; Rise       ; inst4|CNT0[1]|clk           ;
; 0.500  ; 0.500        ; 0.000          ; Low Pulse Width  ; CT0   ; Rise       ; inst4|CNT0[1]|clk           ;
; 0.500  ; 0.500        ; 0.000          ; High Pulse Width ; CT0   ; Rise       ; inst4|CNT0[2]|clk           ;
; 0.500  ; 0.500        ; 0.000          ; Low Pulse Width  ; CT0   ; Rise       ; inst4|CNT0[2]|clk           ;
; 0.500  ; 0.500        ; 0.000          ; High Pulse Width ; CT0   ; Rise       ; inst4|CNT0[3]|clk           ;
; 0.500  ; 0.500        ; 0.000          ; Low Pulse Width  ; CT0   ; Rise       ; inst4|CNT0[3]|clk           ;
; 0.500  ; 0.500        ; 0.000          ; High Pulse Width ; CT0   ; Rise       ; inst4|CNT1[0]|clk           ;
; 0.500  ; 0.500        ; 0.000          ; Low Pulse Width  ; CT0   ; Rise       ; inst4|CNT1[0]|clk           ;
; 0.500  ; 0.500        ; 0.000          ; High Pulse Width ; CT0   ; Rise       ; inst4|CNT1[1]|clk           ;
; 0.500  ; 0.500        ; 0.000          ; Low Pulse Width  ; CT0   ; Rise       ; inst4|CNT1[1]|clk           ;
; 0.500  ; 0.500        ; 0.000          ; High Pulse Width ; CT0   ; Rise       ; inst4|CNT1[2]|clk           ;
; 0.500  ; 0.500        ; 0.000          ; Low Pulse Width  ; CT0   ; Rise       ; inst4|CNT1[2]|clk           ;
; 0.500  ; 0.500        ; 0.000          ; High Pulse Width ; CT0   ; Rise       ; inst4|CNT1[3]|clk           ;
; 0.500  ; 0.500        ; 0.000          ; Low Pulse Width  ; CT0   ; Rise       ; inst4|CNT1[3]|clk           ;
; 0.500  ; 0.500        ; 0.000          ; High Pulse Width ; CT0   ; Rise       ; inst4|MCLK|combout          ;
; 0.500  ; 0.500        ; 0.000          ; Low Pulse Width  ; CT0   ; Rise       ; inst4|MCLK|combout          ;
; 0.500  ; 0.500        ; 0.000          ; High Pulse Width ; CT0   ; Rise       ; inst4|MCLK|datac            ;
; 0.500  ; 0.500        ; 0.000          ; Low Pulse Width  ; CT0   ; Rise       ; inst4|MCLK|datac            ;
; 0.500  ; 0.500        ; 0.000          ; High Pulse Width ; CT0   ; Rise       ; inst4|MCLK~clkctrl|inclk[0] ;
; 0.500  ; 0.500        ; 0.000          ; Low Pulse Width  ; CT0   ; Rise       ; inst4|MCLK~clkctrl|inclk[0] ;
; 0.500  ; 0.500        ; 0.000          ; High Pulse Width ; CT0   ; Rise       ; inst4|MCLK~clkctrl|outclk   ;
; 0.500  ; 0.500        ; 0.000          ; Low Pulse Width  ; CT0   ; Rise       ; inst4|MCLK~clkctrl|outclk   ;
; 0.500  ; 0.500        ; 0.000          ; High Pulse Width ; CT0   ; Rise       ; inst5~0|combout             ;
; 0.500  ; 0.500        ; 0.000          ; Low Pulse Width  ; CT0   ; Rise       ; inst5~0|combout             ;
; 0.500  ; 0.500        ; 0.000          ; High Pulse Width ; CT0   ; Rise       ; inst5~0|datad               ;
; 0.500  ; 0.500        ; 0.000          ; Low Pulse Width  ; CT0   ; Rise       ; inst5~0|datad               ;
; 0.500  ; 0.500        ; 0.000          ; High Pulse Width ; CT0   ; Rise       ; inst6~0|combout             ;
; 0.500  ; 0.500        ; 0.000          ; Low Pulse Width  ; CT0   ; Rise       ; inst6~0|combout             ;
; 0.500  ; 0.500        ; 0.000          ; High Pulse Width ; CT0   ; Rise       ; inst6~0|datad               ;
; 0.500  ; 0.500        ; 0.000          ; Low Pulse Width  ; CT0   ; Rise       ; inst6~0|datad               ;
+--------+--------------+----------------+------------------+-------+------------+-----------------------------+


+---------------------------------------------------------------------------------------------------------------+
; Slow Model Minimum Pulse Width: 'FD2:inst1|Q1'                                                                ;
+--------+--------------+----------------+------------------+--------------+------------+-----------------------+
; Slack  ; Actual Width ; Required Width ; Type             ; Clock        ; Clock Edge ; Target                ;
+--------+--------------+----------------+------------------+--------------+------------+-----------------------+
; -0.500 ; 0.500        ; 1.000          ; High Pulse Width ; FD2:inst1|Q1 ; Rise       ; CLOCK_M:inst3|CNT0[0] ;
; -0.500 ; 0.500        ; 1.000          ; Low Pulse Width  ; FD2:inst1|Q1 ; Rise       ; CLOCK_M:inst3|CNT0[0] ;
; -0.500 ; 0.500        ; 1.000          ; High Pulse Width ; FD2:inst1|Q1 ; Rise       ; CLOCK_M:inst3|CNT0[1] ;
; -0.500 ; 0.500        ; 1.000          ; Low Pulse Width  ; FD2:inst1|Q1 ; Rise       ; CLOCK_M:inst3|CNT0[1] ;
; -0.500 ; 0.500        ; 1.000          ; High Pulse Width ; FD2:inst1|Q1 ; Rise       ; CLOCK_M:inst3|CNT0[2] ;
; -0.500 ; 0.500        ; 1.000          ; Low Pulse Width  ; FD2:inst1|Q1 ; Rise       ; CLOCK_M:inst3|CNT0[2] ;
; -0.500 ; 0.500        ; 1.000          ; High Pulse Width ; FD2:inst1|Q1 ; Rise       ; CLOCK_M:inst3|CNT0[3] ;
; -0.500 ; 0.500        ; 1.000          ; Low Pulse Width  ; FD2:inst1|Q1 ; Rise       ; CLOCK_M:inst3|CNT0[3] ;
; -0.500 ; 0.500        ; 1.000          ; High Pulse Width ; FD2:inst1|Q1 ; Rise       ; CLOCK_M:inst3|CNT1[0] ;
; -0.500 ; 0.500        ; 1.000          ; Low Pulse Width  ; FD2:inst1|Q1 ; Rise       ; CLOCK_M:inst3|CNT1[0] ;
; -0.500 ; 0.500        ; 1.000          ; High Pulse Width ; FD2:inst1|Q1 ; Rise       ; CLOCK_M:inst3|CNT1[1] ;
; -0.500 ; 0.500        ; 1.000          ; Low Pulse Width  ; FD2:inst1|Q1 ; Rise       ; CLOCK_M:inst3|CNT1[1] ;
; -0.500 ; 0.500        ; 1.000          ; High Pulse Width ; FD2:inst1|Q1 ; Rise       ; CLOCK_M:inst3|CNT1[2] ;
; -0.500 ; 0.500        ; 1.000          ; Low Pulse Width  ; FD2:inst1|Q1 ; Rise       ; CLOCK_M:inst3|CNT1[2] ;
; -0.500 ; 0.500        ; 1.000          ; High Pulse Width ; FD2:inst1|Q1 ; Rise       ; CLOCK_M:inst3|CNT1[3] ;
; -0.500 ; 0.500        ; 1.000          ; Low Pulse Width  ; FD2:inst1|Q1 ; Rise       ; CLOCK_M:inst3|CNT1[3] ;
; -0.500 ; 0.500        ; 1.000          ; High Pulse Width ; FD2:inst1|Q1 ; Rise       ; CLOCK_M:inst3|cout    ;
; -0.500 ; 0.500        ; 1.000          ; Low Pulse Width  ; FD2:inst1|Q1 ; Rise       ; CLOCK_M:inst3|cout    ;
; -0.500 ; 0.500        ; 1.000          ; High Pulse Width ; FD2:inst1|Q1 ; Rise       ; COUNT:inst7|CNT[0]    ;
; -0.500 ; 0.500        ; 1.000          ; Low Pulse Width  ; FD2:inst1|Q1 ; Rise       ; COUNT:inst7|CNT[0]    ;
; -0.500 ; 0.500        ; 1.000          ; High Pulse Width ; FD2:inst1|Q1 ; Rise       ; COUNT:inst7|CNT[10]   ;
; -0.500 ; 0.500        ; 1.000          ; Low Pulse Width  ; FD2:inst1|Q1 ; Rise       ; COUNT:inst7|CNT[10]   ;
; -0.500 ; 0.500        ; 1.000          ; High Pulse Width ; FD2:inst1|Q1 ; Rise       ; COUNT:inst7|CNT[11]   ;
; -0.500 ; 0.500        ; 1.000          ; Low Pulse Width  ; FD2:inst1|Q1 ; Rise       ; COUNT:inst7|CNT[11]   ;
; -0.500 ; 0.500        ; 1.000          ; High Pulse Width ; FD2:inst1|Q1 ; Rise       ; COUNT:inst7|CNT[12]   ;
; -0.500 ; 0.500        ; 1.000          ; Low Pulse Width  ; FD2:inst1|Q1 ; Rise       ; COUNT:inst7|CNT[12]   ;
; -0.500 ; 0.500        ; 1.000          ; High Pulse Width ; FD2:inst1|Q1 ; Rise       ; COUNT:inst7|CNT[13]   ;
; -0.500 ; 0.500        ; 1.000          ; Low Pulse Width  ; FD2:inst1|Q1 ; Rise       ; COUNT:inst7|CNT[13]   ;
; -0.500 ; 0.500        ; 1.000          ; High Pulse Width ; FD2:inst1|Q1 ; Rise       ; COUNT:inst7|CNT[14]   ;
; -0.500 ; 0.500        ; 1.000          ; Low Pulse Width  ; FD2:inst1|Q1 ; Rise       ; COUNT:inst7|CNT[14]   ;
; -0.500 ; 0.500        ; 1.000          ; High Pulse Width ; FD2:inst1|Q1 ; Rise       ; COUNT:inst7|CNT[15]   ;
; -0.500 ; 0.500        ; 1.000          ; Low Pulse Width  ; FD2:inst1|Q1 ; Rise       ; COUNT:inst7|CNT[15]   ;
; -0.500 ; 0.500        ; 1.000          ; High Pulse Width ; FD2:inst1|Q1 ; Rise       ; COUNT:inst7|CNT[16]   ;
; -0.500 ; 0.500        ; 1.000          ; Low Pulse Width  ; FD2:inst1|Q1 ; Rise       ; COUNT:inst7|CNT[16]   ;
; -0.500 ; 0.500        ; 1.000          ; High Pulse Width ; FD2:inst1|Q1 ; Rise       ; COUNT:inst7|CNT[17]   ;
; -0.500 ; 0.500        ; 1.000          ; Low Pulse Width  ; FD2:inst1|Q1 ; Rise       ; COUNT:inst7|CNT[17]   ;
; -0.500 ; 0.500        ; 1.000          ; High Pulse Width ; FD2:inst1|Q1 ; Rise       ; COUNT:inst7|CNT[18]   ;
; -0.500 ; 0.500        ; 1.000          ; Low Pulse Width  ; FD2:inst1|Q1 ; Rise       ; COUNT:inst7|CNT[18]   ;
; -0.500 ; 0.500        ; 1.000          ; High Pulse Width ; FD2:inst1|Q1 ; Rise       ; COUNT:inst7|CNT[19]   ;
; -0.500 ; 0.500        ; 1.000          ; Low Pulse Width  ; FD2:inst1|Q1 ; Rise       ; COUNT:inst7|CNT[19]   ;
; -0.500 ; 0.500        ; 1.000          ; High Pulse Width ; FD2:inst1|Q1 ; Rise       ; COUNT:inst7|CNT[1]    ;
; -0.500 ; 0.500        ; 1.000          ; Low Pulse Width  ; FD2:inst1|Q1 ; Rise       ; COUNT:inst7|CNT[1]    ;
; -0.500 ; 0.500        ; 1.000          ; High Pulse Width ; FD2:inst1|Q1 ; Rise       ; COUNT:inst7|CNT[20]   ;
; -0.500 ; 0.500        ; 1.000          ; Low Pulse Width  ; FD2:inst1|Q1 ; Rise       ; COUNT:inst7|CNT[20]   ;
; -0.500 ; 0.500        ; 1.000          ; High Pulse Width ; FD2:inst1|Q1 ; Rise       ; COUNT:inst7|CNT[21]   ;
; -0.500 ; 0.500        ; 1.000          ; Low Pulse Width  ; FD2:inst1|Q1 ; Rise       ; COUNT:inst7|CNT[21]   ;
; -0.500 ; 0.500        ; 1.000          ; High Pulse Width ; FD2:inst1|Q1 ; Rise       ; COUNT:inst7|CNT[22]   ;
; -0.500 ; 0.500        ; 1.000          ; Low Pulse Width  ; FD2:inst1|Q1 ; Rise       ; COUNT:inst7|CNT[22]   ;
; -0.500 ; 0.500        ; 1.000          ; High Pulse Width ; FD2:inst1|Q1 ; Rise       ; COUNT:inst7|CNT[23]   ;
; -0.500 ; 0.500        ; 1.000          ; Low Pulse Width  ; FD2:inst1|Q1 ; Rise       ; COUNT:inst7|CNT[23]   ;
; -0.500 ; 0.500        ; 1.000          ; High Pulse Width ; FD2:inst1|Q1 ; Rise       ; COUNT:inst7|CNT[24]   ;
; -0.500 ; 0.500        ; 1.000          ; Low Pulse Width  ; FD2:inst1|Q1 ; Rise       ; COUNT:inst7|CNT[24]   ;
; -0.500 ; 0.500        ; 1.000          ; High Pulse Width ; FD2:inst1|Q1 ; Rise       ; COUNT:inst7|CNT[25]   ;
; -0.500 ; 0.500        ; 1.000          ; Low Pulse Width  ; FD2:inst1|Q1 ; Rise       ; COUNT:inst7|CNT[25]   ;
; -0.500 ; 0.500        ; 1.000          ; High Pulse Width ; FD2:inst1|Q1 ; Rise       ; COUNT:inst7|CNT[26]   ;
; -0.500 ; 0.500        ; 1.000          ; Low Pulse Width  ; FD2:inst1|Q1 ; Rise       ; COUNT:inst7|CNT[26]   ;
; -0.500 ; 0.500        ; 1.000          ; High Pulse Width ; FD2:inst1|Q1 ; Rise       ; COUNT:inst7|CNT[27]   ;
; -0.500 ; 0.500        ; 1.000          ; Low Pulse Width  ; FD2:inst1|Q1 ; Rise       ; COUNT:inst7|CNT[27]   ;
; -0.500 ; 0.500        ; 1.000          ; High Pulse Width ; FD2:inst1|Q1 ; Rise       ; COUNT:inst7|CNT[28]   ;
; -0.500 ; 0.500        ; 1.000          ; Low Pulse Width  ; FD2:inst1|Q1 ; Rise       ; COUNT:inst7|CNT[28]   ;
; -0.500 ; 0.500        ; 1.000          ; High Pulse Width ; FD2:inst1|Q1 ; Rise       ; COUNT:inst7|CNT[29]   ;
; -0.500 ; 0.500        ; 1.000          ; Low Pulse Width  ; FD2:inst1|Q1 ; Rise       ; COUNT:inst7|CNT[29]   ;
; -0.500 ; 0.500        ; 1.000          ; High Pulse Width ; FD2:inst1|Q1 ; Rise       ; COUNT:inst7|CNT[2]    ;
; -0.500 ; 0.500        ; 1.000          ; Low Pulse Width  ; FD2:inst1|Q1 ; Rise       ; COUNT:inst7|CNT[2]    ;
; -0.500 ; 0.500        ; 1.000          ; High Pulse Width ; FD2:inst1|Q1 ; Rise       ; COUNT:inst7|CNT[3]    ;
; -0.500 ; 0.500        ; 1.000          ; Low Pulse Width  ; FD2:inst1|Q1 ; Rise       ; COUNT:inst7|CNT[3]    ;
; -0.500 ; 0.500        ; 1.000          ; High Pulse Width ; FD2:inst1|Q1 ; Rise       ; COUNT:inst7|CNT[4]    ;
; -0.500 ; 0.500        ; 1.000          ; Low Pulse Width  ; FD2:inst1|Q1 ; Rise       ; COUNT:inst7|CNT[4]    ;
; -0.500 ; 0.500        ; 1.000          ; High Pulse Width ; FD2:inst1|Q1 ; Rise       ; COUNT:inst7|CNT[5]    ;
; -0.500 ; 0.500        ; 1.000          ; Low Pulse Width  ; FD2:inst1|Q1 ; Rise       ; COUNT:inst7|CNT[5]    ;
; -0.500 ; 0.500        ; 1.000          ; High Pulse Width ; FD2:inst1|Q1 ; Rise       ; COUNT:inst7|CNT[6]    ;
; -0.500 ; 0.500        ; 1.000          ; Low Pulse Width  ; FD2:inst1|Q1 ; Rise       ; COUNT:inst7|CNT[6]    ;
; -0.500 ; 0.500        ; 1.000          ; High Pulse Width ; FD2:inst1|Q1 ; Rise       ; COUNT:inst7|CNT[7]    ;
; -0.500 ; 0.500        ; 1.000          ; Low Pulse Width  ; FD2:inst1|Q1 ; Rise       ; COUNT:inst7|CNT[7]    ;
; -0.500 ; 0.500        ; 1.000          ; High Pulse Width ; FD2:inst1|Q1 ; Rise       ; COUNT:inst7|CNT[8]    ;
; -0.500 ; 0.500        ; 1.000          ; Low Pulse Width  ; FD2:inst1|Q1 ; Rise       ; COUNT:inst7|CNT[8]    ;
; -0.500 ; 0.500        ; 1.000          ; High Pulse Width ; FD2:inst1|Q1 ; Rise       ; COUNT:inst7|CNT[9]    ;
; -0.500 ; 0.500        ; 1.000          ; Low Pulse Width  ; FD2:inst1|Q1 ; Rise       ; COUNT:inst7|CNT[9]    ;
; -0.500 ; 0.500        ; 1.000          ; High Pulse Width ; FD2:inst1|Q1 ; Rise       ; COUNT:inst7|DIS0[0]   ;
; -0.500 ; 0.500        ; 1.000          ; Low Pulse Width  ; FD2:inst1|Q1 ; Rise       ; COUNT:inst7|DIS0[0]   ;
; -0.500 ; 0.500        ; 1.000          ; High Pulse Width ; FD2:inst1|Q1 ; Rise       ; COUNT:inst7|DIS0[1]   ;
; -0.500 ; 0.500        ; 1.000          ; Low Pulse Width  ; FD2:inst1|Q1 ; Rise       ; COUNT:inst7|DIS0[1]   ;
; -0.500 ; 0.500        ; 1.000          ; High Pulse Width ; FD2:inst1|Q1 ; Rise       ; COUNT:inst7|DIS0[2]   ;
; -0.500 ; 0.500        ; 1.000          ; Low Pulse Width  ; FD2:inst1|Q1 ; Rise       ; COUNT:inst7|DIS0[2]   ;
; -0.500 ; 0.500        ; 1.000          ; High Pulse Width ; FD2:inst1|Q1 ; Rise       ; COUNT:inst7|DIS0[3]   ;
; -0.500 ; 0.500        ; 1.000          ; Low Pulse Width  ; FD2:inst1|Q1 ; Rise       ; COUNT:inst7|DIS0[3]   ;
; -0.500 ; 0.500        ; 1.000          ; High Pulse Width ; FD2:inst1|Q1 ; Rise       ; COUNT:inst7|DIS1[0]   ;
; -0.500 ; 0.500        ; 1.000          ; Low Pulse Width  ; FD2:inst1|Q1 ; Rise       ; COUNT:inst7|DIS1[0]   ;
; -0.500 ; 0.500        ; 1.000          ; High Pulse Width ; FD2:inst1|Q1 ; Rise       ; COUNT:inst7|DIS1[1]   ;
; -0.500 ; 0.500        ; 1.000          ; Low Pulse Width  ; FD2:inst1|Q1 ; Rise       ; COUNT:inst7|DIS1[1]   ;
; -0.500 ; 0.500        ; 1.000          ; High Pulse Width ; FD2:inst1|Q1 ; Rise       ; COUNT:inst7|DIS1[2]   ;
; -0.500 ; 0.500        ; 1.000          ; Low Pulse Width  ; FD2:inst1|Q1 ; Rise       ; COUNT:inst7|DIS1[2]   ;
; -0.500 ; 0.500        ; 1.000          ; High Pulse Width ; FD2:inst1|Q1 ; Rise       ; COUNT:inst7|DIS1[3]   ;
; -0.500 ; 0.500        ; 1.000          ; Low Pulse Width  ; FD2:inst1|Q1 ; Rise       ; COUNT:inst7|DIS1[3]   ;
; -0.500 ; 0.500        ; 1.000          ; High Pulse Width ; FD2:inst1|Q1 ; Rise       ; COUNT:inst7|DIS2[0]   ;
; -0.500 ; 0.500        ; 1.000          ; Low Pulse Width  ; FD2:inst1|Q1 ; Rise       ; COUNT:inst7|DIS2[0]   ;
; -0.500 ; 0.500        ; 1.000          ; High Pulse Width ; FD2:inst1|Q1 ; Rise       ; COUNT:inst7|DIS2[1]   ;
; -0.500 ; 0.500        ; 1.000          ; Low Pulse Width  ; FD2:inst1|Q1 ; Rise       ; COUNT:inst7|DIS2[1]   ;
; -0.500 ; 0.500        ; 1.000          ; High Pulse Width ; FD2:inst1|Q1 ; Rise       ; COUNT:inst7|DIS2[2]   ;
; -0.500 ; 0.500        ; 1.000          ; Low Pulse Width  ; FD2:inst1|Q1 ; Rise       ; COUNT:inst7|DIS2[2]   ;
+--------+--------------+----------------+------------------+--------------+------------+-----------------------+


+----------------------------------------------------------------------------------------------------------------+
; Slow Model Minimum Pulse Width: 'FD:inst|Q1'                                                                   ;
+--------+--------------+----------------+------------------+------------+------------+--------------------------+
; Slack  ; Actual Width ; Required Width ; Type             ; Clock      ; Clock Edge ; Target                   ;
+--------+--------------+----------------+------------------+------------+------------+--------------------------+
; -0.500 ; 0.500        ; 1.000          ; High Pulse Width ; FD:inst|Q1 ; Rise       ; FD2:inst1|Q1             ;
; -0.500 ; 0.500        ; 1.000          ; Low Pulse Width  ; FD:inst|Q1 ; Rise       ; FD2:inst1|Q1             ;
; -0.500 ; 0.500        ; 1.000          ; High Pulse Width ; FD:inst|Q1 ; Rise       ; FD2:inst1|TEMP1[0]       ;
; -0.500 ; 0.500        ; 1.000          ; Low Pulse Width  ; FD:inst|Q1 ; Rise       ; FD2:inst1|TEMP1[0]       ;
; -0.500 ; 0.500        ; 1.000          ; High Pulse Width ; FD:inst|Q1 ; Rise       ; FD2:inst1|TEMP1[1]       ;
; -0.500 ; 0.500        ; 1.000          ; Low Pulse Width  ; FD:inst|Q1 ; Rise       ; FD2:inst1|TEMP1[1]       ;
; -0.500 ; 0.500        ; 1.000          ; High Pulse Width ; FD:inst|Q1 ; Rise       ; FD2:inst1|TEMP1[2]       ;
; -0.500 ; 0.500        ; 1.000          ; Low Pulse Width  ; FD:inst|Q1 ; Rise       ; FD2:inst1|TEMP1[2]       ;
; -0.500 ; 0.500        ; 1.000          ; High Pulse Width ; FD:inst|Q1 ; Rise       ; FD2:inst1|TEMP1[3]       ;
; -0.500 ; 0.500        ; 1.000          ; Low Pulse Width  ; FD:inst|Q1 ; Rise       ; FD2:inst1|TEMP1[3]       ;
; -0.500 ; 0.500        ; 1.000          ; High Pulse Width ; FD:inst|Q1 ; Rise       ; FD3:inst22|Q1            ;
; -0.500 ; 0.500        ; 1.000          ; Low Pulse Width  ; FD:inst|Q1 ; Rise       ; FD3:inst22|Q1            ;
; -0.500 ; 0.500        ; 1.000          ; High Pulse Width ; FD:inst|Q1 ; Rise       ; FD3:inst22|TEMP1[0]      ;
; -0.500 ; 0.500        ; 1.000          ; Low Pulse Width  ; FD:inst|Q1 ; Rise       ; FD3:inst22|TEMP1[0]      ;
; -0.500 ; 0.500        ; 1.000          ; High Pulse Width ; FD:inst|Q1 ; Rise       ; FD3:inst22|TEMP1[1]      ;
; -0.500 ; 0.500        ; 1.000          ; Low Pulse Width  ; FD:inst|Q1 ; Rise       ; FD3:inst22|TEMP1[1]      ;
; -0.500 ; 0.500        ; 1.000          ; High Pulse Width ; FD:inst|Q1 ; Rise       ; FD3:inst22|TEMP1[2]      ;
; -0.500 ; 0.500        ; 1.000          ; Low Pulse Width  ; FD:inst|Q1 ; Rise       ; FD3:inst22|TEMP1[2]      ;
; -0.500 ; 0.500        ; 1.000          ; High Pulse Width ; FD:inst|Q1 ; Rise       ; MAIN:inst8|CS.S0         ;
; -0.500 ; 0.500        ; 1.000          ; Low Pulse Width  ; FD:inst|Q1 ; Rise       ; MAIN:inst8|CS.S0         ;
; -0.500 ; 0.500        ; 1.000          ; High Pulse Width ; FD:inst|Q1 ; Rise       ; MAIN:inst8|CS.S1         ;
; -0.500 ; 0.500        ; 1.000          ; Low Pulse Width  ; FD:inst|Q1 ; Rise       ; MAIN:inst8|CS.S1         ;
; -0.500 ; 0.500        ; 1.000          ; High Pulse Width ; FD:inst|Q1 ; Rise       ; MAIN:inst8|CS.SCT0       ;
; -0.500 ; 0.500        ; 1.000          ; Low Pulse Width  ; FD:inst|Q1 ; Rise       ; MAIN:inst8|CS.SCT0       ;
; -0.500 ; 0.500        ; 1.000          ; High Pulse Width ; FD:inst|Q1 ; Rise       ; MAIN:inst8|CS.SCT1       ;
; -0.500 ; 0.500        ; 1.000          ; Low Pulse Width  ; FD:inst|Q1 ; Rise       ; MAIN:inst8|CS.SCT1       ;
; -0.500 ; 0.500        ; 1.000          ; High Pulse Width ; FD:inst|Q1 ; Rise       ; MAIN:inst8|CS.SPAUSE     ;
; -0.500 ; 0.500        ; 1.000          ; Low Pulse Width  ; FD:inst|Q1 ; Rise       ; MAIN:inst8|CS.SPAUSE     ;
; -0.500 ; 0.500        ; 1.000          ; High Pulse Width ; FD:inst|Q1 ; Rise       ; MAIN:inst8|CS.SRUN0      ;
; -0.500 ; 0.500        ; 1.000          ; Low Pulse Width  ; FD:inst|Q1 ; Rise       ; MAIN:inst8|CS.SRUN0      ;
; -0.500 ; 0.500        ; 1.000          ; High Pulse Width ; FD:inst|Q1 ; Rise       ; MAIN:inst8|CS.SRUN1      ;
; -0.500 ; 0.500        ; 1.000          ; Low Pulse Width  ; FD:inst|Q1 ; Rise       ; MAIN:inst8|CS.SRUN1      ;
; -0.500 ; 0.500        ; 1.000          ; High Pulse Width ; FD:inst|Q1 ; Rise       ; MAIN:inst8|CS.SSUM       ;
; -0.500 ; 0.500        ; 1.000          ; Low Pulse Width  ; FD:inst|Q1 ; Rise       ; MAIN:inst8|CS.SSUM       ;
; 0.500  ; 0.500        ; 0.000          ; High Pulse Width ; FD:inst|Q1 ; Rise       ; inst1|Q1|clk             ;
; 0.500  ; 0.500        ; 0.000          ; Low Pulse Width  ; FD:inst|Q1 ; Rise       ; inst1|Q1|clk             ;
; 0.500  ; 0.500        ; 0.000          ; High Pulse Width ; FD:inst|Q1 ; Rise       ; inst1|TEMP1[0]|clk       ;
; 0.500  ; 0.500        ; 0.000          ; Low Pulse Width  ; FD:inst|Q1 ; Rise       ; inst1|TEMP1[0]|clk       ;
; 0.500  ; 0.500        ; 0.000          ; High Pulse Width ; FD:inst|Q1 ; Rise       ; inst1|TEMP1[1]|clk       ;
; 0.500  ; 0.500        ; 0.000          ; Low Pulse Width  ; FD:inst|Q1 ; Rise       ; inst1|TEMP1[1]|clk       ;
; 0.500  ; 0.500        ; 0.000          ; High Pulse Width ; FD:inst|Q1 ; Rise       ; inst1|TEMP1[2]|clk       ;
; 0.500  ; 0.500        ; 0.000          ; Low Pulse Width  ; FD:inst|Q1 ; Rise       ; inst1|TEMP1[2]|clk       ;
; 0.500  ; 0.500        ; 0.000          ; High Pulse Width ; FD:inst|Q1 ; Rise       ; inst1|TEMP1[3]|clk       ;
; 0.500  ; 0.500        ; 0.000          ; Low Pulse Width  ; FD:inst|Q1 ; Rise       ; inst1|TEMP1[3]|clk       ;
; 0.500  ; 0.500        ; 0.000          ; High Pulse Width ; FD:inst|Q1 ; Rise       ; inst22|Q1|clk            ;
; 0.500  ; 0.500        ; 0.000          ; Low Pulse Width  ; FD:inst|Q1 ; Rise       ; inst22|Q1|clk            ;
; 0.500  ; 0.500        ; 0.000          ; High Pulse Width ; FD:inst|Q1 ; Rise       ; inst22|TEMP1[0]|clk      ;
; 0.500  ; 0.500        ; 0.000          ; Low Pulse Width  ; FD:inst|Q1 ; Rise       ; inst22|TEMP1[0]|clk      ;
; 0.500  ; 0.500        ; 0.000          ; High Pulse Width ; FD:inst|Q1 ; Rise       ; inst22|TEMP1[1]|clk      ;
; 0.500  ; 0.500        ; 0.000          ; Low Pulse Width  ; FD:inst|Q1 ; Rise       ; inst22|TEMP1[1]|clk      ;
; 0.500  ; 0.500        ; 0.000          ; High Pulse Width ; FD:inst|Q1 ; Rise       ; inst22|TEMP1[2]|clk      ;
; 0.500  ; 0.500        ; 0.000          ; Low Pulse Width  ; FD:inst|Q1 ; Rise       ; inst22|TEMP1[2]|clk      ;
; 0.500  ; 0.500        ; 0.000          ; High Pulse Width ; FD:inst|Q1 ; Rise       ; inst8|CS.S0|clk          ;
; 0.500  ; 0.500        ; 0.000          ; Low Pulse Width  ; FD:inst|Q1 ; Rise       ; inst8|CS.S0|clk          ;
; 0.500  ; 0.500        ; 0.000          ; High Pulse Width ; FD:inst|Q1 ; Rise       ; inst8|CS.S1|clk          ;
; 0.500  ; 0.500        ; 0.000          ; Low Pulse Width  ; FD:inst|Q1 ; Rise       ; inst8|CS.S1|clk          ;
; 0.500  ; 0.500        ; 0.000          ; High Pulse Width ; FD:inst|Q1 ; Rise       ; inst8|CS.SCT0|clk        ;
; 0.500  ; 0.500        ; 0.000          ; Low Pulse Width  ; FD:inst|Q1 ; Rise       ; inst8|CS.SCT0|clk        ;
; 0.500  ; 0.500        ; 0.000          ; High Pulse Width ; FD:inst|Q1 ; Rise       ; inst8|CS.SCT1|clk        ;
; 0.500  ; 0.500        ; 0.000          ; Low Pulse Width  ; FD:inst|Q1 ; Rise       ; inst8|CS.SCT1|clk        ;
; 0.500  ; 0.500        ; 0.000          ; High Pulse Width ; FD:inst|Q1 ; Rise       ; inst8|CS.SPAUSE|clk      ;
; 0.500  ; 0.500        ; 0.000          ; Low Pulse Width  ; FD:inst|Q1 ; Rise       ; inst8|CS.SPAUSE|clk      ;
; 0.500  ; 0.500        ; 0.000          ; High Pulse Width ; FD:inst|Q1 ; Rise       ; inst8|CS.SRUN0|clk       ;
; 0.500  ; 0.500        ; 0.000          ; Low Pulse Width  ; FD:inst|Q1 ; Rise       ; inst8|CS.SRUN0|clk       ;
; 0.500  ; 0.500        ; 0.000          ; High Pulse Width ; FD:inst|Q1 ; Rise       ; inst8|CS.SRUN1|clk       ;
; 0.500  ; 0.500        ; 0.000          ; Low Pulse Width  ; FD:inst|Q1 ; Rise       ; inst8|CS.SRUN1|clk       ;
; 0.500  ; 0.500        ; 0.000          ; High Pulse Width ; FD:inst|Q1 ; Rise       ; inst8|CS.SSUM|clk        ;
; 0.500  ; 0.500        ; 0.000          ; Low Pulse Width  ; FD:inst|Q1 ; Rise       ; inst8|CS.SSUM|clk        ;
; 0.500  ; 0.500        ; 0.000          ; High Pulse Width ; FD:inst|Q1 ; Rise       ; inst|Q1|regout           ;
; 0.500  ; 0.500        ; 0.000          ; Low Pulse Width  ; FD:inst|Q1 ; Rise       ; inst|Q1|regout           ;
; 0.500  ; 0.500        ; 0.000          ; High Pulse Width ; FD:inst|Q1 ; Rise       ; inst|Q1~clkctrl|inclk[0] ;
; 0.500  ; 0.500        ; 0.000          ; Low Pulse Width  ; FD:inst|Q1 ; Rise       ; inst|Q1~clkctrl|inclk[0] ;
; 0.500  ; 0.500        ; 0.000          ; High Pulse Width ; FD:inst|Q1 ; Rise       ; inst|Q1~clkctrl|outclk   ;
; 0.500  ; 0.500        ; 0.000          ; Low Pulse Width  ; FD:inst|Q1 ; Rise       ; inst|Q1~clkctrl|outclk   ;
+--------+--------------+----------------+------------------+------------+------------+--------------------------+


+---------------------------------------------------------------------------------------------------------------------------+
; Slow Model Minimum Pulse Width: 'MAIN:inst8|CS.SCT0'                                                                      ;
+--------+--------------+----------------+------------------+--------------------+------------+-----------------------------+
; Slack  ; Actual Width ; Required Width ; Type             ; Clock              ; Clock Edge ; Target                      ;
+--------+--------------+----------------+------------------+--------------------+------------+-----------------------------+
; -0.500 ; 0.500        ; 1.000          ; High Pulse Width ; MAIN:inst8|CS.SCT0 ; Rise       ; CLOCK_H:inst4|CNT0[0]       ;
; -0.500 ; 0.500        ; 1.000          ; Low Pulse Width  ; MAIN:inst8|CS.SCT0 ; Rise       ; CLOCK_H:inst4|CNT0[0]       ;
; -0.500 ; 0.500        ; 1.000          ; High Pulse Width ; MAIN:inst8|CS.SCT0 ; Rise       ; CLOCK_H:inst4|CNT0[1]       ;
; -0.500 ; 0.500        ; 1.000          ; Low Pulse Width  ; MAIN:inst8|CS.SCT0 ; Rise       ; CLOCK_H:inst4|CNT0[1]       ;
; -0.500 ; 0.500        ; 1.000          ; High Pulse Width ; MAIN:inst8|CS.SCT0 ; Rise       ; CLOCK_H:inst4|CNT0[2]       ;
; -0.500 ; 0.500        ; 1.000          ; Low Pulse Width  ; MAIN:inst8|CS.SCT0 ; Rise       ; CLOCK_H:inst4|CNT0[2]       ;
; -0.500 ; 0.500        ; 1.000          ; High Pulse Width ; MAIN:inst8|CS.SCT0 ; Rise       ; CLOCK_H:inst4|CNT0[3]       ;
; -0.500 ; 0.500        ; 1.000          ; Low Pulse Width  ; MAIN:inst8|CS.SCT0 ; Rise       ; CLOCK_H:inst4|CNT0[3]       ;
; -0.500 ; 0.500        ; 1.000          ; High Pulse Width ; MAIN:inst8|CS.SCT0 ; Rise       ; CLOCK_H:inst4|CNT1[0]       ;
; -0.500 ; 0.500        ; 1.000          ; Low Pulse Width  ; MAIN:inst8|CS.SCT0 ; Rise       ; CLOCK_H:inst4|CNT1[0]       ;
; -0.500 ; 0.500        ; 1.000          ; High Pulse Width ; MAIN:inst8|CS.SCT0 ; Rise       ; CLOCK_H:inst4|CNT1[1]       ;
; -0.500 ; 0.500        ; 1.000          ; Low Pulse Width  ; MAIN:inst8|CS.SCT0 ; Rise       ; CLOCK_H:inst4|CNT1[1]       ;
; -0.500 ; 0.500        ; 1.000          ; High Pulse Width ; MAIN:inst8|CS.SCT0 ; Rise       ; CLOCK_H:inst4|CNT1[2]       ;
; -0.500 ; 0.500        ; 1.000          ; Low Pulse Width  ; MAIN:inst8|CS.SCT0 ; Rise       ; CLOCK_H:inst4|CNT1[2]       ;
; -0.500 ; 0.500        ; 1.000          ; High Pulse Width ; MAIN:inst8|CS.SCT0 ; Rise       ; CLOCK_H:inst4|CNT1[3]       ;
; -0.500 ; 0.500        ; 1.000          ; Low Pulse Width  ; MAIN:inst8|CS.SCT0 ; Rise       ; CLOCK_H:inst4|CNT1[3]       ;
; -0.500 ; 0.500        ; 1.000          ; High Pulse Width ; MAIN:inst8|CS.SCT0 ; Rise       ; CLOCK_M:inst3|CNT0[0]       ;
; -0.500 ; 0.500        ; 1.000          ; Low Pulse Width  ; MAIN:inst8|CS.SCT0 ; Rise       ; CLOCK_M:inst3|CNT0[0]       ;
; -0.500 ; 0.500        ; 1.000          ; High Pulse Width ; MAIN:inst8|CS.SCT0 ; Rise       ; CLOCK_M:inst3|CNT0[1]       ;
; -0.500 ; 0.500        ; 1.000          ; Low Pulse Width  ; MAIN:inst8|CS.SCT0 ; Rise       ; CLOCK_M:inst3|CNT0[1]       ;
; -0.500 ; 0.500        ; 1.000          ; High Pulse Width ; MAIN:inst8|CS.SCT0 ; Rise       ; CLOCK_M:inst3|CNT0[2]       ;
; -0.500 ; 0.500        ; 1.000          ; Low Pulse Width  ; MAIN:inst8|CS.SCT0 ; Rise       ; CLOCK_M:inst3|CNT0[2]       ;
; -0.500 ; 0.500        ; 1.000          ; High Pulse Width ; MAIN:inst8|CS.SCT0 ; Rise       ; CLOCK_M:inst3|CNT0[3]       ;
; -0.500 ; 0.500        ; 1.000          ; Low Pulse Width  ; MAIN:inst8|CS.SCT0 ; Rise       ; CLOCK_M:inst3|CNT0[3]       ;
; -0.500 ; 0.500        ; 1.000          ; High Pulse Width ; MAIN:inst8|CS.SCT0 ; Rise       ; CLOCK_M:inst3|CNT1[0]       ;
; -0.500 ; 0.500        ; 1.000          ; Low Pulse Width  ; MAIN:inst8|CS.SCT0 ; Rise       ; CLOCK_M:inst3|CNT1[0]       ;
; -0.500 ; 0.500        ; 1.000          ; High Pulse Width ; MAIN:inst8|CS.SCT0 ; Rise       ; CLOCK_M:inst3|CNT1[1]       ;
; -0.500 ; 0.500        ; 1.000          ; Low Pulse Width  ; MAIN:inst8|CS.SCT0 ; Rise       ; CLOCK_M:inst3|CNT1[1]       ;
; -0.500 ; 0.500        ; 1.000          ; High Pulse Width ; MAIN:inst8|CS.SCT0 ; Rise       ; CLOCK_M:inst3|CNT1[2]       ;
; -0.500 ; 0.500        ; 1.000          ; Low Pulse Width  ; MAIN:inst8|CS.SCT0 ; Rise       ; CLOCK_M:inst3|CNT1[2]       ;
; -0.500 ; 0.500        ; 1.000          ; High Pulse Width ; MAIN:inst8|CS.SCT0 ; Rise       ; CLOCK_M:inst3|CNT1[3]       ;
; -0.500 ; 0.500        ; 1.000          ; Low Pulse Width  ; MAIN:inst8|CS.SCT0 ; Rise       ; CLOCK_M:inst3|CNT1[3]       ;
; -0.500 ; 0.500        ; 1.000          ; High Pulse Width ; MAIN:inst8|CS.SCT0 ; Rise       ; CLOCK_M:inst3|cout          ;
; -0.500 ; 0.500        ; 1.000          ; Low Pulse Width  ; MAIN:inst8|CS.SCT0 ; Rise       ; CLOCK_M:inst3|cout          ;
; 0.500  ; 0.500        ; 0.000          ; High Pulse Width ; MAIN:inst8|CS.SCT0 ; Rise       ; MAIN:inst8|DOT              ;
; 0.500  ; 0.500        ; 0.000          ; Low Pulse Width  ; MAIN:inst8|CS.SCT0 ; Rise       ; MAIN:inst8|DOT              ;
; 0.500  ; 0.500        ; 0.000          ; High Pulse Width ; MAIN:inst8|CS.SCT0 ; Rise       ; MAIN:inst8|HH0[0]           ;
; 0.500  ; 0.500        ; 0.000          ; Low Pulse Width  ; MAIN:inst8|CS.SCT0 ; Rise       ; MAIN:inst8|HH0[0]           ;
; 0.500  ; 0.500        ; 0.000          ; High Pulse Width ; MAIN:inst8|CS.SCT0 ; Rise       ; MAIN:inst8|HH0[1]           ;
; 0.500  ; 0.500        ; 0.000          ; Low Pulse Width  ; MAIN:inst8|CS.SCT0 ; Rise       ; MAIN:inst8|HH0[1]           ;
; 0.500  ; 0.500        ; 0.000          ; High Pulse Width ; MAIN:inst8|CS.SCT0 ; Rise       ; MAIN:inst8|HH0[2]           ;
; 0.500  ; 0.500        ; 0.000          ; Low Pulse Width  ; MAIN:inst8|CS.SCT0 ; Rise       ; MAIN:inst8|HH0[2]           ;
; 0.500  ; 0.500        ; 0.000          ; High Pulse Width ; MAIN:inst8|CS.SCT0 ; Rise       ; MAIN:inst8|HH0[3]           ;
; 0.500  ; 0.500        ; 0.000          ; Low Pulse Width  ; MAIN:inst8|CS.SCT0 ; Rise       ; MAIN:inst8|HH0[3]           ;
; 0.500  ; 0.500        ; 0.000          ; High Pulse Width ; MAIN:inst8|CS.SCT0 ; Rise       ; MAIN:inst8|HH1[0]           ;
; 0.500  ; 0.500        ; 0.000          ; Low Pulse Width  ; MAIN:inst8|CS.SCT0 ; Rise       ; MAIN:inst8|HH1[0]           ;
; 0.500  ; 0.500        ; 0.000          ; High Pulse Width ; MAIN:inst8|CS.SCT0 ; Rise       ; MAIN:inst8|HH1[1]           ;
; 0.500  ; 0.500        ; 0.000          ; Low Pulse Width  ; MAIN:inst8|CS.SCT0 ; Rise       ; MAIN:inst8|HH1[1]           ;
; 0.500  ; 0.500        ; 0.000          ; High Pulse Width ; MAIN:inst8|CS.SCT0 ; Rise       ; MAIN:inst8|HH1[2]           ;
; 0.500  ; 0.500        ; 0.000          ; Low Pulse Width  ; MAIN:inst8|CS.SCT0 ; Rise       ; MAIN:inst8|HH1[2]           ;
; 0.500  ; 0.500        ; 0.000          ; High Pulse Width ; MAIN:inst8|CS.SCT0 ; Rise       ; MAIN:inst8|HH1[3]           ;
; 0.500  ; 0.500        ; 0.000          ; Low Pulse Width  ; MAIN:inst8|CS.SCT0 ; Rise       ; MAIN:inst8|HH1[3]           ;
; 0.500  ; 0.500        ; 0.000          ; High Pulse Width ; MAIN:inst8|CS.SCT0 ; Rise       ; inst3|CNT0[0]|clk           ;
; 0.500  ; 0.500        ; 0.000          ; Low Pulse Width  ; MAIN:inst8|CS.SCT0 ; Rise       ; inst3|CNT0[0]|clk           ;
; 0.500  ; 0.500        ; 0.000          ; High Pulse Width ; MAIN:inst8|CS.SCT0 ; Rise       ; inst3|CNT0[1]|clk           ;
; 0.500  ; 0.500        ; 0.000          ; Low Pulse Width  ; MAIN:inst8|CS.SCT0 ; Rise       ; inst3|CNT0[1]|clk           ;
; 0.500  ; 0.500        ; 0.000          ; High Pulse Width ; MAIN:inst8|CS.SCT0 ; Rise       ; inst3|CNT0[2]|clk           ;
; 0.500  ; 0.500        ; 0.000          ; Low Pulse Width  ; MAIN:inst8|CS.SCT0 ; Rise       ; inst3|CNT0[2]|clk           ;
; 0.500  ; 0.500        ; 0.000          ; High Pulse Width ; MAIN:inst8|CS.SCT0 ; Rise       ; inst3|CNT0[3]|clk           ;
; 0.500  ; 0.500        ; 0.000          ; Low Pulse Width  ; MAIN:inst8|CS.SCT0 ; Rise       ; inst3|CNT0[3]|clk           ;
; 0.500  ; 0.500        ; 0.000          ; High Pulse Width ; MAIN:inst8|CS.SCT0 ; Rise       ; inst3|CNT1[0]|clk           ;
; 0.500  ; 0.500        ; 0.000          ; Low Pulse Width  ; MAIN:inst8|CS.SCT0 ; Rise       ; inst3|CNT1[0]|clk           ;
; 0.500  ; 0.500        ; 0.000          ; High Pulse Width ; MAIN:inst8|CS.SCT0 ; Rise       ; inst3|CNT1[1]|clk           ;
; 0.500  ; 0.500        ; 0.000          ; Low Pulse Width  ; MAIN:inst8|CS.SCT0 ; Rise       ; inst3|CNT1[1]|clk           ;
; 0.500  ; 0.500        ; 0.000          ; High Pulse Width ; MAIN:inst8|CS.SCT0 ; Rise       ; inst3|CNT1[2]|clk           ;
; 0.500  ; 0.500        ; 0.000          ; Low Pulse Width  ; MAIN:inst8|CS.SCT0 ; Rise       ; inst3|CNT1[2]|clk           ;
; 0.500  ; 0.500        ; 0.000          ; High Pulse Width ; MAIN:inst8|CS.SCT0 ; Rise       ; inst3|CNT1[3]|clk           ;
; 0.500  ; 0.500        ; 0.000          ; Low Pulse Width  ; MAIN:inst8|CS.SCT0 ; Rise       ; inst3|CNT1[3]|clk           ;
; 0.500  ; 0.500        ; 0.000          ; High Pulse Width ; MAIN:inst8|CS.SCT0 ; Rise       ; inst3|MCLK|combout          ;
; 0.500  ; 0.500        ; 0.000          ; Low Pulse Width  ; MAIN:inst8|CS.SCT0 ; Rise       ; inst3|MCLK|combout          ;
; 0.500  ; 0.500        ; 0.000          ; High Pulse Width ; MAIN:inst8|CS.SCT0 ; Rise       ; inst3|MCLK|datac            ;
; 0.500  ; 0.500        ; 0.000          ; Low Pulse Width  ; MAIN:inst8|CS.SCT0 ; Rise       ; inst3|MCLK|datac            ;
; 0.500  ; 0.500        ; 0.000          ; High Pulse Width ; MAIN:inst8|CS.SCT0 ; Rise       ; inst3|MCLK~clkctrl|inclk[0] ;
; 0.500  ; 0.500        ; 0.000          ; Low Pulse Width  ; MAIN:inst8|CS.SCT0 ; Rise       ; inst3|MCLK~clkctrl|inclk[0] ;
; 0.500  ; 0.500        ; 0.000          ; High Pulse Width ; MAIN:inst8|CS.SCT0 ; Rise       ; inst3|MCLK~clkctrl|outclk   ;
; 0.500  ; 0.500        ; 0.000          ; Low Pulse Width  ; MAIN:inst8|CS.SCT0 ; Rise       ; inst3|MCLK~clkctrl|outclk   ;
; 0.500  ; 0.500        ; 0.000          ; High Pulse Width ; MAIN:inst8|CS.SCT0 ; Rise       ; inst3|cout|clk              ;
; 0.500  ; 0.500        ; 0.000          ; Low Pulse Width  ; MAIN:inst8|CS.SCT0 ; Rise       ; inst3|cout|clk              ;
; 0.500  ; 0.500        ; 0.000          ; High Pulse Width ; MAIN:inst8|CS.SCT0 ; Rise       ; inst4|CNT0[0]|clk           ;
; 0.500  ; 0.500        ; 0.000          ; Low Pulse Width  ; MAIN:inst8|CS.SCT0 ; Rise       ; inst4|CNT0[0]|clk           ;
; 0.500  ; 0.500        ; 0.000          ; High Pulse Width ; MAIN:inst8|CS.SCT0 ; Rise       ; inst4|CNT0[1]|clk           ;
; 0.500  ; 0.500        ; 0.000          ; Low Pulse Width  ; MAIN:inst8|CS.SCT0 ; Rise       ; inst4|CNT0[1]|clk           ;
; 0.500  ; 0.500        ; 0.000          ; High Pulse Width ; MAIN:inst8|CS.SCT0 ; Rise       ; inst4|CNT0[2]|clk           ;
; 0.500  ; 0.500        ; 0.000          ; Low Pulse Width  ; MAIN:inst8|CS.SCT0 ; Rise       ; inst4|CNT0[2]|clk           ;
; 0.500  ; 0.500        ; 0.000          ; High Pulse Width ; MAIN:inst8|CS.SCT0 ; Rise       ; inst4|CNT0[3]|clk           ;
; 0.500  ; 0.500        ; 0.000          ; Low Pulse Width  ; MAIN:inst8|CS.SCT0 ; Rise       ; inst4|CNT0[3]|clk           ;
; 0.500  ; 0.500        ; 0.000          ; High Pulse Width ; MAIN:inst8|CS.SCT0 ; Rise       ; inst4|CNT1[0]|clk           ;
; 0.500  ; 0.500        ; 0.000          ; Low Pulse Width  ; MAIN:inst8|CS.SCT0 ; Rise       ; inst4|CNT1[0]|clk           ;
; 0.500  ; 0.500        ; 0.000          ; High Pulse Width ; MAIN:inst8|CS.SCT0 ; Rise       ; inst4|CNT1[1]|clk           ;
; 0.500  ; 0.500        ; 0.000          ; Low Pulse Width  ; MAIN:inst8|CS.SCT0 ; Rise       ; inst4|CNT1[1]|clk           ;
; 0.500  ; 0.500        ; 0.000          ; High Pulse Width ; MAIN:inst8|CS.SCT0 ; Rise       ; inst4|CNT1[2]|clk           ;
; 0.500  ; 0.500        ; 0.000          ; Low Pulse Width  ; MAIN:inst8|CS.SCT0 ; Rise       ; inst4|CNT1[2]|clk           ;
; 0.500  ; 0.500        ; 0.000          ; High Pulse Width ; MAIN:inst8|CS.SCT0 ; Rise       ; inst4|CNT1[3]|clk           ;
; 0.500  ; 0.500        ; 0.000          ; Low Pulse Width  ; MAIN:inst8|CS.SCT0 ; Rise       ; inst4|CNT1[3]|clk           ;
; 0.500  ; 0.500        ; 0.000          ; High Pulse Width ; MAIN:inst8|CS.SCT0 ; Rise       ; inst4|MCLK|combout          ;
; 0.500  ; 0.500        ; 0.000          ; Low Pulse Width  ; MAIN:inst8|CS.SCT0 ; Rise       ; inst4|MCLK|combout          ;
; 0.500  ; 0.500        ; 0.000          ; High Pulse Width ; MAIN:inst8|CS.SCT0 ; Rise       ; inst4|MCLK|datac            ;
; 0.500  ; 0.500        ; 0.000          ; Low Pulse Width  ; MAIN:inst8|CS.SCT0 ; Rise       ; inst4|MCLK|datac            ;
; 0.500  ; 0.500        ; 0.000          ; High Pulse Width ; MAIN:inst8|CS.SCT0 ; Rise       ; inst4|MCLK~clkctrl|inclk[0] ;
; 0.500  ; 0.500        ; 0.000          ; Low Pulse Width  ; MAIN:inst8|CS.SCT0 ; Rise       ; inst4|MCLK~clkctrl|inclk[0] ;
+--------+--------------+----------------+------------------+--------------------+------------+-----------------------------+


+---------------------------------------------------------------------------------------------------------------------------+
; Slow Model Minimum Pulse Width: 'MAIN:inst8|CS.SCT1'                                                                      ;
+--------+--------------+----------------+------------------+--------------------+------------+-----------------------------+
; Slack  ; Actual Width ; Required Width ; Type             ; Clock              ; Clock Edge ; Target                      ;
+--------+--------------+----------------+------------------+--------------------+------------+-----------------------------+
; -0.500 ; 0.500        ; 1.000          ; High Pulse Width ; MAIN:inst8|CS.SCT1 ; Rise       ; CLOCK_H:inst4|CNT0[0]       ;
; -0.500 ; 0.500        ; 1.000          ; Low Pulse Width  ; MAIN:inst8|CS.SCT1 ; Rise       ; CLOCK_H:inst4|CNT0[0]       ;
; -0.500 ; 0.500        ; 1.000          ; High Pulse Width ; MAIN:inst8|CS.SCT1 ; Rise       ; CLOCK_H:inst4|CNT0[1]       ;
; -0.500 ; 0.500        ; 1.000          ; Low Pulse Width  ; MAIN:inst8|CS.SCT1 ; Rise       ; CLOCK_H:inst4|CNT0[1]       ;
; -0.500 ; 0.500        ; 1.000          ; High Pulse Width ; MAIN:inst8|CS.SCT1 ; Rise       ; CLOCK_H:inst4|CNT0[2]       ;
; -0.500 ; 0.500        ; 1.000          ; Low Pulse Width  ; MAIN:inst8|CS.SCT1 ; Rise       ; CLOCK_H:inst4|CNT0[2]       ;
; -0.500 ; 0.500        ; 1.000          ; High Pulse Width ; MAIN:inst8|CS.SCT1 ; Rise       ; CLOCK_H:inst4|CNT0[3]       ;
; -0.500 ; 0.500        ; 1.000          ; Low Pulse Width  ; MAIN:inst8|CS.SCT1 ; Rise       ; CLOCK_H:inst4|CNT0[3]       ;
; -0.500 ; 0.500        ; 1.000          ; High Pulse Width ; MAIN:inst8|CS.SCT1 ; Rise       ; CLOCK_H:inst4|CNT1[0]       ;
; -0.500 ; 0.500        ; 1.000          ; Low Pulse Width  ; MAIN:inst8|CS.SCT1 ; Rise       ; CLOCK_H:inst4|CNT1[0]       ;
; -0.500 ; 0.500        ; 1.000          ; High Pulse Width ; MAIN:inst8|CS.SCT1 ; Rise       ; CLOCK_H:inst4|CNT1[1]       ;
; -0.500 ; 0.500        ; 1.000          ; Low Pulse Width  ; MAIN:inst8|CS.SCT1 ; Rise       ; CLOCK_H:inst4|CNT1[1]       ;
; -0.500 ; 0.500        ; 1.000          ; High Pulse Width ; MAIN:inst8|CS.SCT1 ; Rise       ; CLOCK_H:inst4|CNT1[2]       ;
; -0.500 ; 0.500        ; 1.000          ; Low Pulse Width  ; MAIN:inst8|CS.SCT1 ; Rise       ; CLOCK_H:inst4|CNT1[2]       ;
; -0.500 ; 0.500        ; 1.000          ; High Pulse Width ; MAIN:inst8|CS.SCT1 ; Rise       ; CLOCK_H:inst4|CNT1[3]       ;
; -0.500 ; 0.500        ; 1.000          ; Low Pulse Width  ; MAIN:inst8|CS.SCT1 ; Rise       ; CLOCK_H:inst4|CNT1[3]       ;
; -0.500 ; 0.500        ; 1.000          ; High Pulse Width ; MAIN:inst8|CS.SCT1 ; Rise       ; CLOCK_M:inst3|CNT0[0]       ;
; -0.500 ; 0.500        ; 1.000          ; Low Pulse Width  ; MAIN:inst8|CS.SCT1 ; Rise       ; CLOCK_M:inst3|CNT0[0]       ;
; -0.500 ; 0.500        ; 1.000          ; High Pulse Width ; MAIN:inst8|CS.SCT1 ; Rise       ; CLOCK_M:inst3|CNT0[1]       ;
; -0.500 ; 0.500        ; 1.000          ; Low Pulse Width  ; MAIN:inst8|CS.SCT1 ; Rise       ; CLOCK_M:inst3|CNT0[1]       ;
; -0.500 ; 0.500        ; 1.000          ; High Pulse Width ; MAIN:inst8|CS.SCT1 ; Rise       ; CLOCK_M:inst3|CNT0[2]       ;
; -0.500 ; 0.500        ; 1.000          ; Low Pulse Width  ; MAIN:inst8|CS.SCT1 ; Rise       ; CLOCK_M:inst3|CNT0[2]       ;
; -0.500 ; 0.500        ; 1.000          ; High Pulse Width ; MAIN:inst8|CS.SCT1 ; Rise       ; CLOCK_M:inst3|CNT0[3]       ;
; -0.500 ; 0.500        ; 1.000          ; Low Pulse Width  ; MAIN:inst8|CS.SCT1 ; Rise       ; CLOCK_M:inst3|CNT0[3]       ;
; -0.500 ; 0.500        ; 1.000          ; High Pulse Width ; MAIN:inst8|CS.SCT1 ; Rise       ; CLOCK_M:inst3|CNT1[0]       ;
; -0.500 ; 0.500        ; 1.000          ; Low Pulse Width  ; MAIN:inst8|CS.SCT1 ; Rise       ; CLOCK_M:inst3|CNT1[0]       ;
; -0.500 ; 0.500        ; 1.000          ; High Pulse Width ; MAIN:inst8|CS.SCT1 ; Rise       ; CLOCK_M:inst3|CNT1[1]       ;
; -0.500 ; 0.500        ; 1.000          ; Low Pulse Width  ; MAIN:inst8|CS.SCT1 ; Rise       ; CLOCK_M:inst3|CNT1[1]       ;
; -0.500 ; 0.500        ; 1.000          ; High Pulse Width ; MAIN:inst8|CS.SCT1 ; Rise       ; CLOCK_M:inst3|CNT1[2]       ;
; -0.500 ; 0.500        ; 1.000          ; Low Pulse Width  ; MAIN:inst8|CS.SCT1 ; Rise       ; CLOCK_M:inst3|CNT1[2]       ;
; -0.500 ; 0.500        ; 1.000          ; High Pulse Width ; MAIN:inst8|CS.SCT1 ; Rise       ; CLOCK_M:inst3|CNT1[3]       ;
; -0.500 ; 0.500        ; 1.000          ; Low Pulse Width  ; MAIN:inst8|CS.SCT1 ; Rise       ; CLOCK_M:inst3|CNT1[3]       ;
; -0.500 ; 0.500        ; 1.000          ; High Pulse Width ; MAIN:inst8|CS.SCT1 ; Rise       ; CLOCK_M:inst3|cout          ;
; -0.500 ; 0.500        ; 1.000          ; Low Pulse Width  ; MAIN:inst8|CS.SCT1 ; Rise       ; CLOCK_M:inst3|cout          ;
; 0.500  ; 0.500        ; 0.000          ; High Pulse Width ; MAIN:inst8|CS.SCT1 ; Rise       ; MAIN:inst8|DOT              ;
; 0.500  ; 0.500        ; 0.000          ; Low Pulse Width  ; MAIN:inst8|CS.SCT1 ; Rise       ; MAIN:inst8|DOT              ;
; 0.500  ; 0.500        ; 0.000          ; High Pulse Width ; MAIN:inst8|CS.SCT1 ; Rise       ; MAIN:inst8|MM0[0]           ;
; 0.500  ; 0.500        ; 0.000          ; Low Pulse Width  ; MAIN:inst8|CS.SCT1 ; Rise       ; MAIN:inst8|MM0[0]           ;
; 0.500  ; 0.500        ; 0.000          ; High Pulse Width ; MAIN:inst8|CS.SCT1 ; Rise       ; MAIN:inst8|MM0[1]           ;
; 0.500  ; 0.500        ; 0.000          ; Low Pulse Width  ; MAIN:inst8|CS.SCT1 ; Rise       ; MAIN:inst8|MM0[1]           ;
; 0.500  ; 0.500        ; 0.000          ; High Pulse Width ; MAIN:inst8|CS.SCT1 ; Rise       ; MAIN:inst8|MM0[2]           ;
; 0.500  ; 0.500        ; 0.000          ; Low Pulse Width  ; MAIN:inst8|CS.SCT1 ; Rise       ; MAIN:inst8|MM0[2]           ;
; 0.500  ; 0.500        ; 0.000          ; High Pulse Width ; MAIN:inst8|CS.SCT1 ; Rise       ; MAIN:inst8|MM0[3]           ;
; 0.500  ; 0.500        ; 0.000          ; Low Pulse Width  ; MAIN:inst8|CS.SCT1 ; Rise       ; MAIN:inst8|MM0[3]           ;
; 0.500  ; 0.500        ; 0.000          ; High Pulse Width ; MAIN:inst8|CS.SCT1 ; Rise       ; MAIN:inst8|MM1[0]           ;
; 0.500  ; 0.500        ; 0.000          ; Low Pulse Width  ; MAIN:inst8|CS.SCT1 ; Rise       ; MAIN:inst8|MM1[0]           ;
; 0.500  ; 0.500        ; 0.000          ; High Pulse Width ; MAIN:inst8|CS.SCT1 ; Rise       ; MAIN:inst8|MM1[1]           ;
; 0.500  ; 0.500        ; 0.000          ; Low Pulse Width  ; MAIN:inst8|CS.SCT1 ; Rise       ; MAIN:inst8|MM1[1]           ;
; 0.500  ; 0.500        ; 0.000          ; High Pulse Width ; MAIN:inst8|CS.SCT1 ; Rise       ; MAIN:inst8|MM1[2]           ;
; 0.500  ; 0.500        ; 0.000          ; Low Pulse Width  ; MAIN:inst8|CS.SCT1 ; Rise       ; MAIN:inst8|MM1[2]           ;
; 0.500  ; 0.500        ; 0.000          ; High Pulse Width ; MAIN:inst8|CS.SCT1 ; Rise       ; MAIN:inst8|MM1[3]           ;
; 0.500  ; 0.500        ; 0.000          ; Low Pulse Width  ; MAIN:inst8|CS.SCT1 ; Rise       ; MAIN:inst8|MM1[3]           ;
; 0.500  ; 0.500        ; 0.000          ; High Pulse Width ; MAIN:inst8|CS.SCT1 ; Rise       ; inst3|CNT0[0]|clk           ;
; 0.500  ; 0.500        ; 0.000          ; Low Pulse Width  ; MAIN:inst8|CS.SCT1 ; Rise       ; inst3|CNT0[0]|clk           ;
; 0.500  ; 0.500        ; 0.000          ; High Pulse Width ; MAIN:inst8|CS.SCT1 ; Rise       ; inst3|CNT0[1]|clk           ;
; 0.500  ; 0.500        ; 0.000          ; Low Pulse Width  ; MAIN:inst8|CS.SCT1 ; Rise       ; inst3|CNT0[1]|clk           ;
; 0.500  ; 0.500        ; 0.000          ; High Pulse Width ; MAIN:inst8|CS.SCT1 ; Rise       ; inst3|CNT0[2]|clk           ;
; 0.500  ; 0.500        ; 0.000          ; Low Pulse Width  ; MAIN:inst8|CS.SCT1 ; Rise       ; inst3|CNT0[2]|clk           ;
; 0.500  ; 0.500        ; 0.000          ; High Pulse Width ; MAIN:inst8|CS.SCT1 ; Rise       ; inst3|CNT0[3]|clk           ;
; 0.500  ; 0.500        ; 0.000          ; Low Pulse Width  ; MAIN:inst8|CS.SCT1 ; Rise       ; inst3|CNT0[3]|clk           ;
; 0.500  ; 0.500        ; 0.000          ; High Pulse Width ; MAIN:inst8|CS.SCT1 ; Rise       ; inst3|CNT1[0]|clk           ;
; 0.500  ; 0.500        ; 0.000          ; Low Pulse Width  ; MAIN:inst8|CS.SCT1 ; Rise       ; inst3|CNT1[0]|clk           ;
; 0.500  ; 0.500        ; 0.000          ; High Pulse Width ; MAIN:inst8|CS.SCT1 ; Rise       ; inst3|CNT1[1]|clk           ;
; 0.500  ; 0.500        ; 0.000          ; Low Pulse Width  ; MAIN:inst8|CS.SCT1 ; Rise       ; inst3|CNT1[1]|clk           ;
; 0.500  ; 0.500        ; 0.000          ; High Pulse Width ; MAIN:inst8|CS.SCT1 ; Rise       ; inst3|CNT1[2]|clk           ;
; 0.500  ; 0.500        ; 0.000          ; Low Pulse Width  ; MAIN:inst8|CS.SCT1 ; Rise       ; inst3|CNT1[2]|clk           ;
; 0.500  ; 0.500        ; 0.000          ; High Pulse Width ; MAIN:inst8|CS.SCT1 ; Rise       ; inst3|CNT1[3]|clk           ;
; 0.500  ; 0.500        ; 0.000          ; Low Pulse Width  ; MAIN:inst8|CS.SCT1 ; Rise       ; inst3|CNT1[3]|clk           ;
; 0.500  ; 0.500        ; 0.000          ; High Pulse Width ; MAIN:inst8|CS.SCT1 ; Rise       ; inst3|MCLK|combout          ;
; 0.500  ; 0.500        ; 0.000          ; Low Pulse Width  ; MAIN:inst8|CS.SCT1 ; Rise       ; inst3|MCLK|combout          ;
; 0.500  ; 0.500        ; 0.000          ; High Pulse Width ; MAIN:inst8|CS.SCT1 ; Rise       ; inst3|MCLK|datac            ;
; 0.500  ; 0.500        ; 0.000          ; Low Pulse Width  ; MAIN:inst8|CS.SCT1 ; Rise       ; inst3|MCLK|datac            ;
; 0.500  ; 0.500        ; 0.000          ; High Pulse Width ; MAIN:inst8|CS.SCT1 ; Rise       ; inst3|MCLK~clkctrl|inclk[0] ;
; 0.500  ; 0.500        ; 0.000          ; Low Pulse Width  ; MAIN:inst8|CS.SCT1 ; Rise       ; inst3|MCLK~clkctrl|inclk[0] ;
; 0.500  ; 0.500        ; 0.000          ; High Pulse Width ; MAIN:inst8|CS.SCT1 ; Rise       ; inst3|MCLK~clkctrl|outclk   ;
; 0.500  ; 0.500        ; 0.000          ; Low Pulse Width  ; MAIN:inst8|CS.SCT1 ; Rise       ; inst3|MCLK~clkctrl|outclk   ;
; 0.500  ; 0.500        ; 0.000          ; High Pulse Width ; MAIN:inst8|CS.SCT1 ; Rise       ; inst3|cout|clk              ;
; 0.500  ; 0.500        ; 0.000          ; Low Pulse Width  ; MAIN:inst8|CS.SCT1 ; Rise       ; inst3|cout|clk              ;
; 0.500  ; 0.500        ; 0.000          ; High Pulse Width ; MAIN:inst8|CS.SCT1 ; Rise       ; inst4|CNT0[0]|clk           ;
; 0.500  ; 0.500        ; 0.000          ; Low Pulse Width  ; MAIN:inst8|CS.SCT1 ; Rise       ; inst4|CNT0[0]|clk           ;
; 0.500  ; 0.500        ; 0.000          ; High Pulse Width ; MAIN:inst8|CS.SCT1 ; Rise       ; inst4|CNT0[1]|clk           ;
; 0.500  ; 0.500        ; 0.000          ; Low Pulse Width  ; MAIN:inst8|CS.SCT1 ; Rise       ; inst4|CNT0[1]|clk           ;
; 0.500  ; 0.500        ; 0.000          ; High Pulse Width ; MAIN:inst8|CS.SCT1 ; Rise       ; inst4|CNT0[2]|clk           ;
; 0.500  ; 0.500        ; 0.000          ; Low Pulse Width  ; MAIN:inst8|CS.SCT1 ; Rise       ; inst4|CNT0[2]|clk           ;
; 0.500  ; 0.500        ; 0.000          ; High Pulse Width ; MAIN:inst8|CS.SCT1 ; Rise       ; inst4|CNT0[3]|clk           ;
; 0.500  ; 0.500        ; 0.000          ; Low Pulse Width  ; MAIN:inst8|CS.SCT1 ; Rise       ; inst4|CNT0[3]|clk           ;
; 0.500  ; 0.500        ; 0.000          ; High Pulse Width ; MAIN:inst8|CS.SCT1 ; Rise       ; inst4|CNT1[0]|clk           ;
; 0.500  ; 0.500        ; 0.000          ; Low Pulse Width  ; MAIN:inst8|CS.SCT1 ; Rise       ; inst4|CNT1[0]|clk           ;
; 0.500  ; 0.500        ; 0.000          ; High Pulse Width ; MAIN:inst8|CS.SCT1 ; Rise       ; inst4|CNT1[1]|clk           ;
; 0.500  ; 0.500        ; 0.000          ; Low Pulse Width  ; MAIN:inst8|CS.SCT1 ; Rise       ; inst4|CNT1[1]|clk           ;
; 0.500  ; 0.500        ; 0.000          ; High Pulse Width ; MAIN:inst8|CS.SCT1 ; Rise       ; inst4|CNT1[2]|clk           ;
; 0.500  ; 0.500        ; 0.000          ; Low Pulse Width  ; MAIN:inst8|CS.SCT1 ; Rise       ; inst4|CNT1[2]|clk           ;
; 0.500  ; 0.500        ; 0.000          ; High Pulse Width ; MAIN:inst8|CS.SCT1 ; Rise       ; inst4|CNT1[3]|clk           ;
; 0.500  ; 0.500        ; 0.000          ; Low Pulse Width  ; MAIN:inst8|CS.SCT1 ; Rise       ; inst4|CNT1[3]|clk           ;
; 0.500  ; 0.500        ; 0.000          ; High Pulse Width ; MAIN:inst8|CS.SCT1 ; Rise       ; inst4|MCLK|combout          ;
; 0.500  ; 0.500        ; 0.000          ; Low Pulse Width  ; MAIN:inst8|CS.SCT1 ; Rise       ; inst4|MCLK|combout          ;
; 0.500  ; 0.500        ; 0.000          ; High Pulse Width ; MAIN:inst8|CS.SCT1 ; Rise       ; inst4|MCLK|datac            ;
; 0.500  ; 0.500        ; 0.000          ; Low Pulse Width  ; MAIN:inst8|CS.SCT1 ; Rise       ; inst4|MCLK|datac            ;
; 0.500  ; 0.500        ; 0.000          ; High Pulse Width ; MAIN:inst8|CS.SCT1 ; Rise       ; inst4|MCLK~clkctrl|inclk[0] ;
; 0.500  ; 0.500        ; 0.000          ; Low Pulse Width  ; MAIN:inst8|CS.SCT1 ; Rise       ; inst4|MCLK~clkctrl|inclk[0] ;
+--------+--------------+----------------+------------------+--------------------+------------+-----------------------------+


+---------------------------------------------------------------------------------------------------------------------+
; Slow Model Minimum Pulse Width: 'MAIN:inst8|CS.SRUN0'                                                               ;
+--------+--------------+----------------+------------------+---------------------+------------+----------------------+
; Slack  ; Actual Width ; Required Width ; Type             ; Clock               ; Clock Edge ; Target               ;
+--------+--------------+----------------+------------------+---------------------+------------+----------------------+
; -0.500 ; 0.500        ; 1.000          ; High Pulse Width ; MAIN:inst8|CS.SRUN0 ; Fall       ; COUNT:inst7|TEMP[0]  ;
; -0.500 ; 0.500        ; 1.000          ; Low Pulse Width  ; MAIN:inst8|CS.SRUN0 ; Fall       ; COUNT:inst7|TEMP[0]  ;
; -0.500 ; 0.500        ; 1.000          ; High Pulse Width ; MAIN:inst8|CS.SRUN0 ; Fall       ; COUNT:inst7|TEMP[10] ;
; -0.500 ; 0.500        ; 1.000          ; Low Pulse Width  ; MAIN:inst8|CS.SRUN0 ; Fall       ; COUNT:inst7|TEMP[10] ;
; -0.500 ; 0.500        ; 1.000          ; High Pulse Width ; MAIN:inst8|CS.SRUN0 ; Fall       ; COUNT:inst7|TEMP[11] ;
; -0.500 ; 0.500        ; 1.000          ; Low Pulse Width  ; MAIN:inst8|CS.SRUN0 ; Fall       ; COUNT:inst7|TEMP[11] ;
; -0.500 ; 0.500        ; 1.000          ; High Pulse Width ; MAIN:inst8|CS.SRUN0 ; Fall       ; COUNT:inst7|TEMP[12] ;
; -0.500 ; 0.500        ; 1.000          ; Low Pulse Width  ; MAIN:inst8|CS.SRUN0 ; Fall       ; COUNT:inst7|TEMP[12] ;
; -0.500 ; 0.500        ; 1.000          ; High Pulse Width ; MAIN:inst8|CS.SRUN0 ; Fall       ; COUNT:inst7|TEMP[13] ;
; -0.500 ; 0.500        ; 1.000          ; Low Pulse Width  ; MAIN:inst8|CS.SRUN0 ; Fall       ; COUNT:inst7|TEMP[13] ;
; -0.500 ; 0.500        ; 1.000          ; High Pulse Width ; MAIN:inst8|CS.SRUN0 ; Fall       ; COUNT:inst7|TEMP[1]  ;
; -0.500 ; 0.500        ; 1.000          ; Low Pulse Width  ; MAIN:inst8|CS.SRUN0 ; Fall       ; COUNT:inst7|TEMP[1]  ;
; -0.500 ; 0.500        ; 1.000          ; High Pulse Width ; MAIN:inst8|CS.SRUN0 ; Fall       ; COUNT:inst7|TEMP[2]  ;
; -0.500 ; 0.500        ; 1.000          ; Low Pulse Width  ; MAIN:inst8|CS.SRUN0 ; Fall       ; COUNT:inst7|TEMP[2]  ;
; -0.500 ; 0.500        ; 1.000          ; High Pulse Width ; MAIN:inst8|CS.SRUN0 ; Fall       ; COUNT:inst7|TEMP[3]  ;
; -0.500 ; 0.500        ; 1.000          ; Low Pulse Width  ; MAIN:inst8|CS.SRUN0 ; Fall       ; COUNT:inst7|TEMP[3]  ;
; -0.500 ; 0.500        ; 1.000          ; High Pulse Width ; MAIN:inst8|CS.SRUN0 ; Fall       ; COUNT:inst7|TEMP[4]  ;
; -0.500 ; 0.500        ; 1.000          ; Low Pulse Width  ; MAIN:inst8|CS.SRUN0 ; Fall       ; COUNT:inst7|TEMP[4]  ;
; -0.500 ; 0.500        ; 1.000          ; High Pulse Width ; MAIN:inst8|CS.SRUN0 ; Fall       ; COUNT:inst7|TEMP[5]  ;
; -0.500 ; 0.500        ; 1.000          ; Low Pulse Width  ; MAIN:inst8|CS.SRUN0 ; Fall       ; COUNT:inst7|TEMP[5]  ;
; -0.500 ; 0.500        ; 1.000          ; High Pulse Width ; MAIN:inst8|CS.SRUN0 ; Fall       ; COUNT:inst7|TEMP[6]  ;
; -0.500 ; 0.500        ; 1.000          ; Low Pulse Width  ; MAIN:inst8|CS.SRUN0 ; Fall       ; COUNT:inst7|TEMP[6]  ;
; -0.500 ; 0.500        ; 1.000          ; High Pulse Width ; MAIN:inst8|CS.SRUN0 ; Fall       ; COUNT:inst7|TEMP[7]  ;
; -0.500 ; 0.500        ; 1.000          ; Low Pulse Width  ; MAIN:inst8|CS.SRUN0 ; Fall       ; COUNT:inst7|TEMP[7]  ;
; -0.500 ; 0.500        ; 1.000          ; High Pulse Width ; MAIN:inst8|CS.SRUN0 ; Fall       ; COUNT:inst7|TEMP[8]  ;
; -0.500 ; 0.500        ; 1.000          ; Low Pulse Width  ; MAIN:inst8|CS.SRUN0 ; Fall       ; COUNT:inst7|TEMP[8]  ;
; -0.500 ; 0.500        ; 1.000          ; High Pulse Width ; MAIN:inst8|CS.SRUN0 ; Fall       ; COUNT:inst7|TEMP[9]  ;
; -0.500 ; 0.500        ; 1.000          ; Low Pulse Width  ; MAIN:inst8|CS.SRUN0 ; Fall       ; COUNT:inst7|TEMP[9]  ;
; 0.500  ; 0.500        ; 0.000          ; High Pulse Width ; MAIN:inst8|CS.SRUN0 ; Fall       ; COUNT:inst7|QIBU[10] ;
; 0.500  ; 0.500        ; 0.000          ; Low Pulse Width  ; MAIN:inst8|CS.SRUN0 ; Fall       ; COUNT:inst7|QIBU[10] ;
; 0.500  ; 0.500        ; 0.000          ; High Pulse Width ; MAIN:inst8|CS.SRUN0 ; Fall       ; COUNT:inst7|QIBU[12] ;
; 0.500  ; 0.500        ; 0.000          ; Low Pulse Width  ; MAIN:inst8|CS.SRUN0 ; Fall       ; COUNT:inst7|QIBU[12] ;
; 0.500  ; 0.500        ; 0.000          ; High Pulse Width ; MAIN:inst8|CS.SRUN0 ; Fall       ; COUNT:inst7|QIBU[13] ;
; 0.500  ; 0.500        ; 0.000          ; Low Pulse Width  ; MAIN:inst8|CS.SRUN0 ; Fall       ; COUNT:inst7|QIBU[13] ;
; 0.500  ; 0.500        ; 0.000          ; High Pulse Width ; MAIN:inst8|CS.SRUN0 ; Fall       ; COUNT:inst7|QIBU[14] ;
; 0.500  ; 0.500        ; 0.000          ; Low Pulse Width  ; MAIN:inst8|CS.SRUN0 ; Fall       ; COUNT:inst7|QIBU[14] ;
; 0.500  ; 0.500        ; 0.000          ; High Pulse Width ; MAIN:inst8|CS.SRUN0 ; Fall       ; COUNT:inst7|QIBU[15] ;
; 0.500  ; 0.500        ; 0.000          ; Low Pulse Width  ; MAIN:inst8|CS.SRUN0 ; Fall       ; COUNT:inst7|QIBU[15] ;
; 0.500  ; 0.500        ; 0.000          ; High Pulse Width ; MAIN:inst8|CS.SRUN0 ; Fall       ; COUNT:inst7|QIBU[17] ;
; 0.500  ; 0.500        ; 0.000          ; Low Pulse Width  ; MAIN:inst8|CS.SRUN0 ; Fall       ; COUNT:inst7|QIBU[17] ;
; 0.500  ; 0.500        ; 0.000          ; High Pulse Width ; MAIN:inst8|CS.SRUN0 ; Fall       ; COUNT:inst7|QIBU[19] ;
; 0.500  ; 0.500        ; 0.000          ; Low Pulse Width  ; MAIN:inst8|CS.SRUN0 ; Fall       ; COUNT:inst7|QIBU[19] ;
; 0.500  ; 0.500        ; 0.000          ; High Pulse Width ; MAIN:inst8|CS.SRUN0 ; Fall       ; COUNT:inst7|QIBU[6]  ;
; 0.500  ; 0.500        ; 0.000          ; Low Pulse Width  ; MAIN:inst8|CS.SRUN0 ; Fall       ; COUNT:inst7|QIBU[6]  ;
; 0.500  ; 0.500        ; 0.000          ; High Pulse Width ; MAIN:inst8|CS.SRUN0 ; Fall       ; COUNT:inst7|QIBU[7]  ;
; 0.500  ; 0.500        ; 0.000          ; Low Pulse Width  ; MAIN:inst8|CS.SRUN0 ; Fall       ; COUNT:inst7|QIBU[7]  ;
; 0.500  ; 0.500        ; 0.000          ; High Pulse Width ; MAIN:inst8|CS.SRUN0 ; Fall       ; COUNT:inst7|QIBU[8]  ;
; 0.500  ; 0.500        ; 0.000          ; Low Pulse Width  ; MAIN:inst8|CS.SRUN0 ; Fall       ; COUNT:inst7|QIBU[8]  ;
; 0.500  ; 0.500        ; 0.000          ; High Pulse Width ; MAIN:inst8|CS.SRUN0 ; Fall       ; COUNT:inst7|QIBU[9]  ;
; 0.500  ; 0.500        ; 0.000          ; Low Pulse Width  ; MAIN:inst8|CS.SRUN0 ; Fall       ; COUNT:inst7|QIBU[9]  ;
; 0.500  ; 0.500        ; 0.000          ; High Pulse Width ; MAIN:inst8|CS.SRUN0 ; Rise       ; inst7|QIBU[10]|datad ;
; 0.500  ; 0.500        ; 0.000          ; Low Pulse Width  ; MAIN:inst8|CS.SRUN0 ; Rise       ; inst7|QIBU[10]|datad ;
; 0.500  ; 0.500        ; 0.000          ; High Pulse Width ; MAIN:inst8|CS.SRUN0 ; Rise       ; inst7|QIBU[12]|datad ;
; 0.500  ; 0.500        ; 0.000          ; Low Pulse Width  ; MAIN:inst8|CS.SRUN0 ; Rise       ; inst7|QIBU[12]|datad ;
; 0.500  ; 0.500        ; 0.000          ; High Pulse Width ; MAIN:inst8|CS.SRUN0 ; Rise       ; inst7|QIBU[13]|datad ;
; 0.500  ; 0.500        ; 0.000          ; Low Pulse Width  ; MAIN:inst8|CS.SRUN0 ; Rise       ; inst7|QIBU[13]|datad ;
; 0.500  ; 0.500        ; 0.000          ; High Pulse Width ; MAIN:inst8|CS.SRUN0 ; Rise       ; inst7|QIBU[14]|datad ;
; 0.500  ; 0.500        ; 0.000          ; Low Pulse Width  ; MAIN:inst8|CS.SRUN0 ; Rise       ; inst7|QIBU[14]|datad ;
; 0.500  ; 0.500        ; 0.000          ; High Pulse Width ; MAIN:inst8|CS.SRUN0 ; Rise       ; inst7|QIBU[15]|datad ;
; 0.500  ; 0.500        ; 0.000          ; Low Pulse Width  ; MAIN:inst8|CS.SRUN0 ; Rise       ; inst7|QIBU[15]|datad ;
; 0.500  ; 0.500        ; 0.000          ; High Pulse Width ; MAIN:inst8|CS.SRUN0 ; Rise       ; inst7|QIBU[17]|datac ;
; 0.500  ; 0.500        ; 0.000          ; Low Pulse Width  ; MAIN:inst8|CS.SRUN0 ; Rise       ; inst7|QIBU[17]|datac ;
; 0.500  ; 0.500        ; 0.000          ; High Pulse Width ; MAIN:inst8|CS.SRUN0 ; Rise       ; inst7|QIBU[19]|datad ;
; 0.500  ; 0.500        ; 0.000          ; Low Pulse Width  ; MAIN:inst8|CS.SRUN0 ; Rise       ; inst7|QIBU[19]|datad ;
; 0.500  ; 0.500        ; 0.000          ; High Pulse Width ; MAIN:inst8|CS.SRUN0 ; Rise       ; inst7|QIBU[6]|datad  ;
; 0.500  ; 0.500        ; 0.000          ; Low Pulse Width  ; MAIN:inst8|CS.SRUN0 ; Rise       ; inst7|QIBU[6]|datad  ;
; 0.500  ; 0.500        ; 0.000          ; High Pulse Width ; MAIN:inst8|CS.SRUN0 ; Rise       ; inst7|QIBU[7]|datad  ;
; 0.500  ; 0.500        ; 0.000          ; Low Pulse Width  ; MAIN:inst8|CS.SRUN0 ; Rise       ; inst7|QIBU[7]|datad  ;
; 0.500  ; 0.500        ; 0.000          ; High Pulse Width ; MAIN:inst8|CS.SRUN0 ; Rise       ; inst7|QIBU[8]|datad  ;
; 0.500  ; 0.500        ; 0.000          ; Low Pulse Width  ; MAIN:inst8|CS.SRUN0 ; Rise       ; inst7|QIBU[8]|datad  ;
; 0.500  ; 0.500        ; 0.000          ; High Pulse Width ; MAIN:inst8|CS.SRUN0 ; Rise       ; inst7|QIBU[9]|datad  ;
; 0.500  ; 0.500        ; 0.000          ; Low Pulse Width  ; MAIN:inst8|CS.SRUN0 ; Rise       ; inst7|QIBU[9]|datad  ;
; 0.500  ; 0.500        ; 0.000          ; High Pulse Width ; MAIN:inst8|CS.SRUN0 ; Rise       ; inst7|TEMP[0]|clk    ;
; 0.500  ; 0.500        ; 0.000          ; Low Pulse Width  ; MAIN:inst8|CS.SRUN0 ; Rise       ; inst7|TEMP[0]|clk    ;
; 0.500  ; 0.500        ; 0.000          ; High Pulse Width ; MAIN:inst8|CS.SRUN0 ; Rise       ; inst7|TEMP[10]|clk   ;
; 0.500  ; 0.500        ; 0.000          ; Low Pulse Width  ; MAIN:inst8|CS.SRUN0 ; Rise       ; inst7|TEMP[10]|clk   ;
; 0.500  ; 0.500        ; 0.000          ; High Pulse Width ; MAIN:inst8|CS.SRUN0 ; Rise       ; inst7|TEMP[11]|clk   ;
; 0.500  ; 0.500        ; 0.000          ; Low Pulse Width  ; MAIN:inst8|CS.SRUN0 ; Rise       ; inst7|TEMP[11]|clk   ;
; 0.500  ; 0.500        ; 0.000          ; High Pulse Width ; MAIN:inst8|CS.SRUN0 ; Rise       ; inst7|TEMP[12]|clk   ;
; 0.500  ; 0.500        ; 0.000          ; Low Pulse Width  ; MAIN:inst8|CS.SRUN0 ; Rise       ; inst7|TEMP[12]|clk   ;
; 0.500  ; 0.500        ; 0.000          ; High Pulse Width ; MAIN:inst8|CS.SRUN0 ; Rise       ; inst7|TEMP[13]|clk   ;
; 0.500  ; 0.500        ; 0.000          ; Low Pulse Width  ; MAIN:inst8|CS.SRUN0 ; Rise       ; inst7|TEMP[13]|clk   ;
; 0.500  ; 0.500        ; 0.000          ; High Pulse Width ; MAIN:inst8|CS.SRUN0 ; Rise       ; inst7|TEMP[1]|clk    ;
; 0.500  ; 0.500        ; 0.000          ; Low Pulse Width  ; MAIN:inst8|CS.SRUN0 ; Rise       ; inst7|TEMP[1]|clk    ;
; 0.500  ; 0.500        ; 0.000          ; High Pulse Width ; MAIN:inst8|CS.SRUN0 ; Rise       ; inst7|TEMP[2]|clk    ;
; 0.500  ; 0.500        ; 0.000          ; Low Pulse Width  ; MAIN:inst8|CS.SRUN0 ; Rise       ; inst7|TEMP[2]|clk    ;
; 0.500  ; 0.500        ; 0.000          ; High Pulse Width ; MAIN:inst8|CS.SRUN0 ; Rise       ; inst7|TEMP[3]|clk    ;
; 0.500  ; 0.500        ; 0.000          ; Low Pulse Width  ; MAIN:inst8|CS.SRUN0 ; Rise       ; inst7|TEMP[3]|clk    ;
; 0.500  ; 0.500        ; 0.000          ; High Pulse Width ; MAIN:inst8|CS.SRUN0 ; Rise       ; inst7|TEMP[4]|clk    ;
; 0.500  ; 0.500        ; 0.000          ; Low Pulse Width  ; MAIN:inst8|CS.SRUN0 ; Rise       ; inst7|TEMP[4]|clk    ;
; 0.500  ; 0.500        ; 0.000          ; High Pulse Width ; MAIN:inst8|CS.SRUN0 ; Rise       ; inst7|TEMP[5]|clk    ;
; 0.500  ; 0.500        ; 0.000          ; Low Pulse Width  ; MAIN:inst8|CS.SRUN0 ; Rise       ; inst7|TEMP[5]|clk    ;
; 0.500  ; 0.500        ; 0.000          ; High Pulse Width ; MAIN:inst8|CS.SRUN0 ; Rise       ; inst7|TEMP[6]|clk    ;
; 0.500  ; 0.500        ; 0.000          ; Low Pulse Width  ; MAIN:inst8|CS.SRUN0 ; Rise       ; inst7|TEMP[6]|clk    ;
; 0.500  ; 0.500        ; 0.000          ; High Pulse Width ; MAIN:inst8|CS.SRUN0 ; Rise       ; inst7|TEMP[7]|clk    ;
; 0.500  ; 0.500        ; 0.000          ; Low Pulse Width  ; MAIN:inst8|CS.SRUN0 ; Rise       ; inst7|TEMP[7]|clk    ;
; 0.500  ; 0.500        ; 0.000          ; High Pulse Width ; MAIN:inst8|CS.SRUN0 ; Rise       ; inst7|TEMP[8]|clk    ;
; 0.500  ; 0.500        ; 0.000          ; Low Pulse Width  ; MAIN:inst8|CS.SRUN0 ; Rise       ; inst7|TEMP[8]|clk    ;
; 0.500  ; 0.500        ; 0.000          ; High Pulse Width ; MAIN:inst8|CS.SRUN0 ; Rise       ; inst7|TEMP[9]|clk    ;
; 0.500  ; 0.500        ; 0.000          ; Low Pulse Width  ; MAIN:inst8|CS.SRUN0 ; Rise       ; inst7|TEMP[9]|clk    ;
+--------+--------------+----------------+------------------+---------------------+------------+----------------------+


+--------------------------------------------------------------------------------------------------------------------+
; Slow Model Minimum Pulse Width: 'MAIN:inst8|CS.S1'                                                                 ;
+-------+--------------+----------------+------------------+------------------+------------+-------------------------+
; Slack ; Actual Width ; Required Width ; Type             ; Clock            ; Clock Edge ; Target                  ;
+-------+--------------+----------------+------------------+------------------+------------+-------------------------+
; 0.500 ; 0.500        ; 0.000          ; High Pulse Width ; MAIN:inst8|CS.S1 ; Fall       ; MAIN:inst8|SUM_EN       ;
; 0.500 ; 0.500        ; 0.000          ; Low Pulse Width  ; MAIN:inst8|CS.S1 ; Fall       ; MAIN:inst8|SUM_EN       ;
; 0.500 ; 0.500        ; 0.000          ; High Pulse Width ; MAIN:inst8|CS.S1 ; Rise       ; inst8|CS.S1|regout      ;
; 0.500 ; 0.500        ; 0.000          ; Low Pulse Width  ; MAIN:inst8|CS.S1 ; Rise       ; inst8|CS.S1|regout      ;
; 0.500 ; 0.500        ; 0.000          ; High Pulse Width ; MAIN:inst8|CS.S1 ; Rise       ; inst8|SUM_EN|datac      ;
; 0.500 ; 0.500        ; 0.000          ; Low Pulse Width  ; MAIN:inst8|CS.S1 ; Rise       ; inst8|SUM_EN|datac      ;
; 0.500 ; 0.500        ; 0.000          ; High Pulse Width ; MAIN:inst8|CS.S1 ; Rise       ; inst8|WideOr4~0|combout ;
; 0.500 ; 0.500        ; 0.000          ; Low Pulse Width  ; MAIN:inst8|CS.S1 ; Rise       ; inst8|WideOr4~0|combout ;
; 0.500 ; 0.500        ; 0.000          ; High Pulse Width ; MAIN:inst8|CS.S1 ; Rise       ; inst8|WideOr4~0|datad   ;
; 0.500 ; 0.500        ; 0.000          ; Low Pulse Width  ; MAIN:inst8|CS.S1 ; Rise       ; inst8|WideOr4~0|datad   ;
+-------+--------------+----------------+------------------+------------------+------------+-------------------------+


+--------------------------------------------------------------------------------------+
; Setup Times                                                                          ;
+-----------+---------------------+--------+--------+------------+---------------------+
; Data Port ; Clock Port          ; Rise   ; Fall   ; Clock Edge ; Clock Reference     ;
+-----------+---------------------+--------+--------+------------+---------------------+
; EN        ; CLK                 ; 5.151  ; 5.151  ; Rise       ; CLK                 ;
; EN        ; CT0                 ; 1.899  ; 1.899  ; Rise       ; CT0                 ;
; EN        ; FD2:inst1|Q1        ; 6.219  ; 6.219  ; Rise       ; FD2:inst1|Q1        ;
; SP2       ; FD2:inst1|Q1        ; 10.716 ; 10.716 ; Rise       ; FD2:inst1|Q1        ;
; SP3       ; FD2:inst1|Q1        ; 10.002 ; 10.002 ; Rise       ; FD2:inst1|Q1        ;
; SP4       ; FD2:inst1|Q1        ; 10.637 ; 10.637 ; Rise       ; FD2:inst1|Q1        ;
; CT0       ; FD:inst|Q1          ; 1.837  ; 1.837  ; Rise       ; FD:inst|Q1          ;
; CT1       ; FD:inst|Q1          ; 4.585  ; 4.585  ; Rise       ; FD:inst|Q1          ;
; PAUSE     ; FD:inst|Q1          ; 6.048  ; 6.048  ; Rise       ; FD:inst|Q1          ;
; START     ; FD:inst|Q1          ; 6.468  ; 6.468  ; Rise       ; FD:inst|Q1          ;
; SW_SUM    ; FD:inst|Q1          ; 5.875  ; 5.875  ; Rise       ; FD:inst|Q1          ;
; EN        ; MAIN:inst8|CS.SCT0  ; 4.998  ; 4.998  ; Rise       ; MAIN:inst8|CS.SCT0  ;
; EN        ; MAIN:inst8|CS.SCT1  ; 5.099  ; 5.099  ; Rise       ; MAIN:inst8|CS.SCT1  ;
; A1        ; MAIN:inst8|CS.SRUN0 ; 7.459  ; 7.459  ; Fall       ; MAIN:inst8|CS.SRUN0 ;
; A2        ; MAIN:inst8|CS.SRUN0 ; 7.316  ; 7.316  ; Fall       ; MAIN:inst8|CS.SRUN0 ;
+-----------+---------------------+--------+--------+------------+---------------------+


+--------------------------------------------------------------------------------------+
; Hold Times                                                                           ;
+-----------+---------------------+--------+--------+------------+---------------------+
; Data Port ; Clock Port          ; Rise   ; Fall   ; Clock Edge ; Clock Reference     ;
+-----------+---------------------+--------+--------+------------+---------------------+
; EN        ; CLK                 ; -4.640 ; -4.640 ; Rise       ; CLK                 ;
; EN        ; CT0                 ; 0.823  ; 0.823  ; Rise       ; CT0                 ;
; EN        ; FD2:inst1|Q1        ; -3.513 ; -3.513 ; Rise       ; FD2:inst1|Q1        ;
; SP2       ; FD2:inst1|Q1        ; -3.792 ; -3.792 ; Rise       ; FD2:inst1|Q1        ;
; SP3       ; FD2:inst1|Q1        ; -3.360 ; -3.360 ; Rise       ; FD2:inst1|Q1        ;
; SP4       ; FD2:inst1|Q1        ; -4.415 ; -4.415 ; Rise       ; FD2:inst1|Q1        ;
; CT0       ; FD:inst|Q1          ; -1.160 ; -1.160 ; Rise       ; FD:inst|Q1          ;
; CT1       ; FD:inst|Q1          ; -4.313 ; -4.313 ; Rise       ; FD:inst|Q1          ;
; PAUSE     ; FD:inst|Q1          ; -4.237 ; -4.237 ; Rise       ; FD:inst|Q1          ;
; START     ; FD:inst|Q1          ; -4.592 ; -4.592 ; Rise       ; FD:inst|Q1          ;
; SW_SUM    ; FD:inst|Q1          ; -4.281 ; -4.281 ; Rise       ; FD:inst|Q1          ;
; EN        ; MAIN:inst8|CS.SCT0  ; -2.273 ; -2.273 ; Rise       ; MAIN:inst8|CS.SCT0  ;
; EN        ; MAIN:inst8|CS.SCT1  ; -2.378 ; -2.378 ; Rise       ; MAIN:inst8|CS.SCT1  ;
; A1        ; MAIN:inst8|CS.SRUN0 ; -5.446 ; -5.446 ; Fall       ; MAIN:inst8|CS.SRUN0 ;
; A2        ; MAIN:inst8|CS.SRUN0 ; -5.046 ; -5.046 ; Fall       ; MAIN:inst8|CS.SRUN0 ;
+-----------+---------------------+--------+--------+------------+---------------------+


+--------------------------------------------------------------------------------------+
; Clock to Output Times                                                                ;
+-----------+---------------------+--------+--------+------------+---------------------+
; Data Port ; Clock Port          ; Rise   ; Fall   ; Clock Edge ; Clock Reference     ;
+-----------+---------------------+--------+--------+------------+---------------------+
; OUT0[*]   ; FD2:inst1|Q1        ; 14.129 ; 14.129 ; Rise       ; FD2:inst1|Q1        ;
;  OUT0[0]  ; FD2:inst1|Q1        ; 13.095 ; 13.095 ; Rise       ; FD2:inst1|Q1        ;
;  OUT0[1]  ; FD2:inst1|Q1        ; 14.129 ; 14.129 ; Rise       ; FD2:inst1|Q1        ;
;  OUT0[2]  ; FD2:inst1|Q1        ; 13.625 ; 13.625 ; Rise       ; FD2:inst1|Q1        ;
;  OUT0[3]  ; FD2:inst1|Q1        ; 14.060 ; 14.060 ; Rise       ; FD2:inst1|Q1        ;
;  OUT0[4]  ; FD2:inst1|Q1        ; 13.880 ; 13.880 ; Rise       ; FD2:inst1|Q1        ;
;  OUT0[5]  ; FD2:inst1|Q1        ; 13.832 ; 13.832 ; Rise       ; FD2:inst1|Q1        ;
;  OUT0[6]  ; FD2:inst1|Q1        ; 13.176 ; 13.176 ; Rise       ; FD2:inst1|Q1        ;
; OUT1[*]   ; FD2:inst1|Q1        ; 13.120 ; 13.120 ; Rise       ; FD2:inst1|Q1        ;
;  OUT1[0]  ; FD2:inst1|Q1        ; 12.748 ; 12.748 ; Rise       ; FD2:inst1|Q1        ;
;  OUT1[1]  ; FD2:inst1|Q1        ; 12.651 ; 12.651 ; Rise       ; FD2:inst1|Q1        ;
;  OUT1[2]  ; FD2:inst1|Q1        ; 12.913 ; 12.913 ; Rise       ; FD2:inst1|Q1        ;
;  OUT1[3]  ; FD2:inst1|Q1        ; 12.839 ; 12.839 ; Rise       ; FD2:inst1|Q1        ;
;  OUT1[4]  ; FD2:inst1|Q1        ; 12.959 ; 12.959 ; Rise       ; FD2:inst1|Q1        ;
;  OUT1[5]  ; FD2:inst1|Q1        ; 12.695 ; 12.695 ; Rise       ; FD2:inst1|Q1        ;
;  OUT1[6]  ; FD2:inst1|Q1        ; 13.120 ; 13.120 ; Rise       ; FD2:inst1|Q1        ;
; OUT2[*]   ; FD2:inst1|Q1        ; 15.236 ; 15.236 ; Rise       ; FD2:inst1|Q1        ;
;  OUT2[0]  ; FD2:inst1|Q1        ; 13.722 ; 13.722 ; Rise       ; FD2:inst1|Q1        ;
;  OUT2[1]  ; FD2:inst1|Q1        ; 15.236 ; 15.236 ; Rise       ; FD2:inst1|Q1        ;
;  OUT2[2]  ; FD2:inst1|Q1        ; 13.448 ; 13.448 ; Rise       ; FD2:inst1|Q1        ;
;  OUT2[3]  ; FD2:inst1|Q1        ; 13.237 ; 13.237 ; Rise       ; FD2:inst1|Q1        ;
;  OUT2[4]  ; FD2:inst1|Q1        ; 13.461 ; 13.461 ; Rise       ; FD2:inst1|Q1        ;
;  OUT2[5]  ; FD2:inst1|Q1        ; 13.690 ; 13.690 ; Rise       ; FD2:inst1|Q1        ;
;  OUT2[6]  ; FD2:inst1|Q1        ; 13.311 ; 13.311 ; Rise       ; FD2:inst1|Q1        ;
; OUT3[*]   ; FD2:inst1|Q1        ; 13.695 ; 13.695 ; Rise       ; FD2:inst1|Q1        ;
;  OUT3[0]  ; FD2:inst1|Q1        ; 13.384 ; 13.384 ; Rise       ; FD2:inst1|Q1        ;
;  OUT3[1]  ; FD2:inst1|Q1        ; 13.408 ; 13.408 ; Rise       ; FD2:inst1|Q1        ;
;  OUT3[2]  ; FD2:inst1|Q1        ; 13.400 ; 13.400 ; Rise       ; FD2:inst1|Q1        ;
;  OUT3[3]  ; FD2:inst1|Q1        ; 13.354 ; 13.354 ; Rise       ; FD2:inst1|Q1        ;
;  OUT3[4]  ; FD2:inst1|Q1        ; 13.695 ; 13.695 ; Rise       ; FD2:inst1|Q1        ;
;  OUT3[5]  ; FD2:inst1|Q1        ; 13.376 ; 13.376 ; Rise       ; FD2:inst1|Q1        ;
;  OUT3[6]  ; FD2:inst1|Q1        ; 13.376 ; 13.376 ; Rise       ; FD2:inst1|Q1        ;
; OUT4[*]   ; FD2:inst1|Q1        ; 13.681 ; 13.681 ; Rise       ; FD2:inst1|Q1        ;
;  OUT4[0]  ; FD2:inst1|Q1        ; 12.700 ; 12.700 ; Rise       ; FD2:inst1|Q1        ;
;  OUT4[1]  ; FD2:inst1|Q1        ; 11.718 ; 11.718 ; Rise       ; FD2:inst1|Q1        ;
;  OUT4[2]  ; FD2:inst1|Q1        ; 13.307 ; 13.307 ; Rise       ; FD2:inst1|Q1        ;
;  OUT4[3]  ; FD2:inst1|Q1        ; 11.804 ; 11.804 ; Rise       ; FD2:inst1|Q1        ;
;  OUT4[4]  ; FD2:inst1|Q1        ; 11.831 ; 11.831 ; Rise       ; FD2:inst1|Q1        ;
;  OUT4[5]  ; FD2:inst1|Q1        ; 13.681 ; 13.681 ; Rise       ; FD2:inst1|Q1        ;
;  OUT4[6]  ; FD2:inst1|Q1        ; 12.141 ; 12.141 ; Rise       ; FD2:inst1|Q1        ;
; OUT5[*]   ; FD2:inst1|Q1        ; 14.503 ; 14.503 ; Rise       ; FD2:inst1|Q1        ;
;  OUT5[0]  ; FD2:inst1|Q1        ; 12.310 ; 12.310 ; Rise       ; FD2:inst1|Q1        ;
;  OUT5[1]  ; FD2:inst1|Q1        ; 12.943 ; 12.943 ; Rise       ; FD2:inst1|Q1        ;
;  OUT5[2]  ; FD2:inst1|Q1        ; 12.149 ; 12.149 ; Rise       ; FD2:inst1|Q1        ;
;  OUT5[3]  ; FD2:inst1|Q1        ; 12.415 ; 12.415 ; Rise       ; FD2:inst1|Q1        ;
;  OUT5[4]  ; FD2:inst1|Q1        ; 12.186 ; 12.186 ; Rise       ; FD2:inst1|Q1        ;
;  OUT5[5]  ; FD2:inst1|Q1        ; 14.503 ; 14.503 ; Rise       ; FD2:inst1|Q1        ;
;  OUT5[6]  ; FD2:inst1|Q1        ; 13.596 ; 13.596 ; Rise       ; FD2:inst1|Q1        ;
; OUT6[*]   ; FD2:inst1|Q1        ; 13.789 ; 13.789 ; Rise       ; FD2:inst1|Q1        ;
;  OUT6[0]  ; FD2:inst1|Q1        ; 12.480 ; 12.480 ; Rise       ; FD2:inst1|Q1        ;
;  OUT6[1]  ; FD2:inst1|Q1        ; 11.271 ; 11.271 ; Rise       ; FD2:inst1|Q1        ;
;  OUT6[2]  ; FD2:inst1|Q1        ; 11.863 ; 11.863 ; Rise       ; FD2:inst1|Q1        ;
;  OUT6[3]  ; FD2:inst1|Q1        ; 13.789 ; 13.789 ; Rise       ; FD2:inst1|Q1        ;
;  OUT6[4]  ; FD2:inst1|Q1        ; 13.552 ; 13.552 ; Rise       ; FD2:inst1|Q1        ;
;  OUT6[5]  ; FD2:inst1|Q1        ; 13.434 ; 13.434 ; Rise       ; FD2:inst1|Q1        ;
;  OUT6[6]  ; FD2:inst1|Q1        ; 11.678 ; 11.678 ; Rise       ; FD2:inst1|Q1        ;
; OUT7[*]   ; FD2:inst1|Q1        ; 13.623 ; 13.623 ; Rise       ; FD2:inst1|Q1        ;
;  OUT7[0]  ; FD2:inst1|Q1        ; 12.036 ; 12.036 ; Rise       ; FD2:inst1|Q1        ;
;  OUT7[1]  ; FD2:inst1|Q1        ; 13.329 ; 13.329 ; Rise       ; FD2:inst1|Q1        ;
;  OUT7[2]  ; FD2:inst1|Q1        ; 12.450 ; 12.450 ; Rise       ; FD2:inst1|Q1        ;
;  OUT7[3]  ; FD2:inst1|Q1        ; 11.964 ; 11.964 ; Rise       ; FD2:inst1|Q1        ;
;  OUT7[4]  ; FD2:inst1|Q1        ; 12.182 ; 12.182 ; Rise       ; FD2:inst1|Q1        ;
;  OUT7[5]  ; FD2:inst1|Q1        ; 13.623 ; 13.623 ; Rise       ; FD2:inst1|Q1        ;
;  OUT7[6]  ; FD2:inst1|Q1        ; 13.195 ; 13.195 ; Rise       ; FD2:inst1|Q1        ;
; OUT0[*]   ; FD:inst|Q1          ; 15.391 ; 15.391 ; Rise       ; FD:inst|Q1          ;
;  OUT0[0]  ; FD:inst|Q1          ; 14.363 ; 14.363 ; Rise       ; FD:inst|Q1          ;
;  OUT0[1]  ; FD:inst|Q1          ; 15.391 ; 15.391 ; Rise       ; FD:inst|Q1          ;
;  OUT0[2]  ; FD:inst|Q1          ; 14.899 ; 14.899 ; Rise       ; FD:inst|Q1          ;
;  OUT0[3]  ; FD:inst|Q1          ; 15.324 ; 15.324 ; Rise       ; FD:inst|Q1          ;
;  OUT0[4]  ; FD:inst|Q1          ; 15.153 ; 15.153 ; Rise       ; FD:inst|Q1          ;
;  OUT0[5]  ; FD:inst|Q1          ; 15.106 ; 15.106 ; Rise       ; FD:inst|Q1          ;
;  OUT0[6]  ; FD:inst|Q1          ; 14.440 ; 14.440 ; Rise       ; FD:inst|Q1          ;
; OUT1[*]   ; FD:inst|Q1          ; 14.469 ; 14.469 ; Rise       ; FD:inst|Q1          ;
;  OUT1[0]  ; FD:inst|Q1          ; 14.097 ; 14.097 ; Rise       ; FD:inst|Q1          ;
;  OUT1[1]  ; FD:inst|Q1          ; 14.000 ; 14.000 ; Rise       ; FD:inst|Q1          ;
;  OUT1[2]  ; FD:inst|Q1          ; 14.262 ; 14.262 ; Rise       ; FD:inst|Q1          ;
;  OUT1[3]  ; FD:inst|Q1          ; 14.188 ; 14.188 ; Rise       ; FD:inst|Q1          ;
;  OUT1[4]  ; FD:inst|Q1          ; 14.308 ; 14.308 ; Rise       ; FD:inst|Q1          ;
;  OUT1[5]  ; FD:inst|Q1          ; 14.044 ; 14.044 ; Rise       ; FD:inst|Q1          ;
;  OUT1[6]  ; FD:inst|Q1          ; 14.469 ; 14.469 ; Rise       ; FD:inst|Q1          ;
; OUT2[*]   ; FD:inst|Q1          ; 15.999 ; 15.999 ; Rise       ; FD:inst|Q1          ;
;  OUT2[0]  ; FD:inst|Q1          ; 14.485 ; 14.485 ; Rise       ; FD:inst|Q1          ;
;  OUT2[1]  ; FD:inst|Q1          ; 15.999 ; 15.999 ; Rise       ; FD:inst|Q1          ;
;  OUT2[2]  ; FD:inst|Q1          ; 14.211 ; 14.211 ; Rise       ; FD:inst|Q1          ;
;  OUT2[3]  ; FD:inst|Q1          ; 14.000 ; 14.000 ; Rise       ; FD:inst|Q1          ;
;  OUT2[4]  ; FD:inst|Q1          ; 14.224 ; 14.224 ; Rise       ; FD:inst|Q1          ;
;  OUT2[5]  ; FD:inst|Q1          ; 14.453 ; 14.453 ; Rise       ; FD:inst|Q1          ;
;  OUT2[6]  ; FD:inst|Q1          ; 14.074 ; 14.074 ; Rise       ; FD:inst|Q1          ;
; OUT3[*]   ; FD:inst|Q1          ; 13.734 ; 13.734 ; Rise       ; FD:inst|Q1          ;
;  OUT3[0]  ; FD:inst|Q1          ; 13.423 ; 13.423 ; Rise       ; FD:inst|Q1          ;
;  OUT3[1]  ; FD:inst|Q1          ; 13.447 ; 13.447 ; Rise       ; FD:inst|Q1          ;
;  OUT3[2]  ; FD:inst|Q1          ; 13.439 ; 13.439 ; Rise       ; FD:inst|Q1          ;
;  OUT3[3]  ; FD:inst|Q1          ; 13.393 ; 13.393 ; Rise       ; FD:inst|Q1          ;
;  OUT3[4]  ; FD:inst|Q1          ; 13.734 ; 13.734 ; Rise       ; FD:inst|Q1          ;
;  OUT3[5]  ; FD:inst|Q1          ; 13.415 ; 13.415 ; Rise       ; FD:inst|Q1          ;
;  OUT3[6]  ; FD:inst|Q1          ; 13.415 ; 13.415 ; Rise       ; FD:inst|Q1          ;
; OUT4[*]   ; FD:inst|Q1          ; 13.939 ; 13.939 ; Rise       ; FD:inst|Q1          ;
;  OUT4[0]  ; FD:inst|Q1          ; 12.958 ; 12.958 ; Rise       ; FD:inst|Q1          ;
;  OUT4[1]  ; FD:inst|Q1          ; 11.976 ; 11.976 ; Rise       ; FD:inst|Q1          ;
;  OUT4[2]  ; FD:inst|Q1          ; 13.565 ; 13.565 ; Rise       ; FD:inst|Q1          ;
;  OUT4[3]  ; FD:inst|Q1          ; 12.062 ; 12.062 ; Rise       ; FD:inst|Q1          ;
;  OUT4[4]  ; FD:inst|Q1          ; 12.089 ; 12.089 ; Rise       ; FD:inst|Q1          ;
;  OUT4[5]  ; FD:inst|Q1          ; 13.939 ; 13.939 ; Rise       ; FD:inst|Q1          ;
;  OUT4[6]  ; FD:inst|Q1          ; 12.399 ; 12.399 ; Rise       ; FD:inst|Q1          ;
; OUT5[*]   ; FD:inst|Q1          ; 14.720 ; 14.720 ; Rise       ; FD:inst|Q1          ;
;  OUT5[0]  ; FD:inst|Q1          ; 12.529 ; 12.529 ; Rise       ; FD:inst|Q1          ;
;  OUT5[1]  ; FD:inst|Q1          ; 13.163 ; 13.163 ; Rise       ; FD:inst|Q1          ;
;  OUT5[2]  ; FD:inst|Q1          ; 12.369 ; 12.369 ; Rise       ; FD:inst|Q1          ;
;  OUT5[3]  ; FD:inst|Q1          ; 12.634 ; 12.634 ; Rise       ; FD:inst|Q1          ;
;  OUT5[4]  ; FD:inst|Q1          ; 12.408 ; 12.408 ; Rise       ; FD:inst|Q1          ;
;  OUT5[5]  ; FD:inst|Q1          ; 14.720 ; 14.720 ; Rise       ; FD:inst|Q1          ;
;  OUT5[6]  ; FD:inst|Q1          ; 13.817 ; 13.817 ; Rise       ; FD:inst|Q1          ;
; OUT6[*]   ; FD:inst|Q1          ; 15.242 ; 15.242 ; Rise       ; FD:inst|Q1          ;
;  OUT6[0]  ; FD:inst|Q1          ; 13.941 ; 13.941 ; Rise       ; FD:inst|Q1          ;
;  OUT6[1]  ; FD:inst|Q1          ; 12.729 ; 12.729 ; Rise       ; FD:inst|Q1          ;
;  OUT6[2]  ; FD:inst|Q1          ; 13.316 ; 13.316 ; Rise       ; FD:inst|Q1          ;
;  OUT6[3]  ; FD:inst|Q1          ; 15.242 ; 15.242 ; Rise       ; FD:inst|Q1          ;
;  OUT6[4]  ; FD:inst|Q1          ; 15.007 ; 15.007 ; Rise       ; FD:inst|Q1          ;
;  OUT6[5]  ; FD:inst|Q1          ; 14.895 ; 14.895 ; Rise       ; FD:inst|Q1          ;
;  OUT6[6]  ; FD:inst|Q1          ; 13.131 ; 13.131 ; Rise       ; FD:inst|Q1          ;
; OUT7[*]   ; FD:inst|Q1          ; 14.657 ; 14.657 ; Rise       ; FD:inst|Q1          ;
;  OUT7[0]  ; FD:inst|Q1          ; 13.078 ; 13.078 ; Rise       ; FD:inst|Q1          ;
;  OUT7[1]  ; FD:inst|Q1          ; 14.366 ; 14.366 ; Rise       ; FD:inst|Q1          ;
;  OUT7[2]  ; FD:inst|Q1          ; 13.496 ; 13.496 ; Rise       ; FD:inst|Q1          ;
;  OUT7[3]  ; FD:inst|Q1          ; 13.007 ; 13.007 ; Rise       ; FD:inst|Q1          ;
;  OUT7[4]  ; FD:inst|Q1          ; 13.230 ; 13.230 ; Rise       ; FD:inst|Q1          ;
;  OUT7[5]  ; FD:inst|Q1          ; 14.657 ; 14.657 ; Rise       ; FD:inst|Q1          ;
;  OUT7[6]  ; FD:inst|Q1          ; 14.224 ; 14.224 ; Rise       ; FD:inst|Q1          ;
; OUT4[*]   ; MAIN:inst8|CS.SCT0  ; 9.571  ; 9.571  ; Rise       ; MAIN:inst8|CS.SCT0  ;
;  OUT4[0]  ; MAIN:inst8|CS.SCT0  ; 8.590  ; 8.590  ; Rise       ; MAIN:inst8|CS.SCT0  ;
;  OUT4[1]  ; MAIN:inst8|CS.SCT0  ; 7.608  ; 7.608  ; Rise       ; MAIN:inst8|CS.SCT0  ;
;  OUT4[2]  ; MAIN:inst8|CS.SCT0  ; 9.197  ; 9.197  ; Rise       ; MAIN:inst8|CS.SCT0  ;
;  OUT4[3]  ; MAIN:inst8|CS.SCT0  ; 7.694  ; 7.694  ; Rise       ; MAIN:inst8|CS.SCT0  ;
;  OUT4[4]  ; MAIN:inst8|CS.SCT0  ; 7.721  ; 7.721  ; Rise       ; MAIN:inst8|CS.SCT0  ;
;  OUT4[5]  ; MAIN:inst8|CS.SCT0  ; 9.571  ; 9.571  ; Rise       ; MAIN:inst8|CS.SCT0  ;
;  OUT4[6]  ; MAIN:inst8|CS.SCT0  ; 8.031  ; 8.031  ; Rise       ; MAIN:inst8|CS.SCT0  ;
; OUT5[*]   ; MAIN:inst8|CS.SCT0  ; 10.352 ; 10.352 ; Rise       ; MAIN:inst8|CS.SCT0  ;
;  OUT5[0]  ; MAIN:inst8|CS.SCT0  ; 8.161  ; 8.161  ; Rise       ; MAIN:inst8|CS.SCT0  ;
;  OUT5[1]  ; MAIN:inst8|CS.SCT0  ; 8.795  ; 8.795  ; Rise       ; MAIN:inst8|CS.SCT0  ;
;  OUT5[2]  ; MAIN:inst8|CS.SCT0  ; 8.001  ; 8.001  ; Rise       ; MAIN:inst8|CS.SCT0  ;
;  OUT5[3]  ; MAIN:inst8|CS.SCT0  ; 8.266  ; 8.266  ; Rise       ; MAIN:inst8|CS.SCT0  ;
;  OUT5[4]  ; MAIN:inst8|CS.SCT0  ; 8.040  ; 8.040  ; Rise       ; MAIN:inst8|CS.SCT0  ;
;  OUT5[5]  ; MAIN:inst8|CS.SCT0  ; 10.352 ; 10.352 ; Rise       ; MAIN:inst8|CS.SCT0  ;
;  OUT5[6]  ; MAIN:inst8|CS.SCT0  ; 9.449  ; 9.449  ; Rise       ; MAIN:inst8|CS.SCT0  ;
; OUT6[*]   ; MAIN:inst8|CS.SCT0  ; 17.475 ; 17.475 ; Rise       ; MAIN:inst8|CS.SCT0  ;
;  OUT6[0]  ; MAIN:inst8|CS.SCT0  ; 16.166 ; 16.166 ; Rise       ; MAIN:inst8|CS.SCT0  ;
;  OUT6[1]  ; MAIN:inst8|CS.SCT0  ; 14.957 ; 14.957 ; Rise       ; MAIN:inst8|CS.SCT0  ;
;  OUT6[2]  ; MAIN:inst8|CS.SCT0  ; 15.549 ; 15.549 ; Rise       ; MAIN:inst8|CS.SCT0  ;
;  OUT6[3]  ; MAIN:inst8|CS.SCT0  ; 17.475 ; 17.475 ; Rise       ; MAIN:inst8|CS.SCT0  ;
;  OUT6[4]  ; MAIN:inst8|CS.SCT0  ; 17.238 ; 17.238 ; Rise       ; MAIN:inst8|CS.SCT0  ;
;  OUT6[5]  ; MAIN:inst8|CS.SCT0  ; 17.120 ; 17.120 ; Rise       ; MAIN:inst8|CS.SCT0  ;
;  OUT6[6]  ; MAIN:inst8|CS.SCT0  ; 15.364 ; 15.364 ; Rise       ; MAIN:inst8|CS.SCT0  ;
; OUT7[*]   ; MAIN:inst8|CS.SCT0  ; 17.181 ; 17.181 ; Rise       ; MAIN:inst8|CS.SCT0  ;
;  OUT7[0]  ; MAIN:inst8|CS.SCT0  ; 15.602 ; 15.602 ; Rise       ; MAIN:inst8|CS.SCT0  ;
;  OUT7[1]  ; MAIN:inst8|CS.SCT0  ; 16.890 ; 16.890 ; Rise       ; MAIN:inst8|CS.SCT0  ;
;  OUT7[2]  ; MAIN:inst8|CS.SCT0  ; 16.020 ; 16.020 ; Rise       ; MAIN:inst8|CS.SCT0  ;
;  OUT7[3]  ; MAIN:inst8|CS.SCT0  ; 15.531 ; 15.531 ; Rise       ; MAIN:inst8|CS.SCT0  ;
;  OUT7[4]  ; MAIN:inst8|CS.SCT0  ; 15.754 ; 15.754 ; Rise       ; MAIN:inst8|CS.SCT0  ;
;  OUT7[5]  ; MAIN:inst8|CS.SCT0  ; 17.181 ; 17.181 ; Rise       ; MAIN:inst8|CS.SCT0  ;
;  OUT7[6]  ; MAIN:inst8|CS.SCT0  ; 16.748 ; 16.748 ; Rise       ; MAIN:inst8|CS.SCT0  ;
; dot1      ; MAIN:inst8|CS.SCT0  ; 12.219 ; 12.219 ; Rise       ; MAIN:inst8|CS.SCT0  ;
; OUT4[*]   ; MAIN:inst8|CS.SCT0  ; 9.571  ; 9.571  ; Fall       ; MAIN:inst8|CS.SCT0  ;
;  OUT4[0]  ; MAIN:inst8|CS.SCT0  ; 8.590  ; 8.590  ; Fall       ; MAIN:inst8|CS.SCT0  ;
;  OUT4[1]  ; MAIN:inst8|CS.SCT0  ; 7.608  ; 7.608  ; Fall       ; MAIN:inst8|CS.SCT0  ;
;  OUT4[2]  ; MAIN:inst8|CS.SCT0  ; 9.197  ; 9.197  ; Fall       ; MAIN:inst8|CS.SCT0  ;
;  OUT4[3]  ; MAIN:inst8|CS.SCT0  ; 7.694  ; 7.694  ; Fall       ; MAIN:inst8|CS.SCT0  ;
;  OUT4[4]  ; MAIN:inst8|CS.SCT0  ; 7.721  ; 7.721  ; Fall       ; MAIN:inst8|CS.SCT0  ;
;  OUT4[5]  ; MAIN:inst8|CS.SCT0  ; 9.571  ; 9.571  ; Fall       ; MAIN:inst8|CS.SCT0  ;
;  OUT4[6]  ; MAIN:inst8|CS.SCT0  ; 8.031  ; 8.031  ; Fall       ; MAIN:inst8|CS.SCT0  ;
; OUT5[*]   ; MAIN:inst8|CS.SCT0  ; 10.352 ; 10.352 ; Fall       ; MAIN:inst8|CS.SCT0  ;
;  OUT5[0]  ; MAIN:inst8|CS.SCT0  ; 8.161  ; 8.161  ; Fall       ; MAIN:inst8|CS.SCT0  ;
;  OUT5[1]  ; MAIN:inst8|CS.SCT0  ; 8.795  ; 8.795  ; Fall       ; MAIN:inst8|CS.SCT0  ;
;  OUT5[2]  ; MAIN:inst8|CS.SCT0  ; 8.001  ; 8.001  ; Fall       ; MAIN:inst8|CS.SCT0  ;
;  OUT5[3]  ; MAIN:inst8|CS.SCT0  ; 8.266  ; 8.266  ; Fall       ; MAIN:inst8|CS.SCT0  ;
;  OUT5[4]  ; MAIN:inst8|CS.SCT0  ; 8.040  ; 8.040  ; Fall       ; MAIN:inst8|CS.SCT0  ;
;  OUT5[5]  ; MAIN:inst8|CS.SCT0  ; 10.352 ; 10.352 ; Fall       ; MAIN:inst8|CS.SCT0  ;
;  OUT5[6]  ; MAIN:inst8|CS.SCT0  ; 9.449  ; 9.449  ; Fall       ; MAIN:inst8|CS.SCT0  ;
; OUT6[*]   ; MAIN:inst8|CS.SCT0  ; 10.874 ; 10.874 ; Fall       ; MAIN:inst8|CS.SCT0  ;
;  OUT6[0]  ; MAIN:inst8|CS.SCT0  ; 9.573  ; 9.573  ; Fall       ; MAIN:inst8|CS.SCT0  ;
;  OUT6[1]  ; MAIN:inst8|CS.SCT0  ; 8.361  ; 8.361  ; Fall       ; MAIN:inst8|CS.SCT0  ;
;  OUT6[2]  ; MAIN:inst8|CS.SCT0  ; 8.948  ; 8.948  ; Fall       ; MAIN:inst8|CS.SCT0  ;
;  OUT6[3]  ; MAIN:inst8|CS.SCT0  ; 10.874 ; 10.874 ; Fall       ; MAIN:inst8|CS.SCT0  ;
;  OUT6[4]  ; MAIN:inst8|CS.SCT0  ; 10.639 ; 10.639 ; Fall       ; MAIN:inst8|CS.SCT0  ;
;  OUT6[5]  ; MAIN:inst8|CS.SCT0  ; 10.527 ; 10.527 ; Fall       ; MAIN:inst8|CS.SCT0  ;
;  OUT6[6]  ; MAIN:inst8|CS.SCT0  ; 8.763  ; 8.763  ; Fall       ; MAIN:inst8|CS.SCT0  ;
; OUT7[*]   ; MAIN:inst8|CS.SCT0  ; 10.289 ; 10.289 ; Fall       ; MAIN:inst8|CS.SCT0  ;
;  OUT7[0]  ; MAIN:inst8|CS.SCT0  ; 8.710  ; 8.710  ; Fall       ; MAIN:inst8|CS.SCT0  ;
;  OUT7[1]  ; MAIN:inst8|CS.SCT0  ; 9.998  ; 9.998  ; Fall       ; MAIN:inst8|CS.SCT0  ;
;  OUT7[2]  ; MAIN:inst8|CS.SCT0  ; 9.128  ; 9.128  ; Fall       ; MAIN:inst8|CS.SCT0  ;
;  OUT7[3]  ; MAIN:inst8|CS.SCT0  ; 8.639  ; 8.639  ; Fall       ; MAIN:inst8|CS.SCT0  ;
;  OUT7[4]  ; MAIN:inst8|CS.SCT0  ; 8.862  ; 8.862  ; Fall       ; MAIN:inst8|CS.SCT0  ;
;  OUT7[5]  ; MAIN:inst8|CS.SCT0  ; 10.289 ; 10.289 ; Fall       ; MAIN:inst8|CS.SCT0  ;
;  OUT7[6]  ; MAIN:inst8|CS.SCT0  ; 9.856  ; 9.856  ; Fall       ; MAIN:inst8|CS.SCT0  ;
; OUT4[*]   ; MAIN:inst8|CS.SCT1  ; 16.679 ; 16.679 ; Rise       ; MAIN:inst8|CS.SCT1  ;
;  OUT4[0]  ; MAIN:inst8|CS.SCT1  ; 15.698 ; 15.698 ; Rise       ; MAIN:inst8|CS.SCT1  ;
;  OUT4[1]  ; MAIN:inst8|CS.SCT1  ; 14.716 ; 14.716 ; Rise       ; MAIN:inst8|CS.SCT1  ;
;  OUT4[2]  ; MAIN:inst8|CS.SCT1  ; 16.305 ; 16.305 ; Rise       ; MAIN:inst8|CS.SCT1  ;
;  OUT4[3]  ; MAIN:inst8|CS.SCT1  ; 14.802 ; 14.802 ; Rise       ; MAIN:inst8|CS.SCT1  ;
;  OUT4[4]  ; MAIN:inst8|CS.SCT1  ; 14.829 ; 14.829 ; Rise       ; MAIN:inst8|CS.SCT1  ;
;  OUT4[5]  ; MAIN:inst8|CS.SCT1  ; 16.679 ; 16.679 ; Rise       ; MAIN:inst8|CS.SCT1  ;
;  OUT4[6]  ; MAIN:inst8|CS.SCT1  ; 15.139 ; 15.139 ; Rise       ; MAIN:inst8|CS.SCT1  ;
; OUT5[*]   ; MAIN:inst8|CS.SCT1  ; 17.632 ; 17.632 ; Rise       ; MAIN:inst8|CS.SCT1  ;
;  OUT5[0]  ; MAIN:inst8|CS.SCT1  ; 15.439 ; 15.439 ; Rise       ; MAIN:inst8|CS.SCT1  ;
;  OUT5[1]  ; MAIN:inst8|CS.SCT1  ; 16.072 ; 16.072 ; Rise       ; MAIN:inst8|CS.SCT1  ;
;  OUT5[2]  ; MAIN:inst8|CS.SCT1  ; 15.278 ; 15.278 ; Rise       ; MAIN:inst8|CS.SCT1  ;
;  OUT5[3]  ; MAIN:inst8|CS.SCT1  ; 15.544 ; 15.544 ; Rise       ; MAIN:inst8|CS.SCT1  ;
;  OUT5[4]  ; MAIN:inst8|CS.SCT1  ; 15.315 ; 15.315 ; Rise       ; MAIN:inst8|CS.SCT1  ;
;  OUT5[5]  ; MAIN:inst8|CS.SCT1  ; 17.632 ; 17.632 ; Rise       ; MAIN:inst8|CS.SCT1  ;
;  OUT5[6]  ; MAIN:inst8|CS.SCT1  ; 16.725 ; 16.725 ; Rise       ; MAIN:inst8|CS.SCT1  ;
; OUT6[*]   ; MAIN:inst8|CS.SCT1  ; 11.120 ; 11.120 ; Rise       ; MAIN:inst8|CS.SCT1  ;
;  OUT6[0]  ; MAIN:inst8|CS.SCT1  ; 9.819  ; 9.819  ; Rise       ; MAIN:inst8|CS.SCT1  ;
;  OUT6[1]  ; MAIN:inst8|CS.SCT1  ; 8.607  ; 8.607  ; Rise       ; MAIN:inst8|CS.SCT1  ;
;  OUT6[2]  ; MAIN:inst8|CS.SCT1  ; 9.194  ; 9.194  ; Rise       ; MAIN:inst8|CS.SCT1  ;
;  OUT6[3]  ; MAIN:inst8|CS.SCT1  ; 11.120 ; 11.120 ; Rise       ; MAIN:inst8|CS.SCT1  ;
;  OUT6[4]  ; MAIN:inst8|CS.SCT1  ; 10.885 ; 10.885 ; Rise       ; MAIN:inst8|CS.SCT1  ;
;  OUT6[5]  ; MAIN:inst8|CS.SCT1  ; 10.773 ; 10.773 ; Rise       ; MAIN:inst8|CS.SCT1  ;
;  OUT6[6]  ; MAIN:inst8|CS.SCT1  ; 9.009  ; 9.009  ; Rise       ; MAIN:inst8|CS.SCT1  ;
; OUT7[*]   ; MAIN:inst8|CS.SCT1  ; 10.535 ; 10.535 ; Rise       ; MAIN:inst8|CS.SCT1  ;
;  OUT7[0]  ; MAIN:inst8|CS.SCT1  ; 8.956  ; 8.956  ; Rise       ; MAIN:inst8|CS.SCT1  ;
;  OUT7[1]  ; MAIN:inst8|CS.SCT1  ; 10.244 ; 10.244 ; Rise       ; MAIN:inst8|CS.SCT1  ;
;  OUT7[2]  ; MAIN:inst8|CS.SCT1  ; 9.374  ; 9.374  ; Rise       ; MAIN:inst8|CS.SCT1  ;
;  OUT7[3]  ; MAIN:inst8|CS.SCT1  ; 8.885  ; 8.885  ; Rise       ; MAIN:inst8|CS.SCT1  ;
;  OUT7[4]  ; MAIN:inst8|CS.SCT1  ; 9.108  ; 9.108  ; Rise       ; MAIN:inst8|CS.SCT1  ;
;  OUT7[5]  ; MAIN:inst8|CS.SCT1  ; 10.535 ; 10.535 ; Rise       ; MAIN:inst8|CS.SCT1  ;
;  OUT7[6]  ; MAIN:inst8|CS.SCT1  ; 10.102 ; 10.102 ; Rise       ; MAIN:inst8|CS.SCT1  ;
; dot1      ; MAIN:inst8|CS.SCT1  ; 12.185 ; 12.185 ; Rise       ; MAIN:inst8|CS.SCT1  ;
; OUT4[*]   ; MAIN:inst8|CS.SCT1  ; 9.817  ; 9.817  ; Fall       ; MAIN:inst8|CS.SCT1  ;
;  OUT4[0]  ; MAIN:inst8|CS.SCT1  ; 8.836  ; 8.836  ; Fall       ; MAIN:inst8|CS.SCT1  ;
;  OUT4[1]  ; MAIN:inst8|CS.SCT1  ; 7.854  ; 7.854  ; Fall       ; MAIN:inst8|CS.SCT1  ;
;  OUT4[2]  ; MAIN:inst8|CS.SCT1  ; 9.443  ; 9.443  ; Fall       ; MAIN:inst8|CS.SCT1  ;
;  OUT4[3]  ; MAIN:inst8|CS.SCT1  ; 7.940  ; 7.940  ; Fall       ; MAIN:inst8|CS.SCT1  ;
;  OUT4[4]  ; MAIN:inst8|CS.SCT1  ; 7.967  ; 7.967  ; Fall       ; MAIN:inst8|CS.SCT1  ;
;  OUT4[5]  ; MAIN:inst8|CS.SCT1  ; 9.817  ; 9.817  ; Fall       ; MAIN:inst8|CS.SCT1  ;
;  OUT4[6]  ; MAIN:inst8|CS.SCT1  ; 8.277  ; 8.277  ; Fall       ; MAIN:inst8|CS.SCT1  ;
; OUT5[*]   ; MAIN:inst8|CS.SCT1  ; 10.598 ; 10.598 ; Fall       ; MAIN:inst8|CS.SCT1  ;
;  OUT5[0]  ; MAIN:inst8|CS.SCT1  ; 8.407  ; 8.407  ; Fall       ; MAIN:inst8|CS.SCT1  ;
;  OUT5[1]  ; MAIN:inst8|CS.SCT1  ; 9.041  ; 9.041  ; Fall       ; MAIN:inst8|CS.SCT1  ;
;  OUT5[2]  ; MAIN:inst8|CS.SCT1  ; 8.247  ; 8.247  ; Fall       ; MAIN:inst8|CS.SCT1  ;
;  OUT5[3]  ; MAIN:inst8|CS.SCT1  ; 8.512  ; 8.512  ; Fall       ; MAIN:inst8|CS.SCT1  ;
;  OUT5[4]  ; MAIN:inst8|CS.SCT1  ; 8.286  ; 8.286  ; Fall       ; MAIN:inst8|CS.SCT1  ;
;  OUT5[5]  ; MAIN:inst8|CS.SCT1  ; 10.598 ; 10.598 ; Fall       ; MAIN:inst8|CS.SCT1  ;
;  OUT5[6]  ; MAIN:inst8|CS.SCT1  ; 9.695  ; 9.695  ; Fall       ; MAIN:inst8|CS.SCT1  ;
; OUT6[*]   ; MAIN:inst8|CS.SCT1  ; 11.120 ; 11.120 ; Fall       ; MAIN:inst8|CS.SCT1  ;
;  OUT6[0]  ; MAIN:inst8|CS.SCT1  ; 9.819  ; 9.819  ; Fall       ; MAIN:inst8|CS.SCT1  ;
;  OUT6[1]  ; MAIN:inst8|CS.SCT1  ; 8.607  ; 8.607  ; Fall       ; MAIN:inst8|CS.SCT1  ;
;  OUT6[2]  ; MAIN:inst8|CS.SCT1  ; 9.194  ; 9.194  ; Fall       ; MAIN:inst8|CS.SCT1  ;
;  OUT6[3]  ; MAIN:inst8|CS.SCT1  ; 11.120 ; 11.120 ; Fall       ; MAIN:inst8|CS.SCT1  ;
;  OUT6[4]  ; MAIN:inst8|CS.SCT1  ; 10.885 ; 10.885 ; Fall       ; MAIN:inst8|CS.SCT1  ;
;  OUT6[5]  ; MAIN:inst8|CS.SCT1  ; 10.773 ; 10.773 ; Fall       ; MAIN:inst8|CS.SCT1  ;
;  OUT6[6]  ; MAIN:inst8|CS.SCT1  ; 9.009  ; 9.009  ; Fall       ; MAIN:inst8|CS.SCT1  ;
; OUT7[*]   ; MAIN:inst8|CS.SCT1  ; 10.535 ; 10.535 ; Fall       ; MAIN:inst8|CS.SCT1  ;
;  OUT7[0]  ; MAIN:inst8|CS.SCT1  ; 8.956  ; 8.956  ; Fall       ; MAIN:inst8|CS.SCT1  ;
;  OUT7[1]  ; MAIN:inst8|CS.SCT1  ; 10.244 ; 10.244 ; Fall       ; MAIN:inst8|CS.SCT1  ;
;  OUT7[2]  ; MAIN:inst8|CS.SCT1  ; 9.374  ; 9.374  ; Fall       ; MAIN:inst8|CS.SCT1  ;
;  OUT7[3]  ; MAIN:inst8|CS.SCT1  ; 8.885  ; 8.885  ; Fall       ; MAIN:inst8|CS.SCT1  ;
;  OUT7[4]  ; MAIN:inst8|CS.SCT1  ; 9.108  ; 9.108  ; Fall       ; MAIN:inst8|CS.SCT1  ;
;  OUT7[5]  ; MAIN:inst8|CS.SCT1  ; 10.535 ; 10.535 ; Fall       ; MAIN:inst8|CS.SCT1  ;
;  OUT7[6]  ; MAIN:inst8|CS.SCT1  ; 10.102 ; 10.102 ; Fall       ; MAIN:inst8|CS.SCT1  ;
; OUT0[*]   ; MAIN:inst8|CS.SRUN0 ; 49.898 ; 49.898 ; Fall       ; MAIN:inst8|CS.SRUN0 ;
;  OUT0[0]  ; MAIN:inst8|CS.SRUN0 ; 48.878 ; 48.878 ; Fall       ; MAIN:inst8|CS.SRUN0 ;
;  OUT0[1]  ; MAIN:inst8|CS.SRUN0 ; 49.898 ; 49.898 ; Fall       ; MAIN:inst8|CS.SRUN0 ;
;  OUT0[2]  ; MAIN:inst8|CS.SRUN0 ; 49.415 ; 49.415 ; Fall       ; MAIN:inst8|CS.SRUN0 ;
;  OUT0[3]  ; MAIN:inst8|CS.SRUN0 ; 49.833 ; 49.833 ; Fall       ; MAIN:inst8|CS.SRUN0 ;
;  OUT0[4]  ; MAIN:inst8|CS.SRUN0 ; 49.668 ; 49.668 ; Fall       ; MAIN:inst8|CS.SRUN0 ;
;  OUT0[5]  ; MAIN:inst8|CS.SRUN0 ; 49.622 ; 49.622 ; Fall       ; MAIN:inst8|CS.SRUN0 ;
;  OUT0[6]  ; MAIN:inst8|CS.SRUN0 ; 48.945 ; 48.945 ; Fall       ; MAIN:inst8|CS.SRUN0 ;
; OUT1[*]   ; MAIN:inst8|CS.SRUN0 ; 50.156 ; 50.156 ; Fall       ; MAIN:inst8|CS.SRUN0 ;
;  OUT1[0]  ; MAIN:inst8|CS.SRUN0 ; 49.780 ; 49.780 ; Fall       ; MAIN:inst8|CS.SRUN0 ;
;  OUT1[1]  ; MAIN:inst8|CS.SRUN0 ; 49.673 ; 49.673 ; Fall       ; MAIN:inst8|CS.SRUN0 ;
;  OUT1[2]  ; MAIN:inst8|CS.SRUN0 ; 49.944 ; 49.944 ; Fall       ; MAIN:inst8|CS.SRUN0 ;
;  OUT1[3]  ; MAIN:inst8|CS.SRUN0 ; 49.867 ; 49.867 ; Fall       ; MAIN:inst8|CS.SRUN0 ;
;  OUT1[4]  ; MAIN:inst8|CS.SRUN0 ; 49.990 ; 49.990 ; Fall       ; MAIN:inst8|CS.SRUN0 ;
;  OUT1[5]  ; MAIN:inst8|CS.SRUN0 ; 49.722 ; 49.722 ; Fall       ; MAIN:inst8|CS.SRUN0 ;
;  OUT1[6]  ; MAIN:inst8|CS.SRUN0 ; 50.156 ; 50.156 ; Fall       ; MAIN:inst8|CS.SRUN0 ;
; OUT2[*]   ; MAIN:inst8|CS.SRUN0 ; 43.919 ; 43.919 ; Fall       ; MAIN:inst8|CS.SRUN0 ;
;  OUT2[0]  ; MAIN:inst8|CS.SRUN0 ; 42.405 ; 42.405 ; Fall       ; MAIN:inst8|CS.SRUN0 ;
;  OUT2[1]  ; MAIN:inst8|CS.SRUN0 ; 43.919 ; 43.919 ; Fall       ; MAIN:inst8|CS.SRUN0 ;
;  OUT2[2]  ; MAIN:inst8|CS.SRUN0 ; 42.130 ; 42.130 ; Fall       ; MAIN:inst8|CS.SRUN0 ;
;  OUT2[3]  ; MAIN:inst8|CS.SRUN0 ; 41.919 ; 41.919 ; Fall       ; MAIN:inst8|CS.SRUN0 ;
;  OUT2[4]  ; MAIN:inst8|CS.SRUN0 ; 42.143 ; 42.143 ; Fall       ; MAIN:inst8|CS.SRUN0 ;
;  OUT2[5]  ; MAIN:inst8|CS.SRUN0 ; 42.372 ; 42.372 ; Fall       ; MAIN:inst8|CS.SRUN0 ;
;  OUT2[6]  ; MAIN:inst8|CS.SRUN0 ; 41.990 ; 41.990 ; Fall       ; MAIN:inst8|CS.SRUN0 ;
; OUT3[*]   ; MAIN:inst8|CS.SRUN0 ; 35.365 ; 35.365 ; Fall       ; MAIN:inst8|CS.SRUN0 ;
;  OUT3[0]  ; MAIN:inst8|CS.SRUN0 ; 35.054 ; 35.054 ; Fall       ; MAIN:inst8|CS.SRUN0 ;
;  OUT3[1]  ; MAIN:inst8|CS.SRUN0 ; 35.078 ; 35.078 ; Fall       ; MAIN:inst8|CS.SRUN0 ;
;  OUT3[2]  ; MAIN:inst8|CS.SRUN0 ; 35.070 ; 35.070 ; Fall       ; MAIN:inst8|CS.SRUN0 ;
;  OUT3[3]  ; MAIN:inst8|CS.SRUN0 ; 35.024 ; 35.024 ; Fall       ; MAIN:inst8|CS.SRUN0 ;
;  OUT3[4]  ; MAIN:inst8|CS.SRUN0 ; 35.365 ; 35.365 ; Fall       ; MAIN:inst8|CS.SRUN0 ;
;  OUT3[5]  ; MAIN:inst8|CS.SRUN0 ; 35.046 ; 35.046 ; Fall       ; MAIN:inst8|CS.SRUN0 ;
;  OUT3[6]  ; MAIN:inst8|CS.SRUN0 ; 35.046 ; 35.046 ; Fall       ; MAIN:inst8|CS.SRUN0 ;
+-----------+---------------------+--------+--------+------------+---------------------+


+--------------------------------------------------------------------------------------+
; Minimum Clock to Output Times                                                        ;
+-----------+---------------------+--------+--------+------------+---------------------+
; Data Port ; Clock Port          ; Rise   ; Fall   ; Clock Edge ; Clock Reference     ;
+-----------+---------------------+--------+--------+------------+---------------------+
; OUT0[*]   ; FD2:inst1|Q1        ; 12.381 ; 12.381 ; Rise       ; FD2:inst1|Q1        ;
;  OUT0[0]  ; FD2:inst1|Q1        ; 12.381 ; 12.381 ; Rise       ; FD2:inst1|Q1        ;
;  OUT0[1]  ; FD2:inst1|Q1        ; 13.401 ; 13.401 ; Rise       ; FD2:inst1|Q1        ;
;  OUT0[2]  ; FD2:inst1|Q1        ; 12.917 ; 12.917 ; Rise       ; FD2:inst1|Q1        ;
;  OUT0[3]  ; FD2:inst1|Q1        ; 13.336 ; 13.336 ; Rise       ; FD2:inst1|Q1        ;
;  OUT0[4]  ; FD2:inst1|Q1        ; 13.167 ; 13.167 ; Rise       ; FD2:inst1|Q1        ;
;  OUT0[5]  ; FD2:inst1|Q1        ; 13.120 ; 13.120 ; Rise       ; FD2:inst1|Q1        ;
;  OUT0[6]  ; FD2:inst1|Q1        ; 12.452 ; 12.452 ; Rise       ; FD2:inst1|Q1        ;
; OUT1[*]   ; FD2:inst1|Q1        ; 12.152 ; 12.152 ; Rise       ; FD2:inst1|Q1        ;
;  OUT1[0]  ; FD2:inst1|Q1        ; 12.259 ; 12.259 ; Rise       ; FD2:inst1|Q1        ;
;  OUT1[1]  ; FD2:inst1|Q1        ; 12.152 ; 12.152 ; Rise       ; FD2:inst1|Q1        ;
;  OUT1[2]  ; FD2:inst1|Q1        ; 12.423 ; 12.423 ; Rise       ; FD2:inst1|Q1        ;
;  OUT1[3]  ; FD2:inst1|Q1        ; 12.346 ; 12.346 ; Rise       ; FD2:inst1|Q1        ;
;  OUT1[4]  ; FD2:inst1|Q1        ; 12.472 ; 12.472 ; Rise       ; FD2:inst1|Q1        ;
;  OUT1[5]  ; FD2:inst1|Q1        ; 12.205 ; 12.205 ; Rise       ; FD2:inst1|Q1        ;
;  OUT1[6]  ; FD2:inst1|Q1        ; 12.634 ; 12.634 ; Rise       ; FD2:inst1|Q1        ;
; OUT2[*]   ; FD2:inst1|Q1        ; 13.027 ; 13.027 ; Rise       ; FD2:inst1|Q1        ;
;  OUT2[0]  ; FD2:inst1|Q1        ; 13.513 ; 13.513 ; Rise       ; FD2:inst1|Q1        ;
;  OUT2[1]  ; FD2:inst1|Q1        ; 15.027 ; 15.027 ; Rise       ; FD2:inst1|Q1        ;
;  OUT2[2]  ; FD2:inst1|Q1        ; 13.238 ; 13.238 ; Rise       ; FD2:inst1|Q1        ;
;  OUT2[3]  ; FD2:inst1|Q1        ; 13.027 ; 13.027 ; Rise       ; FD2:inst1|Q1        ;
;  OUT2[4]  ; FD2:inst1|Q1        ; 13.251 ; 13.251 ; Rise       ; FD2:inst1|Q1        ;
;  OUT2[5]  ; FD2:inst1|Q1        ; 13.480 ; 13.480 ; Rise       ; FD2:inst1|Q1        ;
;  OUT2[6]  ; FD2:inst1|Q1        ; 13.098 ; 13.098 ; Rise       ; FD2:inst1|Q1        ;
; OUT3[*]   ; FD2:inst1|Q1        ; 11.435 ; 11.435 ; Rise       ; FD2:inst1|Q1        ;
;  OUT3[0]  ; FD2:inst1|Q1        ; 11.466 ; 11.466 ; Rise       ; FD2:inst1|Q1        ;
;  OUT3[1]  ; FD2:inst1|Q1        ; 11.491 ; 11.491 ; Rise       ; FD2:inst1|Q1        ;
;  OUT3[2]  ; FD2:inst1|Q1        ; 11.482 ; 11.482 ; Rise       ; FD2:inst1|Q1        ;
;  OUT3[3]  ; FD2:inst1|Q1        ; 11.435 ; 11.435 ; Rise       ; FD2:inst1|Q1        ;
;  OUT3[4]  ; FD2:inst1|Q1        ; 11.778 ; 11.778 ; Rise       ; FD2:inst1|Q1        ;
;  OUT3[5]  ; FD2:inst1|Q1        ; 11.457 ; 11.457 ; Rise       ; FD2:inst1|Q1        ;
;  OUT3[6]  ; FD2:inst1|Q1        ; 11.459 ; 11.459 ; Rise       ; FD2:inst1|Q1        ;
; OUT4[*]   ; FD2:inst1|Q1        ; 11.209 ; 11.209 ; Rise       ; FD2:inst1|Q1        ;
;  OUT4[0]  ; FD2:inst1|Q1        ; 12.183 ; 12.183 ; Rise       ; FD2:inst1|Q1        ;
;  OUT4[1]  ; FD2:inst1|Q1        ; 11.209 ; 11.209 ; Rise       ; FD2:inst1|Q1        ;
;  OUT4[2]  ; FD2:inst1|Q1        ; 12.779 ; 12.779 ; Rise       ; FD2:inst1|Q1        ;
;  OUT4[3]  ; FD2:inst1|Q1        ; 11.272 ; 11.272 ; Rise       ; FD2:inst1|Q1        ;
;  OUT4[4]  ; FD2:inst1|Q1        ; 11.305 ; 11.305 ; Rise       ; FD2:inst1|Q1        ;
;  OUT4[5]  ; FD2:inst1|Q1        ; 13.149 ; 13.149 ; Rise       ; FD2:inst1|Q1        ;
;  OUT4[6]  ; FD2:inst1|Q1        ; 11.622 ; 11.622 ; Rise       ; FD2:inst1|Q1        ;
; OUT5[*]   ; FD2:inst1|Q1        ; 11.825 ; 11.825 ; Rise       ; FD2:inst1|Q1        ;
;  OUT5[0]  ; FD2:inst1|Q1        ; 11.986 ; 11.986 ; Rise       ; FD2:inst1|Q1        ;
;  OUT5[1]  ; FD2:inst1|Q1        ; 12.620 ; 12.620 ; Rise       ; FD2:inst1|Q1        ;
;  OUT5[2]  ; FD2:inst1|Q1        ; 11.825 ; 11.825 ; Rise       ; FD2:inst1|Q1        ;
;  OUT5[3]  ; FD2:inst1|Q1        ; 12.091 ; 12.091 ; Rise       ; FD2:inst1|Q1        ;
;  OUT5[4]  ; FD2:inst1|Q1        ; 11.863 ; 11.863 ; Rise       ; FD2:inst1|Q1        ;
;  OUT5[5]  ; FD2:inst1|Q1        ; 14.177 ; 14.177 ; Rise       ; FD2:inst1|Q1        ;
;  OUT5[6]  ; FD2:inst1|Q1        ; 13.272 ; 13.272 ; Rise       ; FD2:inst1|Q1        ;
; OUT6[*]   ; FD2:inst1|Q1        ; 10.821 ; 10.821 ; Rise       ; FD2:inst1|Q1        ;
;  OUT6[0]  ; FD2:inst1|Q1        ; 12.034 ; 12.034 ; Rise       ; FD2:inst1|Q1        ;
;  OUT6[1]  ; FD2:inst1|Q1        ; 10.821 ; 10.821 ; Rise       ; FD2:inst1|Q1        ;
;  OUT6[2]  ; FD2:inst1|Q1        ; 11.405 ; 11.405 ; Rise       ; FD2:inst1|Q1        ;
;  OUT6[3]  ; FD2:inst1|Q1        ; 13.331 ; 13.331 ; Rise       ; FD2:inst1|Q1        ;
;  OUT6[4]  ; FD2:inst1|Q1        ; 13.098 ; 13.098 ; Rise       ; FD2:inst1|Q1        ;
;  OUT6[5]  ; FD2:inst1|Q1        ; 12.988 ; 12.988 ; Rise       ; FD2:inst1|Q1        ;
;  OUT6[6]  ; FD2:inst1|Q1        ; 11.223 ; 11.223 ; Rise       ; FD2:inst1|Q1        ;
; OUT7[*]   ; FD2:inst1|Q1        ; 11.742 ; 11.742 ; Rise       ; FD2:inst1|Q1        ;
;  OUT7[0]  ; FD2:inst1|Q1        ; 11.816 ; 11.816 ; Rise       ; FD2:inst1|Q1        ;
;  OUT7[1]  ; FD2:inst1|Q1        ; 13.101 ; 13.101 ; Rise       ; FD2:inst1|Q1        ;
;  OUT7[2]  ; FD2:inst1|Q1        ; 12.258 ; 12.258 ; Rise       ; FD2:inst1|Q1        ;
;  OUT7[3]  ; FD2:inst1|Q1        ; 11.742 ; 11.742 ; Rise       ; FD2:inst1|Q1        ;
;  OUT7[4]  ; FD2:inst1|Q1        ; 11.964 ; 11.964 ; Rise       ; FD2:inst1|Q1        ;
;  OUT7[5]  ; FD2:inst1|Q1        ; 13.391 ; 13.391 ; Rise       ; FD2:inst1|Q1        ;
;  OUT7[6]  ; FD2:inst1|Q1        ; 12.960 ; 12.960 ; Rise       ; FD2:inst1|Q1        ;
; OUT0[*]   ; FD:inst|Q1          ; 12.373 ; 12.373 ; Rise       ; FD:inst|Q1          ;
;  OUT0[0]  ; FD:inst|Q1          ; 12.373 ; 12.373 ; Rise       ; FD:inst|Q1          ;
;  OUT0[1]  ; FD:inst|Q1          ; 13.393 ; 13.393 ; Rise       ; FD:inst|Q1          ;
;  OUT0[2]  ; FD:inst|Q1          ; 12.909 ; 12.909 ; Rise       ; FD:inst|Q1          ;
;  OUT0[3]  ; FD:inst|Q1          ; 13.328 ; 13.328 ; Rise       ; FD:inst|Q1          ;
;  OUT0[4]  ; FD:inst|Q1          ; 13.159 ; 13.159 ; Rise       ; FD:inst|Q1          ;
;  OUT0[5]  ; FD:inst|Q1          ; 13.112 ; 13.112 ; Rise       ; FD:inst|Q1          ;
;  OUT0[6]  ; FD:inst|Q1          ; 12.444 ; 12.444 ; Rise       ; FD:inst|Q1          ;
; OUT1[*]   ; FD:inst|Q1          ; 12.474 ; 12.474 ; Rise       ; FD:inst|Q1          ;
;  OUT1[0]  ; FD:inst|Q1          ; 12.581 ; 12.581 ; Rise       ; FD:inst|Q1          ;
;  OUT1[1]  ; FD:inst|Q1          ; 12.474 ; 12.474 ; Rise       ; FD:inst|Q1          ;
;  OUT1[2]  ; FD:inst|Q1          ; 12.745 ; 12.745 ; Rise       ; FD:inst|Q1          ;
;  OUT1[3]  ; FD:inst|Q1          ; 12.668 ; 12.668 ; Rise       ; FD:inst|Q1          ;
;  OUT1[4]  ; FD:inst|Q1          ; 12.794 ; 12.794 ; Rise       ; FD:inst|Q1          ;
;  OUT1[5]  ; FD:inst|Q1          ; 12.527 ; 12.527 ; Rise       ; FD:inst|Q1          ;
;  OUT1[6]  ; FD:inst|Q1          ; 12.956 ; 12.956 ; Rise       ; FD:inst|Q1          ;
; OUT2[*]   ; FD:inst|Q1          ; 11.899 ; 11.899 ; Rise       ; FD:inst|Q1          ;
;  OUT2[0]  ; FD:inst|Q1          ; 12.390 ; 12.390 ; Rise       ; FD:inst|Q1          ;
;  OUT2[1]  ; FD:inst|Q1          ; 13.903 ; 13.903 ; Rise       ; FD:inst|Q1          ;
;  OUT2[2]  ; FD:inst|Q1          ; 12.110 ; 12.110 ; Rise       ; FD:inst|Q1          ;
;  OUT2[3]  ; FD:inst|Q1          ; 11.899 ; 11.899 ; Rise       ; FD:inst|Q1          ;
;  OUT2[4]  ; FD:inst|Q1          ; 12.122 ; 12.122 ; Rise       ; FD:inst|Q1          ;
;  OUT2[5]  ; FD:inst|Q1          ; 12.352 ; 12.352 ; Rise       ; FD:inst|Q1          ;
;  OUT2[6]  ; FD:inst|Q1          ; 11.978 ; 11.978 ; Rise       ; FD:inst|Q1          ;
; OUT3[*]   ; FD:inst|Q1          ; 10.477 ; 10.477 ; Rise       ; FD:inst|Q1          ;
;  OUT3[0]  ; FD:inst|Q1          ; 10.508 ; 10.508 ; Rise       ; FD:inst|Q1          ;
;  OUT3[1]  ; FD:inst|Q1          ; 10.533 ; 10.533 ; Rise       ; FD:inst|Q1          ;
;  OUT3[2]  ; FD:inst|Q1          ; 10.524 ; 10.524 ; Rise       ; FD:inst|Q1          ;
;  OUT3[3]  ; FD:inst|Q1          ; 10.477 ; 10.477 ; Rise       ; FD:inst|Q1          ;
;  OUT3[4]  ; FD:inst|Q1          ; 10.820 ; 10.820 ; Rise       ; FD:inst|Q1          ;
;  OUT3[5]  ; FD:inst|Q1          ; 10.499 ; 10.499 ; Rise       ; FD:inst|Q1          ;
;  OUT3[6]  ; FD:inst|Q1          ; 10.501 ; 10.501 ; Rise       ; FD:inst|Q1          ;
; OUT4[*]   ; FD:inst|Q1          ; 10.042 ; 10.042 ; Rise       ; FD:inst|Q1          ;
;  OUT4[0]  ; FD:inst|Q1          ; 11.016 ; 11.016 ; Rise       ; FD:inst|Q1          ;
;  OUT4[1]  ; FD:inst|Q1          ; 10.042 ; 10.042 ; Rise       ; FD:inst|Q1          ;
;  OUT4[2]  ; FD:inst|Q1          ; 11.612 ; 11.612 ; Rise       ; FD:inst|Q1          ;
;  OUT4[3]  ; FD:inst|Q1          ; 10.105 ; 10.105 ; Rise       ; FD:inst|Q1          ;
;  OUT4[4]  ; FD:inst|Q1          ; 10.138 ; 10.138 ; Rise       ; FD:inst|Q1          ;
;  OUT4[5]  ; FD:inst|Q1          ; 11.982 ; 11.982 ; Rise       ; FD:inst|Q1          ;
;  OUT4[6]  ; FD:inst|Q1          ; 10.455 ; 10.455 ; Rise       ; FD:inst|Q1          ;
; OUT5[*]   ; FD:inst|Q1          ; 10.395 ; 10.395 ; Rise       ; FD:inst|Q1          ;
;  OUT5[0]  ; FD:inst|Q1          ; 10.558 ; 10.558 ; Rise       ; FD:inst|Q1          ;
;  OUT5[1]  ; FD:inst|Q1          ; 11.200 ; 11.200 ; Rise       ; FD:inst|Q1          ;
;  OUT5[2]  ; FD:inst|Q1          ; 10.395 ; 10.395 ; Rise       ; FD:inst|Q1          ;
;  OUT5[3]  ; FD:inst|Q1          ; 10.668 ; 10.668 ; Rise       ; FD:inst|Q1          ;
;  OUT5[4]  ; FD:inst|Q1          ; 10.429 ; 10.429 ; Rise       ; FD:inst|Q1          ;
;  OUT5[5]  ; FD:inst|Q1          ; 12.757 ; 12.757 ; Rise       ; FD:inst|Q1          ;
;  OUT5[6]  ; FD:inst|Q1          ; 11.840 ; 11.840 ; Rise       ; FD:inst|Q1          ;
; OUT6[*]   ; FD:inst|Q1          ; 10.732 ; 10.732 ; Rise       ; FD:inst|Q1          ;
;  OUT6[0]  ; FD:inst|Q1          ; 11.945 ; 11.945 ; Rise       ; FD:inst|Q1          ;
;  OUT6[1]  ; FD:inst|Q1          ; 10.732 ; 10.732 ; Rise       ; FD:inst|Q1          ;
;  OUT6[2]  ; FD:inst|Q1          ; 11.316 ; 11.316 ; Rise       ; FD:inst|Q1          ;
;  OUT6[3]  ; FD:inst|Q1          ; 13.242 ; 13.242 ; Rise       ; FD:inst|Q1          ;
;  OUT6[4]  ; FD:inst|Q1          ; 13.009 ; 13.009 ; Rise       ; FD:inst|Q1          ;
;  OUT6[5]  ; FD:inst|Q1          ; 12.899 ; 12.899 ; Rise       ; FD:inst|Q1          ;
;  OUT6[6]  ; FD:inst|Q1          ; 11.134 ; 11.134 ; Rise       ; FD:inst|Q1          ;
; OUT7[*]   ; FD:inst|Q1          ; 12.000 ; 12.000 ; Rise       ; FD:inst|Q1          ;
;  OUT7[0]  ; FD:inst|Q1          ; 12.072 ; 12.072 ; Rise       ; FD:inst|Q1          ;
;  OUT7[1]  ; FD:inst|Q1          ; 13.365 ; 13.365 ; Rise       ; FD:inst|Q1          ;
;  OUT7[2]  ; FD:inst|Q1          ; 12.486 ; 12.486 ; Rise       ; FD:inst|Q1          ;
;  OUT7[3]  ; FD:inst|Q1          ; 12.000 ; 12.000 ; Rise       ; FD:inst|Q1          ;
;  OUT7[4]  ; FD:inst|Q1          ; 12.218 ; 12.218 ; Rise       ; FD:inst|Q1          ;
;  OUT7[5]  ; FD:inst|Q1          ; 13.659 ; 13.659 ; Rise       ; FD:inst|Q1          ;
;  OUT7[6]  ; FD:inst|Q1          ; 13.226 ; 13.226 ; Rise       ; FD:inst|Q1          ;
; OUT4[*]   ; MAIN:inst8|CS.SCT0  ; 7.249  ; 7.249  ; Rise       ; MAIN:inst8|CS.SCT0  ;
;  OUT4[0]  ; MAIN:inst8|CS.SCT0  ; 8.223  ; 8.223  ; Rise       ; MAIN:inst8|CS.SCT0  ;
;  OUT4[1]  ; MAIN:inst8|CS.SCT0  ; 7.249  ; 7.249  ; Rise       ; MAIN:inst8|CS.SCT0  ;
;  OUT4[2]  ; MAIN:inst8|CS.SCT0  ; 8.819  ; 8.819  ; Rise       ; MAIN:inst8|CS.SCT0  ;
;  OUT4[3]  ; MAIN:inst8|CS.SCT0  ; 7.312  ; 7.312  ; Rise       ; MAIN:inst8|CS.SCT0  ;
;  OUT4[4]  ; MAIN:inst8|CS.SCT0  ; 7.345  ; 7.345  ; Rise       ; MAIN:inst8|CS.SCT0  ;
;  OUT4[5]  ; MAIN:inst8|CS.SCT0  ; 9.189  ; 9.189  ; Rise       ; MAIN:inst8|CS.SCT0  ;
;  OUT4[6]  ; MAIN:inst8|CS.SCT0  ; 7.662  ; 7.662  ; Rise       ; MAIN:inst8|CS.SCT0  ;
; OUT5[*]   ; MAIN:inst8|CS.SCT0  ; 7.201  ; 7.201  ; Rise       ; MAIN:inst8|CS.SCT0  ;
;  OUT5[0]  ; MAIN:inst8|CS.SCT0  ; 7.366  ; 7.366  ; Rise       ; MAIN:inst8|CS.SCT0  ;
;  OUT5[1]  ; MAIN:inst8|CS.SCT0  ; 8.006  ; 8.006  ; Rise       ; MAIN:inst8|CS.SCT0  ;
;  OUT5[2]  ; MAIN:inst8|CS.SCT0  ; 7.201  ; 7.201  ; Rise       ; MAIN:inst8|CS.SCT0  ;
;  OUT5[3]  ; MAIN:inst8|CS.SCT0  ; 7.472  ; 7.472  ; Rise       ; MAIN:inst8|CS.SCT0  ;
;  OUT5[4]  ; MAIN:inst8|CS.SCT0  ; 7.239  ; 7.239  ; Rise       ; MAIN:inst8|CS.SCT0  ;
;  OUT5[5]  ; MAIN:inst8|CS.SCT0  ; 9.561  ; 9.561  ; Rise       ; MAIN:inst8|CS.SCT0  ;
;  OUT5[6]  ; MAIN:inst8|CS.SCT0  ; 8.648  ; 8.648  ; Rise       ; MAIN:inst8|CS.SCT0  ;
; OUT6[*]   ; MAIN:inst8|CS.SCT0  ; 8.064  ; 8.064  ; Rise       ; MAIN:inst8|CS.SCT0  ;
;  OUT6[0]  ; MAIN:inst8|CS.SCT0  ; 9.277  ; 9.277  ; Rise       ; MAIN:inst8|CS.SCT0  ;
;  OUT6[1]  ; MAIN:inst8|CS.SCT0  ; 8.064  ; 8.064  ; Rise       ; MAIN:inst8|CS.SCT0  ;
;  OUT6[2]  ; MAIN:inst8|CS.SCT0  ; 8.648  ; 8.648  ; Rise       ; MAIN:inst8|CS.SCT0  ;
;  OUT6[3]  ; MAIN:inst8|CS.SCT0  ; 10.574 ; 10.574 ; Rise       ; MAIN:inst8|CS.SCT0  ;
;  OUT6[4]  ; MAIN:inst8|CS.SCT0  ; 10.341 ; 10.341 ; Rise       ; MAIN:inst8|CS.SCT0  ;
;  OUT6[5]  ; MAIN:inst8|CS.SCT0  ; 10.231 ; 10.231 ; Rise       ; MAIN:inst8|CS.SCT0  ;
;  OUT6[6]  ; MAIN:inst8|CS.SCT0  ; 8.466  ; 8.466  ; Rise       ; MAIN:inst8|CS.SCT0  ;
; OUT7[*]   ; MAIN:inst8|CS.SCT0  ; 8.281  ; 8.281  ; Rise       ; MAIN:inst8|CS.SCT0  ;
;  OUT7[0]  ; MAIN:inst8|CS.SCT0  ; 8.353  ; 8.353  ; Rise       ; MAIN:inst8|CS.SCT0  ;
;  OUT7[1]  ; MAIN:inst8|CS.SCT0  ; 9.646  ; 9.646  ; Rise       ; MAIN:inst8|CS.SCT0  ;
;  OUT7[2]  ; MAIN:inst8|CS.SCT0  ; 8.767  ; 8.767  ; Rise       ; MAIN:inst8|CS.SCT0  ;
;  OUT7[3]  ; MAIN:inst8|CS.SCT0  ; 8.281  ; 8.281  ; Rise       ; MAIN:inst8|CS.SCT0  ;
;  OUT7[4]  ; MAIN:inst8|CS.SCT0  ; 8.499  ; 8.499  ; Rise       ; MAIN:inst8|CS.SCT0  ;
;  OUT7[5]  ; MAIN:inst8|CS.SCT0  ; 9.940  ; 9.940  ; Rise       ; MAIN:inst8|CS.SCT0  ;
;  OUT7[6]  ; MAIN:inst8|CS.SCT0  ; 9.512  ; 9.512  ; Rise       ; MAIN:inst8|CS.SCT0  ;
; dot1      ; MAIN:inst8|CS.SCT0  ; 12.219 ; 12.219 ; Rise       ; MAIN:inst8|CS.SCT0  ;
; OUT4[*]   ; MAIN:inst8|CS.SCT0  ; 7.249  ; 7.249  ; Fall       ; MAIN:inst8|CS.SCT0  ;
;  OUT4[0]  ; MAIN:inst8|CS.SCT0  ; 8.223  ; 8.223  ; Fall       ; MAIN:inst8|CS.SCT0  ;
;  OUT4[1]  ; MAIN:inst8|CS.SCT0  ; 7.249  ; 7.249  ; Fall       ; MAIN:inst8|CS.SCT0  ;
;  OUT4[2]  ; MAIN:inst8|CS.SCT0  ; 8.819  ; 8.819  ; Fall       ; MAIN:inst8|CS.SCT0  ;
;  OUT4[3]  ; MAIN:inst8|CS.SCT0  ; 7.312  ; 7.312  ; Fall       ; MAIN:inst8|CS.SCT0  ;
;  OUT4[4]  ; MAIN:inst8|CS.SCT0  ; 7.345  ; 7.345  ; Fall       ; MAIN:inst8|CS.SCT0  ;
;  OUT4[5]  ; MAIN:inst8|CS.SCT0  ; 9.189  ; 9.189  ; Fall       ; MAIN:inst8|CS.SCT0  ;
;  OUT4[6]  ; MAIN:inst8|CS.SCT0  ; 7.662  ; 7.662  ; Fall       ; MAIN:inst8|CS.SCT0  ;
; OUT5[*]   ; MAIN:inst8|CS.SCT0  ; 7.201  ; 7.201  ; Fall       ; MAIN:inst8|CS.SCT0  ;
;  OUT5[0]  ; MAIN:inst8|CS.SCT0  ; 7.366  ; 7.366  ; Fall       ; MAIN:inst8|CS.SCT0  ;
;  OUT5[1]  ; MAIN:inst8|CS.SCT0  ; 8.006  ; 8.006  ; Fall       ; MAIN:inst8|CS.SCT0  ;
;  OUT5[2]  ; MAIN:inst8|CS.SCT0  ; 7.201  ; 7.201  ; Fall       ; MAIN:inst8|CS.SCT0  ;
;  OUT5[3]  ; MAIN:inst8|CS.SCT0  ; 7.472  ; 7.472  ; Fall       ; MAIN:inst8|CS.SCT0  ;
;  OUT5[4]  ; MAIN:inst8|CS.SCT0  ; 7.239  ; 7.239  ; Fall       ; MAIN:inst8|CS.SCT0  ;
;  OUT5[5]  ; MAIN:inst8|CS.SCT0  ; 9.561  ; 9.561  ; Fall       ; MAIN:inst8|CS.SCT0  ;
;  OUT5[6]  ; MAIN:inst8|CS.SCT0  ; 8.648  ; 8.648  ; Fall       ; MAIN:inst8|CS.SCT0  ;
; OUT6[*]   ; MAIN:inst8|CS.SCT0  ; 8.064  ; 8.064  ; Fall       ; MAIN:inst8|CS.SCT0  ;
;  OUT6[0]  ; MAIN:inst8|CS.SCT0  ; 9.277  ; 9.277  ; Fall       ; MAIN:inst8|CS.SCT0  ;
;  OUT6[1]  ; MAIN:inst8|CS.SCT0  ; 8.064  ; 8.064  ; Fall       ; MAIN:inst8|CS.SCT0  ;
;  OUT6[2]  ; MAIN:inst8|CS.SCT0  ; 8.648  ; 8.648  ; Fall       ; MAIN:inst8|CS.SCT0  ;
;  OUT6[3]  ; MAIN:inst8|CS.SCT0  ; 10.574 ; 10.574 ; Fall       ; MAIN:inst8|CS.SCT0  ;
;  OUT6[4]  ; MAIN:inst8|CS.SCT0  ; 10.341 ; 10.341 ; Fall       ; MAIN:inst8|CS.SCT0  ;
;  OUT6[5]  ; MAIN:inst8|CS.SCT0  ; 10.231 ; 10.231 ; Fall       ; MAIN:inst8|CS.SCT0  ;
;  OUT6[6]  ; MAIN:inst8|CS.SCT0  ; 8.466  ; 8.466  ; Fall       ; MAIN:inst8|CS.SCT0  ;
; OUT7[*]   ; MAIN:inst8|CS.SCT0  ; 8.281  ; 8.281  ; Fall       ; MAIN:inst8|CS.SCT0  ;
;  OUT7[0]  ; MAIN:inst8|CS.SCT0  ; 8.353  ; 8.353  ; Fall       ; MAIN:inst8|CS.SCT0  ;
;  OUT7[1]  ; MAIN:inst8|CS.SCT0  ; 9.646  ; 9.646  ; Fall       ; MAIN:inst8|CS.SCT0  ;
;  OUT7[2]  ; MAIN:inst8|CS.SCT0  ; 8.767  ; 8.767  ; Fall       ; MAIN:inst8|CS.SCT0  ;
;  OUT7[3]  ; MAIN:inst8|CS.SCT0  ; 8.281  ; 8.281  ; Fall       ; MAIN:inst8|CS.SCT0  ;
;  OUT7[4]  ; MAIN:inst8|CS.SCT0  ; 8.499  ; 8.499  ; Fall       ; MAIN:inst8|CS.SCT0  ;
;  OUT7[5]  ; MAIN:inst8|CS.SCT0  ; 9.940  ; 9.940  ; Fall       ; MAIN:inst8|CS.SCT0  ;
;  OUT7[6]  ; MAIN:inst8|CS.SCT0  ; 9.512  ; 9.512  ; Fall       ; MAIN:inst8|CS.SCT0  ;
; OUT4[*]   ; MAIN:inst8|CS.SCT1  ; 7.495  ; 7.495  ; Rise       ; MAIN:inst8|CS.SCT1  ;
;  OUT4[0]  ; MAIN:inst8|CS.SCT1  ; 8.469  ; 8.469  ; Rise       ; MAIN:inst8|CS.SCT1  ;
;  OUT4[1]  ; MAIN:inst8|CS.SCT1  ; 7.495  ; 7.495  ; Rise       ; MAIN:inst8|CS.SCT1  ;
;  OUT4[2]  ; MAIN:inst8|CS.SCT1  ; 9.065  ; 9.065  ; Rise       ; MAIN:inst8|CS.SCT1  ;
;  OUT4[3]  ; MAIN:inst8|CS.SCT1  ; 7.558  ; 7.558  ; Rise       ; MAIN:inst8|CS.SCT1  ;
;  OUT4[4]  ; MAIN:inst8|CS.SCT1  ; 7.591  ; 7.591  ; Rise       ; MAIN:inst8|CS.SCT1  ;
;  OUT4[5]  ; MAIN:inst8|CS.SCT1  ; 9.435  ; 9.435  ; Rise       ; MAIN:inst8|CS.SCT1  ;
;  OUT4[6]  ; MAIN:inst8|CS.SCT1  ; 7.908  ; 7.908  ; Rise       ; MAIN:inst8|CS.SCT1  ;
; OUT5[*]   ; MAIN:inst8|CS.SCT1  ; 7.447  ; 7.447  ; Rise       ; MAIN:inst8|CS.SCT1  ;
;  OUT5[0]  ; MAIN:inst8|CS.SCT1  ; 7.612  ; 7.612  ; Rise       ; MAIN:inst8|CS.SCT1  ;
;  OUT5[1]  ; MAIN:inst8|CS.SCT1  ; 8.252  ; 8.252  ; Rise       ; MAIN:inst8|CS.SCT1  ;
;  OUT5[2]  ; MAIN:inst8|CS.SCT1  ; 7.447  ; 7.447  ; Rise       ; MAIN:inst8|CS.SCT1  ;
;  OUT5[3]  ; MAIN:inst8|CS.SCT1  ; 7.718  ; 7.718  ; Rise       ; MAIN:inst8|CS.SCT1  ;
;  OUT5[4]  ; MAIN:inst8|CS.SCT1  ; 7.485  ; 7.485  ; Rise       ; MAIN:inst8|CS.SCT1  ;
;  OUT5[5]  ; MAIN:inst8|CS.SCT1  ; 9.807  ; 9.807  ; Rise       ; MAIN:inst8|CS.SCT1  ;
;  OUT5[6]  ; MAIN:inst8|CS.SCT1  ; 8.894  ; 8.894  ; Rise       ; MAIN:inst8|CS.SCT1  ;
; OUT6[*]   ; MAIN:inst8|CS.SCT1  ; 8.310  ; 8.310  ; Rise       ; MAIN:inst8|CS.SCT1  ;
;  OUT6[0]  ; MAIN:inst8|CS.SCT1  ; 9.523  ; 9.523  ; Rise       ; MAIN:inst8|CS.SCT1  ;
;  OUT6[1]  ; MAIN:inst8|CS.SCT1  ; 8.310  ; 8.310  ; Rise       ; MAIN:inst8|CS.SCT1  ;
;  OUT6[2]  ; MAIN:inst8|CS.SCT1  ; 8.894  ; 8.894  ; Rise       ; MAIN:inst8|CS.SCT1  ;
;  OUT6[3]  ; MAIN:inst8|CS.SCT1  ; 10.820 ; 10.820 ; Rise       ; MAIN:inst8|CS.SCT1  ;
;  OUT6[4]  ; MAIN:inst8|CS.SCT1  ; 10.587 ; 10.587 ; Rise       ; MAIN:inst8|CS.SCT1  ;
;  OUT6[5]  ; MAIN:inst8|CS.SCT1  ; 10.477 ; 10.477 ; Rise       ; MAIN:inst8|CS.SCT1  ;
;  OUT6[6]  ; MAIN:inst8|CS.SCT1  ; 8.712  ; 8.712  ; Rise       ; MAIN:inst8|CS.SCT1  ;
; OUT7[*]   ; MAIN:inst8|CS.SCT1  ; 8.527  ; 8.527  ; Rise       ; MAIN:inst8|CS.SCT1  ;
;  OUT7[0]  ; MAIN:inst8|CS.SCT1  ; 8.599  ; 8.599  ; Rise       ; MAIN:inst8|CS.SCT1  ;
;  OUT7[1]  ; MAIN:inst8|CS.SCT1  ; 9.892  ; 9.892  ; Rise       ; MAIN:inst8|CS.SCT1  ;
;  OUT7[2]  ; MAIN:inst8|CS.SCT1  ; 9.013  ; 9.013  ; Rise       ; MAIN:inst8|CS.SCT1  ;
;  OUT7[3]  ; MAIN:inst8|CS.SCT1  ; 8.527  ; 8.527  ; Rise       ; MAIN:inst8|CS.SCT1  ;
;  OUT7[4]  ; MAIN:inst8|CS.SCT1  ; 8.745  ; 8.745  ; Rise       ; MAIN:inst8|CS.SCT1  ;
;  OUT7[5]  ; MAIN:inst8|CS.SCT1  ; 10.186 ; 10.186 ; Rise       ; MAIN:inst8|CS.SCT1  ;
;  OUT7[6]  ; MAIN:inst8|CS.SCT1  ; 9.758  ; 9.758  ; Rise       ; MAIN:inst8|CS.SCT1  ;
; dot1      ; MAIN:inst8|CS.SCT1  ; 12.185 ; 12.185 ; Rise       ; MAIN:inst8|CS.SCT1  ;
; OUT4[*]   ; MAIN:inst8|CS.SCT1  ; 7.495  ; 7.495  ; Fall       ; MAIN:inst8|CS.SCT1  ;
;  OUT4[0]  ; MAIN:inst8|CS.SCT1  ; 8.469  ; 8.469  ; Fall       ; MAIN:inst8|CS.SCT1  ;
;  OUT4[1]  ; MAIN:inst8|CS.SCT1  ; 7.495  ; 7.495  ; Fall       ; MAIN:inst8|CS.SCT1  ;
;  OUT4[2]  ; MAIN:inst8|CS.SCT1  ; 9.065  ; 9.065  ; Fall       ; MAIN:inst8|CS.SCT1  ;
;  OUT4[3]  ; MAIN:inst8|CS.SCT1  ; 7.558  ; 7.558  ; Fall       ; MAIN:inst8|CS.SCT1  ;
;  OUT4[4]  ; MAIN:inst8|CS.SCT1  ; 7.591  ; 7.591  ; Fall       ; MAIN:inst8|CS.SCT1  ;
;  OUT4[5]  ; MAIN:inst8|CS.SCT1  ; 9.435  ; 9.435  ; Fall       ; MAIN:inst8|CS.SCT1  ;
;  OUT4[6]  ; MAIN:inst8|CS.SCT1  ; 7.908  ; 7.908  ; Fall       ; MAIN:inst8|CS.SCT1  ;
; OUT5[*]   ; MAIN:inst8|CS.SCT1  ; 7.447  ; 7.447  ; Fall       ; MAIN:inst8|CS.SCT1  ;
;  OUT5[0]  ; MAIN:inst8|CS.SCT1  ; 7.612  ; 7.612  ; Fall       ; MAIN:inst8|CS.SCT1  ;
;  OUT5[1]  ; MAIN:inst8|CS.SCT1  ; 8.252  ; 8.252  ; Fall       ; MAIN:inst8|CS.SCT1  ;
;  OUT5[2]  ; MAIN:inst8|CS.SCT1  ; 7.447  ; 7.447  ; Fall       ; MAIN:inst8|CS.SCT1  ;
;  OUT5[3]  ; MAIN:inst8|CS.SCT1  ; 7.718  ; 7.718  ; Fall       ; MAIN:inst8|CS.SCT1  ;
;  OUT5[4]  ; MAIN:inst8|CS.SCT1  ; 7.485  ; 7.485  ; Fall       ; MAIN:inst8|CS.SCT1  ;
;  OUT5[5]  ; MAIN:inst8|CS.SCT1  ; 9.807  ; 9.807  ; Fall       ; MAIN:inst8|CS.SCT1  ;
;  OUT5[6]  ; MAIN:inst8|CS.SCT1  ; 8.894  ; 8.894  ; Fall       ; MAIN:inst8|CS.SCT1  ;
; OUT6[*]   ; MAIN:inst8|CS.SCT1  ; 8.310  ; 8.310  ; Fall       ; MAIN:inst8|CS.SCT1  ;
;  OUT6[0]  ; MAIN:inst8|CS.SCT1  ; 9.523  ; 9.523  ; Fall       ; MAIN:inst8|CS.SCT1  ;
;  OUT6[1]  ; MAIN:inst8|CS.SCT1  ; 8.310  ; 8.310  ; Fall       ; MAIN:inst8|CS.SCT1  ;
;  OUT6[2]  ; MAIN:inst8|CS.SCT1  ; 8.894  ; 8.894  ; Fall       ; MAIN:inst8|CS.SCT1  ;
;  OUT6[3]  ; MAIN:inst8|CS.SCT1  ; 10.820 ; 10.820 ; Fall       ; MAIN:inst8|CS.SCT1  ;
;  OUT6[4]  ; MAIN:inst8|CS.SCT1  ; 10.587 ; 10.587 ; Fall       ; MAIN:inst8|CS.SCT1  ;
;  OUT6[5]  ; MAIN:inst8|CS.SCT1  ; 10.477 ; 10.477 ; Fall       ; MAIN:inst8|CS.SCT1  ;
;  OUT6[6]  ; MAIN:inst8|CS.SCT1  ; 8.712  ; 8.712  ; Fall       ; MAIN:inst8|CS.SCT1  ;
; OUT7[*]   ; MAIN:inst8|CS.SCT1  ; 8.527  ; 8.527  ; Fall       ; MAIN:inst8|CS.SCT1  ;
;  OUT7[0]  ; MAIN:inst8|CS.SCT1  ; 8.599  ; 8.599  ; Fall       ; MAIN:inst8|CS.SCT1  ;
;  OUT7[1]  ; MAIN:inst8|CS.SCT1  ; 9.892  ; 9.892  ; Fall       ; MAIN:inst8|CS.SCT1  ;
;  OUT7[2]  ; MAIN:inst8|CS.SCT1  ; 9.013  ; 9.013  ; Fall       ; MAIN:inst8|CS.SCT1  ;
;  OUT7[3]  ; MAIN:inst8|CS.SCT1  ; 8.527  ; 8.527  ; Fall       ; MAIN:inst8|CS.SCT1  ;
;  OUT7[4]  ; MAIN:inst8|CS.SCT1  ; 8.745  ; 8.745  ; Fall       ; MAIN:inst8|CS.SCT1  ;
;  OUT7[5]  ; MAIN:inst8|CS.SCT1  ; 10.186 ; 10.186 ; Fall       ; MAIN:inst8|CS.SCT1  ;
;  OUT7[6]  ; MAIN:inst8|CS.SCT1  ; 9.758  ; 9.758  ; Fall       ; MAIN:inst8|CS.SCT1  ;
; OUT0[*]   ; MAIN:inst8|CS.SRUN0 ; 15.202 ; 15.202 ; Fall       ; MAIN:inst8|CS.SRUN0 ;
;  OUT0[0]  ; MAIN:inst8|CS.SRUN0 ; 15.202 ; 15.202 ; Fall       ; MAIN:inst8|CS.SRUN0 ;
;  OUT0[1]  ; MAIN:inst8|CS.SRUN0 ; 16.236 ; 16.236 ; Fall       ; MAIN:inst8|CS.SRUN0 ;
;  OUT0[2]  ; MAIN:inst8|CS.SRUN0 ; 15.732 ; 15.732 ; Fall       ; MAIN:inst8|CS.SRUN0 ;
;  OUT0[3]  ; MAIN:inst8|CS.SRUN0 ; 16.167 ; 16.167 ; Fall       ; MAIN:inst8|CS.SRUN0 ;
;  OUT0[4]  ; MAIN:inst8|CS.SRUN0 ; 15.987 ; 15.987 ; Fall       ; MAIN:inst8|CS.SRUN0 ;
;  OUT0[5]  ; MAIN:inst8|CS.SRUN0 ; 15.939 ; 15.939 ; Fall       ; MAIN:inst8|CS.SRUN0 ;
;  OUT0[6]  ; MAIN:inst8|CS.SRUN0 ; 15.283 ; 15.283 ; Fall       ; MAIN:inst8|CS.SRUN0 ;
; OUT1[*]   ; MAIN:inst8|CS.SRUN0 ; 16.968 ; 16.968 ; Fall       ; MAIN:inst8|CS.SRUN0 ;
;  OUT1[0]  ; MAIN:inst8|CS.SRUN0 ; 17.075 ; 17.075 ; Fall       ; MAIN:inst8|CS.SRUN0 ;
;  OUT1[1]  ; MAIN:inst8|CS.SRUN0 ; 16.968 ; 16.968 ; Fall       ; MAIN:inst8|CS.SRUN0 ;
;  OUT1[2]  ; MAIN:inst8|CS.SRUN0 ; 17.239 ; 17.239 ; Fall       ; MAIN:inst8|CS.SRUN0 ;
;  OUT1[3]  ; MAIN:inst8|CS.SRUN0 ; 17.162 ; 17.162 ; Fall       ; MAIN:inst8|CS.SRUN0 ;
;  OUT1[4]  ; MAIN:inst8|CS.SRUN0 ; 17.288 ; 17.288 ; Fall       ; MAIN:inst8|CS.SRUN0 ;
;  OUT1[5]  ; MAIN:inst8|CS.SRUN0 ; 17.021 ; 17.021 ; Fall       ; MAIN:inst8|CS.SRUN0 ;
;  OUT1[6]  ; MAIN:inst8|CS.SRUN0 ; 17.450 ; 17.450 ; Fall       ; MAIN:inst8|CS.SRUN0 ;
; OUT2[*]   ; MAIN:inst8|CS.SRUN0 ; 17.957 ; 17.957 ; Fall       ; MAIN:inst8|CS.SRUN0 ;
;  OUT2[0]  ; MAIN:inst8|CS.SRUN0 ; 18.448 ; 18.448 ; Fall       ; MAIN:inst8|CS.SRUN0 ;
;  OUT2[1]  ; MAIN:inst8|CS.SRUN0 ; 19.961 ; 19.961 ; Fall       ; MAIN:inst8|CS.SRUN0 ;
;  OUT2[2]  ; MAIN:inst8|CS.SRUN0 ; 18.168 ; 18.168 ; Fall       ; MAIN:inst8|CS.SRUN0 ;
;  OUT2[3]  ; MAIN:inst8|CS.SRUN0 ; 17.957 ; 17.957 ; Fall       ; MAIN:inst8|CS.SRUN0 ;
;  OUT2[4]  ; MAIN:inst8|CS.SRUN0 ; 18.180 ; 18.180 ; Fall       ; MAIN:inst8|CS.SRUN0 ;
;  OUT2[5]  ; MAIN:inst8|CS.SRUN0 ; 18.410 ; 18.410 ; Fall       ; MAIN:inst8|CS.SRUN0 ;
;  OUT2[6]  ; MAIN:inst8|CS.SRUN0 ; 18.036 ; 18.036 ; Fall       ; MAIN:inst8|CS.SRUN0 ;
; OUT3[*]   ; MAIN:inst8|CS.SRUN0 ; 19.279 ; 19.279 ; Fall       ; MAIN:inst8|CS.SRUN0 ;
;  OUT3[0]  ; MAIN:inst8|CS.SRUN0 ; 19.309 ; 19.309 ; Fall       ; MAIN:inst8|CS.SRUN0 ;
;  OUT3[1]  ; MAIN:inst8|CS.SRUN0 ; 19.332 ; 19.332 ; Fall       ; MAIN:inst8|CS.SRUN0 ;
;  OUT3[2]  ; MAIN:inst8|CS.SRUN0 ; 19.309 ; 19.309 ; Fall       ; MAIN:inst8|CS.SRUN0 ;
;  OUT3[3]  ; MAIN:inst8|CS.SRUN0 ; 19.279 ; 19.279 ; Fall       ; MAIN:inst8|CS.SRUN0 ;
;  OUT3[4]  ; MAIN:inst8|CS.SRUN0 ; 19.612 ; 19.612 ; Fall       ; MAIN:inst8|CS.SRUN0 ;
;  OUT3[5]  ; MAIN:inst8|CS.SRUN0 ; 19.290 ; 19.290 ; Fall       ; MAIN:inst8|CS.SRUN0 ;
;  OUT3[6]  ; MAIN:inst8|CS.SRUN0 ; 19.299 ; 19.299 ; Fall       ; MAIN:inst8|CS.SRUN0 ;
+-----------+---------------------+--------+--------+------------+---------------------+


+--------------------------------------------------------------+
; Propagation Delay                                            ;
+------------+-------------+--------+--------+--------+--------+
; Input Port ; Output Port ; RR     ; RF     ; FR     ; FF     ;
+------------+-------------+--------+--------+--------+--------+
; SHOW_DIS   ; OUT4[0]     ; 15.730 ; 15.730 ; 15.730 ; 15.730 ;
; SHOW_DIS   ; OUT4[1]     ; 14.748 ; 14.748 ; 14.748 ; 14.748 ;
; SHOW_DIS   ; OUT4[2]     ; 16.337 ; 16.337 ; 16.337 ; 16.337 ;
; SHOW_DIS   ; OUT4[3]     ; 14.834 ; 14.834 ; 14.834 ; 14.834 ;
; SHOW_DIS   ; OUT4[4]     ; 14.861 ; 14.861 ; 14.861 ; 14.861 ;
; SHOW_DIS   ; OUT4[5]     ; 16.711 ; 16.711 ; 16.711 ; 16.711 ;
; SHOW_DIS   ; OUT4[6]     ; 15.171 ; 15.171 ; 15.171 ; 15.171 ;
; SHOW_DIS   ; OUT5[0]     ; 15.301 ; 15.301 ; 15.301 ; 15.301 ;
; SHOW_DIS   ; OUT5[1]     ; 15.935 ; 15.935 ; 15.935 ; 15.935 ;
; SHOW_DIS   ; OUT5[2]     ; 15.141 ; 15.141 ; 15.141 ; 15.141 ;
; SHOW_DIS   ; OUT5[3]     ; 15.406 ; 15.406 ; 15.406 ; 15.406 ;
; SHOW_DIS   ; OUT5[4]     ; 15.180 ; 15.180 ; 15.180 ; 15.180 ;
; SHOW_DIS   ; OUT5[5]     ; 17.492 ; 17.492 ; 17.492 ; 17.492 ;
; SHOW_DIS   ; OUT5[6]     ; 16.589 ; 16.589 ; 16.589 ; 16.589 ;
; SHOW_DIS   ; OUT6[0]     ; 16.713 ; 16.713 ; 16.713 ; 16.713 ;
; SHOW_DIS   ; OUT6[1]     ; 15.501 ; 15.501 ; 15.501 ; 15.501 ;
; SHOW_DIS   ; OUT6[2]     ; 16.088 ; 16.088 ; 16.088 ; 16.088 ;
; SHOW_DIS   ; OUT6[3]     ; 18.014 ; 18.014 ; 18.014 ; 18.014 ;
; SHOW_DIS   ; OUT6[4]     ; 17.779 ; 17.779 ; 17.779 ; 17.779 ;
; SHOW_DIS   ; OUT6[5]     ; 17.667 ; 17.667 ; 17.667 ; 17.667 ;
; SHOW_DIS   ; OUT6[6]     ; 15.903 ; 15.903 ; 15.903 ; 15.903 ;
; SHOW_DIS   ; OUT7[0]     ; 15.850 ; 15.850 ; 15.850 ; 15.850 ;
; SHOW_DIS   ; OUT7[1]     ; 17.138 ; 17.138 ; 17.138 ; 17.138 ;
; SHOW_DIS   ; OUT7[2]     ; 16.268 ; 16.268 ; 16.268 ; 16.268 ;
; SHOW_DIS   ; OUT7[3]     ; 15.779 ; 15.779 ; 15.779 ; 15.779 ;
; SHOW_DIS   ; OUT7[4]     ; 16.002 ; 16.002 ; 16.002 ; 16.002 ;
; SHOW_DIS   ; OUT7[5]     ; 17.429 ; 17.429 ; 17.429 ; 17.429 ;
; SHOW_DIS   ; OUT7[6]     ; 16.996 ; 16.996 ; 16.996 ; 16.996 ;
; SHOW_DIS   ; dot5        ;        ; 8.252  ; 8.252  ;        ;
+------------+-------------+--------+--------+--------+--------+


+--------------------------------------------------------------+
; Minimum Propagation Delay                                    ;
+------------+-------------+--------+--------+--------+--------+
; Input Port ; Output Port ; RR     ; RF     ; FR     ; FF     ;
+------------+-------------+--------+--------+--------+--------+
; SHOW_DIS   ; OUT4[0]     ; 15.363 ; 15.363 ; 15.363 ; 15.363 ;
; SHOW_DIS   ; OUT4[1]     ; 14.389 ; 14.389 ; 14.389 ; 14.389 ;
; SHOW_DIS   ; OUT4[2]     ; 15.959 ; 15.959 ; 15.959 ; 15.959 ;
; SHOW_DIS   ; OUT4[3]     ; 14.452 ; 14.452 ; 14.452 ; 14.452 ;
; SHOW_DIS   ; OUT4[4]     ; 14.485 ; 14.485 ; 14.485 ; 14.485 ;
; SHOW_DIS   ; OUT4[5]     ; 16.329 ; 16.329 ; 16.329 ; 16.329 ;
; SHOW_DIS   ; OUT4[6]     ; 14.802 ; 14.802 ; 14.802 ; 14.802 ;
; SHOW_DIS   ; OUT5[0]     ; 14.506 ; 14.506 ; 14.506 ; 14.506 ;
; SHOW_DIS   ; OUT5[1]     ; 15.146 ; 15.146 ; 15.146 ; 15.146 ;
; SHOW_DIS   ; OUT5[2]     ; 14.341 ; 14.341 ; 14.341 ; 14.341 ;
; SHOW_DIS   ; OUT5[3]     ; 14.612 ; 14.612 ; 14.612 ; 14.612 ;
; SHOW_DIS   ; OUT5[4]     ; 14.379 ; 14.379 ; 14.379 ; 14.379 ;
; SHOW_DIS   ; OUT5[5]     ; 16.701 ; 16.701 ; 16.701 ; 16.701 ;
; SHOW_DIS   ; OUT5[6]     ; 15.788 ; 15.788 ; 15.788 ; 15.788 ;
; SHOW_DIS   ; OUT6[0]     ; 16.417 ; 16.417 ; 16.417 ; 16.417 ;
; SHOW_DIS   ; OUT6[1]     ; 15.204 ; 15.204 ; 15.204 ; 15.204 ;
; SHOW_DIS   ; OUT6[2]     ; 15.788 ; 15.788 ; 15.788 ; 15.788 ;
; SHOW_DIS   ; OUT6[3]     ; 17.714 ; 17.714 ; 17.714 ; 17.714 ;
; SHOW_DIS   ; OUT6[4]     ; 17.481 ; 17.481 ; 17.481 ; 17.481 ;
; SHOW_DIS   ; OUT6[5]     ; 17.371 ; 17.371 ; 17.371 ; 17.371 ;
; SHOW_DIS   ; OUT6[6]     ; 15.606 ; 15.606 ; 15.606 ; 15.606 ;
; SHOW_DIS   ; OUT7[0]     ; 15.493 ; 15.493 ; 15.493 ; 15.493 ;
; SHOW_DIS   ; OUT7[1]     ; 16.786 ; 16.786 ; 16.786 ; 16.786 ;
; SHOW_DIS   ; OUT7[2]     ; 15.907 ; 15.907 ; 15.907 ; 15.907 ;
; SHOW_DIS   ; OUT7[3]     ; 15.421 ; 15.421 ; 15.421 ; 15.421 ;
; SHOW_DIS   ; OUT7[4]     ; 15.639 ; 15.639 ; 15.639 ; 15.639 ;
; SHOW_DIS   ; OUT7[5]     ; 17.080 ; 17.080 ; 17.080 ; 17.080 ;
; SHOW_DIS   ; OUT7[6]     ; 16.652 ; 16.652 ; 16.652 ; 16.652 ;
; SHOW_DIS   ; dot5        ;        ; 8.252  ; 8.252  ;        ;
+------------+-------------+--------+--------+--------+--------+


+-----------------------------------------------+
; Fast Model Setup Summary                      ;
+---------------------+---------+---------------+
; Clock               ; Slack   ; End Point TNS ;
+---------------------+---------+---------------+
; FD2:inst1|Q1        ; -30.854 ; -700.773      ;
; MAIN:inst8|CS.SCT1  ; -2.944  ; -38.042       ;
; MAIN:inst8|CS.SCT0  ; -2.882  ; -35.859       ;
; CLK                 ; -1.506  ; -33.119       ;
; CT0                 ; -1.199  ; -2.006        ;
; MAIN:inst8|CS.S1    ; -0.865  ; -0.865        ;
; FD:inst|Q1          ; -0.476  ; -0.932        ;
; MAIN:inst8|CS.SRUN0 ; -0.096  ; -0.183        ;
+---------------------+---------+---------------+


+----------------------------------------------+
; Fast Model Hold Summary                      ;
+---------------------+--------+---------------+
; Clock               ; Slack  ; End Point TNS ;
+---------------------+--------+---------------+
; MAIN:inst8|CS.SCT0  ; -3.279 ; -27.940       ;
; MAIN:inst8|CS.SCT1  ; -3.091 ; -24.930       ;
; CT0                 ; -2.008 ; -27.055       ;
; FD:inst|Q1          ; -1.495 ; -10.361       ;
; FD2:inst1|Q1        ; -0.891 ; -43.168       ;
; MAIN:inst8|CS.SRUN0 ; -0.073 ; -0.342        ;
; CLK                 ; 0.247  ; 0.000         ;
; MAIN:inst8|CS.S1    ; 1.467  ; 0.000         ;
+---------------------+--------+---------------+


+---------------------------------------------+
; Fast Model Recovery Summary                 ;
+---------------------+-------+---------------+
; Clock               ; Slack ; End Point TNS ;
+---------------------+-------+---------------+
; FD2:inst1|Q1        ; 1.065 ; 0.000         ;
; FD:inst|Q1          ; 1.311 ; 0.000         ;
; MAIN:inst8|CS.SRUN0 ; 2.679 ; 0.000         ;
+---------------------+-------+---------------+


+----------------------------------------------+
; Fast Model Removal Summary                   ;
+---------------------+--------+---------------+
; Clock               ; Slack  ; End Point TNS ;
+---------------------+--------+---------------+
; MAIN:inst8|CS.SRUN0 ; -1.799 ; -25.186       ;
; FD:inst|Q1          ; -0.936 ; -0.936        ;
; FD2:inst1|Q1        ; -0.857 ; -39.942       ;
+---------------------+--------+---------------+


+----------------------------------------------+
; Fast Model Minimum Pulse Width Summary       ;
+---------------------+--------+---------------+
; Clock               ; Slack  ; End Point TNS ;
+---------------------+--------+---------------+
; CLK                 ; -1.380 ; -25.380       ;
; CT0                 ; -1.222 ; -18.222       ;
; FD2:inst1|Q1        ; -0.500 ; -89.000       ;
; FD:inst|Q1          ; -0.500 ; -17.000       ;
; MAIN:inst8|CS.SCT0  ; -0.500 ; -17.000       ;
; MAIN:inst8|CS.SCT1  ; -0.500 ; -17.000       ;
; MAIN:inst8|CS.SRUN0 ; -0.500 ; -14.000       ;
; MAIN:inst8|CS.S1    ; 0.500  ; 0.000         ;
+---------------------+--------+---------------+


+----------------------------------------------------------------------------------------------------------------------------+
; Fast Model Setup: 'FD2:inst1|Q1'                                                                                           ;
+---------+---------------------+---------------------+--------------+--------------+--------------+------------+------------+
; Slack   ; From Node           ; To Node             ; Launch Clock ; Latch Clock  ; Relationship ; Clock Skew ; Data Delay ;
+---------+---------------------+---------------------+--------------+--------------+--------------+------------+------------+
; -30.854 ; COUNT:inst7|CNT[21] ; COUNT:inst7|RES0[1] ; FD2:inst1|Q1 ; FD2:inst1|Q1 ; 1.000        ; -0.005     ; 31.881     ;
; -30.853 ; COUNT:inst7|CNT[21] ; COUNT:inst7|RES0[2] ; FD2:inst1|Q1 ; FD2:inst1|Q1 ; 1.000        ; -0.005     ; 31.880     ;
; -30.852 ; COUNT:inst7|CNT[21] ; COUNT:inst7|RES0[3] ; FD2:inst1|Q1 ; FD2:inst1|Q1 ; 1.000        ; -0.005     ; 31.879     ;
; -30.849 ; COUNT:inst7|CNT[20] ; COUNT:inst7|RES0[1] ; FD2:inst1|Q1 ; FD2:inst1|Q1 ; 1.000        ; 0.008      ; 31.889     ;
; -30.848 ; COUNT:inst7|CNT[20] ; COUNT:inst7|RES0[2] ; FD2:inst1|Q1 ; FD2:inst1|Q1 ; 1.000        ; 0.008      ; 31.888     ;
; -30.847 ; COUNT:inst7|CNT[20] ; COUNT:inst7|RES0[3] ; FD2:inst1|Q1 ; FD2:inst1|Q1 ; 1.000        ; 0.008      ; 31.887     ;
; -30.800 ; COUNT:inst7|CNT[22] ; COUNT:inst7|RES0[1] ; FD2:inst1|Q1 ; FD2:inst1|Q1 ; 1.000        ; 0.008      ; 31.840     ;
; -30.799 ; COUNT:inst7|CNT[22] ; COUNT:inst7|RES0[2] ; FD2:inst1|Q1 ; FD2:inst1|Q1 ; 1.000        ; 0.008      ; 31.839     ;
; -30.798 ; COUNT:inst7|CNT[22] ; COUNT:inst7|RES0[3] ; FD2:inst1|Q1 ; FD2:inst1|Q1 ; 1.000        ; 0.008      ; 31.838     ;
; -30.608 ; COUNT:inst7|CNT[23] ; COUNT:inst7|RES0[1] ; FD2:inst1|Q1 ; FD2:inst1|Q1 ; 1.000        ; 0.025      ; 31.665     ;
; -30.607 ; COUNT:inst7|CNT[23] ; COUNT:inst7|RES0[2] ; FD2:inst1|Q1 ; FD2:inst1|Q1 ; 1.000        ; 0.025      ; 31.664     ;
; -30.606 ; COUNT:inst7|CNT[23] ; COUNT:inst7|RES0[3] ; FD2:inst1|Q1 ; FD2:inst1|Q1 ; 1.000        ; 0.025      ; 31.663     ;
; -30.529 ; COUNT:inst7|CNT[24] ; COUNT:inst7|RES0[1] ; FD2:inst1|Q1 ; FD2:inst1|Q1 ; 1.000        ; 0.025      ; 31.586     ;
; -30.528 ; COUNT:inst7|CNT[24] ; COUNT:inst7|RES0[2] ; FD2:inst1|Q1 ; FD2:inst1|Q1 ; 1.000        ; 0.025      ; 31.585     ;
; -30.527 ; COUNT:inst7|CNT[24] ; COUNT:inst7|RES0[3] ; FD2:inst1|Q1 ; FD2:inst1|Q1 ; 1.000        ; 0.025      ; 31.584     ;
; -30.490 ; COUNT:inst7|CNT[25] ; COUNT:inst7|RES0[1] ; FD2:inst1|Q1 ; FD2:inst1|Q1 ; 1.000        ; 0.025      ; 31.547     ;
; -30.489 ; COUNT:inst7|CNT[25] ; COUNT:inst7|RES0[2] ; FD2:inst1|Q1 ; FD2:inst1|Q1 ; 1.000        ; 0.025      ; 31.546     ;
; -30.488 ; COUNT:inst7|CNT[25] ; COUNT:inst7|RES0[3] ; FD2:inst1|Q1 ; FD2:inst1|Q1 ; 1.000        ; 0.025      ; 31.545     ;
; -30.454 ; COUNT:inst7|CNT[26] ; COUNT:inst7|RES0[1] ; FD2:inst1|Q1 ; FD2:inst1|Q1 ; 1.000        ; 0.025      ; 31.511     ;
; -30.453 ; COUNT:inst7|CNT[26] ; COUNT:inst7|RES0[2] ; FD2:inst1|Q1 ; FD2:inst1|Q1 ; 1.000        ; 0.025      ; 31.510     ;
; -30.452 ; COUNT:inst7|CNT[26] ; COUNT:inst7|RES0[3] ; FD2:inst1|Q1 ; FD2:inst1|Q1 ; 1.000        ; 0.025      ; 31.509     ;
; -30.332 ; COUNT:inst7|CNT[27] ; COUNT:inst7|RES0[1] ; FD2:inst1|Q1 ; FD2:inst1|Q1 ; 1.000        ; 0.022      ; 31.386     ;
; -30.331 ; COUNT:inst7|CNT[27] ; COUNT:inst7|RES0[2] ; FD2:inst1|Q1 ; FD2:inst1|Q1 ; 1.000        ; 0.022      ; 31.385     ;
; -30.330 ; COUNT:inst7|CNT[27] ; COUNT:inst7|RES0[3] ; FD2:inst1|Q1 ; FD2:inst1|Q1 ; 1.000        ; 0.022      ; 31.384     ;
; -30.294 ; COUNT:inst7|CNT[28] ; COUNT:inst7|RES0[1] ; FD2:inst1|Q1 ; FD2:inst1|Q1 ; 1.000        ; 0.022      ; 31.348     ;
; -30.293 ; COUNT:inst7|CNT[28] ; COUNT:inst7|RES0[2] ; FD2:inst1|Q1 ; FD2:inst1|Q1 ; 1.000        ; 0.022      ; 31.347     ;
; -30.292 ; COUNT:inst7|CNT[28] ; COUNT:inst7|RES0[3] ; FD2:inst1|Q1 ; FD2:inst1|Q1 ; 1.000        ; 0.022      ; 31.346     ;
; -30.256 ; COUNT:inst7|CNT[29] ; COUNT:inst7|RES0[1] ; FD2:inst1|Q1 ; FD2:inst1|Q1 ; 1.000        ; 0.022      ; 31.310     ;
; -30.255 ; COUNT:inst7|CNT[29] ; COUNT:inst7|RES0[2] ; FD2:inst1|Q1 ; FD2:inst1|Q1 ; 1.000        ; 0.022      ; 31.309     ;
; -30.254 ; COUNT:inst7|CNT[29] ; COUNT:inst7|RES0[3] ; FD2:inst1|Q1 ; FD2:inst1|Q1 ; 1.000        ; 0.022      ; 31.308     ;
; -29.539 ; COUNT:inst7|CNT[19] ; COUNT:inst7|RES0[1] ; FD2:inst1|Q1 ; FD2:inst1|Q1 ; 1.000        ; -0.005     ; 30.566     ;
; -29.538 ; COUNT:inst7|CNT[19] ; COUNT:inst7|RES0[2] ; FD2:inst1|Q1 ; FD2:inst1|Q1 ; 1.000        ; -0.005     ; 30.565     ;
; -29.537 ; COUNT:inst7|CNT[19] ; COUNT:inst7|RES0[3] ; FD2:inst1|Q1 ; FD2:inst1|Q1 ; 1.000        ; -0.005     ; 30.564     ;
; -28.213 ; COUNT:inst7|CNT[18] ; COUNT:inst7|RES0[1] ; FD2:inst1|Q1 ; FD2:inst1|Q1 ; 1.000        ; -0.022     ; 29.223     ;
; -28.212 ; COUNT:inst7|CNT[18] ; COUNT:inst7|RES0[2] ; FD2:inst1|Q1 ; FD2:inst1|Q1 ; 1.000        ; -0.022     ; 29.222     ;
; -28.211 ; COUNT:inst7|CNT[18] ; COUNT:inst7|RES0[3] ; FD2:inst1|Q1 ; FD2:inst1|Q1 ; 1.000        ; -0.022     ; 29.221     ;
; -26.387 ; COUNT:inst7|CNT[17] ; COUNT:inst7|RES0[1] ; FD2:inst1|Q1 ; FD2:inst1|Q1 ; 1.000        ; -0.005     ; 27.414     ;
; -26.386 ; COUNT:inst7|CNT[17] ; COUNT:inst7|RES0[2] ; FD2:inst1|Q1 ; FD2:inst1|Q1 ; 1.000        ; -0.005     ; 27.413     ;
; -26.385 ; COUNT:inst7|CNT[17] ; COUNT:inst7|RES0[3] ; FD2:inst1|Q1 ; FD2:inst1|Q1 ; 1.000        ; -0.005     ; 27.412     ;
; -26.056 ; COUNT:inst7|CNT[20] ; COUNT:inst7|RES1[0] ; FD2:inst1|Q1 ; FD2:inst1|Q1 ; 1.000        ; 0.043      ; 27.131     ;
; -25.949 ; COUNT:inst7|CNT[22] ; COUNT:inst7|RES1[0] ; FD2:inst1|Q1 ; FD2:inst1|Q1 ; 1.000        ; 0.043      ; 27.024     ;
; -25.913 ; COUNT:inst7|CNT[20] ; COUNT:inst7|RES1[3] ; FD2:inst1|Q1 ; FD2:inst1|Q1 ; 1.000        ; 0.032      ; 26.977     ;
; -25.894 ; COUNT:inst7|CNT[19] ; COUNT:inst7|RES1[0] ; FD2:inst1|Q1 ; FD2:inst1|Q1 ; 1.000        ; 0.030      ; 26.956     ;
; -25.893 ; COUNT:inst7|CNT[20] ; COUNT:inst7|RES1[1] ; FD2:inst1|Q1 ; FD2:inst1|Q1 ; 1.000        ; 0.032      ; 26.957     ;
; -25.893 ; COUNT:inst7|CNT[20] ; COUNT:inst7|RES1[2] ; FD2:inst1|Q1 ; FD2:inst1|Q1 ; 1.000        ; 0.032      ; 26.957     ;
; -25.857 ; COUNT:inst7|CNT[16] ; COUNT:inst7|RES0[1] ; FD2:inst1|Q1 ; FD2:inst1|Q1 ; 1.000        ; -0.001     ; 26.888     ;
; -25.856 ; COUNT:inst7|CNT[16] ; COUNT:inst7|RES0[2] ; FD2:inst1|Q1 ; FD2:inst1|Q1 ; 1.000        ; -0.001     ; 26.887     ;
; -25.855 ; COUNT:inst7|CNT[16] ; COUNT:inst7|RES0[3] ; FD2:inst1|Q1 ; FD2:inst1|Q1 ; 1.000        ; -0.001     ; 26.886     ;
; -25.846 ; COUNT:inst7|CNT[18] ; COUNT:inst7|RES1[0] ; FD2:inst1|Q1 ; FD2:inst1|Q1 ; 1.000        ; 0.013      ; 26.891     ;
; -25.835 ; COUNT:inst7|CNT[21] ; COUNT:inst7|RES1[0] ; FD2:inst1|Q1 ; FD2:inst1|Q1 ; 1.000        ; 0.030      ; 26.897     ;
; -25.806 ; COUNT:inst7|CNT[22] ; COUNT:inst7|RES1[3] ; FD2:inst1|Q1 ; FD2:inst1|Q1 ; 1.000        ; 0.032      ; 26.870     ;
; -25.786 ; COUNT:inst7|CNT[22] ; COUNT:inst7|RES1[1] ; FD2:inst1|Q1 ; FD2:inst1|Q1 ; 1.000        ; 0.032      ; 26.850     ;
; -25.786 ; COUNT:inst7|CNT[22] ; COUNT:inst7|RES1[2] ; FD2:inst1|Q1 ; FD2:inst1|Q1 ; 1.000        ; 0.032      ; 26.850     ;
; -25.751 ; COUNT:inst7|CNT[19] ; COUNT:inst7|RES1[3] ; FD2:inst1|Q1 ; FD2:inst1|Q1 ; 1.000        ; 0.019      ; 26.802     ;
; -25.749 ; COUNT:inst7|CNT[23] ; COUNT:inst7|RES1[0] ; FD2:inst1|Q1 ; FD2:inst1|Q1 ; 1.000        ; 0.060      ; 26.841     ;
; -25.746 ; COUNT:inst7|CNT[25] ; COUNT:inst7|RES1[0] ; FD2:inst1|Q1 ; FD2:inst1|Q1 ; 1.000        ; 0.060      ; 26.838     ;
; -25.731 ; COUNT:inst7|CNT[19] ; COUNT:inst7|RES1[1] ; FD2:inst1|Q1 ; FD2:inst1|Q1 ; 1.000        ; 0.019      ; 26.782     ;
; -25.731 ; COUNT:inst7|CNT[19] ; COUNT:inst7|RES1[2] ; FD2:inst1|Q1 ; FD2:inst1|Q1 ; 1.000        ; 0.019      ; 26.782     ;
; -25.703 ; COUNT:inst7|CNT[18] ; COUNT:inst7|RES1[3] ; FD2:inst1|Q1 ; FD2:inst1|Q1 ; 1.000        ; 0.002      ; 26.737     ;
; -25.692 ; COUNT:inst7|CNT[21] ; COUNT:inst7|RES1[3] ; FD2:inst1|Q1 ; FD2:inst1|Q1 ; 1.000        ; 0.019      ; 26.743     ;
; -25.683 ; COUNT:inst7|CNT[18] ; COUNT:inst7|RES1[1] ; FD2:inst1|Q1 ; FD2:inst1|Q1 ; 1.000        ; 0.002      ; 26.717     ;
; -25.683 ; COUNT:inst7|CNT[18] ; COUNT:inst7|RES1[2] ; FD2:inst1|Q1 ; FD2:inst1|Q1 ; 1.000        ; 0.002      ; 26.717     ;
; -25.679 ; COUNT:inst7|CNT[27] ; COUNT:inst7|RES1[0] ; FD2:inst1|Q1 ; FD2:inst1|Q1 ; 1.000        ; 0.057      ; 26.768     ;
; -25.672 ; COUNT:inst7|CNT[21] ; COUNT:inst7|RES1[1] ; FD2:inst1|Q1 ; FD2:inst1|Q1 ; 1.000        ; 0.019      ; 26.723     ;
; -25.672 ; COUNT:inst7|CNT[21] ; COUNT:inst7|RES1[2] ; FD2:inst1|Q1 ; FD2:inst1|Q1 ; 1.000        ; 0.019      ; 26.723     ;
; -25.623 ; COUNT:inst7|CNT[24] ; COUNT:inst7|RES1[0] ; FD2:inst1|Q1 ; FD2:inst1|Q1 ; 1.000        ; 0.060      ; 26.715     ;
; -25.622 ; COUNT:inst7|CNT[26] ; COUNT:inst7|RES1[0] ; FD2:inst1|Q1 ; FD2:inst1|Q1 ; 1.000        ; 0.060      ; 26.714     ;
; -25.606 ; COUNT:inst7|CNT[23] ; COUNT:inst7|RES1[3] ; FD2:inst1|Q1 ; FD2:inst1|Q1 ; 1.000        ; 0.049      ; 26.687     ;
; -25.603 ; COUNT:inst7|CNT[25] ; COUNT:inst7|RES1[3] ; FD2:inst1|Q1 ; FD2:inst1|Q1 ; 1.000        ; 0.049      ; 26.684     ;
; -25.586 ; COUNT:inst7|CNT[23] ; COUNT:inst7|RES1[1] ; FD2:inst1|Q1 ; FD2:inst1|Q1 ; 1.000        ; 0.049      ; 26.667     ;
; -25.586 ; COUNT:inst7|CNT[23] ; COUNT:inst7|RES1[2] ; FD2:inst1|Q1 ; FD2:inst1|Q1 ; 1.000        ; 0.049      ; 26.667     ;
; -25.583 ; COUNT:inst7|CNT[25] ; COUNT:inst7|RES1[1] ; FD2:inst1|Q1 ; FD2:inst1|Q1 ; 1.000        ; 0.049      ; 26.664     ;
; -25.583 ; COUNT:inst7|CNT[25] ; COUNT:inst7|RES1[2] ; FD2:inst1|Q1 ; FD2:inst1|Q1 ; 1.000        ; 0.049      ; 26.664     ;
; -25.536 ; COUNT:inst7|CNT[27] ; COUNT:inst7|RES1[3] ; FD2:inst1|Q1 ; FD2:inst1|Q1 ; 1.000        ; 0.046      ; 26.614     ;
; -25.516 ; COUNT:inst7|CNT[27] ; COUNT:inst7|RES1[1] ; FD2:inst1|Q1 ; FD2:inst1|Q1 ; 1.000        ; 0.046      ; 26.594     ;
; -25.516 ; COUNT:inst7|CNT[27] ; COUNT:inst7|RES1[2] ; FD2:inst1|Q1 ; FD2:inst1|Q1 ; 1.000        ; 0.046      ; 26.594     ;
; -25.502 ; COUNT:inst7|CNT[29] ; COUNT:inst7|RES1[0] ; FD2:inst1|Q1 ; FD2:inst1|Q1 ; 1.000        ; 0.057      ; 26.591     ;
; -25.480 ; COUNT:inst7|CNT[24] ; COUNT:inst7|RES1[3] ; FD2:inst1|Q1 ; FD2:inst1|Q1 ; 1.000        ; 0.049      ; 26.561     ;
; -25.479 ; COUNT:inst7|CNT[26] ; COUNT:inst7|RES1[3] ; FD2:inst1|Q1 ; FD2:inst1|Q1 ; 1.000        ; 0.049      ; 26.560     ;
; -25.460 ; COUNT:inst7|CNT[24] ; COUNT:inst7|RES1[1] ; FD2:inst1|Q1 ; FD2:inst1|Q1 ; 1.000        ; 0.049      ; 26.541     ;
; -25.460 ; COUNT:inst7|CNT[24] ; COUNT:inst7|RES1[2] ; FD2:inst1|Q1 ; FD2:inst1|Q1 ; 1.000        ; 0.049      ; 26.541     ;
; -25.459 ; COUNT:inst7|CNT[26] ; COUNT:inst7|RES1[1] ; FD2:inst1|Q1 ; FD2:inst1|Q1 ; 1.000        ; 0.049      ; 26.540     ;
; -25.459 ; COUNT:inst7|CNT[26] ; COUNT:inst7|RES1[2] ; FD2:inst1|Q1 ; FD2:inst1|Q1 ; 1.000        ; 0.049      ; 26.540     ;
; -25.419 ; COUNT:inst7|CNT[28] ; COUNT:inst7|RES1[0] ; FD2:inst1|Q1 ; FD2:inst1|Q1 ; 1.000        ; 0.057      ; 26.508     ;
; -25.359 ; COUNT:inst7|CNT[29] ; COUNT:inst7|RES1[3] ; FD2:inst1|Q1 ; FD2:inst1|Q1 ; 1.000        ; 0.046      ; 26.437     ;
; -25.339 ; COUNT:inst7|CNT[29] ; COUNT:inst7|RES1[1] ; FD2:inst1|Q1 ; FD2:inst1|Q1 ; 1.000        ; 0.046      ; 26.417     ;
; -25.339 ; COUNT:inst7|CNT[29] ; COUNT:inst7|RES1[2] ; FD2:inst1|Q1 ; FD2:inst1|Q1 ; 1.000        ; 0.046      ; 26.417     ;
; -25.276 ; COUNT:inst7|CNT[28] ; COUNT:inst7|RES1[3] ; FD2:inst1|Q1 ; FD2:inst1|Q1 ; 1.000        ; 0.046      ; 26.354     ;
; -25.256 ; COUNT:inst7|CNT[28] ; COUNT:inst7|RES1[1] ; FD2:inst1|Q1 ; FD2:inst1|Q1 ; 1.000        ; 0.046      ; 26.334     ;
; -25.256 ; COUNT:inst7|CNT[28] ; COUNT:inst7|RES1[2] ; FD2:inst1|Q1 ; FD2:inst1|Q1 ; 1.000        ; 0.046      ; 26.334     ;
; -25.195 ; COUNT:inst7|CNT[21] ; COUNT:inst7|RES0[0] ; FD2:inst1|Q1 ; FD2:inst1|Q1 ; 1.000        ; -0.040     ; 26.187     ;
; -25.190 ; COUNT:inst7|CNT[20] ; COUNT:inst7|RES0[0] ; FD2:inst1|Q1 ; FD2:inst1|Q1 ; 1.000        ; -0.027     ; 26.195     ;
; -25.141 ; COUNT:inst7|CNT[22] ; COUNT:inst7|RES0[0] ; FD2:inst1|Q1 ; FD2:inst1|Q1 ; 1.000        ; -0.027     ; 26.146     ;
; -24.949 ; COUNT:inst7|CNT[23] ; COUNT:inst7|RES0[0] ; FD2:inst1|Q1 ; FD2:inst1|Q1 ; 1.000        ; -0.010     ; 25.971     ;
; -24.870 ; COUNT:inst7|CNT[24] ; COUNT:inst7|RES0[0] ; FD2:inst1|Q1 ; FD2:inst1|Q1 ; 1.000        ; -0.010     ; 25.892     ;
; -24.831 ; COUNT:inst7|CNT[25] ; COUNT:inst7|RES0[0] ; FD2:inst1|Q1 ; FD2:inst1|Q1 ; 1.000        ; -0.010     ; 25.853     ;
; -24.795 ; COUNT:inst7|CNT[26] ; COUNT:inst7|RES0[0] ; FD2:inst1|Q1 ; FD2:inst1|Q1 ; 1.000        ; -0.010     ; 25.817     ;
; -24.673 ; COUNT:inst7|CNT[27] ; COUNT:inst7|RES0[0] ; FD2:inst1|Q1 ; FD2:inst1|Q1 ; 1.000        ; -0.013     ; 25.692     ;
; -24.635 ; COUNT:inst7|CNT[17] ; COUNT:inst7|RES1[0] ; FD2:inst1|Q1 ; FD2:inst1|Q1 ; 1.000        ; 0.030      ; 25.697     ;
; -24.635 ; COUNT:inst7|CNT[28] ; COUNT:inst7|RES0[0] ; FD2:inst1|Q1 ; FD2:inst1|Q1 ; 1.000        ; -0.013     ; 25.654     ;
+---------+---------------------+---------------------+--------------+--------------+--------------+------------+------------+


+-------------------------------------------------------------------------------------------------------------------------------------------+
; Fast Model Setup: 'MAIN:inst8|CS.SCT1'                                                                                                    ;
+--------+-----------------------+-----------------------+--------------------+--------------------+--------------+------------+------------+
; Slack  ; From Node             ; To Node               ; Launch Clock       ; Latch Clock        ; Relationship ; Clock Skew ; Data Delay ;
+--------+-----------------------+-----------------------+--------------------+--------------------+--------------+------------+------------+
; -2.944 ; CLOCK_M:inst3|CNT1[1] ; CLOCK_M:inst3|cout    ; CT0                ; MAIN:inst8|CS.SCT1 ; 1.000        ; -3.194     ; 0.782      ;
; -2.942 ; CLOCK_M:inst3|CNT0[0] ; CLOCK_M:inst3|cout    ; CT0                ; MAIN:inst8|CS.SCT1 ; 1.000        ; -3.193     ; 0.781      ;
; -2.939 ; CLOCK_M:inst3|CNT1[0] ; CLOCK_M:inst3|cout    ; CT0                ; MAIN:inst8|CS.SCT1 ; 1.000        ; -3.194     ; 0.777      ;
; -2.925 ; CLOCK_M:inst3|CNT0[1] ; CLOCK_M:inst3|cout    ; CT0                ; MAIN:inst8|CS.SCT1 ; 1.000        ; -3.193     ; 0.764      ;
; -2.895 ; CLOCK_M:inst3|CNT1[2] ; CLOCK_M:inst3|cout    ; CT0                ; MAIN:inst8|CS.SCT1 ; 1.000        ; -3.194     ; 0.733      ;
; -2.886 ; CLOCK_M:inst3|CNT1[3] ; CLOCK_M:inst3|cout    ; CT0                ; MAIN:inst8|CS.SCT1 ; 1.000        ; -3.193     ; 0.725      ;
; -2.867 ; CLOCK_M:inst3|CNT0[2] ; CLOCK_M:inst3|cout    ; CT0                ; MAIN:inst8|CS.SCT1 ; 1.000        ; -3.193     ; 0.706      ;
; -2.811 ; CLOCK_M:inst3|CNT0[3] ; CLOCK_M:inst3|cout    ; CT0                ; MAIN:inst8|CS.SCT1 ; 1.000        ; -3.193     ; 0.650      ;
; -1.949 ; CLOCK_M:inst3|CNT0[0] ; CLOCK_M:inst3|CNT1[0] ; CT0                ; MAIN:inst8|CS.SCT1 ; 1.000        ; -1.744     ; 1.237      ;
; -1.949 ; CLOCK_M:inst3|CNT0[0] ; CLOCK_M:inst3|CNT1[1] ; CT0                ; MAIN:inst8|CS.SCT1 ; 1.000        ; -1.744     ; 1.237      ;
; -1.949 ; CLOCK_M:inst3|CNT0[0] ; CLOCK_M:inst3|CNT1[2] ; CT0                ; MAIN:inst8|CS.SCT1 ; 1.000        ; -1.744     ; 1.237      ;
; -1.932 ; CLOCK_M:inst3|CNT0[1] ; CLOCK_M:inst3|CNT1[0] ; CT0                ; MAIN:inst8|CS.SCT1 ; 1.000        ; -1.744     ; 1.220      ;
; -1.932 ; CLOCK_M:inst3|CNT0[1] ; CLOCK_M:inst3|CNT1[1] ; CT0                ; MAIN:inst8|CS.SCT1 ; 1.000        ; -1.744     ; 1.220      ;
; -1.932 ; CLOCK_M:inst3|CNT0[1] ; CLOCK_M:inst3|CNT1[2] ; CT0                ; MAIN:inst8|CS.SCT1 ; 1.000        ; -1.744     ; 1.220      ;
; -1.874 ; CLOCK_M:inst3|CNT0[2] ; CLOCK_M:inst3|CNT1[0] ; CT0                ; MAIN:inst8|CS.SCT1 ; 1.000        ; -1.744     ; 1.162      ;
; -1.874 ; CLOCK_M:inst3|CNT0[2] ; CLOCK_M:inst3|CNT1[1] ; CT0                ; MAIN:inst8|CS.SCT1 ; 1.000        ; -1.744     ; 1.162      ;
; -1.874 ; CLOCK_M:inst3|CNT0[2] ; CLOCK_M:inst3|CNT1[2] ; CT0                ; MAIN:inst8|CS.SCT1 ; 1.000        ; -1.744     ; 1.162      ;
; -1.818 ; CLOCK_M:inst3|CNT0[3] ; CLOCK_M:inst3|CNT1[0] ; CT0                ; MAIN:inst8|CS.SCT1 ; 1.000        ; -1.744     ; 1.106      ;
; -1.818 ; CLOCK_M:inst3|CNT0[3] ; CLOCK_M:inst3|CNT1[1] ; CT0                ; MAIN:inst8|CS.SCT1 ; 1.000        ; -1.744     ; 1.106      ;
; -1.818 ; CLOCK_M:inst3|CNT0[3] ; CLOCK_M:inst3|CNT1[2] ; CT0                ; MAIN:inst8|CS.SCT1 ; 1.000        ; -1.744     ; 1.106      ;
; -1.814 ; CLOCK_H:inst4|CNT0[0] ; CLOCK_H:inst4|CNT1[0] ; CT0                ; MAIN:inst8|CS.SCT1 ; 1.000        ; -1.747     ; 1.099      ;
; -1.812 ; CLOCK_H:inst4|CNT0[0] ; CLOCK_H:inst4|CNT1[2] ; CT0                ; MAIN:inst8|CS.SCT1 ; 1.000        ; -1.747     ; 1.097      ;
; -1.807 ; CLOCK_H:inst4|CNT0[0] ; CLOCK_H:inst4|CNT1[3] ; CT0                ; MAIN:inst8|CS.SCT1 ; 1.000        ; -1.747     ; 1.092      ;
; -1.752 ; CLOCK_H:inst4|CNT0[1] ; CLOCK_H:inst4|CNT1[0] ; CT0                ; MAIN:inst8|CS.SCT1 ; 1.000        ; -1.746     ; 1.038      ;
; -1.750 ; CLOCK_H:inst4|CNT0[1] ; CLOCK_H:inst4|CNT1[2] ; CT0                ; MAIN:inst8|CS.SCT1 ; 1.000        ; -1.746     ; 1.036      ;
; -1.745 ; CLOCK_H:inst4|CNT0[1] ; CLOCK_H:inst4|CNT1[3] ; CT0                ; MAIN:inst8|CS.SCT1 ; 1.000        ; -1.746     ; 1.031      ;
; -1.744 ; CLOCK_H:inst4|CNT0[0] ; CLOCK_H:inst4|CNT1[1] ; CT0                ; MAIN:inst8|CS.SCT1 ; 1.000        ; -1.747     ; 1.029      ;
; -1.730 ; CLOCK_H:inst4|CNT1[2] ; CLOCK_H:inst4|CNT1[0] ; CT0                ; MAIN:inst8|CS.SCT1 ; 1.000        ; -1.746     ; 1.016      ;
; -1.728 ; CLOCK_H:inst4|CNT1[2] ; CLOCK_H:inst4|CNT1[2] ; CT0                ; MAIN:inst8|CS.SCT1 ; 1.000        ; -1.746     ; 1.014      ;
; -1.723 ; CLOCK_H:inst4|CNT1[2] ; CLOCK_H:inst4|CNT1[3] ; CT0                ; MAIN:inst8|CS.SCT1 ; 1.000        ; -1.746     ; 1.009      ;
; -1.693 ; CLOCK_H:inst4|CNT0[3] ; CLOCK_H:inst4|CNT1[0] ; CT0                ; MAIN:inst8|CS.SCT1 ; 1.000        ; -1.746     ; 0.979      ;
; -1.691 ; CLOCK_H:inst4|CNT0[3] ; CLOCK_H:inst4|CNT1[2] ; CT0                ; MAIN:inst8|CS.SCT1 ; 1.000        ; -1.746     ; 0.977      ;
; -1.689 ; CLOCK_H:inst4|CNT0[2] ; CLOCK_H:inst4|CNT1[0] ; CT0                ; MAIN:inst8|CS.SCT1 ; 1.000        ; -1.746     ; 0.975      ;
; -1.687 ; CLOCK_H:inst4|CNT0[2] ; CLOCK_H:inst4|CNT1[2] ; CT0                ; MAIN:inst8|CS.SCT1 ; 1.000        ; -1.746     ; 0.973      ;
; -1.686 ; CLOCK_H:inst4|CNT1[0] ; CLOCK_H:inst4|CNT1[3] ; CT0                ; MAIN:inst8|CS.SCT1 ; 1.000        ; -1.746     ; 0.972      ;
; -1.686 ; CLOCK_H:inst4|CNT0[3] ; CLOCK_H:inst4|CNT1[3] ; CT0                ; MAIN:inst8|CS.SCT1 ; 1.000        ; -1.746     ; 0.972      ;
; -1.682 ; CLOCK_H:inst4|CNT0[2] ; CLOCK_H:inst4|CNT1[3] ; CT0                ; MAIN:inst8|CS.SCT1 ; 1.000        ; -1.746     ; 0.968      ;
; -1.682 ; CLOCK_H:inst4|CNT0[1] ; CLOCK_H:inst4|CNT1[1] ; CT0                ; MAIN:inst8|CS.SCT1 ; 1.000        ; -1.746     ; 0.968      ;
; -1.680 ; CLOCK_H:inst4|CNT1[0] ; CLOCK_H:inst4|CNT1[0] ; CT0                ; MAIN:inst8|CS.SCT1 ; 1.000        ; -1.746     ; 0.966      ;
; -1.678 ; CLOCK_H:inst4|CNT1[0] ; CLOCK_H:inst4|CNT1[2] ; CT0                ; MAIN:inst8|CS.SCT1 ; 1.000        ; -1.746     ; 0.964      ;
; -1.677 ; CLOCK_H:inst4|CNT1[1] ; CLOCK_H:inst4|CNT1[0] ; CT0                ; MAIN:inst8|CS.SCT1 ; 1.000        ; -1.746     ; 0.963      ;
; -1.675 ; CLOCK_H:inst4|CNT1[1] ; CLOCK_H:inst4|CNT1[2] ; CT0                ; MAIN:inst8|CS.SCT1 ; 1.000        ; -1.746     ; 0.961      ;
; -1.670 ; CLOCK_H:inst4|CNT1[1] ; CLOCK_H:inst4|CNT1[3] ; CT0                ; MAIN:inst8|CS.SCT1 ; 1.000        ; -1.746     ; 0.956      ;
; -1.667 ; CLOCK_H:inst4|CNT0[3] ; CLOCK_H:inst4|CNT1[1] ; CT0                ; MAIN:inst8|CS.SCT1 ; 1.000        ; -1.746     ; 0.953      ;
; -1.662 ; CLOCK_M:inst3|CNT0[0] ; CLOCK_M:inst3|CNT0[2] ; CT0                ; MAIN:inst8|CS.SCT1 ; 1.000        ; -1.745     ; 0.949      ;
; -1.660 ; CLOCK_H:inst4|CNT1[2] ; CLOCK_H:inst4|CNT1[1] ; CT0                ; MAIN:inst8|CS.SCT1 ; 1.000        ; -1.746     ; 0.946      ;
; -1.654 ; CLOCK_H:inst4|CNT1[0] ; CLOCK_H:inst4|CNT1[1] ; CT0                ; MAIN:inst8|CS.SCT1 ; 1.000        ; -1.746     ; 0.940      ;
; -1.636 ; CLOCK_H:inst4|CNT0[2] ; CLOCK_H:inst4|CNT1[1] ; CT0                ; MAIN:inst8|CS.SCT1 ; 1.000        ; -1.746     ; 0.922      ;
; -1.635 ; CLOCK_H:inst4|CNT0[2] ; CLOCK_H:inst4|CNT0[3] ; CT0                ; MAIN:inst8|CS.SCT1 ; 1.000        ; -1.746     ; 0.921      ;
; -1.635 ; CLOCK_H:inst4|CNT0[0] ; CLOCK_H:inst4|CNT0[3] ; CT0                ; MAIN:inst8|CS.SCT1 ; 1.000        ; -1.747     ; 0.920      ;
; -1.631 ; CLOCK_H:inst4|CNT0[2] ; CLOCK_H:inst4|CNT0[2] ; CT0                ; MAIN:inst8|CS.SCT1 ; 1.000        ; -1.746     ; 0.917      ;
; -1.631 ; CLOCK_H:inst4|CNT0[0] ; CLOCK_H:inst4|CNT0[2] ; CT0                ; MAIN:inst8|CS.SCT1 ; 1.000        ; -1.747     ; 0.916      ;
; -1.622 ; CLOCK_M:inst3|CNT0[2] ; CLOCK_M:inst3|CNT0[2] ; CT0                ; MAIN:inst8|CS.SCT1 ; 1.000        ; -1.745     ; 0.909      ;
; -1.607 ; CLOCK_H:inst4|CNT1[1] ; CLOCK_H:inst4|CNT1[1] ; CT0                ; MAIN:inst8|CS.SCT1 ; 1.000        ; -1.746     ; 0.893      ;
; -1.607 ; CLOCK_H:inst4|CNT1[3] ; CLOCK_H:inst4|CNT1[0] ; CT0                ; MAIN:inst8|CS.SCT1 ; 1.000        ; -1.746     ; 0.893      ;
; -1.605 ; CLOCK_H:inst4|CNT1[3] ; CLOCK_H:inst4|CNT1[2] ; CT0                ; MAIN:inst8|CS.SCT1 ; 1.000        ; -1.746     ; 0.891      ;
; -1.600 ; CLOCK_H:inst4|CNT1[3] ; CLOCK_H:inst4|CNT1[3] ; CT0                ; MAIN:inst8|CS.SCT1 ; 1.000        ; -1.746     ; 0.886      ;
; -1.581 ; CLOCK_H:inst4|CNT1[3] ; CLOCK_H:inst4|CNT1[1] ; CT0                ; MAIN:inst8|CS.SCT1 ; 1.000        ; -1.746     ; 0.867      ;
; -1.580 ; CLOCK_H:inst4|CNT0[1] ; CLOCK_H:inst4|CNT0[3] ; CT0                ; MAIN:inst8|CS.SCT1 ; 1.000        ; -1.746     ; 0.866      ;
; -1.576 ; CLOCK_H:inst4|CNT0[1] ; CLOCK_H:inst4|CNT0[2] ; CT0                ; MAIN:inst8|CS.SCT1 ; 1.000        ; -1.746     ; 0.862      ;
; -1.574 ; CLOCK_M:inst3|CNT0[1] ; CLOCK_M:inst3|CNT0[2] ; CT0                ; MAIN:inst8|CS.SCT1 ; 1.000        ; -1.745     ; 0.861      ;
; -1.546 ; CLOCK_H:inst4|CNT1[2] ; CLOCK_H:inst4|CNT0[3] ; CT0                ; MAIN:inst8|CS.SCT1 ; 1.000        ; -1.746     ; 0.832      ;
; -1.545 ; CLOCK_M:inst3|CNT0[0] ; CLOCK_M:inst3|CNT0[0] ; CT0                ; MAIN:inst8|CS.SCT1 ; 1.000        ; -1.745     ; 0.832      ;
; -1.539 ; CLOCK_H:inst4|CNT1[2] ; CLOCK_H:inst4|CNT0[2] ; CT0                ; MAIN:inst8|CS.SCT1 ; 1.000        ; -1.746     ; 0.825      ;
; -1.533 ; CLOCK_M:inst3|CNT0[0] ; CLOCK_M:inst3|CNT1[3] ; CT0                ; MAIN:inst8|CS.SCT1 ; 1.000        ; -1.745     ; 0.820      ;
; -1.522 ; CLOCK_H:inst4|CNT0[3] ; CLOCK_H:inst4|CNT0[3] ; CT0                ; MAIN:inst8|CS.SCT1 ; 1.000        ; -1.746     ; 0.808      ;
; -1.518 ; CLOCK_H:inst4|CNT0[3] ; CLOCK_H:inst4|CNT0[2] ; CT0                ; MAIN:inst8|CS.SCT1 ; 1.000        ; -1.746     ; 0.804      ;
; -1.516 ; CLOCK_M:inst3|CNT0[1] ; CLOCK_M:inst3|CNT1[3] ; CT0                ; MAIN:inst8|CS.SCT1 ; 1.000        ; -1.745     ; 0.803      ;
; -1.498 ; CLOCK_M:inst3|CNT1[1] ; CLOCK_M:inst3|CNT1[3] ; CT0                ; MAIN:inst8|CS.SCT1 ; 1.000        ; -1.746     ; 0.784      ;
; -1.493 ; CLOCK_H:inst4|CNT1[1] ; CLOCK_H:inst4|CNT0[3] ; CT0                ; MAIN:inst8|CS.SCT1 ; 1.000        ; -1.746     ; 0.779      ;
; -1.493 ; CLOCK_H:inst4|CNT1[0] ; CLOCK_H:inst4|CNT0[3] ; CT0                ; MAIN:inst8|CS.SCT1 ; 1.000        ; -1.746     ; 0.779      ;
; -1.492 ; CLOCK_H:inst4|CNT1[0] ; CLOCK_H:inst4|CNT0[2] ; CT0                ; MAIN:inst8|CS.SCT1 ; 1.000        ; -1.746     ; 0.778      ;
; -1.486 ; CLOCK_H:inst4|CNT1[1] ; CLOCK_H:inst4|CNT0[2] ; CT0                ; MAIN:inst8|CS.SCT1 ; 1.000        ; -1.746     ; 0.772      ;
; -1.458 ; CLOCK_M:inst3|CNT0[2] ; CLOCK_M:inst3|CNT1[3] ; CT0                ; MAIN:inst8|CS.SCT1 ; 1.000        ; -1.745     ; 0.745      ;
; -1.447 ; CLOCK_M:inst3|CNT1[2] ; CLOCK_M:inst3|CNT1[3] ; CT0                ; MAIN:inst8|CS.SCT1 ; 1.000        ; -1.746     ; 0.733      ;
; -1.420 ; CLOCK_H:inst4|CNT1[3] ; CLOCK_H:inst4|CNT0[3] ; CT0                ; MAIN:inst8|CS.SCT1 ; 1.000        ; -1.746     ; 0.706      ;
; -1.419 ; CLOCK_H:inst4|CNT1[3] ; CLOCK_H:inst4|CNT0[2] ; CT0                ; MAIN:inst8|CS.SCT1 ; 1.000        ; -1.746     ; 0.705      ;
; -1.410 ; CLOCK_M:inst3|CNT1[3] ; CLOCK_M:inst3|CNT1[1] ; CT0                ; MAIN:inst8|CS.SCT1 ; 1.000        ; -1.744     ; 0.698      ;
; -1.402 ; CLOCK_M:inst3|CNT0[3] ; CLOCK_M:inst3|CNT1[3] ; CT0                ; MAIN:inst8|CS.SCT1 ; 1.000        ; -1.745     ; 0.689      ;
; -1.370 ; CLOCK_M:inst3|CNT1[0] ; CLOCK_M:inst3|CNT1[3] ; CT0                ; MAIN:inst8|CS.SCT1 ; 1.000        ; -1.746     ; 0.656      ;
; -1.342 ; CLOCK_M:inst3|CNT0[1] ; MAIN:inst8|MM0[1]     ; CT0                ; MAIN:inst8|CS.SCT1 ; 1.000        ; -1.049     ; 0.729      ;
; -1.324 ; CLOCK_M:inst3|CNT1[2] ; CLOCK_M:inst3|CNT1[1] ; CT0                ; MAIN:inst8|CS.SCT1 ; 1.000        ; -1.745     ; 0.611      ;
; -1.318 ; CLOCK_H:inst4|CNT0[0] ; CLOCK_H:inst4|CNT0[1] ; CT0                ; MAIN:inst8|CS.SCT1 ; 1.000        ; -1.747     ; 0.603      ;
; -1.315 ; CLOCK_H:inst4|CNT0[2] ; CLOCK_H:inst4|CNT0[1] ; CT0                ; MAIN:inst8|CS.SCT1 ; 1.000        ; -1.746     ; 0.601      ;
; -1.313 ; CLOCK_M:inst3|CNT0[0] ; CLOCK_M:inst3|CNT0[3] ; CT0                ; MAIN:inst8|CS.SCT1 ; 1.000        ; -1.745     ; 0.600      ;
; -1.312 ; CLOCK_M:inst3|CNT0[0] ; CLOCK_M:inst3|CNT0[1] ; CT0                ; MAIN:inst8|CS.SCT1 ; 1.000        ; -1.745     ; 0.599      ;
; -1.295 ; CLOCK_M:inst3|CNT1[3] ; CLOCK_M:inst3|CNT1[2] ; CT0                ; MAIN:inst8|CS.SCT1 ; 1.000        ; -1.744     ; 0.583      ;
; -1.261 ; CLOCK_M:inst3|CNT1[1] ; CLOCK_M:inst3|cout    ; MAIN:inst8|CS.SCT0 ; MAIN:inst8|CS.SCT1 ; 1.000        ; -1.511     ; 0.782      ;
; -1.259 ; CLOCK_H:inst4|CNT0[3] ; CLOCK_H:inst4|CNT0[1] ; CT0                ; MAIN:inst8|CS.SCT1 ; 1.000        ; -1.746     ; 0.545      ;
; -1.259 ; CLOCK_M:inst3|CNT0[0] ; CLOCK_M:inst3|cout    ; MAIN:inst8|CS.SCT0 ; MAIN:inst8|CS.SCT1 ; 1.000        ; -1.510     ; 0.781      ;
; -1.256 ; CLOCK_M:inst3|CNT1[0] ; CLOCK_M:inst3|cout    ; MAIN:inst8|CS.SCT0 ; MAIN:inst8|CS.SCT1 ; 1.000        ; -1.511     ; 0.777      ;
; -1.253 ; CLOCK_M:inst3|CNT0[2] ; CLOCK_M:inst3|CNT0[1] ; CT0                ; MAIN:inst8|CS.SCT1 ; 1.000        ; -1.745     ; 0.540      ;
; -1.248 ; CLOCK_M:inst3|CNT0[2] ; CLOCK_M:inst3|CNT0[3] ; CT0                ; MAIN:inst8|CS.SCT1 ; 1.000        ; -1.745     ; 0.535      ;
; -1.246 ; CLOCK_M:inst3|CNT1[1] ; CLOCK_M:inst3|CNT1[2] ; CT0                ; MAIN:inst8|CS.SCT1 ; 1.000        ; -1.745     ; 0.533      ;
; -1.242 ; CLOCK_M:inst3|CNT0[1] ; CLOCK_M:inst3|cout    ; MAIN:inst8|CS.SCT0 ; MAIN:inst8|CS.SCT1 ; 1.000        ; -1.510     ; 0.764      ;
; -1.241 ; CLOCK_M:inst3|CNT0[0] ; MAIN:inst8|MM0[0]     ; CT0                ; MAIN:inst8|CS.SCT1 ; 1.000        ; -1.045     ; 0.645      ;
; -1.241 ; CLOCK_M:inst3|CNT1[0] ; CLOCK_M:inst3|CNT1[2] ; CT0                ; MAIN:inst8|CS.SCT1 ; 1.000        ; -1.745     ; 0.528      ;
; -1.212 ; CLOCK_M:inst3|CNT1[2] ; CLOCK_M:inst3|cout    ; MAIN:inst8|CS.SCT0 ; MAIN:inst8|CS.SCT1 ; 1.000        ; -1.511     ; 0.733      ;
; -1.203 ; CLOCK_M:inst3|CNT1[3] ; CLOCK_M:inst3|cout    ; MAIN:inst8|CS.SCT0 ; MAIN:inst8|CS.SCT1 ; 1.000        ; -1.510     ; 0.725      ;
; -1.199 ; CLOCK_M:inst3|CNT1[1] ; CLOCK_M:inst3|cout    ; MAIN:inst8|CS.SCT1 ; MAIN:inst8|CS.SCT1 ; 1.000        ; -1.449     ; 0.782      ;
+--------+-----------------------+-----------------------+--------------------+--------------------+--------------+------------+------------+


+-------------------------------------------------------------------------------------------------------------------------------------------+
; Fast Model Setup: 'MAIN:inst8|CS.SCT0'                                                                                                    ;
+--------+-----------------------+-----------------------+--------------------+--------------------+--------------+------------+------------+
; Slack  ; From Node             ; To Node               ; Launch Clock       ; Latch Clock        ; Relationship ; Clock Skew ; Data Delay ;
+--------+-----------------------+-----------------------+--------------------+--------------------+--------------+------------+------------+
; -2.882 ; CLOCK_M:inst3|CNT1[1] ; CLOCK_M:inst3|cout    ; CT0                ; MAIN:inst8|CS.SCT0 ; 1.000        ; -3.132     ; 0.782      ;
; -2.880 ; CLOCK_M:inst3|CNT0[0] ; CLOCK_M:inst3|cout    ; CT0                ; MAIN:inst8|CS.SCT0 ; 1.000        ; -3.131     ; 0.781      ;
; -2.877 ; CLOCK_M:inst3|CNT1[0] ; CLOCK_M:inst3|cout    ; CT0                ; MAIN:inst8|CS.SCT0 ; 1.000        ; -3.132     ; 0.777      ;
; -2.863 ; CLOCK_M:inst3|CNT0[1] ; CLOCK_M:inst3|cout    ; CT0                ; MAIN:inst8|CS.SCT0 ; 1.000        ; -3.131     ; 0.764      ;
; -2.833 ; CLOCK_M:inst3|CNT1[2] ; CLOCK_M:inst3|cout    ; CT0                ; MAIN:inst8|CS.SCT0 ; 1.000        ; -3.132     ; 0.733      ;
; -2.824 ; CLOCK_M:inst3|CNT1[3] ; CLOCK_M:inst3|cout    ; CT0                ; MAIN:inst8|CS.SCT0 ; 1.000        ; -3.131     ; 0.725      ;
; -2.805 ; CLOCK_M:inst3|CNT0[2] ; CLOCK_M:inst3|cout    ; CT0                ; MAIN:inst8|CS.SCT0 ; 1.000        ; -3.131     ; 0.706      ;
; -2.749 ; CLOCK_M:inst3|CNT0[3] ; CLOCK_M:inst3|cout    ; CT0                ; MAIN:inst8|CS.SCT0 ; 1.000        ; -3.131     ; 0.650      ;
; -1.887 ; CLOCK_M:inst3|CNT0[0] ; CLOCK_M:inst3|CNT1[0] ; CT0                ; MAIN:inst8|CS.SCT0 ; 1.000        ; -1.682     ; 1.237      ;
; -1.887 ; CLOCK_M:inst3|CNT0[0] ; CLOCK_M:inst3|CNT1[1] ; CT0                ; MAIN:inst8|CS.SCT0 ; 1.000        ; -1.682     ; 1.237      ;
; -1.887 ; CLOCK_M:inst3|CNT0[0] ; CLOCK_M:inst3|CNT1[2] ; CT0                ; MAIN:inst8|CS.SCT0 ; 1.000        ; -1.682     ; 1.237      ;
; -1.870 ; CLOCK_M:inst3|CNT0[1] ; CLOCK_M:inst3|CNT1[0] ; CT0                ; MAIN:inst8|CS.SCT0 ; 1.000        ; -1.682     ; 1.220      ;
; -1.870 ; CLOCK_M:inst3|CNT0[1] ; CLOCK_M:inst3|CNT1[1] ; CT0                ; MAIN:inst8|CS.SCT0 ; 1.000        ; -1.682     ; 1.220      ;
; -1.870 ; CLOCK_M:inst3|CNT0[1] ; CLOCK_M:inst3|CNT1[2] ; CT0                ; MAIN:inst8|CS.SCT0 ; 1.000        ; -1.682     ; 1.220      ;
; -1.812 ; CLOCK_M:inst3|CNT0[2] ; CLOCK_M:inst3|CNT1[0] ; CT0                ; MAIN:inst8|CS.SCT0 ; 1.000        ; -1.682     ; 1.162      ;
; -1.812 ; CLOCK_M:inst3|CNT0[2] ; CLOCK_M:inst3|CNT1[1] ; CT0                ; MAIN:inst8|CS.SCT0 ; 1.000        ; -1.682     ; 1.162      ;
; -1.812 ; CLOCK_M:inst3|CNT0[2] ; CLOCK_M:inst3|CNT1[2] ; CT0                ; MAIN:inst8|CS.SCT0 ; 1.000        ; -1.682     ; 1.162      ;
; -1.756 ; CLOCK_M:inst3|CNT0[3] ; CLOCK_M:inst3|CNT1[0] ; CT0                ; MAIN:inst8|CS.SCT0 ; 1.000        ; -1.682     ; 1.106      ;
; -1.756 ; CLOCK_M:inst3|CNT0[3] ; CLOCK_M:inst3|CNT1[1] ; CT0                ; MAIN:inst8|CS.SCT0 ; 1.000        ; -1.682     ; 1.106      ;
; -1.756 ; CLOCK_M:inst3|CNT0[3] ; CLOCK_M:inst3|CNT1[2] ; CT0                ; MAIN:inst8|CS.SCT0 ; 1.000        ; -1.682     ; 1.106      ;
; -1.750 ; CLOCK_H:inst4|CNT0[0] ; CLOCK_H:inst4|CNT1[0] ; CT0                ; MAIN:inst8|CS.SCT0 ; 1.000        ; -1.683     ; 1.099      ;
; -1.748 ; CLOCK_H:inst4|CNT0[0] ; CLOCK_H:inst4|CNT1[2] ; CT0                ; MAIN:inst8|CS.SCT0 ; 1.000        ; -1.683     ; 1.097      ;
; -1.743 ; CLOCK_H:inst4|CNT0[0] ; CLOCK_H:inst4|CNT1[3] ; CT0                ; MAIN:inst8|CS.SCT0 ; 1.000        ; -1.683     ; 1.092      ;
; -1.688 ; CLOCK_H:inst4|CNT0[1] ; CLOCK_H:inst4|CNT1[0] ; CT0                ; MAIN:inst8|CS.SCT0 ; 1.000        ; -1.682     ; 1.038      ;
; -1.686 ; CLOCK_H:inst4|CNT0[1] ; CLOCK_H:inst4|CNT1[2] ; CT0                ; MAIN:inst8|CS.SCT0 ; 1.000        ; -1.682     ; 1.036      ;
; -1.681 ; CLOCK_H:inst4|CNT0[1] ; CLOCK_H:inst4|CNT1[3] ; CT0                ; MAIN:inst8|CS.SCT0 ; 1.000        ; -1.682     ; 1.031      ;
; -1.680 ; CLOCK_H:inst4|CNT0[0] ; CLOCK_H:inst4|CNT1[1] ; CT0                ; MAIN:inst8|CS.SCT0 ; 1.000        ; -1.683     ; 1.029      ;
; -1.666 ; CLOCK_H:inst4|CNT1[2] ; CLOCK_H:inst4|CNT1[0] ; CT0                ; MAIN:inst8|CS.SCT0 ; 1.000        ; -1.682     ; 1.016      ;
; -1.664 ; CLOCK_H:inst4|CNT1[2] ; CLOCK_H:inst4|CNT1[2] ; CT0                ; MAIN:inst8|CS.SCT0 ; 1.000        ; -1.682     ; 1.014      ;
; -1.659 ; CLOCK_H:inst4|CNT1[2] ; CLOCK_H:inst4|CNT1[3] ; CT0                ; MAIN:inst8|CS.SCT0 ; 1.000        ; -1.682     ; 1.009      ;
; -1.629 ; CLOCK_H:inst4|CNT0[3] ; CLOCK_H:inst4|CNT1[0] ; CT0                ; MAIN:inst8|CS.SCT0 ; 1.000        ; -1.682     ; 0.979      ;
; -1.627 ; CLOCK_H:inst4|CNT0[3] ; CLOCK_H:inst4|CNT1[2] ; CT0                ; MAIN:inst8|CS.SCT0 ; 1.000        ; -1.682     ; 0.977      ;
; -1.625 ; CLOCK_H:inst4|CNT0[2] ; CLOCK_H:inst4|CNT1[0] ; CT0                ; MAIN:inst8|CS.SCT0 ; 1.000        ; -1.682     ; 0.975      ;
; -1.623 ; CLOCK_H:inst4|CNT0[2] ; CLOCK_H:inst4|CNT1[2] ; CT0                ; MAIN:inst8|CS.SCT0 ; 1.000        ; -1.682     ; 0.973      ;
; -1.622 ; CLOCK_H:inst4|CNT1[0] ; CLOCK_H:inst4|CNT1[3] ; CT0                ; MAIN:inst8|CS.SCT0 ; 1.000        ; -1.682     ; 0.972      ;
; -1.622 ; CLOCK_H:inst4|CNT0[3] ; CLOCK_H:inst4|CNT1[3] ; CT0                ; MAIN:inst8|CS.SCT0 ; 1.000        ; -1.682     ; 0.972      ;
; -1.618 ; CLOCK_H:inst4|CNT0[2] ; CLOCK_H:inst4|CNT1[3] ; CT0                ; MAIN:inst8|CS.SCT0 ; 1.000        ; -1.682     ; 0.968      ;
; -1.618 ; CLOCK_H:inst4|CNT0[1] ; CLOCK_H:inst4|CNT1[1] ; CT0                ; MAIN:inst8|CS.SCT0 ; 1.000        ; -1.682     ; 0.968      ;
; -1.616 ; CLOCK_H:inst4|CNT1[0] ; CLOCK_H:inst4|CNT1[0] ; CT0                ; MAIN:inst8|CS.SCT0 ; 1.000        ; -1.682     ; 0.966      ;
; -1.614 ; CLOCK_H:inst4|CNT1[0] ; CLOCK_H:inst4|CNT1[2] ; CT0                ; MAIN:inst8|CS.SCT0 ; 1.000        ; -1.682     ; 0.964      ;
; -1.613 ; CLOCK_H:inst4|CNT1[1] ; CLOCK_H:inst4|CNT1[0] ; CT0                ; MAIN:inst8|CS.SCT0 ; 1.000        ; -1.682     ; 0.963      ;
; -1.611 ; CLOCK_H:inst4|CNT1[1] ; CLOCK_H:inst4|CNT1[2] ; CT0                ; MAIN:inst8|CS.SCT0 ; 1.000        ; -1.682     ; 0.961      ;
; -1.606 ; CLOCK_H:inst4|CNT1[1] ; CLOCK_H:inst4|CNT1[3] ; CT0                ; MAIN:inst8|CS.SCT0 ; 1.000        ; -1.682     ; 0.956      ;
; -1.603 ; CLOCK_H:inst4|CNT0[3] ; CLOCK_H:inst4|CNT1[1] ; CT0                ; MAIN:inst8|CS.SCT0 ; 1.000        ; -1.682     ; 0.953      ;
; -1.600 ; CLOCK_M:inst3|CNT0[0] ; CLOCK_M:inst3|CNT0[2] ; CT0                ; MAIN:inst8|CS.SCT0 ; 1.000        ; -1.683     ; 0.949      ;
; -1.596 ; CLOCK_H:inst4|CNT1[2] ; CLOCK_H:inst4|CNT1[1] ; CT0                ; MAIN:inst8|CS.SCT0 ; 1.000        ; -1.682     ; 0.946      ;
; -1.590 ; CLOCK_H:inst4|CNT1[0] ; CLOCK_H:inst4|CNT1[1] ; CT0                ; MAIN:inst8|CS.SCT0 ; 1.000        ; -1.682     ; 0.940      ;
; -1.572 ; CLOCK_H:inst4|CNT0[2] ; CLOCK_H:inst4|CNT1[1] ; CT0                ; MAIN:inst8|CS.SCT0 ; 1.000        ; -1.682     ; 0.922      ;
; -1.571 ; CLOCK_H:inst4|CNT0[2] ; CLOCK_H:inst4|CNT0[3] ; CT0                ; MAIN:inst8|CS.SCT0 ; 1.000        ; -1.682     ; 0.921      ;
; -1.571 ; CLOCK_H:inst4|CNT0[0] ; CLOCK_H:inst4|CNT0[3] ; CT0                ; MAIN:inst8|CS.SCT0 ; 1.000        ; -1.683     ; 0.920      ;
; -1.567 ; CLOCK_H:inst4|CNT0[2] ; CLOCK_H:inst4|CNT0[2] ; CT0                ; MAIN:inst8|CS.SCT0 ; 1.000        ; -1.682     ; 0.917      ;
; -1.567 ; CLOCK_H:inst4|CNT0[0] ; CLOCK_H:inst4|CNT0[2] ; CT0                ; MAIN:inst8|CS.SCT0 ; 1.000        ; -1.683     ; 0.916      ;
; -1.560 ; CLOCK_M:inst3|CNT0[2] ; CLOCK_M:inst3|CNT0[2] ; CT0                ; MAIN:inst8|CS.SCT0 ; 1.000        ; -1.683     ; 0.909      ;
; -1.543 ; CLOCK_H:inst4|CNT1[1] ; CLOCK_H:inst4|CNT1[1] ; CT0                ; MAIN:inst8|CS.SCT0 ; 1.000        ; -1.682     ; 0.893      ;
; -1.543 ; CLOCK_H:inst4|CNT1[3] ; CLOCK_H:inst4|CNT1[0] ; CT0                ; MAIN:inst8|CS.SCT0 ; 1.000        ; -1.682     ; 0.893      ;
; -1.541 ; CLOCK_H:inst4|CNT1[3] ; CLOCK_H:inst4|CNT1[2] ; CT0                ; MAIN:inst8|CS.SCT0 ; 1.000        ; -1.682     ; 0.891      ;
; -1.536 ; CLOCK_H:inst4|CNT1[3] ; CLOCK_H:inst4|CNT1[3] ; CT0                ; MAIN:inst8|CS.SCT0 ; 1.000        ; -1.682     ; 0.886      ;
; -1.517 ; CLOCK_H:inst4|CNT1[3] ; CLOCK_H:inst4|CNT1[1] ; CT0                ; MAIN:inst8|CS.SCT0 ; 1.000        ; -1.682     ; 0.867      ;
; -1.516 ; CLOCK_H:inst4|CNT0[1] ; CLOCK_H:inst4|CNT0[3] ; CT0                ; MAIN:inst8|CS.SCT0 ; 1.000        ; -1.682     ; 0.866      ;
; -1.512 ; CLOCK_M:inst3|CNT0[1] ; CLOCK_M:inst3|CNT0[2] ; CT0                ; MAIN:inst8|CS.SCT0 ; 1.000        ; -1.683     ; 0.861      ;
; -1.512 ; CLOCK_H:inst4|CNT0[1] ; CLOCK_H:inst4|CNT0[2] ; CT0                ; MAIN:inst8|CS.SCT0 ; 1.000        ; -1.682     ; 0.862      ;
; -1.483 ; CLOCK_M:inst3|CNT0[0] ; CLOCK_M:inst3|CNT0[0] ; CT0                ; MAIN:inst8|CS.SCT0 ; 1.000        ; -1.683     ; 0.832      ;
; -1.482 ; CLOCK_H:inst4|CNT1[2] ; CLOCK_H:inst4|CNT0[3] ; CT0                ; MAIN:inst8|CS.SCT0 ; 1.000        ; -1.682     ; 0.832      ;
; -1.475 ; CLOCK_H:inst4|CNT1[2] ; CLOCK_H:inst4|CNT0[2] ; CT0                ; MAIN:inst8|CS.SCT0 ; 1.000        ; -1.682     ; 0.825      ;
; -1.471 ; CLOCK_M:inst3|CNT0[0] ; CLOCK_M:inst3|CNT1[3] ; CT0                ; MAIN:inst8|CS.SCT0 ; 1.000        ; -1.683     ; 0.820      ;
; -1.458 ; CLOCK_H:inst4|CNT0[3] ; CLOCK_H:inst4|CNT0[3] ; CT0                ; MAIN:inst8|CS.SCT0 ; 1.000        ; -1.682     ; 0.808      ;
; -1.454 ; CLOCK_H:inst4|CNT0[3] ; CLOCK_H:inst4|CNT0[2] ; CT0                ; MAIN:inst8|CS.SCT0 ; 1.000        ; -1.682     ; 0.804      ;
; -1.454 ; CLOCK_M:inst3|CNT0[1] ; CLOCK_M:inst3|CNT1[3] ; CT0                ; MAIN:inst8|CS.SCT0 ; 1.000        ; -1.683     ; 0.803      ;
; -1.436 ; CLOCK_M:inst3|CNT1[1] ; CLOCK_M:inst3|CNT1[3] ; CT0                ; MAIN:inst8|CS.SCT0 ; 1.000        ; -1.684     ; 0.784      ;
; -1.429 ; CLOCK_H:inst4|CNT1[1] ; CLOCK_H:inst4|CNT0[3] ; CT0                ; MAIN:inst8|CS.SCT0 ; 1.000        ; -1.682     ; 0.779      ;
; -1.429 ; CLOCK_H:inst4|CNT1[0] ; CLOCK_H:inst4|CNT0[3] ; CT0                ; MAIN:inst8|CS.SCT0 ; 1.000        ; -1.682     ; 0.779      ;
; -1.428 ; CLOCK_H:inst4|CNT1[0] ; CLOCK_H:inst4|CNT0[2] ; CT0                ; MAIN:inst8|CS.SCT0 ; 1.000        ; -1.682     ; 0.778      ;
; -1.422 ; CLOCK_H:inst4|CNT1[1] ; CLOCK_H:inst4|CNT0[2] ; CT0                ; MAIN:inst8|CS.SCT0 ; 1.000        ; -1.682     ; 0.772      ;
; -1.396 ; CLOCK_M:inst3|CNT0[2] ; CLOCK_M:inst3|CNT1[3] ; CT0                ; MAIN:inst8|CS.SCT0 ; 1.000        ; -1.683     ; 0.745      ;
; -1.385 ; CLOCK_M:inst3|CNT1[2] ; CLOCK_M:inst3|CNT1[3] ; CT0                ; MAIN:inst8|CS.SCT0 ; 1.000        ; -1.684     ; 0.733      ;
; -1.356 ; CLOCK_H:inst4|CNT1[3] ; CLOCK_H:inst4|CNT0[3] ; CT0                ; MAIN:inst8|CS.SCT0 ; 1.000        ; -1.682     ; 0.706      ;
; -1.355 ; CLOCK_H:inst4|CNT1[3] ; CLOCK_H:inst4|CNT0[2] ; CT0                ; MAIN:inst8|CS.SCT0 ; 1.000        ; -1.682     ; 0.705      ;
; -1.348 ; CLOCK_M:inst3|CNT1[3] ; CLOCK_M:inst3|CNT1[1] ; CT0                ; MAIN:inst8|CS.SCT0 ; 1.000        ; -1.682     ; 0.698      ;
; -1.340 ; CLOCK_M:inst3|CNT0[3] ; CLOCK_M:inst3|CNT1[3] ; CT0                ; MAIN:inst8|CS.SCT0 ; 1.000        ; -1.683     ; 0.689      ;
; -1.308 ; CLOCK_M:inst3|CNT1[0] ; CLOCK_M:inst3|CNT1[3] ; CT0                ; MAIN:inst8|CS.SCT0 ; 1.000        ; -1.684     ; 0.656      ;
; -1.262 ; CLOCK_M:inst3|CNT1[2] ; CLOCK_M:inst3|CNT1[1] ; CT0                ; MAIN:inst8|CS.SCT0 ; 1.000        ; -1.683     ; 0.611      ;
; -1.254 ; CLOCK_H:inst4|CNT0[0] ; CLOCK_H:inst4|CNT0[1] ; CT0                ; MAIN:inst8|CS.SCT0 ; 1.000        ; -1.683     ; 0.603      ;
; -1.251 ; CLOCK_M:inst3|CNT0[0] ; CLOCK_M:inst3|CNT0[3] ; CT0                ; MAIN:inst8|CS.SCT0 ; 1.000        ; -1.683     ; 0.600      ;
; -1.251 ; CLOCK_H:inst4|CNT0[2] ; CLOCK_H:inst4|CNT0[1] ; CT0                ; MAIN:inst8|CS.SCT0 ; 1.000        ; -1.682     ; 0.601      ;
; -1.250 ; CLOCK_M:inst3|CNT0[0] ; CLOCK_M:inst3|CNT0[1] ; CT0                ; MAIN:inst8|CS.SCT0 ; 1.000        ; -1.683     ; 0.599      ;
; -1.233 ; CLOCK_M:inst3|CNT1[3] ; CLOCK_M:inst3|CNT1[2] ; CT0                ; MAIN:inst8|CS.SCT0 ; 1.000        ; -1.682     ; 0.583      ;
; -1.199 ; CLOCK_M:inst3|CNT1[1] ; CLOCK_M:inst3|cout    ; MAIN:inst8|CS.SCT0 ; MAIN:inst8|CS.SCT0 ; 1.000        ; -1.449     ; 0.782      ;
; -1.197 ; CLOCK_M:inst3|CNT0[0] ; CLOCK_M:inst3|cout    ; MAIN:inst8|CS.SCT0 ; MAIN:inst8|CS.SCT0 ; 1.000        ; -1.448     ; 0.781      ;
; -1.195 ; CLOCK_H:inst4|CNT0[3] ; CLOCK_H:inst4|CNT0[1] ; CT0                ; MAIN:inst8|CS.SCT0 ; 1.000        ; -1.682     ; 0.545      ;
; -1.194 ; CLOCK_M:inst3|CNT1[0] ; CLOCK_M:inst3|cout    ; MAIN:inst8|CS.SCT0 ; MAIN:inst8|CS.SCT0 ; 1.000        ; -1.449     ; 0.777      ;
; -1.191 ; CLOCK_M:inst3|CNT0[2] ; CLOCK_M:inst3|CNT0[1] ; CT0                ; MAIN:inst8|CS.SCT0 ; 1.000        ; -1.683     ; 0.540      ;
; -1.186 ; CLOCK_M:inst3|CNT0[2] ; CLOCK_M:inst3|CNT0[3] ; CT0                ; MAIN:inst8|CS.SCT0 ; 1.000        ; -1.683     ; 0.535      ;
; -1.184 ; CLOCK_M:inst3|CNT1[1] ; CLOCK_M:inst3|CNT1[2] ; CT0                ; MAIN:inst8|CS.SCT0 ; 1.000        ; -1.683     ; 0.533      ;
; -1.180 ; CLOCK_M:inst3|CNT0[1] ; CLOCK_M:inst3|cout    ; MAIN:inst8|CS.SCT0 ; MAIN:inst8|CS.SCT0 ; 1.000        ; -1.448     ; 0.764      ;
; -1.179 ; CLOCK_M:inst3|CNT1[0] ; CLOCK_M:inst3|CNT1[2] ; CT0                ; MAIN:inst8|CS.SCT0 ; 1.000        ; -1.683     ; 0.528      ;
; -1.150 ; CLOCK_M:inst3|CNT1[2] ; CLOCK_M:inst3|cout    ; MAIN:inst8|CS.SCT0 ; MAIN:inst8|CS.SCT0 ; 1.000        ; -1.449     ; 0.733      ;
; -1.146 ; CLOCK_H:inst4|CNT1[0] ; MAIN:inst8|HH1[0]     ; CT0                ; MAIN:inst8|CS.SCT0 ; 1.000        ; -0.920     ; 0.796      ;
; -1.141 ; CLOCK_M:inst3|CNT1[3] ; CLOCK_M:inst3|cout    ; MAIN:inst8|CS.SCT0 ; MAIN:inst8|CS.SCT0 ; 1.000        ; -1.448     ; 0.725      ;
; -1.137 ; CLOCK_M:inst3|CNT1[1] ; CLOCK_M:inst3|cout    ; MAIN:inst8|CS.SCT1 ; MAIN:inst8|CS.SCT0 ; 1.000        ; -1.387     ; 0.782      ;
; -1.135 ; CLOCK_M:inst3|CNT0[1] ; CLOCK_M:inst3|CNT0[3] ; CT0                ; MAIN:inst8|CS.SCT0 ; 1.000        ; -1.683     ; 0.484      ;
+--------+-----------------------+-----------------------+--------------------+--------------------+--------------+------------+------------+


+---------------------------------------------------------------------------------------------------------------------+
; Fast Model Setup: 'CLK'                                                                                             ;
+--------+------------------+-------------------+--------------+-------------+--------------+------------+------------+
; Slack  ; From Node        ; To Node           ; Launch Clock ; Latch Clock ; Relationship ; Clock Skew ; Data Delay ;
+--------+------------------+-------------------+--------------+-------------+--------------+------------+------------+
; -1.506 ; FD:inst|TEMP1[1] ; FD:inst|TEMP1[0]  ; CLK          ; CLK         ; 1.000        ; 0.000      ; 2.538      ;
; -1.506 ; FD:inst|TEMP1[1] ; FD:inst|TEMP1[1]  ; CLK          ; CLK         ; 1.000        ; 0.000      ; 2.538      ;
; -1.506 ; FD:inst|TEMP1[1] ; FD:inst|TEMP1[2]  ; CLK          ; CLK         ; 1.000        ; 0.000      ; 2.538      ;
; -1.506 ; FD:inst|TEMP1[1] ; FD:inst|TEMP1[3]  ; CLK          ; CLK         ; 1.000        ; 0.000      ; 2.538      ;
; -1.506 ; FD:inst|TEMP1[1] ; FD:inst|TEMP1[4]  ; CLK          ; CLK         ; 1.000        ; 0.000      ; 2.538      ;
; -1.506 ; FD:inst|TEMP1[1] ; FD:inst|TEMP1[5]  ; CLK          ; CLK         ; 1.000        ; 0.000      ; 2.538      ;
; -1.506 ; FD:inst|TEMP1[1] ; FD:inst|TEMP1[6]  ; CLK          ; CLK         ; 1.000        ; 0.000      ; 2.538      ;
; -1.506 ; FD:inst|TEMP1[1] ; FD:inst|TEMP1[7]  ; CLK          ; CLK         ; 1.000        ; 0.000      ; 2.538      ;
; -1.506 ; FD:inst|TEMP1[1] ; FD:inst|TEMP1[8]  ; CLK          ; CLK         ; 1.000        ; 0.000      ; 2.538      ;
; -1.506 ; FD:inst|TEMP1[1] ; FD:inst|TEMP1[10] ; CLK          ; CLK         ; 1.000        ; 0.000      ; 2.538      ;
; -1.506 ; FD:inst|TEMP1[1] ; FD:inst|TEMP1[9]  ; CLK          ; CLK         ; 1.000        ; 0.000      ; 2.538      ;
; -1.493 ; FD:inst|TEMP1[2] ; FD:inst|TEMP1[0]  ; CLK          ; CLK         ; 1.000        ; 0.000      ; 2.525      ;
; -1.493 ; FD:inst|TEMP1[2] ; FD:inst|TEMP1[1]  ; CLK          ; CLK         ; 1.000        ; 0.000      ; 2.525      ;
; -1.493 ; FD:inst|TEMP1[2] ; FD:inst|TEMP1[2]  ; CLK          ; CLK         ; 1.000        ; 0.000      ; 2.525      ;
; -1.493 ; FD:inst|TEMP1[2] ; FD:inst|TEMP1[3]  ; CLK          ; CLK         ; 1.000        ; 0.000      ; 2.525      ;
; -1.493 ; FD:inst|TEMP1[2] ; FD:inst|TEMP1[4]  ; CLK          ; CLK         ; 1.000        ; 0.000      ; 2.525      ;
; -1.493 ; FD:inst|TEMP1[2] ; FD:inst|TEMP1[5]  ; CLK          ; CLK         ; 1.000        ; 0.000      ; 2.525      ;
; -1.493 ; FD:inst|TEMP1[2] ; FD:inst|TEMP1[6]  ; CLK          ; CLK         ; 1.000        ; 0.000      ; 2.525      ;
; -1.493 ; FD:inst|TEMP1[2] ; FD:inst|TEMP1[7]  ; CLK          ; CLK         ; 1.000        ; 0.000      ; 2.525      ;
; -1.493 ; FD:inst|TEMP1[2] ; FD:inst|TEMP1[8]  ; CLK          ; CLK         ; 1.000        ; 0.000      ; 2.525      ;
; -1.493 ; FD:inst|TEMP1[2] ; FD:inst|TEMP1[10] ; CLK          ; CLK         ; 1.000        ; 0.000      ; 2.525      ;
; -1.493 ; FD:inst|TEMP1[2] ; FD:inst|TEMP1[9]  ; CLK          ; CLK         ; 1.000        ; 0.000      ; 2.525      ;
; -1.433 ; FD:inst|TEMP1[3] ; FD:inst|TEMP1[0]  ; CLK          ; CLK         ; 1.000        ; 0.000      ; 2.465      ;
; -1.433 ; FD:inst|TEMP1[3] ; FD:inst|TEMP1[1]  ; CLK          ; CLK         ; 1.000        ; 0.000      ; 2.465      ;
; -1.433 ; FD:inst|TEMP1[3] ; FD:inst|TEMP1[2]  ; CLK          ; CLK         ; 1.000        ; 0.000      ; 2.465      ;
; -1.433 ; FD:inst|TEMP1[3] ; FD:inst|TEMP1[3]  ; CLK          ; CLK         ; 1.000        ; 0.000      ; 2.465      ;
; -1.433 ; FD:inst|TEMP1[3] ; FD:inst|TEMP1[4]  ; CLK          ; CLK         ; 1.000        ; 0.000      ; 2.465      ;
; -1.433 ; FD:inst|TEMP1[3] ; FD:inst|TEMP1[5]  ; CLK          ; CLK         ; 1.000        ; 0.000      ; 2.465      ;
; -1.433 ; FD:inst|TEMP1[3] ; FD:inst|TEMP1[6]  ; CLK          ; CLK         ; 1.000        ; 0.000      ; 2.465      ;
; -1.433 ; FD:inst|TEMP1[3] ; FD:inst|TEMP1[7]  ; CLK          ; CLK         ; 1.000        ; 0.000      ; 2.465      ;
; -1.433 ; FD:inst|TEMP1[3] ; FD:inst|TEMP1[8]  ; CLK          ; CLK         ; 1.000        ; 0.000      ; 2.465      ;
; -1.433 ; FD:inst|TEMP1[3] ; FD:inst|TEMP1[10] ; CLK          ; CLK         ; 1.000        ; 0.000      ; 2.465      ;
; -1.433 ; FD:inst|TEMP1[3] ; FD:inst|TEMP1[9]  ; CLK          ; CLK         ; 1.000        ; 0.000      ; 2.465      ;
; -1.397 ; FD:inst|TEMP1[0] ; FD:inst|TEMP1[0]  ; CLK          ; CLK         ; 1.000        ; 0.000      ; 2.429      ;
; -1.397 ; FD:inst|TEMP1[0] ; FD:inst|TEMP1[1]  ; CLK          ; CLK         ; 1.000        ; 0.000      ; 2.429      ;
; -1.397 ; FD:inst|TEMP1[0] ; FD:inst|TEMP1[2]  ; CLK          ; CLK         ; 1.000        ; 0.000      ; 2.429      ;
; -1.397 ; FD:inst|TEMP1[0] ; FD:inst|TEMP1[3]  ; CLK          ; CLK         ; 1.000        ; 0.000      ; 2.429      ;
; -1.397 ; FD:inst|TEMP1[0] ; FD:inst|TEMP1[4]  ; CLK          ; CLK         ; 1.000        ; 0.000      ; 2.429      ;
; -1.397 ; FD:inst|TEMP1[0] ; FD:inst|TEMP1[5]  ; CLK          ; CLK         ; 1.000        ; 0.000      ; 2.429      ;
; -1.397 ; FD:inst|TEMP1[0] ; FD:inst|TEMP1[6]  ; CLK          ; CLK         ; 1.000        ; 0.000      ; 2.429      ;
; -1.397 ; FD:inst|TEMP1[0] ; FD:inst|TEMP1[7]  ; CLK          ; CLK         ; 1.000        ; 0.000      ; 2.429      ;
; -1.397 ; FD:inst|TEMP1[0] ; FD:inst|TEMP1[8]  ; CLK          ; CLK         ; 1.000        ; 0.000      ; 2.429      ;
; -1.397 ; FD:inst|TEMP1[0] ; FD:inst|TEMP1[10] ; CLK          ; CLK         ; 1.000        ; 0.000      ; 2.429      ;
; -1.397 ; FD:inst|TEMP1[0] ; FD:inst|TEMP1[9]  ; CLK          ; CLK         ; 1.000        ; 0.000      ; 2.429      ;
; -1.351 ; FD:inst|TEMP1[4] ; FD:inst|TEMP1[0]  ; CLK          ; CLK         ; 1.000        ; 0.000      ; 2.383      ;
; -1.351 ; FD:inst|TEMP1[4] ; FD:inst|TEMP1[1]  ; CLK          ; CLK         ; 1.000        ; 0.000      ; 2.383      ;
; -1.351 ; FD:inst|TEMP1[4] ; FD:inst|TEMP1[2]  ; CLK          ; CLK         ; 1.000        ; 0.000      ; 2.383      ;
; -1.351 ; FD:inst|TEMP1[4] ; FD:inst|TEMP1[3]  ; CLK          ; CLK         ; 1.000        ; 0.000      ; 2.383      ;
; -1.351 ; FD:inst|TEMP1[4] ; FD:inst|TEMP1[4]  ; CLK          ; CLK         ; 1.000        ; 0.000      ; 2.383      ;
; -1.351 ; FD:inst|TEMP1[4] ; FD:inst|TEMP1[5]  ; CLK          ; CLK         ; 1.000        ; 0.000      ; 2.383      ;
; -1.351 ; FD:inst|TEMP1[4] ; FD:inst|TEMP1[6]  ; CLK          ; CLK         ; 1.000        ; 0.000      ; 2.383      ;
; -1.351 ; FD:inst|TEMP1[4] ; FD:inst|TEMP1[7]  ; CLK          ; CLK         ; 1.000        ; 0.000      ; 2.383      ;
; -1.351 ; FD:inst|TEMP1[4] ; FD:inst|TEMP1[8]  ; CLK          ; CLK         ; 1.000        ; 0.000      ; 2.383      ;
; -1.351 ; FD:inst|TEMP1[4] ; FD:inst|TEMP1[10] ; CLK          ; CLK         ; 1.000        ; 0.000      ; 2.383      ;
; -1.351 ; FD:inst|TEMP1[4] ; FD:inst|TEMP1[9]  ; CLK          ; CLK         ; 1.000        ; 0.000      ; 2.383      ;
; -1.302 ; FD:inst|TEMP1[5] ; FD:inst|TEMP1[0]  ; CLK          ; CLK         ; 1.000        ; 0.000      ; 2.334      ;
; -1.302 ; FD:inst|TEMP1[5] ; FD:inst|TEMP1[1]  ; CLK          ; CLK         ; 1.000        ; 0.000      ; 2.334      ;
; -1.302 ; FD:inst|TEMP1[5] ; FD:inst|TEMP1[2]  ; CLK          ; CLK         ; 1.000        ; 0.000      ; 2.334      ;
; -1.302 ; FD:inst|TEMP1[5] ; FD:inst|TEMP1[3]  ; CLK          ; CLK         ; 1.000        ; 0.000      ; 2.334      ;
; -1.302 ; FD:inst|TEMP1[5] ; FD:inst|TEMP1[4]  ; CLK          ; CLK         ; 1.000        ; 0.000      ; 2.334      ;
; -1.302 ; FD:inst|TEMP1[5] ; FD:inst|TEMP1[5]  ; CLK          ; CLK         ; 1.000        ; 0.000      ; 2.334      ;
; -1.302 ; FD:inst|TEMP1[5] ; FD:inst|TEMP1[6]  ; CLK          ; CLK         ; 1.000        ; 0.000      ; 2.334      ;
; -1.302 ; FD:inst|TEMP1[5] ; FD:inst|TEMP1[7]  ; CLK          ; CLK         ; 1.000        ; 0.000      ; 2.334      ;
; -1.302 ; FD:inst|TEMP1[5] ; FD:inst|TEMP1[8]  ; CLK          ; CLK         ; 1.000        ; 0.000      ; 2.334      ;
; -1.302 ; FD:inst|TEMP1[5] ; FD:inst|TEMP1[10] ; CLK          ; CLK         ; 1.000        ; 0.000      ; 2.334      ;
; -1.302 ; FD:inst|TEMP1[5] ; FD:inst|TEMP1[9]  ; CLK          ; CLK         ; 1.000        ; 0.000      ; 2.334      ;
; -1.300 ; FD:inst|TEMP1[1] ; FD:inst|TEMP1[11] ; CLK          ; CLK         ; 1.000        ; 0.003      ; 2.335      ;
; -1.300 ; FD:inst|TEMP1[1] ; FD:inst|TEMP1[12] ; CLK          ; CLK         ; 1.000        ; 0.003      ; 2.335      ;
; -1.300 ; FD:inst|TEMP1[1] ; FD:inst|TEMP1[13] ; CLK          ; CLK         ; 1.000        ; 0.003      ; 2.335      ;
; -1.300 ; FD:inst|TEMP1[1] ; FD:inst|TEMP1[14] ; CLK          ; CLK         ; 1.000        ; 0.003      ; 2.335      ;
; -1.300 ; FD:inst|TEMP1[1] ; FD:inst|TEMP1[15] ; CLK          ; CLK         ; 1.000        ; 0.003      ; 2.335      ;
; -1.300 ; FD:inst|TEMP1[1] ; FD:inst|TEMP1[16] ; CLK          ; CLK         ; 1.000        ; 0.003      ; 2.335      ;
; -1.300 ; FD:inst|TEMP1[1] ; FD:inst|TEMP1[17] ; CLK          ; CLK         ; 1.000        ; 0.003      ; 2.335      ;
; -1.300 ; FD:inst|TEMP1[1] ; FD:inst|TEMP1[18] ; CLK          ; CLK         ; 1.000        ; 0.003      ; 2.335      ;
; -1.300 ; FD:inst|TEMP1[1] ; FD:inst|TEMP1[19] ; CLK          ; CLK         ; 1.000        ; 0.003      ; 2.335      ;
; -1.300 ; FD:inst|TEMP1[1] ; FD:inst|TEMP1[20] ; CLK          ; CLK         ; 1.000        ; 0.003      ; 2.335      ;
; -1.300 ; FD:inst|TEMP1[1] ; FD:inst|TEMP1[21] ; CLK          ; CLK         ; 1.000        ; 0.003      ; 2.335      ;
; -1.300 ; FD:inst|TEMP1[1] ; FD:inst|TEMP1[22] ; CLK          ; CLK         ; 1.000        ; 0.003      ; 2.335      ;
; -1.287 ; FD:inst|TEMP1[2] ; FD:inst|TEMP1[11] ; CLK          ; CLK         ; 1.000        ; 0.003      ; 2.322      ;
; -1.287 ; FD:inst|TEMP1[2] ; FD:inst|TEMP1[12] ; CLK          ; CLK         ; 1.000        ; 0.003      ; 2.322      ;
; -1.287 ; FD:inst|TEMP1[2] ; FD:inst|TEMP1[13] ; CLK          ; CLK         ; 1.000        ; 0.003      ; 2.322      ;
; -1.287 ; FD:inst|TEMP1[2] ; FD:inst|TEMP1[14] ; CLK          ; CLK         ; 1.000        ; 0.003      ; 2.322      ;
; -1.287 ; FD:inst|TEMP1[2] ; FD:inst|TEMP1[15] ; CLK          ; CLK         ; 1.000        ; 0.003      ; 2.322      ;
; -1.287 ; FD:inst|TEMP1[2] ; FD:inst|TEMP1[16] ; CLK          ; CLK         ; 1.000        ; 0.003      ; 2.322      ;
; -1.287 ; FD:inst|TEMP1[2] ; FD:inst|TEMP1[17] ; CLK          ; CLK         ; 1.000        ; 0.003      ; 2.322      ;
; -1.287 ; FD:inst|TEMP1[2] ; FD:inst|TEMP1[18] ; CLK          ; CLK         ; 1.000        ; 0.003      ; 2.322      ;
; -1.287 ; FD:inst|TEMP1[2] ; FD:inst|TEMP1[19] ; CLK          ; CLK         ; 1.000        ; 0.003      ; 2.322      ;
; -1.287 ; FD:inst|TEMP1[2] ; FD:inst|TEMP1[20] ; CLK          ; CLK         ; 1.000        ; 0.003      ; 2.322      ;
; -1.287 ; FD:inst|TEMP1[2] ; FD:inst|TEMP1[21] ; CLK          ; CLK         ; 1.000        ; 0.003      ; 2.322      ;
; -1.287 ; FD:inst|TEMP1[2] ; FD:inst|TEMP1[22] ; CLK          ; CLK         ; 1.000        ; 0.003      ; 2.322      ;
; -1.227 ; FD:inst|TEMP1[3] ; FD:inst|TEMP1[11] ; CLK          ; CLK         ; 1.000        ; 0.003      ; 2.262      ;
; -1.227 ; FD:inst|TEMP1[3] ; FD:inst|TEMP1[12] ; CLK          ; CLK         ; 1.000        ; 0.003      ; 2.262      ;
; -1.227 ; FD:inst|TEMP1[3] ; FD:inst|TEMP1[13] ; CLK          ; CLK         ; 1.000        ; 0.003      ; 2.262      ;
; -1.227 ; FD:inst|TEMP1[3] ; FD:inst|TEMP1[14] ; CLK          ; CLK         ; 1.000        ; 0.003      ; 2.262      ;
; -1.227 ; FD:inst|TEMP1[3] ; FD:inst|TEMP1[15] ; CLK          ; CLK         ; 1.000        ; 0.003      ; 2.262      ;
; -1.227 ; FD:inst|TEMP1[3] ; FD:inst|TEMP1[16] ; CLK          ; CLK         ; 1.000        ; 0.003      ; 2.262      ;
; -1.227 ; FD:inst|TEMP1[3] ; FD:inst|TEMP1[17] ; CLK          ; CLK         ; 1.000        ; 0.003      ; 2.262      ;
; -1.227 ; FD:inst|TEMP1[3] ; FD:inst|TEMP1[18] ; CLK          ; CLK         ; 1.000        ; 0.003      ; 2.262      ;
; -1.227 ; FD:inst|TEMP1[3] ; FD:inst|TEMP1[19] ; CLK          ; CLK         ; 1.000        ; 0.003      ; 2.262      ;
; -1.227 ; FD:inst|TEMP1[3] ; FD:inst|TEMP1[20] ; CLK          ; CLK         ; 1.000        ; 0.003      ; 2.262      ;
+--------+------------------+-------------------+--------------+-------------+--------------+------------+------------+


+------------------------------------------------------------------------------------------------------------------------------------+
; Fast Model Setup: 'CT0'                                                                                                            ;
+--------+-----------------------+-----------------------+--------------------+-------------+--------------+------------+------------+
; Slack  ; From Node             ; To Node               ; Launch Clock       ; Latch Clock ; Relationship ; Clock Skew ; Data Delay ;
+--------+-----------------------+-----------------------+--------------------+-------------+--------------+------------+------------+
; -1.199 ; CLOCK_M:inst3|CNT1[1] ; CLOCK_M:inst3|cout    ; CT0                ; CT0         ; 1.000        ; -1.449     ; 0.782      ;
; -1.197 ; CLOCK_M:inst3|CNT0[0] ; CLOCK_M:inst3|cout    ; CT0                ; CT0         ; 1.000        ; -1.448     ; 0.781      ;
; -1.194 ; CLOCK_M:inst3|CNT1[0] ; CLOCK_M:inst3|cout    ; CT0                ; CT0         ; 1.000        ; -1.449     ; 0.777      ;
; -1.180 ; CLOCK_M:inst3|CNT0[1] ; CLOCK_M:inst3|cout    ; CT0                ; CT0         ; 1.000        ; -1.448     ; 0.764      ;
; -1.150 ; CLOCK_M:inst3|CNT1[2] ; CLOCK_M:inst3|cout    ; CT0                ; CT0         ; 1.000        ; -1.449     ; 0.733      ;
; -1.141 ; CLOCK_M:inst3|CNT1[3] ; CLOCK_M:inst3|cout    ; CT0                ; CT0         ; 1.000        ; -1.448     ; 0.725      ;
; -1.122 ; CLOCK_M:inst3|CNT0[2] ; CLOCK_M:inst3|cout    ; CT0                ; CT0         ; 1.000        ; -1.448     ; 0.706      ;
; -1.066 ; CLOCK_M:inst3|CNT0[3] ; CLOCK_M:inst3|cout    ; CT0                ; CT0         ; 1.000        ; -1.448     ; 0.650      ;
; -0.204 ; CLOCK_M:inst3|CNT0[0] ; CLOCK_M:inst3|CNT1[0] ; CT0                ; CT0         ; 1.000        ; 0.001      ; 1.237      ;
; -0.204 ; CLOCK_M:inst3|CNT0[0] ; CLOCK_M:inst3|CNT1[1] ; CT0                ; CT0         ; 1.000        ; 0.001      ; 1.237      ;
; -0.204 ; CLOCK_M:inst3|CNT0[0] ; CLOCK_M:inst3|CNT1[2] ; CT0                ; CT0         ; 1.000        ; 0.001      ; 1.237      ;
; -0.187 ; CLOCK_M:inst3|CNT0[1] ; CLOCK_M:inst3|CNT1[0] ; CT0                ; CT0         ; 1.000        ; 0.001      ; 1.220      ;
; -0.187 ; CLOCK_M:inst3|CNT0[1] ; CLOCK_M:inst3|CNT1[1] ; CT0                ; CT0         ; 1.000        ; 0.001      ; 1.220      ;
; -0.187 ; CLOCK_M:inst3|CNT0[1] ; CLOCK_M:inst3|CNT1[2] ; CT0                ; CT0         ; 1.000        ; 0.001      ; 1.220      ;
; -0.129 ; CLOCK_M:inst3|CNT0[2] ; CLOCK_M:inst3|CNT1[0] ; CT0                ; CT0         ; 1.000        ; 0.001      ; 1.162      ;
; -0.129 ; CLOCK_M:inst3|CNT0[2] ; CLOCK_M:inst3|CNT1[1] ; CT0                ; CT0         ; 1.000        ; 0.001      ; 1.162      ;
; -0.129 ; CLOCK_M:inst3|CNT0[2] ; CLOCK_M:inst3|CNT1[2] ; CT0                ; CT0         ; 1.000        ; 0.001      ; 1.162      ;
; -0.073 ; CLOCK_M:inst3|CNT0[3] ; CLOCK_M:inst3|CNT1[0] ; CT0                ; CT0         ; 1.000        ; 0.001      ; 1.106      ;
; -0.073 ; CLOCK_M:inst3|CNT0[3] ; CLOCK_M:inst3|CNT1[1] ; CT0                ; CT0         ; 1.000        ; 0.001      ; 1.106      ;
; -0.073 ; CLOCK_M:inst3|CNT0[3] ; CLOCK_M:inst3|CNT1[2] ; CT0                ; CT0         ; 1.000        ; 0.001      ; 1.106      ;
; -0.068 ; CLOCK_H:inst4|CNT0[0] ; CLOCK_H:inst4|CNT1[0] ; CT0                ; CT0         ; 1.000        ; -0.001     ; 1.099      ;
; -0.066 ; CLOCK_H:inst4|CNT0[0] ; CLOCK_H:inst4|CNT1[2] ; CT0                ; CT0         ; 1.000        ; -0.001     ; 1.097      ;
; -0.061 ; CLOCK_H:inst4|CNT0[0] ; CLOCK_H:inst4|CNT1[3] ; CT0                ; CT0         ; 1.000        ; -0.001     ; 1.092      ;
; -0.006 ; CLOCK_H:inst4|CNT0[1] ; CLOCK_H:inst4|CNT1[0] ; CT0                ; CT0         ; 1.000        ; 0.000      ; 1.038      ;
; -0.004 ; CLOCK_H:inst4|CNT0[1] ; CLOCK_H:inst4|CNT1[2] ; CT0                ; CT0         ; 1.000        ; 0.000      ; 1.036      ;
; 0.001  ; CLOCK_H:inst4|CNT0[1] ; CLOCK_H:inst4|CNT1[3] ; CT0                ; CT0         ; 1.000        ; 0.000      ; 1.031      ;
; 0.002  ; CLOCK_H:inst4|CNT0[0] ; CLOCK_H:inst4|CNT1[1] ; CT0                ; CT0         ; 1.000        ; -0.001     ; 1.029      ;
; 0.016  ; CLOCK_H:inst4|CNT1[2] ; CLOCK_H:inst4|CNT1[0] ; CT0                ; CT0         ; 1.000        ; 0.000      ; 1.016      ;
; 0.018  ; CLOCK_H:inst4|CNT1[2] ; CLOCK_H:inst4|CNT1[2] ; CT0                ; CT0         ; 1.000        ; 0.000      ; 1.014      ;
; 0.023  ; CLOCK_H:inst4|CNT1[2] ; CLOCK_H:inst4|CNT1[3] ; CT0                ; CT0         ; 1.000        ; 0.000      ; 1.009      ;
; 0.053  ; CLOCK_H:inst4|CNT0[3] ; CLOCK_H:inst4|CNT1[0] ; CT0                ; CT0         ; 1.000        ; 0.000      ; 0.979      ;
; 0.055  ; CLOCK_H:inst4|CNT0[3] ; CLOCK_H:inst4|CNT1[2] ; CT0                ; CT0         ; 1.000        ; 0.000      ; 0.977      ;
; 0.057  ; CLOCK_H:inst4|CNT0[2] ; CLOCK_H:inst4|CNT1[0] ; CT0                ; CT0         ; 1.000        ; 0.000      ; 0.975      ;
; 0.059  ; CLOCK_H:inst4|CNT0[2] ; CLOCK_H:inst4|CNT1[2] ; CT0                ; CT0         ; 1.000        ; 0.000      ; 0.973      ;
; 0.060  ; CLOCK_H:inst4|CNT1[0] ; CLOCK_H:inst4|CNT1[3] ; CT0                ; CT0         ; 1.000        ; 0.000      ; 0.972      ;
; 0.060  ; CLOCK_H:inst4|CNT0[3] ; CLOCK_H:inst4|CNT1[3] ; CT0                ; CT0         ; 1.000        ; 0.000      ; 0.972      ;
; 0.064  ; CLOCK_H:inst4|CNT0[2] ; CLOCK_H:inst4|CNT1[3] ; CT0                ; CT0         ; 1.000        ; 0.000      ; 0.968      ;
; 0.064  ; CLOCK_H:inst4|CNT0[1] ; CLOCK_H:inst4|CNT1[1] ; CT0                ; CT0         ; 1.000        ; 0.000      ; 0.968      ;
; 0.066  ; CLOCK_H:inst4|CNT1[0] ; CLOCK_H:inst4|CNT1[0] ; CT0                ; CT0         ; 1.000        ; 0.000      ; 0.966      ;
; 0.068  ; CLOCK_H:inst4|CNT1[0] ; CLOCK_H:inst4|CNT1[2] ; CT0                ; CT0         ; 1.000        ; 0.000      ; 0.964      ;
; 0.069  ; CLOCK_H:inst4|CNT1[1] ; CLOCK_H:inst4|CNT1[0] ; CT0                ; CT0         ; 1.000        ; 0.000      ; 0.963      ;
; 0.071  ; CLOCK_H:inst4|CNT1[1] ; CLOCK_H:inst4|CNT1[2] ; CT0                ; CT0         ; 1.000        ; 0.000      ; 0.961      ;
; 0.076  ; CLOCK_H:inst4|CNT1[1] ; CLOCK_H:inst4|CNT1[3] ; CT0                ; CT0         ; 1.000        ; 0.000      ; 0.956      ;
; 0.079  ; CLOCK_H:inst4|CNT0[3] ; CLOCK_H:inst4|CNT1[1] ; CT0                ; CT0         ; 1.000        ; 0.000      ; 0.953      ;
; 0.083  ; CLOCK_M:inst3|CNT0[0] ; CLOCK_M:inst3|CNT0[2] ; CT0                ; CT0         ; 1.000        ; 0.000      ; 0.949      ;
; 0.086  ; CLOCK_H:inst4|CNT1[2] ; CLOCK_H:inst4|CNT1[1] ; CT0                ; CT0         ; 1.000        ; 0.000      ; 0.946      ;
; 0.092  ; CLOCK_H:inst4|CNT1[0] ; CLOCK_H:inst4|CNT1[1] ; CT0                ; CT0         ; 1.000        ; 0.000      ; 0.940      ;
; 0.110  ; CLOCK_H:inst4|CNT0[2] ; CLOCK_H:inst4|CNT1[1] ; CT0                ; CT0         ; 1.000        ; 0.000      ; 0.922      ;
; 0.111  ; CLOCK_H:inst4|CNT0[2] ; CLOCK_H:inst4|CNT0[3] ; CT0                ; CT0         ; 1.000        ; 0.000      ; 0.921      ;
; 0.111  ; CLOCK_H:inst4|CNT0[0] ; CLOCK_H:inst4|CNT0[3] ; CT0                ; CT0         ; 1.000        ; -0.001     ; 0.920      ;
; 0.115  ; CLOCK_H:inst4|CNT0[2] ; CLOCK_H:inst4|CNT0[2] ; CT0                ; CT0         ; 1.000        ; 0.000      ; 0.917      ;
; 0.115  ; CLOCK_H:inst4|CNT0[0] ; CLOCK_H:inst4|CNT0[2] ; CT0                ; CT0         ; 1.000        ; -0.001     ; 0.916      ;
; 0.123  ; CLOCK_M:inst3|CNT0[2] ; CLOCK_M:inst3|CNT0[2] ; CT0                ; CT0         ; 1.000        ; 0.000      ; 0.909      ;
; 0.139  ; CLOCK_H:inst4|CNT1[1] ; CLOCK_H:inst4|CNT1[1] ; CT0                ; CT0         ; 1.000        ; 0.000      ; 0.893      ;
; 0.139  ; CLOCK_H:inst4|CNT1[3] ; CLOCK_H:inst4|CNT1[0] ; CT0                ; CT0         ; 1.000        ; 0.000      ; 0.893      ;
; 0.141  ; CLOCK_H:inst4|CNT1[3] ; CLOCK_H:inst4|CNT1[2] ; CT0                ; CT0         ; 1.000        ; 0.000      ; 0.891      ;
; 0.146  ; CLOCK_H:inst4|CNT1[3] ; CLOCK_H:inst4|CNT1[3] ; CT0                ; CT0         ; 1.000        ; 0.000      ; 0.886      ;
; 0.165  ; CLOCK_H:inst4|CNT1[3] ; CLOCK_H:inst4|CNT1[1] ; CT0                ; CT0         ; 1.000        ; 0.000      ; 0.867      ;
; 0.166  ; CLOCK_H:inst4|CNT0[1] ; CLOCK_H:inst4|CNT0[3] ; CT0                ; CT0         ; 1.000        ; 0.000      ; 0.866      ;
; 0.170  ; CLOCK_H:inst4|CNT0[1] ; CLOCK_H:inst4|CNT0[2] ; CT0                ; CT0         ; 1.000        ; 0.000      ; 0.862      ;
; 0.171  ; CLOCK_M:inst3|CNT0[1] ; CLOCK_M:inst3|CNT0[2] ; CT0                ; CT0         ; 1.000        ; 0.000      ; 0.861      ;
; 0.200  ; CLOCK_M:inst3|CNT0[0] ; CLOCK_M:inst3|CNT0[0] ; CT0                ; CT0         ; 1.000        ; 0.000      ; 0.832      ;
; 0.200  ; CLOCK_H:inst4|CNT1[2] ; CLOCK_H:inst4|CNT0[3] ; CT0                ; CT0         ; 1.000        ; 0.000      ; 0.832      ;
; 0.207  ; CLOCK_H:inst4|CNT1[2] ; CLOCK_H:inst4|CNT0[2] ; CT0                ; CT0         ; 1.000        ; 0.000      ; 0.825      ;
; 0.212  ; CLOCK_M:inst3|CNT0[0] ; CLOCK_M:inst3|CNT1[3] ; CT0                ; CT0         ; 1.000        ; 0.000      ; 0.820      ;
; 0.224  ; CLOCK_H:inst4|CNT0[3] ; CLOCK_H:inst4|CNT0[3] ; CT0                ; CT0         ; 1.000        ; 0.000      ; 0.808      ;
; 0.228  ; CLOCK_H:inst4|CNT0[3] ; CLOCK_H:inst4|CNT0[2] ; CT0                ; CT0         ; 1.000        ; 0.000      ; 0.804      ;
; 0.229  ; CLOCK_M:inst3|CNT0[1] ; CLOCK_M:inst3|CNT1[3] ; CT0                ; CT0         ; 1.000        ; 0.000      ; 0.803      ;
; 0.247  ; CLOCK_M:inst3|CNT1[1] ; CLOCK_M:inst3|CNT1[3] ; CT0                ; CT0         ; 1.000        ; -0.001     ; 0.784      ;
; 0.253  ; CLOCK_H:inst4|CNT1[1] ; CLOCK_H:inst4|CNT0[3] ; CT0                ; CT0         ; 1.000        ; 0.000      ; 0.779      ;
; 0.253  ; CLOCK_H:inst4|CNT1[0] ; CLOCK_H:inst4|CNT0[3] ; CT0                ; CT0         ; 1.000        ; 0.000      ; 0.779      ;
; 0.254  ; CLOCK_H:inst4|CNT1[0] ; CLOCK_H:inst4|CNT0[2] ; CT0                ; CT0         ; 1.000        ; 0.000      ; 0.778      ;
; 0.260  ; CLOCK_H:inst4|CNT1[1] ; CLOCK_H:inst4|CNT0[2] ; CT0                ; CT0         ; 1.000        ; 0.000      ; 0.772      ;
; 0.287  ; CLOCK_M:inst3|CNT0[2] ; CLOCK_M:inst3|CNT1[3] ; CT0                ; CT0         ; 1.000        ; 0.000      ; 0.745      ;
; 0.298  ; CLOCK_M:inst3|CNT1[2] ; CLOCK_M:inst3|CNT1[3] ; CT0                ; CT0         ; 1.000        ; -0.001     ; 0.733      ;
; 0.326  ; CLOCK_H:inst4|CNT1[3] ; CLOCK_H:inst4|CNT0[3] ; CT0                ; CT0         ; 1.000        ; 0.000      ; 0.706      ;
; 0.327  ; CLOCK_H:inst4|CNT1[3] ; CLOCK_H:inst4|CNT0[2] ; CT0                ; CT0         ; 1.000        ; 0.000      ; 0.705      ;
; 0.335  ; CLOCK_M:inst3|CNT1[3] ; CLOCK_M:inst3|CNT1[1] ; CT0                ; CT0         ; 1.000        ; 0.001      ; 0.698      ;
; 0.343  ; CLOCK_M:inst3|CNT0[3] ; CLOCK_M:inst3|CNT1[3] ; CT0                ; CT0         ; 1.000        ; 0.000      ; 0.689      ;
; 0.375  ; CLOCK_M:inst3|CNT1[0] ; CLOCK_M:inst3|CNT1[3] ; CT0                ; CT0         ; 1.000        ; -0.001     ; 0.656      ;
; 0.421  ; CLOCK_M:inst3|CNT1[2] ; CLOCK_M:inst3|CNT1[1] ; CT0                ; CT0         ; 1.000        ; 0.000      ; 0.611      ;
; 0.428  ; CLOCK_H:inst4|CNT0[0] ; CLOCK_H:inst4|CNT0[1] ; CT0                ; CT0         ; 1.000        ; -0.001     ; 0.603      ;
; 0.431  ; CLOCK_H:inst4|CNT0[2] ; CLOCK_H:inst4|CNT0[1] ; CT0                ; CT0         ; 1.000        ; 0.000      ; 0.601      ;
; 0.432  ; CLOCK_M:inst3|CNT0[0] ; CLOCK_M:inst3|CNT0[3] ; CT0                ; CT0         ; 1.000        ; 0.000      ; 0.600      ;
; 0.433  ; CLOCK_M:inst3|CNT0[0] ; CLOCK_M:inst3|CNT0[1] ; CT0                ; CT0         ; 1.000        ; 0.000      ; 0.599      ;
; 0.450  ; CLOCK_M:inst3|CNT1[3] ; CLOCK_M:inst3|CNT1[2] ; CT0                ; CT0         ; 1.000        ; 0.001      ; 0.583      ;
; 0.484  ; CLOCK_M:inst3|CNT1[1] ; CLOCK_M:inst3|cout    ; MAIN:inst8|CS.SCT0 ; CT0         ; 1.000        ; 0.234      ; 0.782      ;
; 0.486  ; CLOCK_M:inst3|CNT0[0] ; CLOCK_M:inst3|cout    ; MAIN:inst8|CS.SCT0 ; CT0         ; 1.000        ; 0.235      ; 0.781      ;
; 0.487  ; CLOCK_H:inst4|CNT0[3] ; CLOCK_H:inst4|CNT0[1] ; CT0                ; CT0         ; 1.000        ; 0.000      ; 0.545      ;
; 0.489  ; CLOCK_M:inst3|CNT1[0] ; CLOCK_M:inst3|cout    ; MAIN:inst8|CS.SCT0 ; CT0         ; 1.000        ; 0.234      ; 0.777      ;
; 0.492  ; CLOCK_M:inst3|CNT0[2] ; CLOCK_M:inst3|CNT0[1] ; CT0                ; CT0         ; 1.000        ; 0.000      ; 0.540      ;
; 0.497  ; CLOCK_M:inst3|CNT0[2] ; CLOCK_M:inst3|CNT0[3] ; CT0                ; CT0         ; 1.000        ; 0.000      ; 0.535      ;
; 0.499  ; CLOCK_M:inst3|CNT1[1] ; CLOCK_M:inst3|CNT1[2] ; CT0                ; CT0         ; 1.000        ; 0.000      ; 0.533      ;
; 0.503  ; CLOCK_M:inst3|CNT0[1] ; CLOCK_M:inst3|cout    ; MAIN:inst8|CS.SCT0 ; CT0         ; 1.000        ; 0.235      ; 0.764      ;
; 0.504  ; CLOCK_M:inst3|CNT1[0] ; CLOCK_M:inst3|CNT1[2] ; CT0                ; CT0         ; 1.000        ; 0.000      ; 0.528      ;
; 0.533  ; CLOCK_M:inst3|CNT1[2] ; CLOCK_M:inst3|cout    ; MAIN:inst8|CS.SCT0 ; CT0         ; 1.000        ; 0.234      ; 0.733      ;
; 0.542  ; CLOCK_M:inst3|CNT1[3] ; CLOCK_M:inst3|cout    ; MAIN:inst8|CS.SCT0 ; CT0         ; 1.000        ; 0.235      ; 0.725      ;
; 0.546  ; CLOCK_M:inst3|CNT1[1] ; CLOCK_M:inst3|cout    ; MAIN:inst8|CS.SCT1 ; CT0         ; 1.000        ; 0.296      ; 0.782      ;
; 0.548  ; CLOCK_M:inst3|CNT0[1] ; CLOCK_M:inst3|CNT0[3] ; CT0                ; CT0         ; 1.000        ; 0.000      ; 0.484      ;
; 0.548  ; CLOCK_M:inst3|CNT0[0] ; CLOCK_M:inst3|cout    ; MAIN:inst8|CS.SCT1 ; CT0         ; 1.000        ; 0.297      ; 0.781      ;
+--------+-----------------------+-----------------------+--------------------+-------------+--------------+------------+------------+


+----------------------------------------------------------------------------------------------------------------------------+
; Fast Model Setup: 'MAIN:inst8|CS.S1'                                                                                       ;
+--------+--------------------+-------------------+--------------+------------------+--------------+------------+------------+
; Slack  ; From Node          ; To Node           ; Launch Clock ; Latch Clock      ; Relationship ; Clock Skew ; Data Delay ;
+--------+--------------------+-------------------+--------------+------------------+--------------+------------+------------+
; -0.865 ; MAIN:inst8|CS.SSUM ; MAIN:inst8|SUM_EN ; FD:inst|Q1   ; MAIN:inst8|CS.S1 ; 0.500        ; -0.613     ; 0.354      ;
+--------+--------------------+-------------------+--------------+------------------+--------------+------------+------------+


+-----------------------------------------------------------------------------------------------------------------------------------+
; Fast Model Setup: 'FD:inst|Q1'                                                                                                    ;
+--------+----------------------+----------------------+---------------------+-------------+--------------+------------+------------+
; Slack  ; From Node            ; To Node              ; Launch Clock        ; Latch Clock ; Relationship ; Clock Skew ; Data Delay ;
+--------+----------------------+----------------------+---------------------+-------------+--------------+------------+------------+
; -0.476 ; CT0                  ; MAIN:inst8|CS.SSUM   ; CT0                 ; FD:inst|Q1  ; 0.500        ; 1.046      ; 2.054      ;
; -0.456 ; MAIN:inst8|CS.SPAUSE ; MAIN:inst8|CS.SRUN1  ; FD:inst|Q1          ; FD:inst|Q1  ; 1.000        ; -0.928     ; 0.560      ;
; 0.024  ; CT0                  ; MAIN:inst8|CS.SSUM   ; CT0                 ; FD:inst|Q1  ; 1.000        ; 1.046      ; 2.054      ;
; 0.030  ; CT0                  ; MAIN:inst8|CS.SCT0   ; CT0                 ; FD:inst|Q1  ; 0.500        ; 1.970      ; 2.472      ;
; 0.030  ; CT0                  ; MAIN:inst8|CS.SCT1   ; CT0                 ; FD:inst|Q1  ; 0.500        ; 1.970      ; 2.472      ;
; 0.051  ; CT0                  ; MAIN:inst8|CS.S1     ; CT0                 ; FD:inst|Q1  ; 0.500        ; 1.974      ; 2.455      ;
; 0.232  ; MAIN:inst8|CS.S0     ; MAIN:inst8|CS.S1     ; FD:inst|Q1          ; FD:inst|Q1  ; 1.000        ; -0.002     ; 0.798      ;
; 0.343  ; MAIN:inst8|CS.SRUN1  ; MAIN:inst8|CS.SRUN1  ; FD:inst|Q1          ; FD:inst|Q1  ; 1.000        ; 0.000      ; 0.689      ;
; 0.424  ; FD2:inst1|TEMP1[1]   ; FD2:inst1|TEMP1[0]   ; FD:inst|Q1          ; FD:inst|Q1  ; 1.000        ; 0.000      ; 0.608      ;
; 0.426  ; FD2:inst1|TEMP1[1]   ; FD2:inst1|TEMP1[2]   ; FD:inst|Q1          ; FD:inst|Q1  ; 1.000        ; 0.000      ; 0.606      ;
; 0.445  ; MAIN:inst8|CS.SRUN0  ; MAIN:inst8|CS.SRUN1  ; MAIN:inst8|CS.SRUN0 ; FD:inst|Q1  ; 0.500        ; 1.046      ; 1.274      ;
; 0.501  ; FD2:inst1|TEMP1[2]   ; FD2:inst1|TEMP1[3]   ; FD:inst|Q1          ; FD:inst|Q1  ; 1.000        ; 0.000      ; 0.531      ;
; 0.506  ; FD3:inst22|TEMP1[2]  ; FD3:inst22|TEMP1[1]  ; FD:inst|Q1          ; FD:inst|Q1  ; 1.000        ; 0.000      ; 0.526      ;
; 0.507  ; FD3:inst22|TEMP1[0]  ; FD3:inst22|Q1        ; FD:inst|Q1          ; FD:inst|Q1  ; 1.000        ; 0.000      ; 0.525      ;
; 0.508  ; FD3:inst22|TEMP1[2]  ; FD3:inst22|TEMP1[0]  ; FD:inst|Q1          ; FD:inst|Q1  ; 1.000        ; 0.000      ; 0.524      ;
; 0.508  ; FD3:inst22|TEMP1[1]  ; FD3:inst22|TEMP1[2]  ; FD:inst|Q1          ; FD:inst|Q1  ; 1.000        ; 0.000      ; 0.524      ;
; 0.508  ; FD2:inst1|TEMP1[3]   ; FD2:inst1|TEMP1[2]   ; FD:inst|Q1          ; FD:inst|Q1  ; 1.000        ; 0.000      ; 0.524      ;
; 0.509  ; FD2:inst1|TEMP1[3]   ; FD2:inst1|TEMP1[1]   ; FD:inst|Q1          ; FD:inst|Q1  ; 1.000        ; 0.000      ; 0.523      ;
; 0.511  ; FD2:inst1|TEMP1[3]   ; FD2:inst1|TEMP1[0]   ; FD:inst|Q1          ; FD:inst|Q1  ; 1.000        ; 0.000      ; 0.521      ;
; 0.518  ; FD2:inst1|TEMP1[1]   ; FD2:inst1|TEMP1[3]   ; FD:inst|Q1          ; FD:inst|Q1  ; 1.000        ; 0.000      ; 0.514      ;
; 0.530  ; CT0                  ; MAIN:inst8|CS.SCT0   ; CT0                 ; FD:inst|Q1  ; 1.000        ; 1.970      ; 2.472      ;
; 0.530  ; CT0                  ; MAIN:inst8|CS.SCT1   ; CT0                 ; FD:inst|Q1  ; 1.000        ; 1.970      ; 2.472      ;
; 0.546  ; FD3:inst22|TEMP1[1]  ; FD3:inst22|TEMP1[0]  ; FD:inst|Q1          ; FD:inst|Q1  ; 1.000        ; 0.000      ; 0.486      ;
; 0.551  ; CT0                  ; MAIN:inst8|CS.S1     ; CT0                 ; FD:inst|Q1  ; 1.000        ; 1.974      ; 2.455      ;
; 0.581  ; FD3:inst22|TEMP1[1]  ; FD3:inst22|Q1        ; FD:inst|Q1          ; FD:inst|Q1  ; 1.000        ; 0.000      ; 0.451      ;
; 0.624  ; FD3:inst22|TEMP1[0]  ; FD3:inst22|TEMP1[1]  ; FD:inst|Q1          ; FD:inst|Q1  ; 1.000        ; 0.000      ; 0.408      ;
; 0.625  ; FD3:inst22|TEMP1[2]  ; FD3:inst22|Q1        ; FD:inst|Q1          ; FD:inst|Q1  ; 1.000        ; 0.000      ; 0.407      ;
; 0.626  ; FD3:inst22|TEMP1[0]  ; FD3:inst22|TEMP1[2]  ; FD:inst|Q1          ; FD:inst|Q1  ; 1.000        ; 0.000      ; 0.406      ;
; 0.628  ; FD2:inst1|TEMP1[3]   ; FD2:inst1|Q1         ; FD:inst|Q1          ; FD:inst|Q1  ; 1.000        ; 0.000      ; 0.404      ;
; 0.632  ; FD2:inst1|TEMP1[0]   ; FD2:inst1|TEMP1[2]   ; FD:inst|Q1          ; FD:inst|Q1  ; 1.000        ; 0.000      ; 0.400      ;
; 0.633  ; FD2:inst1|TEMP1[0]   ; FD2:inst1|TEMP1[1]   ; FD:inst|Q1          ; FD:inst|Q1  ; 1.000        ; 0.000      ; 0.399      ;
; 0.635  ; FD2:inst1|TEMP1[0]   ; FD2:inst1|TEMP1[3]   ; FD:inst|Q1          ; FD:inst|Q1  ; 1.000        ; 0.000      ; 0.397      ;
; 0.637  ; FD2:inst1|TEMP1[2]   ; FD2:inst1|TEMP1[0]   ; FD:inst|Q1          ; FD:inst|Q1  ; 1.000        ; 0.000      ; 0.395      ;
; 0.665  ; MAIN:inst8|CS.SSUM   ; MAIN:inst8|CS.SSUM   ; FD:inst|Q1          ; FD:inst|Q1  ; 1.000        ; 0.000      ; 0.367      ;
; 0.665  ; MAIN:inst8|CS.SPAUSE ; MAIN:inst8|CS.SPAUSE ; FD:inst|Q1          ; FD:inst|Q1  ; 1.000        ; 0.000      ; 0.367      ;
; 0.665  ; FD2:inst1|TEMP1[0]   ; FD2:inst1|TEMP1[0]   ; FD:inst|Q1          ; FD:inst|Q1  ; 1.000        ; 0.000      ; 0.367      ;
; 0.665  ; FD2:inst1|TEMP1[2]   ; FD2:inst1|TEMP1[2]   ; FD:inst|Q1          ; FD:inst|Q1  ; 1.000        ; 0.000      ; 0.367      ;
; 0.665  ; FD2:inst1|TEMP1[3]   ; FD2:inst1|TEMP1[3]   ; FD:inst|Q1          ; FD:inst|Q1  ; 1.000        ; 0.000      ; 0.367      ;
; 0.665  ; FD3:inst22|TEMP1[1]  ; FD3:inst22|TEMP1[1]  ; FD:inst|Q1          ; FD:inst|Q1  ; 1.000        ; 0.000      ; 0.367      ;
; 0.665  ; FD3:inst22|TEMP1[0]  ; FD3:inst22|TEMP1[0]  ; FD:inst|Q1          ; FD:inst|Q1  ; 1.000        ; 0.000      ; 0.367      ;
; 0.665  ; FD3:inst22|TEMP1[2]  ; FD3:inst22|TEMP1[2]  ; FD:inst|Q1          ; FD:inst|Q1  ; 1.000        ; 0.000      ; 0.367      ;
; 0.665  ; FD2:inst1|TEMP1[1]   ; FD2:inst1|TEMP1[1]   ; FD:inst|Q1          ; FD:inst|Q1  ; 1.000        ; 0.000      ; 0.367      ;
; 0.945  ; MAIN:inst8|CS.SRUN0  ; MAIN:inst8|CS.SRUN1  ; MAIN:inst8|CS.SRUN0 ; FD:inst|Q1  ; 1.000        ; 1.046      ; 1.274      ;
; 1.024  ; MAIN:inst8|CS.S1     ; MAIN:inst8|CS.SSUM   ; MAIN:inst8|CS.S1    ; FD:inst|Q1  ; 0.500        ; 1.046      ; 0.695      ;
; 1.132  ; MAIN:inst8|CS.S1     ; MAIN:inst8|CS.SRUN0  ; MAIN:inst8|CS.S1    ; FD:inst|Q1  ; 0.500        ; 1.997      ; 1.538      ;
; 1.160  ; MAIN:inst8|CS.SCT1   ; MAIN:inst8|CS.S1     ; MAIN:inst8|CS.SCT1  ; FD:inst|Q1  ; 0.500        ; 1.974      ; 1.487      ;
; 1.165  ; MAIN:inst8|CS.SCT0   ; MAIN:inst8|CS.S1     ; MAIN:inst8|CS.SCT0  ; FD:inst|Q1  ; 0.500        ; 1.974      ; 1.482      ;
; 1.268  ; MAIN:inst8|CS.SRUN1  ; MAIN:inst8|CS.S1     ; FD:inst|Q1          ; FD:inst|Q1  ; 1.000        ; 0.928      ; 0.692      ;
; 1.383  ; MAIN:inst8|CS.SCT1   ; FD2:inst1|TEMP1[1]   ; MAIN:inst8|CS.SCT1  ; FD:inst|Q1  ; 0.500        ; 1.959      ; 1.249      ;
; 1.383  ; MAIN:inst8|CS.SCT1   ; FD2:inst1|TEMP1[2]   ; MAIN:inst8|CS.SCT1  ; FD:inst|Q1  ; 0.500        ; 1.959      ; 1.249      ;
; 1.383  ; MAIN:inst8|CS.SCT1   ; FD2:inst1|TEMP1[0]   ; MAIN:inst8|CS.SCT1  ; FD:inst|Q1  ; 0.500        ; 1.959      ; 1.249      ;
; 1.383  ; MAIN:inst8|CS.SCT1   ; FD2:inst1|TEMP1[3]   ; MAIN:inst8|CS.SCT1  ; FD:inst|Q1  ; 0.500        ; 1.959      ; 1.249      ;
; 1.388  ; MAIN:inst8|CS.SCT0   ; FD2:inst1|TEMP1[1]   ; MAIN:inst8|CS.SCT0  ; FD:inst|Q1  ; 0.500        ; 1.959      ; 1.244      ;
; 1.388  ; MAIN:inst8|CS.SCT0   ; FD2:inst1|TEMP1[2]   ; MAIN:inst8|CS.SCT0  ; FD:inst|Q1  ; 0.500        ; 1.959      ; 1.244      ;
; 1.388  ; MAIN:inst8|CS.SCT0   ; FD2:inst1|TEMP1[0]   ; MAIN:inst8|CS.SCT0  ; FD:inst|Q1  ; 0.500        ; 1.959      ; 1.244      ;
; 1.388  ; MAIN:inst8|CS.SCT0   ; FD2:inst1|TEMP1[3]   ; MAIN:inst8|CS.SCT0  ; FD:inst|Q1  ; 0.500        ; 1.959      ; 1.244      ;
; 1.424  ; MAIN:inst8|CS.SSUM   ; MAIN:inst8|CS.S1     ; FD:inst|Q1          ; FD:inst|Q1  ; 1.000        ; 0.928      ; 0.536      ;
; 1.486  ; MAIN:inst8|CS.SRUN1  ; MAIN:inst8|CS.SPAUSE ; FD:inst|Q1          ; FD:inst|Q1  ; 1.000        ; 0.928      ; 0.474      ;
; 1.524  ; MAIN:inst8|CS.S1     ; MAIN:inst8|CS.SSUM   ; MAIN:inst8|CS.S1    ; FD:inst|Q1  ; 1.000        ; 1.046      ; 0.695      ;
; 1.615  ; MAIN:inst8|CS.S1     ; MAIN:inst8|CS.SCT0   ; MAIN:inst8|CS.S1    ; FD:inst|Q1  ; 0.500        ; 1.970      ; 1.028      ;
; 1.615  ; MAIN:inst8|CS.S1     ; MAIN:inst8|CS.SCT1   ; MAIN:inst8|CS.S1    ; FD:inst|Q1  ; 0.500        ; 1.970      ; 1.028      ;
; 1.632  ; MAIN:inst8|CS.S1     ; MAIN:inst8|CS.SRUN0  ; MAIN:inst8|CS.S1    ; FD:inst|Q1  ; 1.000        ; 1.997      ; 1.538      ;
; 1.653  ; MAIN:inst8|CS.S1     ; MAIN:inst8|CS.S1     ; MAIN:inst8|CS.S1    ; FD:inst|Q1  ; 0.500        ; 1.974      ; 0.994      ;
; 1.660  ; MAIN:inst8|CS.SCT1   ; MAIN:inst8|CS.S1     ; MAIN:inst8|CS.SCT1  ; FD:inst|Q1  ; 1.000        ; 1.974      ; 1.487      ;
; 1.665  ; MAIN:inst8|CS.SCT0   ; MAIN:inst8|CS.S1     ; MAIN:inst8|CS.SCT0  ; FD:inst|Q1  ; 1.000        ; 1.974      ; 1.482      ;
; 1.869  ; MAIN:inst8|CS.SCT1   ; MAIN:inst8|CS.SCT0   ; MAIN:inst8|CS.SCT1  ; FD:inst|Q1  ; 0.500        ; 1.970      ; 0.774      ;
; 1.870  ; MAIN:inst8|CS.SCT1   ; MAIN:inst8|CS.SCT1   ; MAIN:inst8|CS.SCT1  ; FD:inst|Q1  ; 0.500        ; 1.970      ; 0.773      ;
; 1.874  ; MAIN:inst8|CS.SCT0   ; MAIN:inst8|CS.SCT0   ; MAIN:inst8|CS.SCT0  ; FD:inst|Q1  ; 0.500        ; 1.970      ; 0.769      ;
; 1.875  ; MAIN:inst8|CS.SCT0   ; MAIN:inst8|CS.SCT1   ; MAIN:inst8|CS.SCT0  ; FD:inst|Q1  ; 0.500        ; 1.970      ; 0.768      ;
; 1.883  ; MAIN:inst8|CS.SCT1   ; FD2:inst1|TEMP1[1]   ; MAIN:inst8|CS.SCT1  ; FD:inst|Q1  ; 1.000        ; 1.959      ; 1.249      ;
; 1.883  ; MAIN:inst8|CS.SCT1   ; FD2:inst1|TEMP1[2]   ; MAIN:inst8|CS.SCT1  ; FD:inst|Q1  ; 1.000        ; 1.959      ; 1.249      ;
; 1.883  ; MAIN:inst8|CS.SCT1   ; FD2:inst1|TEMP1[0]   ; MAIN:inst8|CS.SCT1  ; FD:inst|Q1  ; 1.000        ; 1.959      ; 1.249      ;
; 1.883  ; MAIN:inst8|CS.SCT1   ; FD2:inst1|TEMP1[3]   ; MAIN:inst8|CS.SCT1  ; FD:inst|Q1  ; 1.000        ; 1.959      ; 1.249      ;
; 1.888  ; MAIN:inst8|CS.SCT0   ; FD2:inst1|TEMP1[1]   ; MAIN:inst8|CS.SCT0  ; FD:inst|Q1  ; 1.000        ; 1.959      ; 1.244      ;
; 1.888  ; MAIN:inst8|CS.SCT0   ; FD2:inst1|TEMP1[2]   ; MAIN:inst8|CS.SCT0  ; FD:inst|Q1  ; 1.000        ; 1.959      ; 1.244      ;
; 1.888  ; MAIN:inst8|CS.SCT0   ; FD2:inst1|TEMP1[0]   ; MAIN:inst8|CS.SCT0  ; FD:inst|Q1  ; 1.000        ; 1.959      ; 1.244      ;
; 1.888  ; MAIN:inst8|CS.SCT0   ; FD2:inst1|TEMP1[3]   ; MAIN:inst8|CS.SCT0  ; FD:inst|Q1  ; 1.000        ; 1.959      ; 1.244      ;
; 2.115  ; MAIN:inst8|CS.S1     ; MAIN:inst8|CS.SCT0   ; MAIN:inst8|CS.S1    ; FD:inst|Q1  ; 1.000        ; 1.970      ; 1.028      ;
; 2.115  ; MAIN:inst8|CS.S1     ; MAIN:inst8|CS.SCT1   ; MAIN:inst8|CS.S1    ; FD:inst|Q1  ; 1.000        ; 1.970      ; 1.028      ;
; 2.153  ; MAIN:inst8|CS.S1     ; MAIN:inst8|CS.S1     ; MAIN:inst8|CS.S1    ; FD:inst|Q1  ; 1.000        ; 1.974      ; 0.994      ;
; 2.369  ; MAIN:inst8|CS.SCT1   ; MAIN:inst8|CS.SCT0   ; MAIN:inst8|CS.SCT1  ; FD:inst|Q1  ; 1.000        ; 1.970      ; 0.774      ;
; 2.370  ; MAIN:inst8|CS.SCT1   ; MAIN:inst8|CS.SCT1   ; MAIN:inst8|CS.SCT1  ; FD:inst|Q1  ; 1.000        ; 1.970      ; 0.773      ;
; 2.374  ; MAIN:inst8|CS.SCT0   ; MAIN:inst8|CS.SCT0   ; MAIN:inst8|CS.SCT0  ; FD:inst|Q1  ; 1.000        ; 1.970      ; 0.769      ;
; 2.375  ; MAIN:inst8|CS.SCT0   ; MAIN:inst8|CS.SCT1   ; MAIN:inst8|CS.SCT0  ; FD:inst|Q1  ; 1.000        ; 1.970      ; 0.768      ;
+--------+----------------------+----------------------+---------------------+-------------+--------------+------------+------------+


+-------------------------------------------------------------------------------------------------------------------------------------------+
; Fast Model Setup: 'MAIN:inst8|CS.SRUN0'                                                                                                   ;
+--------+----------------------+----------------------+---------------------+---------------------+--------------+------------+------------+
; Slack  ; From Node            ; To Node              ; Launch Clock        ; Latch Clock         ; Relationship ; Clock Skew ; Data Delay ;
+--------+----------------------+----------------------+---------------------+---------------------+--------------+------------+------------+
; -0.096 ; COUNT:inst7|TEMP[0]  ; COUNT:inst7|TEMP[13] ; MAIN:inst8|CS.SRUN0 ; MAIN:inst8|CS.SRUN0 ; 1.000        ; 0.000      ; 1.128      ;
; -0.061 ; COUNT:inst7|TEMP[0]  ; COUNT:inst7|TEMP[12] ; MAIN:inst8|CS.SRUN0 ; MAIN:inst8|CS.SRUN0 ; 1.000        ; 0.000      ; 1.093      ;
; -0.061 ; COUNT:inst7|TEMP[1]  ; COUNT:inst7|TEMP[13] ; MAIN:inst8|CS.SRUN0 ; MAIN:inst8|CS.SRUN0 ; 1.000        ; 0.000      ; 1.093      ;
; -0.027 ; COUNT:inst7|TEMP[2]  ; COUNT:inst7|TEMP[13] ; MAIN:inst8|CS.SRUN0 ; MAIN:inst8|CS.SRUN0 ; 1.000        ; 0.000      ; 1.059      ;
; -0.026 ; COUNT:inst7|TEMP[0]  ; COUNT:inst7|TEMP[11] ; MAIN:inst8|CS.SRUN0 ; MAIN:inst8|CS.SRUN0 ; 1.000        ; 0.000      ; 1.058      ;
; -0.026 ; COUNT:inst7|TEMP[1]  ; COUNT:inst7|TEMP[12] ; MAIN:inst8|CS.SRUN0 ; MAIN:inst8|CS.SRUN0 ; 1.000        ; 0.000      ; 1.058      ;
; -0.003 ; COUNT:inst7|TEMP[3]  ; COUNT:inst7|TEMP[13] ; MAIN:inst8|CS.SRUN0 ; MAIN:inst8|CS.SRUN0 ; 1.000        ; 0.000      ; 1.035      ;
; 0.008  ; COUNT:inst7|TEMP[2]  ; COUNT:inst7|TEMP[12] ; MAIN:inst8|CS.SRUN0 ; MAIN:inst8|CS.SRUN0 ; 1.000        ; 0.000      ; 1.024      ;
; 0.009  ; COUNT:inst7|TEMP[0]  ; COUNT:inst7|TEMP[10] ; MAIN:inst8|CS.SRUN0 ; MAIN:inst8|CS.SRUN0 ; 1.000        ; 0.000      ; 1.023      ;
; 0.009  ; COUNT:inst7|TEMP[1]  ; COUNT:inst7|TEMP[11] ; MAIN:inst8|CS.SRUN0 ; MAIN:inst8|CS.SRUN0 ; 1.000        ; 0.000      ; 1.023      ;
; 0.028  ; COUNT:inst7|TEMP[6]  ; COUNT:inst7|TEMP[13] ; MAIN:inst8|CS.SRUN0 ; MAIN:inst8|CS.SRUN0 ; 1.000        ; 0.000      ; 1.004      ;
; 0.032  ; COUNT:inst7|TEMP[3]  ; COUNT:inst7|TEMP[12] ; MAIN:inst8|CS.SRUN0 ; MAIN:inst8|CS.SRUN0 ; 1.000        ; 0.000      ; 1.000      ;
; 0.042  ; COUNT:inst7|TEMP[4]  ; COUNT:inst7|TEMP[13] ; MAIN:inst8|CS.SRUN0 ; MAIN:inst8|CS.SRUN0 ; 1.000        ; 0.000      ; 0.990      ;
; 0.043  ; COUNT:inst7|TEMP[2]  ; COUNT:inst7|TEMP[11] ; MAIN:inst8|CS.SRUN0 ; MAIN:inst8|CS.SRUN0 ; 1.000        ; 0.000      ; 0.989      ;
; 0.044  ; COUNT:inst7|TEMP[0]  ; COUNT:inst7|TEMP[9]  ; MAIN:inst8|CS.SRUN0 ; MAIN:inst8|CS.SRUN0 ; 1.000        ; 0.000      ; 0.988      ;
; 0.044  ; COUNT:inst7|TEMP[1]  ; COUNT:inst7|TEMP[10] ; MAIN:inst8|CS.SRUN0 ; MAIN:inst8|CS.SRUN0 ; 1.000        ; 0.000      ; 0.988      ;
; 0.063  ; COUNT:inst7|TEMP[6]  ; COUNT:inst7|TEMP[12] ; MAIN:inst8|CS.SRUN0 ; MAIN:inst8|CS.SRUN0 ; 1.000        ; 0.000      ; 0.969      ;
; 0.067  ; COUNT:inst7|TEMP[5]  ; COUNT:inst7|TEMP[13] ; MAIN:inst8|CS.SRUN0 ; MAIN:inst8|CS.SRUN0 ; 1.000        ; 0.000      ; 0.965      ;
; 0.067  ; COUNT:inst7|TEMP[3]  ; COUNT:inst7|TEMP[11] ; MAIN:inst8|CS.SRUN0 ; MAIN:inst8|CS.SRUN0 ; 1.000        ; 0.000      ; 0.965      ;
; 0.077  ; COUNT:inst7|TEMP[4]  ; COUNT:inst7|TEMP[12] ; MAIN:inst8|CS.SRUN0 ; MAIN:inst8|CS.SRUN0 ; 1.000        ; 0.000      ; 0.955      ;
; 0.078  ; COUNT:inst7|TEMP[2]  ; COUNT:inst7|TEMP[10] ; MAIN:inst8|CS.SRUN0 ; MAIN:inst8|CS.SRUN0 ; 1.000        ; 0.000      ; 0.954      ;
; 0.079  ; COUNT:inst7|TEMP[0]  ; COUNT:inst7|TEMP[8]  ; MAIN:inst8|CS.SRUN0 ; MAIN:inst8|CS.SRUN0 ; 1.000        ; 0.000      ; 0.953      ;
; 0.079  ; COUNT:inst7|TEMP[1]  ; COUNT:inst7|TEMP[9]  ; MAIN:inst8|CS.SRUN0 ; MAIN:inst8|CS.SRUN0 ; 1.000        ; 0.000      ; 0.953      ;
; 0.098  ; COUNT:inst7|TEMP[6]  ; COUNT:inst7|TEMP[11] ; MAIN:inst8|CS.SRUN0 ; MAIN:inst8|CS.SRUN0 ; 1.000        ; 0.000      ; 0.934      ;
; 0.102  ; COUNT:inst7|TEMP[5]  ; COUNT:inst7|TEMP[12] ; MAIN:inst8|CS.SRUN0 ; MAIN:inst8|CS.SRUN0 ; 1.000        ; 0.000      ; 0.930      ;
; 0.102  ; COUNT:inst7|TEMP[3]  ; COUNT:inst7|TEMP[10] ; MAIN:inst8|CS.SRUN0 ; MAIN:inst8|CS.SRUN0 ; 1.000        ; 0.000      ; 0.930      ;
; 0.112  ; COUNT:inst7|TEMP[4]  ; COUNT:inst7|TEMP[11] ; MAIN:inst8|CS.SRUN0 ; MAIN:inst8|CS.SRUN0 ; 1.000        ; 0.000      ; 0.920      ;
; 0.113  ; COUNT:inst7|TEMP[2]  ; COUNT:inst7|TEMP[9]  ; MAIN:inst8|CS.SRUN0 ; MAIN:inst8|CS.SRUN0 ; 1.000        ; 0.000      ; 0.919      ;
; 0.114  ; COUNT:inst7|TEMP[1]  ; COUNT:inst7|TEMP[8]  ; MAIN:inst8|CS.SRUN0 ; MAIN:inst8|CS.SRUN0 ; 1.000        ; 0.000      ; 0.918      ;
; 0.133  ; COUNT:inst7|TEMP[6]  ; COUNT:inst7|TEMP[10] ; MAIN:inst8|CS.SRUN0 ; MAIN:inst8|CS.SRUN0 ; 1.000        ; 0.000      ; 0.899      ;
; 0.137  ; COUNT:inst7|TEMP[5]  ; COUNT:inst7|TEMP[11] ; MAIN:inst8|CS.SRUN0 ; MAIN:inst8|CS.SRUN0 ; 1.000        ; 0.000      ; 0.895      ;
; 0.137  ; COUNT:inst7|TEMP[3]  ; COUNT:inst7|TEMP[9]  ; MAIN:inst8|CS.SRUN0 ; MAIN:inst8|CS.SRUN0 ; 1.000        ; 0.000      ; 0.895      ;
; 0.147  ; COUNT:inst7|TEMP[4]  ; COUNT:inst7|TEMP[10] ; MAIN:inst8|CS.SRUN0 ; MAIN:inst8|CS.SRUN0 ; 1.000        ; 0.000      ; 0.885      ;
; 0.148  ; COUNT:inst7|TEMP[2]  ; COUNT:inst7|TEMP[8]  ; MAIN:inst8|CS.SRUN0 ; MAIN:inst8|CS.SRUN0 ; 1.000        ; 0.000      ; 0.884      ;
; 0.151  ; COUNT:inst7|TEMP[7]  ; COUNT:inst7|TEMP[13] ; MAIN:inst8|CS.SRUN0 ; MAIN:inst8|CS.SRUN0 ; 1.000        ; 0.000      ; 0.881      ;
; 0.168  ; COUNT:inst7|TEMP[6]  ; COUNT:inst7|TEMP[9]  ; MAIN:inst8|CS.SRUN0 ; MAIN:inst8|CS.SRUN0 ; 1.000        ; 0.000      ; 0.864      ;
; 0.172  ; COUNT:inst7|TEMP[5]  ; COUNT:inst7|TEMP[10] ; MAIN:inst8|CS.SRUN0 ; MAIN:inst8|CS.SRUN0 ; 1.000        ; 0.000      ; 0.860      ;
; 0.172  ; COUNT:inst7|TEMP[3]  ; COUNT:inst7|TEMP[8]  ; MAIN:inst8|CS.SRUN0 ; MAIN:inst8|CS.SRUN0 ; 1.000        ; 0.000      ; 0.860      ;
; 0.173  ; COUNT:inst7|TEMP[0]  ; COUNT:inst7|TEMP[7]  ; MAIN:inst8|CS.SRUN0 ; MAIN:inst8|CS.SRUN0 ; 1.000        ; 0.000      ; 0.859      ;
; 0.182  ; COUNT:inst7|TEMP[4]  ; COUNT:inst7|TEMP[9]  ; MAIN:inst8|CS.SRUN0 ; MAIN:inst8|CS.SRUN0 ; 1.000        ; 0.000      ; 0.850      ;
; 0.186  ; COUNT:inst7|TEMP[7]  ; COUNT:inst7|TEMP[12] ; MAIN:inst8|CS.SRUN0 ; MAIN:inst8|CS.SRUN0 ; 1.000        ; 0.000      ; 0.846      ;
; 0.203  ; COUNT:inst7|TEMP[6]  ; COUNT:inst7|TEMP[8]  ; MAIN:inst8|CS.SRUN0 ; MAIN:inst8|CS.SRUN0 ; 1.000        ; 0.000      ; 0.829      ;
; 0.207  ; COUNT:inst7|TEMP[5]  ; COUNT:inst7|TEMP[9]  ; MAIN:inst8|CS.SRUN0 ; MAIN:inst8|CS.SRUN0 ; 1.000        ; 0.000      ; 0.825      ;
; 0.208  ; COUNT:inst7|TEMP[0]  ; COUNT:inst7|TEMP[6]  ; MAIN:inst8|CS.SRUN0 ; MAIN:inst8|CS.SRUN0 ; 1.000        ; 0.000      ; 0.824      ;
; 0.208  ; COUNT:inst7|TEMP[1]  ; COUNT:inst7|TEMP[7]  ; MAIN:inst8|CS.SRUN0 ; MAIN:inst8|CS.SRUN0 ; 1.000        ; 0.000      ; 0.824      ;
; 0.217  ; COUNT:inst7|TEMP[4]  ; COUNT:inst7|TEMP[8]  ; MAIN:inst8|CS.SRUN0 ; MAIN:inst8|CS.SRUN0 ; 1.000        ; 0.000      ; 0.815      ;
; 0.221  ; COUNT:inst7|TEMP[7]  ; COUNT:inst7|TEMP[11] ; MAIN:inst8|CS.SRUN0 ; MAIN:inst8|CS.SRUN0 ; 1.000        ; 0.000      ; 0.811      ;
; 0.229  ; COUNT:inst7|TEMP[8]  ; COUNT:inst7|TEMP[13] ; MAIN:inst8|CS.SRUN0 ; MAIN:inst8|CS.SRUN0 ; 1.000        ; 0.000      ; 0.803      ;
; 0.242  ; COUNT:inst7|TEMP[5]  ; COUNT:inst7|TEMP[8]  ; MAIN:inst8|CS.SRUN0 ; MAIN:inst8|CS.SRUN0 ; 1.000        ; 0.000      ; 0.790      ;
; 0.242  ; COUNT:inst7|TEMP[2]  ; COUNT:inst7|TEMP[7]  ; MAIN:inst8|CS.SRUN0 ; MAIN:inst8|CS.SRUN0 ; 1.000        ; 0.000      ; 0.790      ;
; 0.243  ; COUNT:inst7|TEMP[0]  ; COUNT:inst7|TEMP[5]  ; MAIN:inst8|CS.SRUN0 ; MAIN:inst8|CS.SRUN0 ; 1.000        ; 0.000      ; 0.789      ;
; 0.243  ; COUNT:inst7|TEMP[1]  ; COUNT:inst7|TEMP[6]  ; MAIN:inst8|CS.SRUN0 ; MAIN:inst8|CS.SRUN0 ; 1.000        ; 0.000      ; 0.789      ;
; 0.256  ; COUNT:inst7|TEMP[7]  ; COUNT:inst7|TEMP[10] ; MAIN:inst8|CS.SRUN0 ; MAIN:inst8|CS.SRUN0 ; 1.000        ; 0.000      ; 0.776      ;
; 0.264  ; COUNT:inst7|TEMP[8]  ; COUNT:inst7|TEMP[12] ; MAIN:inst8|CS.SRUN0 ; MAIN:inst8|CS.SRUN0 ; 1.000        ; 0.000      ; 0.768      ;
; 0.266  ; COUNT:inst7|TEMP[3]  ; COUNT:inst7|TEMP[7]  ; MAIN:inst8|CS.SRUN0 ; MAIN:inst8|CS.SRUN0 ; 1.000        ; 0.000      ; 0.766      ;
; 0.272  ; COUNT:inst7|CNT[1]   ; COUNT:inst7|TEMP[13] ; FD2:inst1|Q1        ; MAIN:inst8|CS.SRUN0 ; 0.500        ; 1.025      ; 1.285      ;
; 0.277  ; COUNT:inst7|TEMP[9]  ; COUNT:inst7|TEMP[13] ; MAIN:inst8|CS.SRUN0 ; MAIN:inst8|CS.SRUN0 ; 1.000        ; 0.000      ; 0.755      ;
; 0.277  ; COUNT:inst7|TEMP[2]  ; COUNT:inst7|TEMP[6]  ; MAIN:inst8|CS.SRUN0 ; MAIN:inst8|CS.SRUN0 ; 1.000        ; 0.000      ; 0.755      ;
; 0.278  ; COUNT:inst7|TEMP[0]  ; COUNT:inst7|TEMP[4]  ; MAIN:inst8|CS.SRUN0 ; MAIN:inst8|CS.SRUN0 ; 1.000        ; 0.000      ; 0.754      ;
; 0.278  ; COUNT:inst7|TEMP[1]  ; COUNT:inst7|TEMP[5]  ; MAIN:inst8|CS.SRUN0 ; MAIN:inst8|CS.SRUN0 ; 1.000        ; 0.000      ; 0.754      ;
; 0.291  ; COUNT:inst7|TEMP[7]  ; COUNT:inst7|TEMP[9]  ; MAIN:inst8|CS.SRUN0 ; MAIN:inst8|CS.SRUN0 ; 1.000        ; 0.000      ; 0.741      ;
; 0.297  ; COUNT:inst7|TEMP[6]  ; COUNT:inst7|TEMP[7]  ; MAIN:inst8|CS.SRUN0 ; MAIN:inst8|CS.SRUN0 ; 1.000        ; 0.000      ; 0.735      ;
; 0.299  ; COUNT:inst7|TEMP[10] ; COUNT:inst7|TEMP[13] ; MAIN:inst8|CS.SRUN0 ; MAIN:inst8|CS.SRUN0 ; 1.000        ; 0.000      ; 0.733      ;
; 0.299  ; COUNT:inst7|TEMP[8]  ; COUNT:inst7|TEMP[11] ; MAIN:inst8|CS.SRUN0 ; MAIN:inst8|CS.SRUN0 ; 1.000        ; 0.000      ; 0.733      ;
; 0.301  ; COUNT:inst7|TEMP[3]  ; COUNT:inst7|TEMP[6]  ; MAIN:inst8|CS.SRUN0 ; MAIN:inst8|CS.SRUN0 ; 1.000        ; 0.000      ; 0.731      ;
; 0.307  ; COUNT:inst7|CNT[1]   ; COUNT:inst7|TEMP[12] ; FD2:inst1|Q1        ; MAIN:inst8|CS.SRUN0 ; 0.500        ; 1.025      ; 1.250      ;
; 0.311  ; COUNT:inst7|TEMP[4]  ; COUNT:inst7|TEMP[7]  ; MAIN:inst8|CS.SRUN0 ; MAIN:inst8|CS.SRUN0 ; 1.000        ; 0.000      ; 0.721      ;
; 0.312  ; COUNT:inst7|TEMP[9]  ; COUNT:inst7|TEMP[12] ; MAIN:inst8|CS.SRUN0 ; MAIN:inst8|CS.SRUN0 ; 1.000        ; 0.000      ; 0.720      ;
; 0.312  ; COUNT:inst7|TEMP[2]  ; COUNT:inst7|TEMP[5]  ; MAIN:inst8|CS.SRUN0 ; MAIN:inst8|CS.SRUN0 ; 1.000        ; 0.000      ; 0.720      ;
; 0.313  ; COUNT:inst7|TEMP[0]  ; COUNT:inst7|TEMP[3]  ; MAIN:inst8|CS.SRUN0 ; MAIN:inst8|CS.SRUN0 ; 1.000        ; 0.000      ; 0.719      ;
; 0.313  ; COUNT:inst7|TEMP[1]  ; COUNT:inst7|TEMP[4]  ; MAIN:inst8|CS.SRUN0 ; MAIN:inst8|CS.SRUN0 ; 1.000        ; 0.000      ; 0.719      ;
; 0.318  ; COUNT:inst7|CNT[0]   ; COUNT:inst7|TEMP[13] ; FD2:inst1|Q1        ; MAIN:inst8|CS.SRUN0 ; 0.500        ; 1.018      ; 1.232      ;
; 0.326  ; COUNT:inst7|TEMP[7]  ; COUNT:inst7|TEMP[8]  ; MAIN:inst8|CS.SRUN0 ; MAIN:inst8|CS.SRUN0 ; 1.000        ; 0.000      ; 0.706      ;
; 0.334  ; COUNT:inst7|TEMP[10] ; COUNT:inst7|TEMP[12] ; MAIN:inst8|CS.SRUN0 ; MAIN:inst8|CS.SRUN0 ; 1.000        ; 0.000      ; 0.698      ;
; 0.334  ; COUNT:inst7|TEMP[8]  ; COUNT:inst7|TEMP[10] ; MAIN:inst8|CS.SRUN0 ; MAIN:inst8|CS.SRUN0 ; 1.000        ; 0.000      ; 0.698      ;
; 0.336  ; COUNT:inst7|TEMP[5]  ; COUNT:inst7|TEMP[7]  ; MAIN:inst8|CS.SRUN0 ; MAIN:inst8|CS.SRUN0 ; 1.000        ; 0.000      ; 0.696      ;
; 0.336  ; COUNT:inst7|TEMP[3]  ; COUNT:inst7|TEMP[5]  ; MAIN:inst8|CS.SRUN0 ; MAIN:inst8|CS.SRUN0 ; 1.000        ; 0.000      ; 0.696      ;
; 0.342  ; COUNT:inst7|CNT[1]   ; COUNT:inst7|TEMP[11] ; FD2:inst1|Q1        ; MAIN:inst8|CS.SRUN0 ; 0.500        ; 1.025      ; 1.215      ;
; 0.346  ; COUNT:inst7|TEMP[4]  ; COUNT:inst7|TEMP[6]  ; MAIN:inst8|CS.SRUN0 ; MAIN:inst8|CS.SRUN0 ; 1.000        ; 0.000      ; 0.686      ;
; 0.347  ; COUNT:inst7|TEMP[11] ; COUNT:inst7|TEMP[13] ; MAIN:inst8|CS.SRUN0 ; MAIN:inst8|CS.SRUN0 ; 1.000        ; 0.000      ; 0.685      ;
; 0.347  ; COUNT:inst7|TEMP[9]  ; COUNT:inst7|TEMP[11] ; MAIN:inst8|CS.SRUN0 ; MAIN:inst8|CS.SRUN0 ; 1.000        ; 0.000      ; 0.685      ;
; 0.347  ; COUNT:inst7|TEMP[2]  ; COUNT:inst7|TEMP[4]  ; MAIN:inst8|CS.SRUN0 ; MAIN:inst8|CS.SRUN0 ; 1.000        ; 0.000      ; 0.685      ;
; 0.348  ; COUNT:inst7|TEMP[0]  ; COUNT:inst7|TEMP[2]  ; MAIN:inst8|CS.SRUN0 ; MAIN:inst8|CS.SRUN0 ; 1.000        ; 0.000      ; 0.684      ;
; 0.348  ; COUNT:inst7|TEMP[1]  ; COUNT:inst7|TEMP[3]  ; MAIN:inst8|CS.SRUN0 ; MAIN:inst8|CS.SRUN0 ; 1.000        ; 0.000      ; 0.684      ;
; 0.353  ; COUNT:inst7|CNT[0]   ; COUNT:inst7|TEMP[12] ; FD2:inst1|Q1        ; MAIN:inst8|CS.SRUN0 ; 0.500        ; 1.018      ; 1.197      ;
; 0.368  ; COUNT:inst7|TEMP[12] ; COUNT:inst7|TEMP[13] ; MAIN:inst8|CS.SRUN0 ; MAIN:inst8|CS.SRUN0 ; 1.000        ; 0.000      ; 0.664      ;
; 0.369  ; COUNT:inst7|TEMP[10] ; COUNT:inst7|TEMP[11] ; MAIN:inst8|CS.SRUN0 ; MAIN:inst8|CS.SRUN0 ; 1.000        ; 0.000      ; 0.663      ;
; 0.369  ; COUNT:inst7|TEMP[8]  ; COUNT:inst7|TEMP[9]  ; MAIN:inst8|CS.SRUN0 ; MAIN:inst8|CS.SRUN0 ; 1.000        ; 0.000      ; 0.663      ;
; 0.371  ; COUNT:inst7|TEMP[5]  ; COUNT:inst7|TEMP[6]  ; MAIN:inst8|CS.SRUN0 ; MAIN:inst8|CS.SRUN0 ; 1.000        ; 0.000      ; 0.661      ;
; 0.371  ; COUNT:inst7|TEMP[3]  ; COUNT:inst7|TEMP[4]  ; MAIN:inst8|CS.SRUN0 ; MAIN:inst8|CS.SRUN0 ; 1.000        ; 0.000      ; 0.661      ;
; 0.377  ; COUNT:inst7|CNT[1]   ; COUNT:inst7|TEMP[10] ; FD2:inst1|Q1        ; MAIN:inst8|CS.SRUN0 ; 0.500        ; 1.025      ; 1.180      ;
; 0.381  ; COUNT:inst7|TEMP[4]  ; COUNT:inst7|TEMP[5]  ; MAIN:inst8|CS.SRUN0 ; MAIN:inst8|CS.SRUN0 ; 1.000        ; 0.000      ; 0.651      ;
; 0.382  ; COUNT:inst7|TEMP[11] ; COUNT:inst7|TEMP[12] ; MAIN:inst8|CS.SRUN0 ; MAIN:inst8|CS.SRUN0 ; 1.000        ; 0.000      ; 0.650      ;
; 0.382  ; COUNT:inst7|TEMP[9]  ; COUNT:inst7|TEMP[10] ; MAIN:inst8|CS.SRUN0 ; MAIN:inst8|CS.SRUN0 ; 1.000        ; 0.000      ; 0.650      ;
; 0.382  ; COUNT:inst7|TEMP[2]  ; COUNT:inst7|TEMP[3]  ; MAIN:inst8|CS.SRUN0 ; MAIN:inst8|CS.SRUN0 ; 1.000        ; 0.000      ; 0.650      ;
; 0.383  ; COUNT:inst7|TEMP[0]  ; COUNT:inst7|TEMP[1]  ; MAIN:inst8|CS.SRUN0 ; MAIN:inst8|CS.SRUN0 ; 1.000        ; 0.000      ; 0.649      ;
; 0.383  ; COUNT:inst7|TEMP[1]  ; COUNT:inst7|TEMP[2]  ; MAIN:inst8|CS.SRUN0 ; MAIN:inst8|CS.SRUN0 ; 1.000        ; 0.000      ; 0.649      ;
; 0.388  ; COUNT:inst7|CNT[0]   ; COUNT:inst7|TEMP[11] ; FD2:inst1|Q1        ; MAIN:inst8|CS.SRUN0 ; 0.500        ; 1.018      ; 1.162      ;
; 0.392  ; COUNT:inst7|CNT[6]   ; COUNT:inst7|TEMP[13] ; FD2:inst1|Q1        ; MAIN:inst8|CS.SRUN0 ; 0.500        ; 1.046      ; 1.186      ;
; 0.401  ; COUNT:inst7|CNT[2]   ; COUNT:inst7|TEMP[13] ; FD2:inst1|Q1        ; MAIN:inst8|CS.SRUN0 ; 0.500        ; 1.018      ; 1.149      ;
+--------+----------------------+----------------------+---------------------+---------------------+--------------+------------+------------+


+-------------------------------------------------------------------------------------------------------------------------------------------+
; Fast Model Hold: 'MAIN:inst8|CS.SCT0'                                                                                                     ;
+--------+-----------------------+-----------------------+--------------------+--------------------+--------------+------------+------------+
; Slack  ; From Node             ; To Node               ; Launch Clock       ; Latch Clock        ; Relationship ; Clock Skew ; Data Delay ;
+--------+-----------------------+-----------------------+--------------------+--------------------+--------------+------------+------------+
; -3.279 ; MAIN:inst8|CS.SCT1    ; MAIN:inst8|HH0[2]     ; MAIN:inst8|CS.SCT1 ; MAIN:inst8|CS.SCT0 ; 0.000        ; 3.728      ; 0.590      ;
; -3.245 ; MAIN:inst8|CS.SCT1    ; MAIN:inst8|HH0[0]     ; MAIN:inst8|CS.SCT1 ; MAIN:inst8|CS.SCT0 ; 0.000        ; 3.744      ; 0.640      ;
; -3.214 ; MAIN:inst8|CS.SCT1    ; MAIN:inst8|HH1[1]     ; MAIN:inst8|CS.SCT1 ; MAIN:inst8|CS.SCT0 ; 0.000        ; 3.728      ; 0.655      ;
; -3.120 ; MAIN:inst8|CS.SCT1    ; MAIN:inst8|HH1[3]     ; MAIN:inst8|CS.SCT1 ; MAIN:inst8|CS.SCT0 ; 0.000        ; 3.746      ; 0.767      ;
; -3.116 ; MAIN:inst8|CS.SCT1    ; MAIN:inst8|HH1[2]     ; MAIN:inst8|CS.SCT1 ; MAIN:inst8|CS.SCT0 ; 0.000        ; 3.746      ; 0.771      ;
; -3.115 ; MAIN:inst8|CS.SCT1    ; MAIN:inst8|HH0[3]     ; MAIN:inst8|CS.SCT1 ; MAIN:inst8|CS.SCT0 ; 0.000        ; 3.745      ; 0.771      ;
; -3.109 ; MAIN:inst8|CS.SCT1    ; MAIN:inst8|HH0[1]     ; MAIN:inst8|CS.SCT1 ; MAIN:inst8|CS.SCT0 ; 0.000        ; 3.743      ; 0.775      ;
; -2.968 ; MAIN:inst8|CS.SCT1    ; MAIN:inst8|HH1[0]     ; MAIN:inst8|CS.SCT1 ; MAIN:inst8|CS.SCT0 ; 0.000        ; 3.666      ; 0.839      ;
; -2.779 ; MAIN:inst8|CS.SCT1    ; MAIN:inst8|HH0[2]     ; MAIN:inst8|CS.SCT1 ; MAIN:inst8|CS.SCT0 ; -0.500       ; 3.728      ; 0.590      ;
; -2.745 ; MAIN:inst8|CS.SCT1    ; MAIN:inst8|HH0[0]     ; MAIN:inst8|CS.SCT1 ; MAIN:inst8|CS.SCT0 ; -0.500       ; 3.744      ; 0.640      ;
; -2.714 ; MAIN:inst8|CS.SCT1    ; MAIN:inst8|HH1[1]     ; MAIN:inst8|CS.SCT1 ; MAIN:inst8|CS.SCT0 ; -0.500       ; 3.728      ; 0.655      ;
; -2.620 ; MAIN:inst8|CS.SCT1    ; MAIN:inst8|HH1[3]     ; MAIN:inst8|CS.SCT1 ; MAIN:inst8|CS.SCT0 ; -0.500       ; 3.746      ; 0.767      ;
; -2.616 ; MAIN:inst8|CS.SCT1    ; MAIN:inst8|HH1[2]     ; MAIN:inst8|CS.SCT1 ; MAIN:inst8|CS.SCT0 ; -0.500       ; 3.746      ; 0.771      ;
; -2.615 ; MAIN:inst8|CS.SCT1    ; MAIN:inst8|HH0[3]     ; MAIN:inst8|CS.SCT1 ; MAIN:inst8|CS.SCT0 ; -0.500       ; 3.745      ; 0.771      ;
; -2.609 ; MAIN:inst8|CS.SCT1    ; MAIN:inst8|HH0[1]     ; MAIN:inst8|CS.SCT1 ; MAIN:inst8|CS.SCT0 ; -0.500       ; 3.743      ; 0.775      ;
; -2.468 ; MAIN:inst8|CS.SCT1    ; MAIN:inst8|HH1[0]     ; MAIN:inst8|CS.SCT1 ; MAIN:inst8|CS.SCT0 ; -0.500       ; 3.666      ; 0.839      ;
; -1.183 ; FD3:inst22|Q1         ; MAIN:inst8|HH1[2]     ; FD:inst|Q1         ; MAIN:inst8|CS.SCT0 ; 0.000        ; 1.775      ; 0.592      ;
; -1.181 ; FD3:inst22|Q1         ; MAIN:inst8|HH0[3]     ; FD:inst|Q1         ; MAIN:inst8|CS.SCT0 ; 0.000        ; 1.774      ; 0.593      ;
; -1.179 ; FD3:inst22|Q1         ; MAIN:inst8|HH1[3]     ; FD:inst|Q1         ; MAIN:inst8|CS.SCT0 ; 0.000        ; 1.775      ; 0.596      ;
; -1.173 ; FD3:inst22|Q1         ; MAIN:inst8|HH0[1]     ; FD:inst|Q1         ; MAIN:inst8|CS.SCT0 ; 0.000        ; 1.772      ; 0.599      ;
; -1.146 ; FD3:inst22|Q1         ; MAIN:inst8|HH1[1]     ; FD:inst|Q1         ; MAIN:inst8|CS.SCT0 ; 0.000        ; 1.757      ; 0.611      ;
; -1.095 ; FD3:inst22|Q1         ; MAIN:inst8|HH0[0]     ; FD:inst|Q1         ; MAIN:inst8|CS.SCT0 ; 0.000        ; 1.773      ; 0.678      ;
; -1.033 ; FD3:inst22|Q1         ; MAIN:inst8|HH1[0]     ; FD:inst|Q1         ; MAIN:inst8|CS.SCT0 ; 0.000        ; 1.695      ; 0.662      ;
; -1.024 ; FD3:inst22|Q1         ; MAIN:inst8|HH0[2]     ; FD:inst|Q1         ; MAIN:inst8|CS.SCT0 ; 0.000        ; 1.757      ; 0.733      ;
; -0.824 ; MAIN:inst8|CS.S0      ; MAIN:inst8|DOT        ; FD:inst|Q1         ; MAIN:inst8|CS.SCT0 ; 0.000        ; 1.176      ; 0.352      ;
; -0.325 ; CLOCK_M:inst3|CNT0[1] ; CLOCK_M:inst3|CNT0[1] ; FD2:inst1|Q1       ; MAIN:inst8|CS.SCT0 ; 0.000        ; 0.540      ; 0.367      ;
; -0.325 ; CLOCK_M:inst3|CNT0[3] ; CLOCK_M:inst3|CNT0[3] ; FD2:inst1|Q1       ; MAIN:inst8|CS.SCT0 ; 0.000        ; 0.540      ; 0.367      ;
; -0.325 ; CLOCK_M:inst3|CNT1[0] ; CLOCK_M:inst3|CNT1[0] ; FD2:inst1|Q1       ; MAIN:inst8|CS.SCT0 ; 0.000        ; 0.540      ; 0.367      ;
; -0.325 ; CLOCK_M:inst3|CNT1[1] ; CLOCK_M:inst3|CNT1[1] ; FD2:inst1|Q1       ; MAIN:inst8|CS.SCT0 ; 0.000        ; 0.540      ; 0.367      ;
; -0.325 ; CLOCK_M:inst3|CNT1[2] ; CLOCK_M:inst3|CNT1[2] ; FD2:inst1|Q1       ; MAIN:inst8|CS.SCT0 ; 0.000        ; 0.540      ; 0.367      ;
; -0.325 ; CLOCK_M:inst3|CNT1[3] ; CLOCK_M:inst3|CNT1[3] ; FD2:inst1|Q1       ; MAIN:inst8|CS.SCT0 ; 0.000        ; 0.540      ; 0.367      ;
; -0.287 ; CLOCK_M:inst3|CNT0[3] ; CLOCK_M:inst3|CNT0[1] ; FD2:inst1|Q1       ; MAIN:inst8|CS.SCT0 ; 0.000        ; 0.540      ; 0.405      ;
; -0.284 ; CLOCK_M:inst3|CNT1[0] ; CLOCK_M:inst3|CNT1[1] ; FD2:inst1|Q1       ; MAIN:inst8|CS.SCT0 ; 0.000        ; 0.540      ; 0.408      ;
; -0.252 ; CLOCK_H:inst4|CNT0[0] ; MAIN:inst8|HH0[0]     ; MAIN:inst8|CS.SCT1 ; MAIN:inst8|CS.SCT0 ; 0.000        ; 0.903      ; 0.651      ;
; -0.236 ; CLOCK_H:inst4|CNT1[1] ; MAIN:inst8|HH1[1]     ; MAIN:inst8|CS.SCT1 ; MAIN:inst8|CS.SCT0 ; 0.000        ; 0.888      ; 0.652      ;
; -0.208 ; CLOCK_M:inst3|CNT0[1] ; CLOCK_M:inst3|CNT0[3] ; FD2:inst1|Q1       ; MAIN:inst8|CS.SCT0 ; 0.000        ; 0.540      ; 0.484      ;
; -0.188 ; CLOCK_H:inst4|CNT0[0] ; MAIN:inst8|HH0[0]     ; MAIN:inst8|CS.SCT0 ; MAIN:inst8|CS.SCT0 ; 0.000        ; 0.839      ; 0.651      ;
; -0.179 ; CLOCK_H:inst4|CNT1[3] ; MAIN:inst8|HH1[3]     ; MAIN:inst8|CS.SCT1 ; MAIN:inst8|CS.SCT0 ; 0.000        ; 0.906      ; 0.727      ;
; -0.174 ; CLOCK_H:inst4|CNT1[2] ; MAIN:inst8|HH1[2]     ; MAIN:inst8|CS.SCT1 ; MAIN:inst8|CS.SCT0 ; 0.000        ; 0.906      ; 0.732      ;
; -0.172 ; CLOCK_H:inst4|CNT0[3] ; MAIN:inst8|HH0[3]     ; MAIN:inst8|CS.SCT1 ; MAIN:inst8|CS.SCT0 ; 0.000        ; 0.905      ; 0.733      ;
; -0.172 ; CLOCK_H:inst4|CNT1[1] ; MAIN:inst8|HH1[1]     ; MAIN:inst8|CS.SCT0 ; MAIN:inst8|CS.SCT0 ; 0.000        ; 0.824      ; 0.652      ;
; -0.164 ; CLOCK_M:inst3|CNT1[0] ; CLOCK_M:inst3|CNT1[2] ; FD2:inst1|Q1       ; MAIN:inst8|CS.SCT0 ; 0.000        ; 0.540      ; 0.528      ;
; -0.159 ; CLOCK_M:inst3|CNT1[1] ; CLOCK_M:inst3|CNT1[2] ; FD2:inst1|Q1       ; MAIN:inst8|CS.SCT0 ; 0.000        ; 0.540      ; 0.533      ;
; -0.157 ; CLOCK_M:inst3|CNT0[2] ; CLOCK_M:inst3|CNT0[3] ; FD2:inst1|Q1       ; MAIN:inst8|CS.SCT0 ; 0.000        ; 0.540      ; 0.535      ;
; -0.152 ; CLOCK_M:inst3|CNT0[2] ; CLOCK_M:inst3|CNT0[1] ; FD2:inst1|Q1       ; MAIN:inst8|CS.SCT0 ; 0.000        ; 0.540      ; 0.540      ;
; -0.150 ; CLOCK_H:inst4|CNT0[2] ; MAIN:inst8|HH0[2]     ; MAIN:inst8|CS.SCT1 ; MAIN:inst8|CS.SCT0 ; 0.000        ; 0.888      ; 0.738      ;
; -0.149 ; CLOCK_H:inst4|CNT0[1] ; MAIN:inst8|HH0[1]     ; MAIN:inst8|CS.SCT1 ; MAIN:inst8|CS.SCT0 ; 0.000        ; 0.903      ; 0.754      ;
; -0.115 ; CLOCK_H:inst4|CNT1[3] ; MAIN:inst8|HH1[3]     ; MAIN:inst8|CS.SCT0 ; MAIN:inst8|CS.SCT0 ; 0.000        ; 0.842      ; 0.727      ;
; -0.110 ; CLOCK_M:inst3|CNT1[3] ; CLOCK_M:inst3|CNT1[2] ; FD2:inst1|Q1       ; MAIN:inst8|CS.SCT0 ; 0.000        ; 0.541      ; 0.583      ;
; -0.110 ; CLOCK_H:inst4|CNT1[2] ; MAIN:inst8|HH1[2]     ; MAIN:inst8|CS.SCT0 ; MAIN:inst8|CS.SCT0 ; 0.000        ; 0.842      ; 0.732      ;
; -0.108 ; CLOCK_H:inst4|CNT0[3] ; MAIN:inst8|HH0[3]     ; MAIN:inst8|CS.SCT0 ; MAIN:inst8|CS.SCT0 ; 0.000        ; 0.841      ; 0.733      ;
; -0.093 ; CLOCK_M:inst3|CNT0[0] ; CLOCK_M:inst3|CNT0[1] ; FD2:inst1|Q1       ; MAIN:inst8|CS.SCT0 ; 0.000        ; 0.540      ; 0.599      ;
; -0.092 ; CLOCK_M:inst3|CNT0[0] ; CLOCK_M:inst3|CNT0[3] ; FD2:inst1|Q1       ; MAIN:inst8|CS.SCT0 ; 0.000        ; 0.540      ; 0.600      ;
; -0.086 ; CLOCK_H:inst4|CNT0[2] ; MAIN:inst8|HH0[2]     ; MAIN:inst8|CS.SCT0 ; MAIN:inst8|CS.SCT0 ; 0.000        ; 0.824      ; 0.738      ;
; -0.085 ; CLOCK_H:inst4|CNT0[1] ; MAIN:inst8|HH0[1]     ; MAIN:inst8|CS.SCT0 ; MAIN:inst8|CS.SCT0 ; 0.000        ; 0.839      ; 0.754      ;
; -0.081 ; CLOCK_M:inst3|CNT1[2] ; CLOCK_M:inst3|CNT1[1] ; FD2:inst1|Q1       ; MAIN:inst8|CS.SCT0 ; 0.000        ; 0.540      ; 0.611      ;
; -0.035 ; CLOCK_M:inst3|CNT1[0] ; CLOCK_M:inst3|CNT1[3] ; FD2:inst1|Q1       ; MAIN:inst8|CS.SCT0 ; 0.000        ; 0.539      ; 0.656      ;
; -0.030 ; CLOCK_H:inst4|CNT1[0] ; MAIN:inst8|HH1[0]     ; MAIN:inst8|CS.SCT1 ; MAIN:inst8|CS.SCT0 ; 0.000        ; 0.826      ; 0.796      ;
; -0.003 ; CLOCK_M:inst3|CNT0[3] ; CLOCK_M:inst3|CNT1[3] ; FD2:inst1|Q1       ; MAIN:inst8|CS.SCT0 ; 0.000        ; 0.540      ; 0.689      ;
; 0.005  ; CLOCK_M:inst3|CNT1[3] ; CLOCK_M:inst3|CNT1[1] ; FD2:inst1|Q1       ; MAIN:inst8|CS.SCT0 ; 0.000        ; 0.541      ; 0.698      ;
; 0.034  ; CLOCK_H:inst4|CNT1[0] ; MAIN:inst8|HH1[0]     ; MAIN:inst8|CS.SCT0 ; MAIN:inst8|CS.SCT0 ; 0.000        ; 0.762      ; 0.796      ;
; 0.042  ; CLOCK_M:inst3|CNT1[2] ; CLOCK_M:inst3|CNT1[3] ; FD2:inst1|Q1       ; MAIN:inst8|CS.SCT0 ; 0.000        ; 0.539      ; 0.733      ;
; 0.053  ; CLOCK_M:inst3|CNT0[2] ; CLOCK_M:inst3|CNT1[3] ; FD2:inst1|Q1       ; MAIN:inst8|CS.SCT0 ; 0.000        ; 0.540      ; 0.745      ;
; 0.093  ; CLOCK_M:inst3|CNT1[1] ; CLOCK_M:inst3|CNT1[3] ; FD2:inst1|Q1       ; MAIN:inst8|CS.SCT0 ; 0.000        ; 0.539      ; 0.784      ;
; 0.111  ; CLOCK_M:inst3|CNT0[1] ; CLOCK_M:inst3|CNT1[3] ; FD2:inst1|Q1       ; MAIN:inst8|CS.SCT0 ; 0.000        ; 0.540      ; 0.803      ;
; 0.128  ; CLOCK_M:inst3|CNT0[0] ; CLOCK_M:inst3|CNT1[3] ; FD2:inst1|Q1       ; MAIN:inst8|CS.SCT0 ; 0.000        ; 0.540      ; 0.820      ;
; 0.140  ; CLOCK_M:inst3|CNT0[0] ; CLOCK_M:inst3|CNT0[0] ; FD2:inst1|Q1       ; MAIN:inst8|CS.SCT0 ; 0.000        ; 0.540      ; 0.832      ;
; 0.151  ; CLOCK_H:inst4|CNT0[0] ; CLOCK_H:inst4|CNT0[0] ; MAIN:inst8|CS.SCT1 ; MAIN:inst8|CS.SCT0 ; 0.000        ; 0.064      ; 0.367      ;
; 0.151  ; CLOCK_H:inst4|CNT0[1] ; CLOCK_H:inst4|CNT0[1] ; MAIN:inst8|CS.SCT1 ; MAIN:inst8|CS.SCT0 ; 0.000        ; 0.064      ; 0.367      ;
; 0.151  ; CLOCK_H:inst4|CNT1[0] ; CLOCK_H:inst4|CNT1[0] ; MAIN:inst8|CS.SCT1 ; MAIN:inst8|CS.SCT0 ; 0.000        ; 0.064      ; 0.367      ;
; 0.151  ; CLOCK_H:inst4|CNT1[1] ; CLOCK_H:inst4|CNT1[1] ; MAIN:inst8|CS.SCT1 ; MAIN:inst8|CS.SCT0 ; 0.000        ; 0.064      ; 0.367      ;
; 0.151  ; CLOCK_H:inst4|CNT1[3] ; CLOCK_H:inst4|CNT1[3] ; MAIN:inst8|CS.SCT1 ; MAIN:inst8|CS.SCT0 ; 0.000        ; 0.064      ; 0.367      ;
; 0.151  ; CLOCK_H:inst4|CNT1[2] ; CLOCK_H:inst4|CNT1[2] ; MAIN:inst8|CS.SCT1 ; MAIN:inst8|CS.SCT0 ; 0.000        ; 0.064      ; 0.367      ;
; 0.153  ; CLOCK_M:inst3|CNT0[1] ; CLOCK_M:inst3|CNT0[1] ; MAIN:inst8|CS.SCT1 ; MAIN:inst8|CS.SCT0 ; 0.000        ; 0.062      ; 0.367      ;
; 0.153  ; CLOCK_M:inst3|CNT0[3] ; CLOCK_M:inst3|CNT0[3] ; MAIN:inst8|CS.SCT1 ; MAIN:inst8|CS.SCT0 ; 0.000        ; 0.062      ; 0.367      ;
; 0.153  ; CLOCK_M:inst3|CNT1[0] ; CLOCK_M:inst3|CNT1[0] ; MAIN:inst8|CS.SCT1 ; MAIN:inst8|CS.SCT0 ; 0.000        ; 0.062      ; 0.367      ;
; 0.153  ; CLOCK_M:inst3|CNT1[1] ; CLOCK_M:inst3|CNT1[1] ; MAIN:inst8|CS.SCT1 ; MAIN:inst8|CS.SCT0 ; 0.000        ; 0.062      ; 0.367      ;
; 0.153  ; CLOCK_M:inst3|CNT1[2] ; CLOCK_M:inst3|CNT1[2] ; MAIN:inst8|CS.SCT1 ; MAIN:inst8|CS.SCT0 ; 0.000        ; 0.062      ; 0.367      ;
; 0.153  ; CLOCK_M:inst3|CNT1[3] ; CLOCK_M:inst3|CNT1[3] ; MAIN:inst8|CS.SCT1 ; MAIN:inst8|CS.SCT0 ; 0.000        ; 0.062      ; 0.367      ;
; 0.169  ; CLOCK_M:inst3|CNT0[1] ; CLOCK_M:inst3|CNT0[2] ; FD2:inst1|Q1       ; MAIN:inst8|CS.SCT0 ; 0.000        ; 0.540      ; 0.861      ;
; 0.191  ; CLOCK_M:inst3|CNT0[3] ; CLOCK_M:inst3|CNT0[1] ; MAIN:inst8|CS.SCT1 ; MAIN:inst8|CS.SCT0 ; 0.000        ; 0.062      ; 0.405      ;
; 0.194  ; CLOCK_M:inst3|CNT1[0] ; CLOCK_M:inst3|CNT1[1] ; MAIN:inst8|CS.SCT1 ; MAIN:inst8|CS.SCT0 ; 0.000        ; 0.062      ; 0.408      ;
; 0.215  ; CLOCK_H:inst4|CNT0[0] ; CLOCK_H:inst4|CNT0[0] ; MAIN:inst8|CS.SCT0 ; MAIN:inst8|CS.SCT0 ; 0.000        ; 0.000      ; 0.367      ;
; 0.215  ; CLOCK_H:inst4|CNT0[1] ; CLOCK_H:inst4|CNT0[1] ; MAIN:inst8|CS.SCT0 ; MAIN:inst8|CS.SCT0 ; 0.000        ; 0.000      ; 0.367      ;
; 0.215  ; CLOCK_H:inst4|CNT1[0] ; CLOCK_H:inst4|CNT1[0] ; MAIN:inst8|CS.SCT0 ; MAIN:inst8|CS.SCT0 ; 0.000        ; 0.000      ; 0.367      ;
; 0.215  ; CLOCK_H:inst4|CNT1[1] ; CLOCK_H:inst4|CNT1[1] ; MAIN:inst8|CS.SCT0 ; MAIN:inst8|CS.SCT0 ; 0.000        ; 0.000      ; 0.367      ;
; 0.215  ; CLOCK_H:inst4|CNT1[3] ; CLOCK_H:inst4|CNT1[3] ; MAIN:inst8|CS.SCT0 ; MAIN:inst8|CS.SCT0 ; 0.000        ; 0.000      ; 0.367      ;
; 0.215  ; CLOCK_H:inst4|CNT1[2] ; CLOCK_H:inst4|CNT1[2] ; MAIN:inst8|CS.SCT0 ; MAIN:inst8|CS.SCT0 ; 0.000        ; 0.000      ; 0.367      ;
; 0.215  ; CLOCK_M:inst3|CNT0[1] ; CLOCK_M:inst3|CNT0[1] ; MAIN:inst8|CS.SCT0 ; MAIN:inst8|CS.SCT0 ; 0.000        ; 0.000      ; 0.367      ;
; 0.215  ; CLOCK_M:inst3|CNT0[3] ; CLOCK_M:inst3|CNT0[3] ; MAIN:inst8|CS.SCT0 ; MAIN:inst8|CS.SCT0 ; 0.000        ; 0.000      ; 0.367      ;
; 0.215  ; CLOCK_M:inst3|CNT1[0] ; CLOCK_M:inst3|CNT1[0] ; MAIN:inst8|CS.SCT0 ; MAIN:inst8|CS.SCT0 ; 0.000        ; 0.000      ; 0.367      ;
; 0.215  ; CLOCK_M:inst3|CNT1[1] ; CLOCK_M:inst3|CNT1[1] ; MAIN:inst8|CS.SCT0 ; MAIN:inst8|CS.SCT0 ; 0.000        ; 0.000      ; 0.367      ;
; 0.215  ; CLOCK_M:inst3|CNT1[2] ; CLOCK_M:inst3|CNT1[2] ; MAIN:inst8|CS.SCT0 ; MAIN:inst8|CS.SCT0 ; 0.000        ; 0.000      ; 0.367      ;
; 0.215  ; CLOCK_M:inst3|CNT1[3] ; CLOCK_M:inst3|CNT1[3] ; MAIN:inst8|CS.SCT0 ; MAIN:inst8|CS.SCT0 ; 0.000        ; 0.000      ; 0.367      ;
; 0.217  ; CLOCK_M:inst3|CNT0[2] ; CLOCK_M:inst3|CNT0[2] ; FD2:inst1|Q1       ; MAIN:inst8|CS.SCT0 ; 0.000        ; 0.540      ; 0.909      ;
; 0.253  ; CLOCK_M:inst3|CNT0[3] ; CLOCK_M:inst3|CNT0[1] ; MAIN:inst8|CS.SCT0 ; MAIN:inst8|CS.SCT0 ; 0.000        ; 0.000      ; 0.405      ;
; 0.256  ; CLOCK_M:inst3|CNT1[0] ; CLOCK_M:inst3|CNT1[1] ; MAIN:inst8|CS.SCT0 ; MAIN:inst8|CS.SCT0 ; 0.000        ; 0.000      ; 0.408      ;
; 0.257  ; CLOCK_M:inst3|CNT0[0] ; CLOCK_M:inst3|CNT0[2] ; FD2:inst1|Q1       ; MAIN:inst8|CS.SCT0 ; 0.000        ; 0.540      ; 0.949      ;
; 0.270  ; CLOCK_M:inst3|CNT0[1] ; CLOCK_M:inst3|CNT0[3] ; MAIN:inst8|CS.SCT1 ; MAIN:inst8|CS.SCT0 ; 0.000        ; 0.062      ; 0.484      ;
; 0.313  ; CLOCK_H:inst4|CNT1[0] ; CLOCK_H:inst4|CNT1[1] ; MAIN:inst8|CS.SCT1 ; MAIN:inst8|CS.SCT0 ; 0.000        ; 0.064      ; 0.529      ;
+--------+-----------------------+-----------------------+--------------------+--------------------+--------------+------------+------------+


+-------------------------------------------------------------------------------------------------------------------------------------------+
; Fast Model Hold: 'MAIN:inst8|CS.SCT1'                                                                                                     ;
+--------+-----------------------+-----------------------+--------------------+--------------------+--------------+------------+------------+
; Slack  ; From Node             ; To Node               ; Launch Clock       ; Latch Clock        ; Relationship ; Clock Skew ; Data Delay ;
+--------+-----------------------+-----------------------+--------------------+--------------------+--------------+------------+------------+
; -3.091 ; MAIN:inst8|CS.SCT0    ; MAIN:inst8|MM1[1]     ; MAIN:inst8|CS.SCT0 ; MAIN:inst8|CS.SCT1 ; 0.000        ; 3.600      ; 0.650      ;
; -2.904 ; MAIN:inst8|CS.SCT0    ; MAIN:inst8|MM1[2]     ; MAIN:inst8|CS.SCT0 ; MAIN:inst8|CS.SCT1 ; 0.000        ; 3.607      ; 0.844      ;
; -2.816 ; MAIN:inst8|CS.SCT0    ; MAIN:inst8|MM1[0]     ; MAIN:inst8|CS.SCT0 ; MAIN:inst8|CS.SCT1 ; 0.000        ; 3.590      ; 0.915      ;
; -2.754 ; MAIN:inst8|CS.SCT0    ; MAIN:inst8|MM0[0]     ; MAIN:inst8|CS.SCT0 ; MAIN:inst8|CS.SCT1 ; 0.000        ; 3.590      ; 0.977      ;
; -2.747 ; MAIN:inst8|CS.SCT0    ; MAIN:inst8|MM0[1]     ; MAIN:inst8|CS.SCT0 ; MAIN:inst8|CS.SCT1 ; 0.000        ; 3.586      ; 0.980      ;
; -2.740 ; MAIN:inst8|CS.SCT0    ; MAIN:inst8|MM0[3]     ; MAIN:inst8|CS.SCT0 ; MAIN:inst8|CS.SCT1 ; 0.000        ; 3.587      ; 0.988      ;
; -2.736 ; MAIN:inst8|CS.SCT0    ; MAIN:inst8|MM0[2]     ; MAIN:inst8|CS.SCT0 ; MAIN:inst8|CS.SCT1 ; 0.000        ; 3.591      ; 0.996      ;
; -2.735 ; MAIN:inst8|CS.SCT0    ; MAIN:inst8|MM1[3]     ; MAIN:inst8|CS.SCT0 ; MAIN:inst8|CS.SCT1 ; 0.000        ; 3.587      ; 0.993      ;
; -2.591 ; MAIN:inst8|CS.SCT0    ; MAIN:inst8|MM1[1]     ; MAIN:inst8|CS.SCT0 ; MAIN:inst8|CS.SCT1 ; -0.500       ; 3.600      ; 0.650      ;
; -2.404 ; MAIN:inst8|CS.SCT0    ; MAIN:inst8|MM1[2]     ; MAIN:inst8|CS.SCT0 ; MAIN:inst8|CS.SCT1 ; -0.500       ; 3.607      ; 0.844      ;
; -2.316 ; MAIN:inst8|CS.SCT0    ; MAIN:inst8|MM1[0]     ; MAIN:inst8|CS.SCT0 ; MAIN:inst8|CS.SCT1 ; -0.500       ; 3.590      ; 0.915      ;
; -2.254 ; MAIN:inst8|CS.SCT0    ; MAIN:inst8|MM0[0]     ; MAIN:inst8|CS.SCT0 ; MAIN:inst8|CS.SCT1 ; -0.500       ; 3.590      ; 0.977      ;
; -2.247 ; MAIN:inst8|CS.SCT0    ; MAIN:inst8|MM0[1]     ; MAIN:inst8|CS.SCT0 ; MAIN:inst8|CS.SCT1 ; -0.500       ; 3.586      ; 0.980      ;
; -2.240 ; MAIN:inst8|CS.SCT0    ; MAIN:inst8|MM0[3]     ; MAIN:inst8|CS.SCT0 ; MAIN:inst8|CS.SCT1 ; -0.500       ; 3.587      ; 0.988      ;
; -2.236 ; MAIN:inst8|CS.SCT0    ; MAIN:inst8|MM0[2]     ; MAIN:inst8|CS.SCT0 ; MAIN:inst8|CS.SCT1 ; -0.500       ; 3.591      ; 0.996      ;
; -2.235 ; MAIN:inst8|CS.SCT0    ; MAIN:inst8|MM1[3]     ; MAIN:inst8|CS.SCT0 ; MAIN:inst8|CS.SCT1 ; -0.500       ; 3.587      ; 0.993      ;
; -0.934 ; FD3:inst22|Q1         ; MAIN:inst8|MM1[2]     ; FD:inst|Q1         ; MAIN:inst8|CS.SCT1 ; 0.000        ; 1.636      ; 0.702      ;
; -0.884 ; FD3:inst22|Q1         ; MAIN:inst8|MM0[2]     ; FD:inst|Q1         ; MAIN:inst8|CS.SCT1 ; 0.000        ; 1.620      ; 0.736      ;
; -0.872 ; FD3:inst22|Q1         ; MAIN:inst8|MM1[1]     ; FD:inst|Q1         ; MAIN:inst8|CS.SCT1 ; 0.000        ; 1.629      ; 0.757      ;
; -0.829 ; MAIN:inst8|CS.S0      ; MAIN:inst8|DOT        ; FD:inst|Q1         ; MAIN:inst8|CS.SCT1 ; 0.000        ; 1.181      ; 0.352      ;
; -0.790 ; FD3:inst22|Q1         ; MAIN:inst8|MM1[0]     ; FD:inst|Q1         ; MAIN:inst8|CS.SCT1 ; 0.000        ; 1.619      ; 0.829      ;
; -0.725 ; FD3:inst22|Q1         ; MAIN:inst8|MM0[0]     ; FD:inst|Q1         ; MAIN:inst8|CS.SCT1 ; 0.000        ; 1.619      ; 0.894      ;
; -0.719 ; FD3:inst22|Q1         ; MAIN:inst8|MM0[1]     ; FD:inst|Q1         ; MAIN:inst8|CS.SCT1 ; 0.000        ; 1.615      ; 0.896      ;
; -0.712 ; FD3:inst22|Q1         ; MAIN:inst8|MM0[3]     ; FD:inst|Q1         ; MAIN:inst8|CS.SCT1 ; 0.000        ; 1.616      ; 0.904      ;
; -0.708 ; FD3:inst22|Q1         ; MAIN:inst8|MM1[3]     ; FD:inst|Q1         ; MAIN:inst8|CS.SCT1 ; 0.000        ; 1.616      ; 0.908      ;
; -0.589 ; CLOCK_M:inst3|CNT1[2] ; MAIN:inst8|MM1[2]     ; FD2:inst1|Q1       ; MAIN:inst8|CS.SCT1 ; 0.000        ; 1.194      ; 0.605      ;
; -0.533 ; CLOCK_M:inst3|CNT0[0] ; MAIN:inst8|MM0[0]     ; FD2:inst1|Q1       ; MAIN:inst8|CS.SCT1 ; 0.000        ; 1.178      ; 0.645      ;
; -0.531 ; CLOCK_M:inst3|CNT1[0] ; MAIN:inst8|MM1[0]     ; FD2:inst1|Q1       ; MAIN:inst8|CS.SCT1 ; 0.000        ; 1.177      ; 0.646      ;
; -0.526 ; CLOCK_M:inst3|CNT1[3] ; MAIN:inst8|MM1[3]     ; FD2:inst1|Q1       ; MAIN:inst8|CS.SCT1 ; 0.000        ; 1.175      ; 0.649      ;
; -0.523 ; CLOCK_M:inst3|CNT0[3] ; MAIN:inst8|MM0[3]     ; FD2:inst1|Q1       ; MAIN:inst8|CS.SCT1 ; 0.000        ; 1.175      ; 0.652      ;
; -0.487 ; CLOCK_M:inst3|CNT1[1] ; MAIN:inst8|MM1[1]     ; FD2:inst1|Q1       ; MAIN:inst8|CS.SCT1 ; 0.000        ; 1.187      ; 0.700      ;
; -0.445 ; CLOCK_M:inst3|CNT0[1] ; MAIN:inst8|MM0[1]     ; FD2:inst1|Q1       ; MAIN:inst8|CS.SCT1 ; 0.000        ; 1.174      ; 0.729      ;
; -0.436 ; CLOCK_M:inst3|CNT0[2] ; MAIN:inst8|MM0[2]     ; FD2:inst1|Q1       ; MAIN:inst8|CS.SCT1 ; 0.000        ; 1.179      ; 0.743      ;
; -0.263 ; CLOCK_M:inst3|CNT0[1] ; CLOCK_M:inst3|CNT0[1] ; FD2:inst1|Q1       ; MAIN:inst8|CS.SCT1 ; 0.000        ; 0.478      ; 0.367      ;
; -0.263 ; CLOCK_M:inst3|CNT0[3] ; CLOCK_M:inst3|CNT0[3] ; FD2:inst1|Q1       ; MAIN:inst8|CS.SCT1 ; 0.000        ; 0.478      ; 0.367      ;
; -0.263 ; CLOCK_M:inst3|CNT1[0] ; CLOCK_M:inst3|CNT1[0] ; FD2:inst1|Q1       ; MAIN:inst8|CS.SCT1 ; 0.000        ; 0.478      ; 0.367      ;
; -0.263 ; CLOCK_M:inst3|CNT1[1] ; CLOCK_M:inst3|CNT1[1] ; FD2:inst1|Q1       ; MAIN:inst8|CS.SCT1 ; 0.000        ; 0.478      ; 0.367      ;
; -0.263 ; CLOCK_M:inst3|CNT1[2] ; CLOCK_M:inst3|CNT1[2] ; FD2:inst1|Q1       ; MAIN:inst8|CS.SCT1 ; 0.000        ; 0.478      ; 0.367      ;
; -0.263 ; CLOCK_M:inst3|CNT1[3] ; CLOCK_M:inst3|CNT1[3] ; FD2:inst1|Q1       ; MAIN:inst8|CS.SCT1 ; 0.000        ; 0.478      ; 0.367      ;
; -0.225 ; CLOCK_M:inst3|CNT0[3] ; CLOCK_M:inst3|CNT0[1] ; FD2:inst1|Q1       ; MAIN:inst8|CS.SCT1 ; 0.000        ; 0.478      ; 0.405      ;
; -0.222 ; CLOCK_M:inst3|CNT1[0] ; CLOCK_M:inst3|CNT1[1] ; FD2:inst1|Q1       ; MAIN:inst8|CS.SCT1 ; 0.000        ; 0.478      ; 0.408      ;
; -0.146 ; CLOCK_M:inst3|CNT0[1] ; CLOCK_M:inst3|CNT0[3] ; FD2:inst1|Q1       ; MAIN:inst8|CS.SCT1 ; 0.000        ; 0.478      ; 0.484      ;
; -0.111 ; CLOCK_M:inst3|CNT1[2] ; MAIN:inst8|MM1[2]     ; MAIN:inst8|CS.SCT1 ; MAIN:inst8|CS.SCT1 ; 0.000        ; 0.716      ; 0.605      ;
; -0.102 ; CLOCK_M:inst3|CNT1[0] ; CLOCK_M:inst3|CNT1[2] ; FD2:inst1|Q1       ; MAIN:inst8|CS.SCT1 ; 0.000        ; 0.478      ; 0.528      ;
; -0.097 ; CLOCK_M:inst3|CNT1[1] ; CLOCK_M:inst3|CNT1[2] ; FD2:inst1|Q1       ; MAIN:inst8|CS.SCT1 ; 0.000        ; 0.478      ; 0.533      ;
; -0.095 ; CLOCK_M:inst3|CNT0[2] ; CLOCK_M:inst3|CNT0[3] ; FD2:inst1|Q1       ; MAIN:inst8|CS.SCT1 ; 0.000        ; 0.478      ; 0.535      ;
; -0.090 ; CLOCK_M:inst3|CNT0[2] ; CLOCK_M:inst3|CNT0[1] ; FD2:inst1|Q1       ; MAIN:inst8|CS.SCT1 ; 0.000        ; 0.478      ; 0.540      ;
; -0.055 ; CLOCK_M:inst3|CNT0[0] ; MAIN:inst8|MM0[0]     ; MAIN:inst8|CS.SCT1 ; MAIN:inst8|CS.SCT1 ; 0.000        ; 0.700      ; 0.645      ;
; -0.053 ; CLOCK_M:inst3|CNT1[0] ; MAIN:inst8|MM1[0]     ; MAIN:inst8|CS.SCT1 ; MAIN:inst8|CS.SCT1 ; 0.000        ; 0.699      ; 0.646      ;
; -0.049 ; CLOCK_M:inst3|CNT1[2] ; MAIN:inst8|MM1[2]     ; MAIN:inst8|CS.SCT0 ; MAIN:inst8|CS.SCT1 ; 0.000        ; 0.654      ; 0.605      ;
; -0.048 ; CLOCK_M:inst3|CNT1[3] ; CLOCK_M:inst3|CNT1[2] ; FD2:inst1|Q1       ; MAIN:inst8|CS.SCT1 ; 0.000        ; 0.479      ; 0.583      ;
; -0.048 ; CLOCK_M:inst3|CNT1[3] ; MAIN:inst8|MM1[3]     ; MAIN:inst8|CS.SCT1 ; MAIN:inst8|CS.SCT1 ; 0.000        ; 0.697      ; 0.649      ;
; -0.045 ; CLOCK_M:inst3|CNT0[3] ; MAIN:inst8|MM0[3]     ; MAIN:inst8|CS.SCT1 ; MAIN:inst8|CS.SCT1 ; 0.000        ; 0.697      ; 0.652      ;
; -0.031 ; CLOCK_M:inst3|CNT0[0] ; CLOCK_M:inst3|CNT0[1] ; FD2:inst1|Q1       ; MAIN:inst8|CS.SCT1 ; 0.000        ; 0.478      ; 0.599      ;
; -0.030 ; CLOCK_M:inst3|CNT0[0] ; CLOCK_M:inst3|CNT0[3] ; FD2:inst1|Q1       ; MAIN:inst8|CS.SCT1 ; 0.000        ; 0.478      ; 0.600      ;
; -0.019 ; CLOCK_M:inst3|CNT1[2] ; CLOCK_M:inst3|CNT1[1] ; FD2:inst1|Q1       ; MAIN:inst8|CS.SCT1 ; 0.000        ; 0.478      ; 0.611      ;
; -0.009 ; CLOCK_M:inst3|CNT1[1] ; MAIN:inst8|MM1[1]     ; MAIN:inst8|CS.SCT1 ; MAIN:inst8|CS.SCT1 ; 0.000        ; 0.709      ; 0.700      ;
; 0.007  ; CLOCK_M:inst3|CNT0[0] ; MAIN:inst8|MM0[0]     ; MAIN:inst8|CS.SCT0 ; MAIN:inst8|CS.SCT1 ; 0.000        ; 0.638      ; 0.645      ;
; 0.009  ; CLOCK_M:inst3|CNT1[0] ; MAIN:inst8|MM1[0]     ; MAIN:inst8|CS.SCT0 ; MAIN:inst8|CS.SCT1 ; 0.000        ; 0.637      ; 0.646      ;
; 0.014  ; CLOCK_M:inst3|CNT1[3] ; MAIN:inst8|MM1[3]     ; MAIN:inst8|CS.SCT0 ; MAIN:inst8|CS.SCT1 ; 0.000        ; 0.635      ; 0.649      ;
; 0.017  ; CLOCK_M:inst3|CNT0[3] ; MAIN:inst8|MM0[3]     ; MAIN:inst8|CS.SCT0 ; MAIN:inst8|CS.SCT1 ; 0.000        ; 0.635      ; 0.652      ;
; 0.027  ; CLOCK_M:inst3|CNT1[0] ; CLOCK_M:inst3|CNT1[3] ; FD2:inst1|Q1       ; MAIN:inst8|CS.SCT1 ; 0.000        ; 0.477      ; 0.656      ;
; 0.033  ; CLOCK_M:inst3|CNT0[1] ; MAIN:inst8|MM0[1]     ; MAIN:inst8|CS.SCT1 ; MAIN:inst8|CS.SCT1 ; 0.000        ; 0.696      ; 0.729      ;
; 0.042  ; CLOCK_M:inst3|CNT0[2] ; MAIN:inst8|MM0[2]     ; MAIN:inst8|CS.SCT1 ; MAIN:inst8|CS.SCT1 ; 0.000        ; 0.701      ; 0.743      ;
; 0.053  ; CLOCK_M:inst3|CNT1[1] ; MAIN:inst8|MM1[1]     ; MAIN:inst8|CS.SCT0 ; MAIN:inst8|CS.SCT1 ; 0.000        ; 0.647      ; 0.700      ;
; 0.059  ; CLOCK_M:inst3|CNT0[3] ; CLOCK_M:inst3|CNT1[3] ; FD2:inst1|Q1       ; MAIN:inst8|CS.SCT1 ; 0.000        ; 0.478      ; 0.689      ;
; 0.067  ; CLOCK_M:inst3|CNT1[3] ; CLOCK_M:inst3|CNT1[1] ; FD2:inst1|Q1       ; MAIN:inst8|CS.SCT1 ; 0.000        ; 0.479      ; 0.698      ;
; 0.095  ; CLOCK_M:inst3|CNT0[1] ; MAIN:inst8|MM0[1]     ; MAIN:inst8|CS.SCT0 ; MAIN:inst8|CS.SCT1 ; 0.000        ; 0.634      ; 0.729      ;
; 0.104  ; CLOCK_M:inst3|CNT1[2] ; CLOCK_M:inst3|CNT1[3] ; FD2:inst1|Q1       ; MAIN:inst8|CS.SCT1 ; 0.000        ; 0.477      ; 0.733      ;
; 0.104  ; CLOCK_M:inst3|CNT0[2] ; MAIN:inst8|MM0[2]     ; MAIN:inst8|CS.SCT0 ; MAIN:inst8|CS.SCT1 ; 0.000        ; 0.639      ; 0.743      ;
; 0.115  ; CLOCK_M:inst3|CNT0[2] ; CLOCK_M:inst3|CNT1[3] ; FD2:inst1|Q1       ; MAIN:inst8|CS.SCT1 ; 0.000        ; 0.478      ; 0.745      ;
; 0.155  ; CLOCK_M:inst3|CNT1[1] ; CLOCK_M:inst3|CNT1[3] ; FD2:inst1|Q1       ; MAIN:inst8|CS.SCT1 ; 0.000        ; 0.477      ; 0.784      ;
; 0.173  ; CLOCK_M:inst3|CNT0[1] ; CLOCK_M:inst3|CNT1[3] ; FD2:inst1|Q1       ; MAIN:inst8|CS.SCT1 ; 0.000        ; 0.478      ; 0.803      ;
; 0.190  ; CLOCK_M:inst3|CNT0[0] ; CLOCK_M:inst3|CNT1[3] ; FD2:inst1|Q1       ; MAIN:inst8|CS.SCT1 ; 0.000        ; 0.478      ; 0.820      ;
; 0.202  ; CLOCK_M:inst3|CNT0[0] ; CLOCK_M:inst3|CNT0[0] ; FD2:inst1|Q1       ; MAIN:inst8|CS.SCT1 ; 0.000        ; 0.478      ; 0.832      ;
; 0.215  ; CLOCK_H:inst4|CNT0[0] ; CLOCK_H:inst4|CNT0[0] ; MAIN:inst8|CS.SCT1 ; MAIN:inst8|CS.SCT1 ; 0.000        ; 0.000      ; 0.367      ;
; 0.215  ; CLOCK_H:inst4|CNT0[1] ; CLOCK_H:inst4|CNT0[1] ; MAIN:inst8|CS.SCT1 ; MAIN:inst8|CS.SCT1 ; 0.000        ; 0.000      ; 0.367      ;
; 0.215  ; CLOCK_H:inst4|CNT1[0] ; CLOCK_H:inst4|CNT1[0] ; MAIN:inst8|CS.SCT1 ; MAIN:inst8|CS.SCT1 ; 0.000        ; 0.000      ; 0.367      ;
; 0.215  ; CLOCK_H:inst4|CNT1[1] ; CLOCK_H:inst4|CNT1[1] ; MAIN:inst8|CS.SCT1 ; MAIN:inst8|CS.SCT1 ; 0.000        ; 0.000      ; 0.367      ;
; 0.215  ; CLOCK_H:inst4|CNT1[3] ; CLOCK_H:inst4|CNT1[3] ; MAIN:inst8|CS.SCT1 ; MAIN:inst8|CS.SCT1 ; 0.000        ; 0.000      ; 0.367      ;
; 0.215  ; CLOCK_H:inst4|CNT1[2] ; CLOCK_H:inst4|CNT1[2] ; MAIN:inst8|CS.SCT1 ; MAIN:inst8|CS.SCT1 ; 0.000        ; 0.000      ; 0.367      ;
; 0.215  ; CLOCK_M:inst3|CNT0[1] ; CLOCK_M:inst3|CNT0[1] ; MAIN:inst8|CS.SCT1 ; MAIN:inst8|CS.SCT1 ; 0.000        ; 0.000      ; 0.367      ;
; 0.215  ; CLOCK_M:inst3|CNT0[3] ; CLOCK_M:inst3|CNT0[3] ; MAIN:inst8|CS.SCT1 ; MAIN:inst8|CS.SCT1 ; 0.000        ; 0.000      ; 0.367      ;
; 0.215  ; CLOCK_M:inst3|CNT1[0] ; CLOCK_M:inst3|CNT1[0] ; MAIN:inst8|CS.SCT1 ; MAIN:inst8|CS.SCT1 ; 0.000        ; 0.000      ; 0.367      ;
; 0.215  ; CLOCK_M:inst3|CNT1[1] ; CLOCK_M:inst3|CNT1[1] ; MAIN:inst8|CS.SCT1 ; MAIN:inst8|CS.SCT1 ; 0.000        ; 0.000      ; 0.367      ;
; 0.215  ; CLOCK_M:inst3|CNT1[2] ; CLOCK_M:inst3|CNT1[2] ; MAIN:inst8|CS.SCT1 ; MAIN:inst8|CS.SCT1 ; 0.000        ; 0.000      ; 0.367      ;
; 0.215  ; CLOCK_M:inst3|CNT1[3] ; CLOCK_M:inst3|CNT1[3] ; MAIN:inst8|CS.SCT1 ; MAIN:inst8|CS.SCT1 ; 0.000        ; 0.000      ; 0.367      ;
; 0.231  ; CLOCK_M:inst3|CNT0[1] ; CLOCK_M:inst3|CNT0[2] ; FD2:inst1|Q1       ; MAIN:inst8|CS.SCT1 ; 0.000        ; 0.478      ; 0.861      ;
; 0.253  ; CLOCK_M:inst3|CNT0[3] ; CLOCK_M:inst3|CNT0[1] ; MAIN:inst8|CS.SCT1 ; MAIN:inst8|CS.SCT1 ; 0.000        ; 0.000      ; 0.405      ;
; 0.256  ; CLOCK_M:inst3|CNT1[0] ; CLOCK_M:inst3|CNT1[1] ; MAIN:inst8|CS.SCT1 ; MAIN:inst8|CS.SCT1 ; 0.000        ; 0.000      ; 0.408      ;
; 0.277  ; CLOCK_M:inst3|CNT0[1] ; CLOCK_M:inst3|CNT0[1] ; MAIN:inst8|CS.SCT0 ; MAIN:inst8|CS.SCT1 ; 0.000        ; -0.062     ; 0.367      ;
; 0.277  ; CLOCK_M:inst3|CNT0[3] ; CLOCK_M:inst3|CNT0[3] ; MAIN:inst8|CS.SCT0 ; MAIN:inst8|CS.SCT1 ; 0.000        ; -0.062     ; 0.367      ;
; 0.277  ; CLOCK_M:inst3|CNT1[0] ; CLOCK_M:inst3|CNT1[0] ; MAIN:inst8|CS.SCT0 ; MAIN:inst8|CS.SCT1 ; 0.000        ; -0.062     ; 0.367      ;
; 0.277  ; CLOCK_M:inst3|CNT1[1] ; CLOCK_M:inst3|CNT1[1] ; MAIN:inst8|CS.SCT0 ; MAIN:inst8|CS.SCT1 ; 0.000        ; -0.062     ; 0.367      ;
; 0.277  ; CLOCK_M:inst3|CNT1[2] ; CLOCK_M:inst3|CNT1[2] ; MAIN:inst8|CS.SCT0 ; MAIN:inst8|CS.SCT1 ; 0.000        ; -0.062     ; 0.367      ;
; 0.277  ; CLOCK_M:inst3|CNT1[3] ; CLOCK_M:inst3|CNT1[3] ; MAIN:inst8|CS.SCT0 ; MAIN:inst8|CS.SCT1 ; 0.000        ; -0.062     ; 0.367      ;
; 0.279  ; CLOCK_M:inst3|CNT0[2] ; CLOCK_M:inst3|CNT0[2] ; FD2:inst1|Q1       ; MAIN:inst8|CS.SCT1 ; 0.000        ; 0.478      ; 0.909      ;
; 0.279  ; CLOCK_H:inst4|CNT0[0] ; CLOCK_H:inst4|CNT0[0] ; MAIN:inst8|CS.SCT0 ; MAIN:inst8|CS.SCT1 ; 0.000        ; -0.064     ; 0.367      ;
; 0.279  ; CLOCK_H:inst4|CNT0[1] ; CLOCK_H:inst4|CNT0[1] ; MAIN:inst8|CS.SCT0 ; MAIN:inst8|CS.SCT1 ; 0.000        ; -0.064     ; 0.367      ;
; 0.279  ; CLOCK_H:inst4|CNT1[0] ; CLOCK_H:inst4|CNT1[0] ; MAIN:inst8|CS.SCT0 ; MAIN:inst8|CS.SCT1 ; 0.000        ; -0.064     ; 0.367      ;
+--------+-----------------------+-----------------------+--------------------+--------------------+--------------+------------+------------+


+------------------------------------------------------------------------------------------------------------------------------------+
; Fast Model Hold: 'CT0'                                                                                                             ;
+--------+-----------------------+-----------------------+--------------------+-------------+--------------+------------+------------+
; Slack  ; From Node             ; To Node               ; Launch Clock       ; Latch Clock ; Relationship ; Clock Skew ; Data Delay ;
+--------+-----------------------+-----------------------+--------------------+-------------+--------------+------------+------------+
; -2.008 ; CLOCK_M:inst3|CNT0[1] ; CLOCK_M:inst3|CNT0[1] ; FD2:inst1|Q1       ; CT0         ; 0.000        ; 2.223      ; 0.367      ;
; -2.008 ; CLOCK_M:inst3|CNT0[3] ; CLOCK_M:inst3|CNT0[3] ; FD2:inst1|Q1       ; CT0         ; 0.000        ; 2.223      ; 0.367      ;
; -2.008 ; CLOCK_M:inst3|CNT1[0] ; CLOCK_M:inst3|CNT1[0] ; FD2:inst1|Q1       ; CT0         ; 0.000        ; 2.223      ; 0.367      ;
; -2.008 ; CLOCK_M:inst3|CNT1[1] ; CLOCK_M:inst3|CNT1[1] ; FD2:inst1|Q1       ; CT0         ; 0.000        ; 2.223      ; 0.367      ;
; -2.008 ; CLOCK_M:inst3|CNT1[2] ; CLOCK_M:inst3|CNT1[2] ; FD2:inst1|Q1       ; CT0         ; 0.000        ; 2.223      ; 0.367      ;
; -2.008 ; CLOCK_M:inst3|CNT1[3] ; CLOCK_M:inst3|CNT1[3] ; FD2:inst1|Q1       ; CT0         ; 0.000        ; 2.223      ; 0.367      ;
; -1.970 ; CLOCK_M:inst3|CNT0[3] ; CLOCK_M:inst3|CNT0[1] ; FD2:inst1|Q1       ; CT0         ; 0.000        ; 2.223      ; 0.405      ;
; -1.967 ; CLOCK_M:inst3|CNT1[0] ; CLOCK_M:inst3|CNT1[1] ; FD2:inst1|Q1       ; CT0         ; 0.000        ; 2.223      ; 0.408      ;
; -1.891 ; CLOCK_M:inst3|CNT0[1] ; CLOCK_M:inst3|CNT0[3] ; FD2:inst1|Q1       ; CT0         ; 0.000        ; 2.223      ; 0.484      ;
; -1.847 ; CLOCK_M:inst3|CNT1[0] ; CLOCK_M:inst3|CNT1[2] ; FD2:inst1|Q1       ; CT0         ; 0.000        ; 2.223      ; 0.528      ;
; -1.842 ; CLOCK_M:inst3|CNT1[1] ; CLOCK_M:inst3|CNT1[2] ; FD2:inst1|Q1       ; CT0         ; 0.000        ; 2.223      ; 0.533      ;
; -1.840 ; CLOCK_M:inst3|CNT0[2] ; CLOCK_M:inst3|CNT0[3] ; FD2:inst1|Q1       ; CT0         ; 0.000        ; 2.223      ; 0.535      ;
; -1.835 ; CLOCK_M:inst3|CNT0[2] ; CLOCK_M:inst3|CNT0[1] ; FD2:inst1|Q1       ; CT0         ; 0.000        ; 2.223      ; 0.540      ;
; -1.793 ; CLOCK_M:inst3|CNT1[3] ; CLOCK_M:inst3|CNT1[2] ; FD2:inst1|Q1       ; CT0         ; 0.000        ; 2.224      ; 0.583      ;
; -1.776 ; CLOCK_M:inst3|CNT0[0] ; CLOCK_M:inst3|CNT0[1] ; FD2:inst1|Q1       ; CT0         ; 0.000        ; 2.223      ; 0.599      ;
; -1.775 ; CLOCK_M:inst3|CNT0[0] ; CLOCK_M:inst3|CNT0[3] ; FD2:inst1|Q1       ; CT0         ; 0.000        ; 2.223      ; 0.600      ;
; -1.764 ; CLOCK_M:inst3|CNT1[2] ; CLOCK_M:inst3|CNT1[1] ; FD2:inst1|Q1       ; CT0         ; 0.000        ; 2.223      ; 0.611      ;
; -1.718 ; CLOCK_M:inst3|CNT1[0] ; CLOCK_M:inst3|CNT1[3] ; FD2:inst1|Q1       ; CT0         ; 0.000        ; 2.222      ; 0.656      ;
; -1.686 ; CLOCK_M:inst3|CNT0[3] ; CLOCK_M:inst3|CNT1[3] ; FD2:inst1|Q1       ; CT0         ; 0.000        ; 2.223      ; 0.689      ;
; -1.678 ; CLOCK_M:inst3|CNT1[3] ; CLOCK_M:inst3|CNT1[1] ; FD2:inst1|Q1       ; CT0         ; 0.000        ; 2.224      ; 0.698      ;
; -1.641 ; CLOCK_M:inst3|CNT1[2] ; CLOCK_M:inst3|CNT1[3] ; FD2:inst1|Q1       ; CT0         ; 0.000        ; 2.222      ; 0.733      ;
; -1.630 ; CLOCK_M:inst3|CNT0[2] ; CLOCK_M:inst3|CNT1[3] ; FD2:inst1|Q1       ; CT0         ; 0.000        ; 2.223      ; 0.745      ;
; -1.590 ; CLOCK_M:inst3|CNT1[1] ; CLOCK_M:inst3|CNT1[3] ; FD2:inst1|Q1       ; CT0         ; 0.000        ; 2.222      ; 0.784      ;
; -1.572 ; CLOCK_M:inst3|CNT0[1] ; CLOCK_M:inst3|CNT1[3] ; FD2:inst1|Q1       ; CT0         ; 0.000        ; 2.223      ; 0.803      ;
; -1.555 ; CLOCK_M:inst3|CNT0[0] ; CLOCK_M:inst3|CNT1[3] ; FD2:inst1|Q1       ; CT0         ; 0.000        ; 2.223      ; 0.820      ;
; -1.543 ; CLOCK_M:inst3|CNT0[0] ; CLOCK_M:inst3|CNT0[0] ; FD2:inst1|Q1       ; CT0         ; 0.000        ; 2.223      ; 0.832      ;
; -1.531 ; CLOCK_H:inst4|CNT0[0] ; CLOCK_H:inst4|CNT0[0] ; MAIN:inst8|CS.SCT1 ; CT0         ; 0.000        ; 1.746      ; 0.367      ;
; -1.531 ; CLOCK_H:inst4|CNT0[1] ; CLOCK_H:inst4|CNT0[1] ; MAIN:inst8|CS.SCT1 ; CT0         ; 0.000        ; 1.746      ; 0.367      ;
; -1.531 ; CLOCK_H:inst4|CNT1[0] ; CLOCK_H:inst4|CNT1[0] ; MAIN:inst8|CS.SCT1 ; CT0         ; 0.000        ; 1.746      ; 0.367      ;
; -1.531 ; CLOCK_H:inst4|CNT1[1] ; CLOCK_H:inst4|CNT1[1] ; MAIN:inst8|CS.SCT1 ; CT0         ; 0.000        ; 1.746      ; 0.367      ;
; -1.531 ; CLOCK_H:inst4|CNT1[3] ; CLOCK_H:inst4|CNT1[3] ; MAIN:inst8|CS.SCT1 ; CT0         ; 0.000        ; 1.746      ; 0.367      ;
; -1.531 ; CLOCK_H:inst4|CNT1[2] ; CLOCK_H:inst4|CNT1[2] ; MAIN:inst8|CS.SCT1 ; CT0         ; 0.000        ; 1.746      ; 0.367      ;
; -1.530 ; CLOCK_M:inst3|CNT0[1] ; CLOCK_M:inst3|CNT0[1] ; MAIN:inst8|CS.SCT1 ; CT0         ; 0.000        ; 1.745      ; 0.367      ;
; -1.530 ; CLOCK_M:inst3|CNT0[3] ; CLOCK_M:inst3|CNT0[3] ; MAIN:inst8|CS.SCT1 ; CT0         ; 0.000        ; 1.745      ; 0.367      ;
; -1.530 ; CLOCK_M:inst3|CNT1[0] ; CLOCK_M:inst3|CNT1[0] ; MAIN:inst8|CS.SCT1 ; CT0         ; 0.000        ; 1.745      ; 0.367      ;
; -1.530 ; CLOCK_M:inst3|CNT1[1] ; CLOCK_M:inst3|CNT1[1] ; MAIN:inst8|CS.SCT1 ; CT0         ; 0.000        ; 1.745      ; 0.367      ;
; -1.530 ; CLOCK_M:inst3|CNT1[2] ; CLOCK_M:inst3|CNT1[2] ; MAIN:inst8|CS.SCT1 ; CT0         ; 0.000        ; 1.745      ; 0.367      ;
; -1.530 ; CLOCK_M:inst3|CNT1[3] ; CLOCK_M:inst3|CNT1[3] ; MAIN:inst8|CS.SCT1 ; CT0         ; 0.000        ; 1.745      ; 0.367      ;
; -1.514 ; CLOCK_M:inst3|CNT0[1] ; CLOCK_M:inst3|CNT0[2] ; FD2:inst1|Q1       ; CT0         ; 0.000        ; 2.223      ; 0.861      ;
; -1.492 ; CLOCK_M:inst3|CNT0[3] ; CLOCK_M:inst3|CNT0[1] ; MAIN:inst8|CS.SCT1 ; CT0         ; 0.000        ; 1.745      ; 0.405      ;
; -1.489 ; CLOCK_M:inst3|CNT1[0] ; CLOCK_M:inst3|CNT1[1] ; MAIN:inst8|CS.SCT1 ; CT0         ; 0.000        ; 1.745      ; 0.408      ;
; -1.468 ; CLOCK_M:inst3|CNT0[1] ; CLOCK_M:inst3|CNT0[1] ; MAIN:inst8|CS.SCT0 ; CT0         ; 0.000        ; 1.683      ; 0.367      ;
; -1.468 ; CLOCK_M:inst3|CNT0[3] ; CLOCK_M:inst3|CNT0[3] ; MAIN:inst8|CS.SCT0 ; CT0         ; 0.000        ; 1.683      ; 0.367      ;
; -1.468 ; CLOCK_M:inst3|CNT1[0] ; CLOCK_M:inst3|CNT1[0] ; MAIN:inst8|CS.SCT0 ; CT0         ; 0.000        ; 1.683      ; 0.367      ;
; -1.468 ; CLOCK_M:inst3|CNT1[1] ; CLOCK_M:inst3|CNT1[1] ; MAIN:inst8|CS.SCT0 ; CT0         ; 0.000        ; 1.683      ; 0.367      ;
; -1.468 ; CLOCK_M:inst3|CNT1[2] ; CLOCK_M:inst3|CNT1[2] ; MAIN:inst8|CS.SCT0 ; CT0         ; 0.000        ; 1.683      ; 0.367      ;
; -1.468 ; CLOCK_M:inst3|CNT1[3] ; CLOCK_M:inst3|CNT1[3] ; MAIN:inst8|CS.SCT0 ; CT0         ; 0.000        ; 1.683      ; 0.367      ;
; -1.467 ; CLOCK_H:inst4|CNT0[0] ; CLOCK_H:inst4|CNT0[0] ; MAIN:inst8|CS.SCT0 ; CT0         ; 0.000        ; 1.682      ; 0.367      ;
; -1.467 ; CLOCK_H:inst4|CNT0[1] ; CLOCK_H:inst4|CNT0[1] ; MAIN:inst8|CS.SCT0 ; CT0         ; 0.000        ; 1.682      ; 0.367      ;
; -1.467 ; CLOCK_H:inst4|CNT1[0] ; CLOCK_H:inst4|CNT1[0] ; MAIN:inst8|CS.SCT0 ; CT0         ; 0.000        ; 1.682      ; 0.367      ;
; -1.467 ; CLOCK_H:inst4|CNT1[1] ; CLOCK_H:inst4|CNT1[1] ; MAIN:inst8|CS.SCT0 ; CT0         ; 0.000        ; 1.682      ; 0.367      ;
; -1.467 ; CLOCK_H:inst4|CNT1[3] ; CLOCK_H:inst4|CNT1[3] ; MAIN:inst8|CS.SCT0 ; CT0         ; 0.000        ; 1.682      ; 0.367      ;
; -1.467 ; CLOCK_H:inst4|CNT1[2] ; CLOCK_H:inst4|CNT1[2] ; MAIN:inst8|CS.SCT0 ; CT0         ; 0.000        ; 1.682      ; 0.367      ;
; -1.466 ; CLOCK_M:inst3|CNT0[2] ; CLOCK_M:inst3|CNT0[2] ; FD2:inst1|Q1       ; CT0         ; 0.000        ; 2.223      ; 0.909      ;
; -1.430 ; CLOCK_M:inst3|CNT0[3] ; CLOCK_M:inst3|CNT0[1] ; MAIN:inst8|CS.SCT0 ; CT0         ; 0.000        ; 1.683      ; 0.405      ;
; -1.427 ; CLOCK_M:inst3|CNT1[0] ; CLOCK_M:inst3|CNT1[1] ; MAIN:inst8|CS.SCT0 ; CT0         ; 0.000        ; 1.683      ; 0.408      ;
; -1.426 ; CLOCK_M:inst3|CNT0[0] ; CLOCK_M:inst3|CNT0[2] ; FD2:inst1|Q1       ; CT0         ; 0.000        ; 2.223      ; 0.949      ;
; -1.413 ; CLOCK_M:inst3|CNT0[1] ; CLOCK_M:inst3|CNT0[3] ; MAIN:inst8|CS.SCT1 ; CT0         ; 0.000        ; 1.745      ; 0.484      ;
; -1.369 ; CLOCK_H:inst4|CNT1[0] ; CLOCK_H:inst4|CNT1[1] ; MAIN:inst8|CS.SCT1 ; CT0         ; 0.000        ; 1.746      ; 0.529      ;
; -1.369 ; CLOCK_M:inst3|CNT1[0] ; CLOCK_M:inst3|CNT1[2] ; MAIN:inst8|CS.SCT1 ; CT0         ; 0.000        ; 1.745      ; 0.528      ;
; -1.367 ; CLOCK_H:inst4|CNT1[0] ; CLOCK_H:inst4|CNT1[2] ; MAIN:inst8|CS.SCT1 ; CT0         ; 0.000        ; 1.746      ; 0.531      ;
; -1.364 ; CLOCK_M:inst3|CNT1[1] ; CLOCK_M:inst3|CNT1[2] ; MAIN:inst8|CS.SCT1 ; CT0         ; 0.000        ; 1.745      ; 0.533      ;
; -1.362 ; CLOCK_M:inst3|CNT0[2] ; CLOCK_M:inst3|CNT0[3] ; MAIN:inst8|CS.SCT1 ; CT0         ; 0.000        ; 1.745      ; 0.535      ;
; -1.357 ; CLOCK_M:inst3|CNT0[2] ; CLOCK_M:inst3|CNT0[1] ; MAIN:inst8|CS.SCT1 ; CT0         ; 0.000        ; 1.745      ; 0.540      ;
; -1.355 ; CLOCK_H:inst4|CNT1[1] ; CLOCK_H:inst4|CNT1[2] ; MAIN:inst8|CS.SCT1 ; CT0         ; 0.000        ; 1.746      ; 0.543      ;
; -1.353 ; CLOCK_H:inst4|CNT0[3] ; CLOCK_H:inst4|CNT0[1] ; MAIN:inst8|CS.SCT1 ; CT0         ; 0.000        ; 1.746      ; 0.545      ;
; -1.351 ; CLOCK_M:inst3|CNT0[1] ; CLOCK_M:inst3|CNT0[3] ; MAIN:inst8|CS.SCT0 ; CT0         ; 0.000        ; 1.683      ; 0.484      ;
; -1.315 ; CLOCK_M:inst3|CNT1[3] ; CLOCK_M:inst3|CNT1[2] ; MAIN:inst8|CS.SCT1 ; CT0         ; 0.000        ; 1.746      ; 0.583      ;
; -1.307 ; CLOCK_M:inst3|CNT1[0] ; CLOCK_M:inst3|CNT1[2] ; MAIN:inst8|CS.SCT0 ; CT0         ; 0.000        ; 1.683      ; 0.528      ;
; -1.305 ; CLOCK_H:inst4|CNT1[0] ; CLOCK_H:inst4|CNT1[1] ; MAIN:inst8|CS.SCT0 ; CT0         ; 0.000        ; 1.682      ; 0.529      ;
; -1.303 ; CLOCK_H:inst4|CNT1[0] ; CLOCK_H:inst4|CNT1[2] ; MAIN:inst8|CS.SCT0 ; CT0         ; 0.000        ; 1.682      ; 0.531      ;
; -1.302 ; CLOCK_M:inst3|CNT1[1] ; CLOCK_M:inst3|CNT1[2] ; MAIN:inst8|CS.SCT0 ; CT0         ; 0.000        ; 1.683      ; 0.533      ;
; -1.300 ; CLOCK_M:inst3|CNT0[2] ; CLOCK_M:inst3|CNT0[3] ; MAIN:inst8|CS.SCT0 ; CT0         ; 0.000        ; 1.683      ; 0.535      ;
; -1.298 ; CLOCK_M:inst3|CNT0[0] ; CLOCK_M:inst3|CNT0[1] ; MAIN:inst8|CS.SCT1 ; CT0         ; 0.000        ; 1.745      ; 0.599      ;
; -1.297 ; CLOCK_H:inst4|CNT0[2] ; CLOCK_H:inst4|CNT0[1] ; MAIN:inst8|CS.SCT1 ; CT0         ; 0.000        ; 1.746      ; 0.601      ;
; -1.297 ; CLOCK_M:inst3|CNT0[0] ; CLOCK_M:inst3|CNT0[3] ; MAIN:inst8|CS.SCT1 ; CT0         ; 0.000        ; 1.745      ; 0.600      ;
; -1.295 ; CLOCK_M:inst3|CNT0[2] ; CLOCK_M:inst3|CNT0[1] ; MAIN:inst8|CS.SCT0 ; CT0         ; 0.000        ; 1.683      ; 0.540      ;
; -1.294 ; CLOCK_H:inst4|CNT0[0] ; CLOCK_H:inst4|CNT0[1] ; MAIN:inst8|CS.SCT1 ; CT0         ; 0.000        ; 1.745      ; 0.603      ;
; -1.294 ; CLOCK_H:inst4|CNT1[2] ; CLOCK_H:inst4|CNT1[3] ; MAIN:inst8|CS.SCT1 ; CT0         ; 0.000        ; 1.746      ; 0.604      ;
; -1.291 ; CLOCK_H:inst4|CNT1[1] ; CLOCK_H:inst4|CNT1[2] ; MAIN:inst8|CS.SCT0 ; CT0         ; 0.000        ; 1.682      ; 0.543      ;
; -1.289 ; CLOCK_H:inst4|CNT0[3] ; CLOCK_H:inst4|CNT0[1] ; MAIN:inst8|CS.SCT0 ; CT0         ; 0.000        ; 1.682      ; 0.545      ;
; -1.286 ; CLOCK_M:inst3|CNT1[2] ; CLOCK_M:inst3|CNT1[1] ; MAIN:inst8|CS.SCT1 ; CT0         ; 0.000        ; 1.745      ; 0.611      ;
; -1.270 ; CLOCK_M:inst3|CNT0[3] ; CLOCK_M:inst3|CNT1[0] ; FD2:inst1|Q1       ; CT0         ; 0.000        ; 2.224      ; 1.106      ;
; -1.270 ; CLOCK_M:inst3|CNT0[3] ; CLOCK_M:inst3|CNT1[1] ; FD2:inst1|Q1       ; CT0         ; 0.000        ; 2.224      ; 1.106      ;
; -1.270 ; CLOCK_M:inst3|CNT0[3] ; CLOCK_M:inst3|CNT1[2] ; FD2:inst1|Q1       ; CT0         ; 0.000        ; 2.224      ; 1.106      ;
; -1.253 ; CLOCK_M:inst3|CNT1[3] ; CLOCK_M:inst3|CNT1[2] ; MAIN:inst8|CS.SCT0 ; CT0         ; 0.000        ; 1.684      ; 0.583      ;
; -1.244 ; CLOCK_H:inst4|CNT0[2] ; CLOCK_H:inst4|CNT0[2] ; MAIN:inst8|CS.SCT1 ; CT0         ; 0.000        ; 1.746      ; 0.654      ;
; -1.243 ; CLOCK_H:inst4|CNT0[2] ; CLOCK_H:inst4|CNT0[3] ; MAIN:inst8|CS.SCT1 ; CT0         ; 0.000        ; 1.746      ; 0.655      ;
; -1.240 ; CLOCK_M:inst3|CNT1[0] ; CLOCK_M:inst3|CNT1[3] ; MAIN:inst8|CS.SCT1 ; CT0         ; 0.000        ; 1.744      ; 0.656      ;
; -1.236 ; CLOCK_M:inst3|CNT0[0] ; CLOCK_M:inst3|CNT0[1] ; MAIN:inst8|CS.SCT0 ; CT0         ; 0.000        ; 1.683      ; 0.599      ;
; -1.235 ; CLOCK_M:inst3|CNT0[0] ; CLOCK_M:inst3|CNT0[3] ; MAIN:inst8|CS.SCT0 ; CT0         ; 0.000        ; 1.683      ; 0.600      ;
; -1.233 ; CLOCK_H:inst4|CNT0[2] ; CLOCK_H:inst4|CNT0[1] ; MAIN:inst8|CS.SCT0 ; CT0         ; 0.000        ; 1.682      ; 0.601      ;
; -1.230 ; CLOCK_H:inst4|CNT0[0] ; CLOCK_H:inst4|CNT0[1] ; MAIN:inst8|CS.SCT0 ; CT0         ; 0.000        ; 1.681      ; 0.603      ;
; -1.230 ; CLOCK_H:inst4|CNT1[2] ; CLOCK_H:inst4|CNT1[3] ; MAIN:inst8|CS.SCT0 ; CT0         ; 0.000        ; 1.682      ; 0.604      ;
; -1.224 ; CLOCK_M:inst3|CNT1[2] ; CLOCK_M:inst3|CNT1[1] ; MAIN:inst8|CS.SCT0 ; CT0         ; 0.000        ; 1.683      ; 0.611      ;
; -1.214 ; CLOCK_M:inst3|CNT0[2] ; CLOCK_M:inst3|CNT1[0] ; FD2:inst1|Q1       ; CT0         ; 0.000        ; 2.224      ; 1.162      ;
; -1.214 ; CLOCK_M:inst3|CNT0[2] ; CLOCK_M:inst3|CNT1[1] ; FD2:inst1|Q1       ; CT0         ; 0.000        ; 2.224      ; 1.162      ;
; -1.214 ; CLOCK_M:inst3|CNT0[2] ; CLOCK_M:inst3|CNT1[2] ; FD2:inst1|Q1       ; CT0         ; 0.000        ; 2.224      ; 1.162      ;
; -1.209 ; CLOCK_H:inst4|CNT0[0] ; CLOCK_H:inst4|CNT0[3] ; MAIN:inst8|CS.SCT1 ; CT0         ; 0.000        ; 1.745      ; 0.688      ;
; -1.208 ; CLOCK_M:inst3|CNT0[3] ; CLOCK_M:inst3|CNT1[3] ; MAIN:inst8|CS.SCT1 ; CT0         ; 0.000        ; 1.745      ; 0.689      ;
+--------+-----------------------+-----------------------+--------------------+-------------+--------------+------------+------------+


+-----------------------------------------------------------------------------------------------------------------------------------+
; Fast Model Hold: 'FD:inst|Q1'                                                                                                     ;
+--------+----------------------+----------------------+---------------------+-------------+--------------+------------+------------+
; Slack  ; From Node            ; To Node              ; Launch Clock        ; Latch Clock ; Relationship ; Clock Skew ; Data Delay ;
+--------+----------------------+----------------------+---------------------+-------------+--------------+------------+------------+
; -1.495 ; MAIN:inst8|CS.SCT0   ; MAIN:inst8|CS.SCT1   ; MAIN:inst8|CS.SCT0  ; FD:inst|Q1  ; 0.000        ; 1.970      ; 0.768      ;
; -1.494 ; MAIN:inst8|CS.SCT0   ; MAIN:inst8|CS.SCT0   ; MAIN:inst8|CS.SCT0  ; FD:inst|Q1  ; 0.000        ; 1.970      ; 0.769      ;
; -1.490 ; MAIN:inst8|CS.SCT1   ; MAIN:inst8|CS.SCT1   ; MAIN:inst8|CS.SCT1  ; FD:inst|Q1  ; 0.000        ; 1.970      ; 0.773      ;
; -1.489 ; MAIN:inst8|CS.SCT1   ; MAIN:inst8|CS.SCT0   ; MAIN:inst8|CS.SCT1  ; FD:inst|Q1  ; 0.000        ; 1.970      ; 0.774      ;
; -1.273 ; MAIN:inst8|CS.S1     ; MAIN:inst8|CS.S1     ; MAIN:inst8|CS.S1    ; FD:inst|Q1  ; 0.000        ; 1.974      ; 0.994      ;
; -1.235 ; MAIN:inst8|CS.S1     ; MAIN:inst8|CS.SCT0   ; MAIN:inst8|CS.S1    ; FD:inst|Q1  ; 0.000        ; 1.970      ; 1.028      ;
; -1.235 ; MAIN:inst8|CS.S1     ; MAIN:inst8|CS.SCT1   ; MAIN:inst8|CS.S1    ; FD:inst|Q1  ; 0.000        ; 1.970      ; 1.028      ;
; -1.008 ; MAIN:inst8|CS.SCT0   ; FD2:inst1|TEMP1[1]   ; MAIN:inst8|CS.SCT0  ; FD:inst|Q1  ; 0.000        ; 1.959      ; 1.244      ;
; -1.008 ; MAIN:inst8|CS.SCT0   ; FD2:inst1|TEMP1[2]   ; MAIN:inst8|CS.SCT0  ; FD:inst|Q1  ; 0.000        ; 1.959      ; 1.244      ;
; -1.008 ; MAIN:inst8|CS.SCT0   ; FD2:inst1|TEMP1[0]   ; MAIN:inst8|CS.SCT0  ; FD:inst|Q1  ; 0.000        ; 1.959      ; 1.244      ;
; -1.008 ; MAIN:inst8|CS.SCT0   ; FD2:inst1|TEMP1[3]   ; MAIN:inst8|CS.SCT0  ; FD:inst|Q1  ; 0.000        ; 1.959      ; 1.244      ;
; -1.003 ; MAIN:inst8|CS.SCT1   ; FD2:inst1|TEMP1[1]   ; MAIN:inst8|CS.SCT1  ; FD:inst|Q1  ; 0.000        ; 1.959      ; 1.249      ;
; -1.003 ; MAIN:inst8|CS.SCT1   ; FD2:inst1|TEMP1[2]   ; MAIN:inst8|CS.SCT1  ; FD:inst|Q1  ; 0.000        ; 1.959      ; 1.249      ;
; -1.003 ; MAIN:inst8|CS.SCT1   ; FD2:inst1|TEMP1[0]   ; MAIN:inst8|CS.SCT1  ; FD:inst|Q1  ; 0.000        ; 1.959      ; 1.249      ;
; -1.003 ; MAIN:inst8|CS.SCT1   ; FD2:inst1|TEMP1[3]   ; MAIN:inst8|CS.SCT1  ; FD:inst|Q1  ; 0.000        ; 1.959      ; 1.249      ;
; -0.995 ; MAIN:inst8|CS.SCT0   ; MAIN:inst8|CS.SCT1   ; MAIN:inst8|CS.SCT0  ; FD:inst|Q1  ; -0.500       ; 1.970      ; 0.768      ;
; -0.994 ; MAIN:inst8|CS.SCT0   ; MAIN:inst8|CS.SCT0   ; MAIN:inst8|CS.SCT0  ; FD:inst|Q1  ; -0.500       ; 1.970      ; 0.769      ;
; -0.990 ; MAIN:inst8|CS.SCT1   ; MAIN:inst8|CS.SCT1   ; MAIN:inst8|CS.SCT1  ; FD:inst|Q1  ; -0.500       ; 1.970      ; 0.773      ;
; -0.989 ; MAIN:inst8|CS.SCT1   ; MAIN:inst8|CS.SCT0   ; MAIN:inst8|CS.SCT1  ; FD:inst|Q1  ; -0.500       ; 1.970      ; 0.774      ;
; -0.785 ; MAIN:inst8|CS.SCT0   ; MAIN:inst8|CS.S1     ; MAIN:inst8|CS.SCT0  ; FD:inst|Q1  ; 0.000        ; 1.974      ; 1.482      ;
; -0.780 ; MAIN:inst8|CS.SCT1   ; MAIN:inst8|CS.S1     ; MAIN:inst8|CS.SCT1  ; FD:inst|Q1  ; 0.000        ; 1.974      ; 1.487      ;
; -0.773 ; MAIN:inst8|CS.S1     ; MAIN:inst8|CS.S1     ; MAIN:inst8|CS.S1    ; FD:inst|Q1  ; -0.500       ; 1.974      ; 0.994      ;
; -0.752 ; MAIN:inst8|CS.S1     ; MAIN:inst8|CS.SRUN0  ; MAIN:inst8|CS.S1    ; FD:inst|Q1  ; 0.000        ; 1.997      ; 1.538      ;
; -0.735 ; MAIN:inst8|CS.S1     ; MAIN:inst8|CS.SCT0   ; MAIN:inst8|CS.S1    ; FD:inst|Q1  ; -0.500       ; 1.970      ; 1.028      ;
; -0.735 ; MAIN:inst8|CS.S1     ; MAIN:inst8|CS.SCT1   ; MAIN:inst8|CS.S1    ; FD:inst|Q1  ; -0.500       ; 1.970      ; 1.028      ;
; -0.644 ; MAIN:inst8|CS.S1     ; MAIN:inst8|CS.SSUM   ; MAIN:inst8|CS.S1    ; FD:inst|Q1  ; 0.000        ; 1.046      ; 0.695      ;
; -0.606 ; MAIN:inst8|CS.SRUN1  ; MAIN:inst8|CS.SPAUSE ; FD:inst|Q1          ; FD:inst|Q1  ; 0.000        ; 0.928      ; 0.474      ;
; -0.544 ; MAIN:inst8|CS.SSUM   ; MAIN:inst8|CS.S1     ; FD:inst|Q1          ; FD:inst|Q1  ; 0.000        ; 0.928      ; 0.536      ;
; -0.508 ; MAIN:inst8|CS.SCT0   ; FD2:inst1|TEMP1[1]   ; MAIN:inst8|CS.SCT0  ; FD:inst|Q1  ; -0.500       ; 1.959      ; 1.244      ;
; -0.508 ; MAIN:inst8|CS.SCT0   ; FD2:inst1|TEMP1[2]   ; MAIN:inst8|CS.SCT0  ; FD:inst|Q1  ; -0.500       ; 1.959      ; 1.244      ;
; -0.508 ; MAIN:inst8|CS.SCT0   ; FD2:inst1|TEMP1[0]   ; MAIN:inst8|CS.SCT0  ; FD:inst|Q1  ; -0.500       ; 1.959      ; 1.244      ;
; -0.508 ; MAIN:inst8|CS.SCT0   ; FD2:inst1|TEMP1[3]   ; MAIN:inst8|CS.SCT0  ; FD:inst|Q1  ; -0.500       ; 1.959      ; 1.244      ;
; -0.503 ; MAIN:inst8|CS.SCT1   ; FD2:inst1|TEMP1[1]   ; MAIN:inst8|CS.SCT1  ; FD:inst|Q1  ; -0.500       ; 1.959      ; 1.249      ;
; -0.503 ; MAIN:inst8|CS.SCT1   ; FD2:inst1|TEMP1[2]   ; MAIN:inst8|CS.SCT1  ; FD:inst|Q1  ; -0.500       ; 1.959      ; 1.249      ;
; -0.503 ; MAIN:inst8|CS.SCT1   ; FD2:inst1|TEMP1[0]   ; MAIN:inst8|CS.SCT1  ; FD:inst|Q1  ; -0.500       ; 1.959      ; 1.249      ;
; -0.503 ; MAIN:inst8|CS.SCT1   ; FD2:inst1|TEMP1[3]   ; MAIN:inst8|CS.SCT1  ; FD:inst|Q1  ; -0.500       ; 1.959      ; 1.249      ;
; -0.388 ; MAIN:inst8|CS.SRUN1  ; MAIN:inst8|CS.S1     ; FD:inst|Q1          ; FD:inst|Q1  ; 0.000        ; 0.928      ; 0.692      ;
; -0.285 ; MAIN:inst8|CS.SCT0   ; MAIN:inst8|CS.S1     ; MAIN:inst8|CS.SCT0  ; FD:inst|Q1  ; -0.500       ; 1.974      ; 1.482      ;
; -0.280 ; MAIN:inst8|CS.SCT1   ; MAIN:inst8|CS.S1     ; MAIN:inst8|CS.SCT1  ; FD:inst|Q1  ; -0.500       ; 1.974      ; 1.487      ;
; -0.252 ; MAIN:inst8|CS.S1     ; MAIN:inst8|CS.SRUN0  ; MAIN:inst8|CS.S1    ; FD:inst|Q1  ; -0.500       ; 1.997      ; 1.538      ;
; -0.144 ; MAIN:inst8|CS.S1     ; MAIN:inst8|CS.SSUM   ; MAIN:inst8|CS.S1    ; FD:inst|Q1  ; -0.500       ; 1.046      ; 0.695      ;
; -0.065 ; MAIN:inst8|CS.SRUN0  ; MAIN:inst8|CS.SRUN1  ; MAIN:inst8|CS.SRUN0 ; FD:inst|Q1  ; 0.000        ; 1.046      ; 1.274      ;
; 0.215  ; MAIN:inst8|CS.SSUM   ; MAIN:inst8|CS.SSUM   ; FD:inst|Q1          ; FD:inst|Q1  ; 0.000        ; 0.000      ; 0.367      ;
; 0.215  ; FD2:inst1|TEMP1[1]   ; FD2:inst1|TEMP1[1]   ; FD:inst|Q1          ; FD:inst|Q1  ; 0.000        ; 0.000      ; 0.367      ;
; 0.215  ; FD2:inst1|TEMP1[2]   ; FD2:inst1|TEMP1[2]   ; FD:inst|Q1          ; FD:inst|Q1  ; 0.000        ; 0.000      ; 0.367      ;
; 0.215  ; FD2:inst1|TEMP1[0]   ; FD2:inst1|TEMP1[0]   ; FD:inst|Q1          ; FD:inst|Q1  ; 0.000        ; 0.000      ; 0.367      ;
; 0.215  ; FD2:inst1|TEMP1[3]   ; FD2:inst1|TEMP1[3]   ; FD:inst|Q1          ; FD:inst|Q1  ; 0.000        ; 0.000      ; 0.367      ;
; 0.215  ; FD3:inst22|TEMP1[1]  ; FD3:inst22|TEMP1[1]  ; FD:inst|Q1          ; FD:inst|Q1  ; 0.000        ; 0.000      ; 0.367      ;
; 0.215  ; FD3:inst22|TEMP1[0]  ; FD3:inst22|TEMP1[0]  ; FD:inst|Q1          ; FD:inst|Q1  ; 0.000        ; 0.000      ; 0.367      ;
; 0.215  ; FD3:inst22|TEMP1[2]  ; FD3:inst22|TEMP1[2]  ; FD:inst|Q1          ; FD:inst|Q1  ; 0.000        ; 0.000      ; 0.367      ;
; 0.215  ; MAIN:inst8|CS.SPAUSE ; MAIN:inst8|CS.SPAUSE ; FD:inst|Q1          ; FD:inst|Q1  ; 0.000        ; 0.000      ; 0.367      ;
; 0.243  ; FD2:inst1|TEMP1[2]   ; FD2:inst1|TEMP1[0]   ; FD:inst|Q1          ; FD:inst|Q1  ; 0.000        ; 0.000      ; 0.395      ;
; 0.245  ; FD2:inst1|TEMP1[0]   ; FD2:inst1|TEMP1[3]   ; FD:inst|Q1          ; FD:inst|Q1  ; 0.000        ; 0.000      ; 0.397      ;
; 0.247  ; FD2:inst1|TEMP1[0]   ; FD2:inst1|TEMP1[1]   ; FD:inst|Q1          ; FD:inst|Q1  ; 0.000        ; 0.000      ; 0.399      ;
; 0.248  ; FD2:inst1|TEMP1[0]   ; FD2:inst1|TEMP1[2]   ; FD:inst|Q1          ; FD:inst|Q1  ; 0.000        ; 0.000      ; 0.400      ;
; 0.252  ; FD2:inst1|TEMP1[3]   ; FD2:inst1|Q1         ; FD:inst|Q1          ; FD:inst|Q1  ; 0.000        ; 0.000      ; 0.404      ;
; 0.254  ; FD3:inst22|TEMP1[0]  ; FD3:inst22|TEMP1[2]  ; FD:inst|Q1          ; FD:inst|Q1  ; 0.000        ; 0.000      ; 0.406      ;
; 0.255  ; FD3:inst22|TEMP1[2]  ; FD3:inst22|Q1        ; FD:inst|Q1          ; FD:inst|Q1  ; 0.000        ; 0.000      ; 0.407      ;
; 0.256  ; FD3:inst22|TEMP1[0]  ; FD3:inst22|TEMP1[1]  ; FD:inst|Q1          ; FD:inst|Q1  ; 0.000        ; 0.000      ; 0.408      ;
; 0.299  ; FD3:inst22|TEMP1[1]  ; FD3:inst22|Q1        ; FD:inst|Q1          ; FD:inst|Q1  ; 0.000        ; 0.000      ; 0.451      ;
; 0.329  ; CT0                  ; MAIN:inst8|CS.S1     ; CT0                 ; FD:inst|Q1  ; 0.000        ; 1.974      ; 2.455      ;
; 0.334  ; FD3:inst22|TEMP1[1]  ; FD3:inst22|TEMP1[0]  ; FD:inst|Q1          ; FD:inst|Q1  ; 0.000        ; 0.000      ; 0.486      ;
; 0.350  ; CT0                  ; MAIN:inst8|CS.SCT0   ; CT0                 ; FD:inst|Q1  ; 0.000        ; 1.970      ; 2.472      ;
; 0.350  ; CT0                  ; MAIN:inst8|CS.SCT1   ; CT0                 ; FD:inst|Q1  ; 0.000        ; 1.970      ; 2.472      ;
; 0.362  ; FD2:inst1|TEMP1[1]   ; FD2:inst1|TEMP1[3]   ; FD:inst|Q1          ; FD:inst|Q1  ; 0.000        ; 0.000      ; 0.514      ;
; 0.369  ; FD2:inst1|TEMP1[3]   ; FD2:inst1|TEMP1[0]   ; FD:inst|Q1          ; FD:inst|Q1  ; 0.000        ; 0.000      ; 0.521      ;
; 0.371  ; FD2:inst1|TEMP1[3]   ; FD2:inst1|TEMP1[1]   ; FD:inst|Q1          ; FD:inst|Q1  ; 0.000        ; 0.000      ; 0.523      ;
; 0.372  ; FD2:inst1|TEMP1[3]   ; FD2:inst1|TEMP1[2]   ; FD:inst|Q1          ; FD:inst|Q1  ; 0.000        ; 0.000      ; 0.524      ;
; 0.372  ; FD3:inst22|TEMP1[2]  ; FD3:inst22|TEMP1[0]  ; FD:inst|Q1          ; FD:inst|Q1  ; 0.000        ; 0.000      ; 0.524      ;
; 0.372  ; FD3:inst22|TEMP1[1]  ; FD3:inst22|TEMP1[2]  ; FD:inst|Q1          ; FD:inst|Q1  ; 0.000        ; 0.000      ; 0.524      ;
; 0.373  ; FD3:inst22|TEMP1[0]  ; FD3:inst22|Q1        ; FD:inst|Q1          ; FD:inst|Q1  ; 0.000        ; 0.000      ; 0.525      ;
; 0.374  ; FD3:inst22|TEMP1[2]  ; FD3:inst22|TEMP1[1]  ; FD:inst|Q1          ; FD:inst|Q1  ; 0.000        ; 0.000      ; 0.526      ;
; 0.379  ; FD2:inst1|TEMP1[2]   ; FD2:inst1|TEMP1[3]   ; FD:inst|Q1          ; FD:inst|Q1  ; 0.000        ; 0.000      ; 0.531      ;
; 0.435  ; MAIN:inst8|CS.SRUN0  ; MAIN:inst8|CS.SRUN1  ; MAIN:inst8|CS.SRUN0 ; FD:inst|Q1  ; -0.500       ; 1.046      ; 1.274      ;
; 0.454  ; FD2:inst1|TEMP1[1]   ; FD2:inst1|TEMP1[2]   ; FD:inst|Q1          ; FD:inst|Q1  ; 0.000        ; 0.000      ; 0.606      ;
; 0.456  ; FD2:inst1|TEMP1[1]   ; FD2:inst1|TEMP1[0]   ; FD:inst|Q1          ; FD:inst|Q1  ; 0.000        ; 0.000      ; 0.608      ;
; 0.537  ; MAIN:inst8|CS.SRUN1  ; MAIN:inst8|CS.SRUN1  ; FD:inst|Q1          ; FD:inst|Q1  ; 0.000        ; 0.000      ; 0.689      ;
; 0.648  ; MAIN:inst8|CS.S0     ; MAIN:inst8|CS.S1     ; FD:inst|Q1          ; FD:inst|Q1  ; 0.000        ; -0.002     ; 0.798      ;
; 0.829  ; CT0                  ; MAIN:inst8|CS.S1     ; CT0                 ; FD:inst|Q1  ; -0.500       ; 1.974      ; 2.455      ;
; 0.850  ; CT0                  ; MAIN:inst8|CS.SCT0   ; CT0                 ; FD:inst|Q1  ; -0.500       ; 1.970      ; 2.472      ;
; 0.850  ; CT0                  ; MAIN:inst8|CS.SCT1   ; CT0                 ; FD:inst|Q1  ; -0.500       ; 1.970      ; 2.472      ;
; 0.856  ; CT0                  ; MAIN:inst8|CS.SSUM   ; CT0                 ; FD:inst|Q1  ; 0.000        ; 1.046      ; 2.054      ;
; 1.336  ; MAIN:inst8|CS.SPAUSE ; MAIN:inst8|CS.SRUN1  ; FD:inst|Q1          ; FD:inst|Q1  ; 0.000        ; -0.928     ; 0.560      ;
; 1.356  ; CT0                  ; MAIN:inst8|CS.SSUM   ; CT0                 ; FD:inst|Q1  ; -0.500       ; 1.046      ; 2.054      ;
+--------+----------------------+----------------------+---------------------+-------------+--------------+------------+------------+


+----------------------------------------------------------------------------------------------------------------------------------+
; Fast Model Hold: 'FD2:inst1|Q1'                                                                                                  ;
+--------+---------------------+---------------------+---------------------+--------------+--------------+------------+------------+
; Slack  ; From Node           ; To Node             ; Launch Clock        ; Latch Clock  ; Relationship ; Clock Skew ; Data Delay ;
+--------+---------------------+---------------------+---------------------+--------------+--------------+------------+------------+
; -0.891 ; MAIN:inst8|CS.SRUN0 ; COUNT:inst7|DIS[3]  ; MAIN:inst8|CS.SRUN0 ; FD2:inst1|Q1 ; 0.000        ; 2.346      ; 1.748      ;
; -0.891 ; MAIN:inst8|CS.SRUN0 ; COUNT:inst7|DIS[4]  ; MAIN:inst8|CS.SRUN0 ; FD2:inst1|Q1 ; 0.000        ; 2.346      ; 1.748      ;
; -0.891 ; MAIN:inst8|CS.SRUN0 ; COUNT:inst7|DIS[5]  ; MAIN:inst8|CS.SRUN0 ; FD2:inst1|Q1 ; 0.000        ; 2.346      ; 1.748      ;
; -0.891 ; MAIN:inst8|CS.SRUN0 ; COUNT:inst7|DIS[6]  ; MAIN:inst8|CS.SRUN0 ; FD2:inst1|Q1 ; 0.000        ; 2.346      ; 1.748      ;
; -0.891 ; MAIN:inst8|CS.SRUN0 ; COUNT:inst7|DIS[7]  ; MAIN:inst8|CS.SRUN0 ; FD2:inst1|Q1 ; 0.000        ; 2.346      ; 1.748      ;
; -0.891 ; MAIN:inst8|CS.SRUN0 ; COUNT:inst7|DIS[8]  ; MAIN:inst8|CS.SRUN0 ; FD2:inst1|Q1 ; 0.000        ; 2.346      ; 1.748      ;
; -0.891 ; MAIN:inst8|CS.SRUN0 ; COUNT:inst7|DIS[9]  ; MAIN:inst8|CS.SRUN0 ; FD2:inst1|Q1 ; 0.000        ; 2.346      ; 1.748      ;
; -0.877 ; MAIN:inst8|CS.SRUN0 ; COUNT:inst7|DIS[2]  ; MAIN:inst8|CS.SRUN0 ; FD2:inst1|Q1 ; 0.000        ; 2.344      ; 1.760      ;
; -0.778 ; MAIN:inst8|CS.SRUN0 ; COUNT:inst7|CNT[0]  ; MAIN:inst8|CS.SRUN0 ; FD2:inst1|Q1 ; 0.000        ; 2.341      ; 1.856      ;
; -0.778 ; MAIN:inst8|CS.SRUN0 ; COUNT:inst7|CNT[2]  ; MAIN:inst8|CS.SRUN0 ; FD2:inst1|Q1 ; 0.000        ; 2.341      ; 1.856      ;
; -0.772 ; MAIN:inst8|CS.SRUN0 ; COUNT:inst7|DIS[10] ; MAIN:inst8|CS.SRUN0 ; FD2:inst1|Q1 ; 0.000        ; 2.350      ; 1.871      ;
; -0.772 ; MAIN:inst8|CS.SRUN0 ; COUNT:inst7|DIS[12] ; MAIN:inst8|CS.SRUN0 ; FD2:inst1|Q1 ; 0.000        ; 2.350      ; 1.871      ;
; -0.772 ; MAIN:inst8|CS.SRUN0 ; COUNT:inst7|DIS[13] ; MAIN:inst8|CS.SRUN0 ; FD2:inst1|Q1 ; 0.000        ; 2.350      ; 1.871      ;
; -0.772 ; MAIN:inst8|CS.SRUN0 ; COUNT:inst7|DIS[14] ; MAIN:inst8|CS.SRUN0 ; FD2:inst1|Q1 ; 0.000        ; 2.350      ; 1.871      ;
; -0.772 ; MAIN:inst8|CS.SRUN0 ; COUNT:inst7|DIS[15] ; MAIN:inst8|CS.SRUN0 ; FD2:inst1|Q1 ; 0.000        ; 2.350      ; 1.871      ;
; -0.772 ; MAIN:inst8|CS.SRUN0 ; COUNT:inst7|DIS[16] ; MAIN:inst8|CS.SRUN0 ; FD2:inst1|Q1 ; 0.000        ; 2.350      ; 1.871      ;
; -0.772 ; MAIN:inst8|CS.SRUN0 ; COUNT:inst7|DIS[18] ; MAIN:inst8|CS.SRUN0 ; FD2:inst1|Q1 ; 0.000        ; 2.350      ; 1.871      ;
; -0.749 ; MAIN:inst8|CS.SRUN0 ; COUNT:inst7|CNT[3]  ; MAIN:inst8|CS.SRUN0 ; FD2:inst1|Q1 ; 0.000        ; 2.339      ; 1.883      ;
; -0.749 ; MAIN:inst8|CS.SRUN0 ; COUNT:inst7|CNT[4]  ; MAIN:inst8|CS.SRUN0 ; FD2:inst1|Q1 ; 0.000        ; 2.339      ; 1.883      ;
; -0.749 ; MAIN:inst8|CS.SRUN0 ; COUNT:inst7|CNT[5]  ; MAIN:inst8|CS.SRUN0 ; FD2:inst1|Q1 ; 0.000        ; 2.339      ; 1.883      ;
; -0.749 ; MAIN:inst8|CS.SRUN0 ; COUNT:inst7|CNT[11] ; MAIN:inst8|CS.SRUN0 ; FD2:inst1|Q1 ; 0.000        ; 2.339      ; 1.883      ;
; -0.723 ; MAIN:inst8|CS.SRUN0 ; COUNT:inst7|DIS1[0] ; MAIN:inst8|CS.SRUN0 ; FD2:inst1|Q1 ; 0.000        ; 2.350      ; 1.920      ;
; -0.710 ; MAIN:inst8|CS.SRUN0 ; COUNT:inst7|DIS[0]  ; MAIN:inst8|CS.SRUN0 ; FD2:inst1|Q1 ; 0.000        ; 2.344      ; 1.927      ;
; -0.630 ; MAIN:inst8|CS.SRUN0 ; COUNT:inst7|DIS[11] ; MAIN:inst8|CS.SRUN0 ; FD2:inst1|Q1 ; 0.000        ; 2.351      ; 2.014      ;
; -0.630 ; MAIN:inst8|CS.SRUN0 ; COUNT:inst7|DIS[17] ; MAIN:inst8|CS.SRUN0 ; FD2:inst1|Q1 ; 0.000        ; 2.351      ; 2.014      ;
; -0.626 ; MAIN:inst8|CS.SRUN0 ; COUNT:inst7|CNT[15] ; MAIN:inst8|CS.SRUN0 ; FD2:inst1|Q1 ; 0.000        ; 2.327      ; 1.994      ;
; -0.621 ; MAIN:inst8|CS.SRUN0 ; COUNT:inst7|CNT[7]  ; MAIN:inst8|CS.SRUN0 ; FD2:inst1|Q1 ; 0.000        ; 2.329      ; 2.001      ;
; -0.621 ; MAIN:inst8|CS.SRUN0 ; COUNT:inst7|CNT[8]  ; MAIN:inst8|CS.SRUN0 ; FD2:inst1|Q1 ; 0.000        ; 2.329      ; 2.001      ;
; -0.621 ; MAIN:inst8|CS.SRUN0 ; COUNT:inst7|CNT[9]  ; MAIN:inst8|CS.SRUN0 ; FD2:inst1|Q1 ; 0.000        ; 2.329      ; 2.001      ;
; -0.584 ; MAIN:inst8|CS.SRUN0 ; COUNT:inst7|RES3[0] ; MAIN:inst8|CS.SRUN0 ; FD2:inst1|Q1 ; 0.000        ; 2.348      ; 2.057      ;
; -0.584 ; MAIN:inst8|CS.SRUN0 ; COUNT:inst7|RES3[1] ; MAIN:inst8|CS.SRUN0 ; FD2:inst1|Q1 ; 0.000        ; 2.348      ; 2.057      ;
; -0.584 ; MAIN:inst8|CS.SRUN0 ; COUNT:inst7|RES3[2] ; MAIN:inst8|CS.SRUN0 ; FD2:inst1|Q1 ; 0.000        ; 2.348      ; 2.057      ;
; -0.584 ; MAIN:inst8|CS.SRUN0 ; COUNT:inst7|RES3[3] ; MAIN:inst8|CS.SRUN0 ; FD2:inst1|Q1 ; 0.000        ; 2.348      ; 2.057      ;
; -0.577 ; MAIN:inst8|CS.SRUN0 ; COUNT:inst7|CNT[6]  ; MAIN:inst8|CS.SRUN0 ; FD2:inst1|Q1 ; 0.000        ; 2.313      ; 2.029      ;
; -0.577 ; MAIN:inst8|CS.SRUN0 ; COUNT:inst7|CNT[16] ; MAIN:inst8|CS.SRUN0 ; FD2:inst1|Q1 ; 0.000        ; 2.313      ; 2.029      ;
; -0.564 ; MAIN:inst8|CS.SRUN0 ; COUNT:inst7|DIS3[2] ; MAIN:inst8|CS.SRUN0 ; FD2:inst1|Q1 ; 0.000        ; 2.325      ; 2.054      ;
; -0.519 ; MAIN:inst8|CS.SRUN0 ; COUNT:inst7|CNT[1]  ; MAIN:inst8|CS.SRUN0 ; FD2:inst1|Q1 ; 0.000        ; 2.334      ; 2.108      ;
; -0.519 ; MAIN:inst8|CS.SRUN0 ; COUNT:inst7|CNT[10] ; MAIN:inst8|CS.SRUN0 ; FD2:inst1|Q1 ; 0.000        ; 2.334      ; 2.108      ;
; -0.519 ; MAIN:inst8|CS.SRUN0 ; COUNT:inst7|CNT[18] ; MAIN:inst8|CS.SRUN0 ; FD2:inst1|Q1 ; 0.000        ; 2.334      ; 2.108      ;
; -0.498 ; MAIN:inst8|CS.SRUN0 ; COUNT:inst7|DIS1[1] ; MAIN:inst8|CS.SRUN0 ; FD2:inst1|Q1 ; 0.000        ; 2.357      ; 2.152      ;
; -0.498 ; MAIN:inst8|CS.SRUN0 ; COUNT:inst7|DIS1[2] ; MAIN:inst8|CS.SRUN0 ; FD2:inst1|Q1 ; 0.000        ; 2.357      ; 2.152      ;
; -0.498 ; MAIN:inst8|CS.SRUN0 ; COUNT:inst7|DIS1[3] ; MAIN:inst8|CS.SRUN0 ; FD2:inst1|Q1 ; 0.000        ; 2.357      ; 2.152      ;
; -0.495 ; MAIN:inst8|CS.SRUN0 ; COUNT:inst7|CNT[12] ; MAIN:inst8|CS.SRUN0 ; FD2:inst1|Q1 ; 0.000        ; 2.328      ; 2.126      ;
; -0.495 ; MAIN:inst8|CS.SRUN0 ; COUNT:inst7|CNT[13] ; MAIN:inst8|CS.SRUN0 ; FD2:inst1|Q1 ; 0.000        ; 2.328      ; 2.126      ;
; -0.490 ; MAIN:inst8|CS.SRUN0 ; COUNT:inst7|DIS2[0] ; MAIN:inst8|CS.SRUN0 ; FD2:inst1|Q1 ; 0.000        ; 2.288      ; 2.091      ;
; -0.490 ; MAIN:inst8|CS.SRUN0 ; COUNT:inst7|DIS2[1] ; MAIN:inst8|CS.SRUN0 ; FD2:inst1|Q1 ; 0.000        ; 2.288      ; 2.091      ;
; -0.490 ; MAIN:inst8|CS.SRUN0 ; COUNT:inst7|DIS2[2] ; MAIN:inst8|CS.SRUN0 ; FD2:inst1|Q1 ; 0.000        ; 2.288      ; 2.091      ;
; -0.490 ; MAIN:inst8|CS.SRUN0 ; COUNT:inst7|DIS2[3] ; MAIN:inst8|CS.SRUN0 ; FD2:inst1|Q1 ; 0.000        ; 2.288      ; 2.091      ;
; -0.487 ; MAIN:inst8|CS.SRUN0 ; COUNT:inst7|RES2[2] ; MAIN:inst8|CS.SRUN0 ; FD2:inst1|Q1 ; 0.000        ; 2.349      ; 2.155      ;
; -0.487 ; MAIN:inst8|CS.SRUN0 ; COUNT:inst7|RES2[3] ; MAIN:inst8|CS.SRUN0 ; FD2:inst1|Q1 ; 0.000        ; 2.349      ; 2.155      ;
; -0.477 ; MAIN:inst8|CS.SRUN0 ; COUNT:inst7|CNT[17] ; MAIN:inst8|CS.SRUN0 ; FD2:inst1|Q1 ; 0.000        ; 2.317      ; 2.133      ;
; -0.477 ; MAIN:inst8|CS.SRUN0 ; COUNT:inst7|CNT[19] ; MAIN:inst8|CS.SRUN0 ; FD2:inst1|Q1 ; 0.000        ; 2.317      ; 2.133      ;
; -0.477 ; MAIN:inst8|CS.SRUN0 ; COUNT:inst7|CNT[21] ; MAIN:inst8|CS.SRUN0 ; FD2:inst1|Q1 ; 0.000        ; 2.317      ; 2.133      ;
; -0.470 ; MAIN:inst8|CS.SRUN1 ; COUNT:inst7|DIS[3]  ; FD:inst|Q1          ; FD2:inst1|Q1 ; 0.000        ; 1.300      ; 0.982      ;
; -0.470 ; MAIN:inst8|CS.SRUN1 ; COUNT:inst7|DIS[4]  ; FD:inst|Q1          ; FD2:inst1|Q1 ; 0.000        ; 1.300      ; 0.982      ;
; -0.470 ; MAIN:inst8|CS.SRUN1 ; COUNT:inst7|DIS[5]  ; FD:inst|Q1          ; FD2:inst1|Q1 ; 0.000        ; 1.300      ; 0.982      ;
; -0.470 ; MAIN:inst8|CS.SRUN1 ; COUNT:inst7|DIS[6]  ; FD:inst|Q1          ; FD2:inst1|Q1 ; 0.000        ; 1.300      ; 0.982      ;
; -0.470 ; MAIN:inst8|CS.SRUN1 ; COUNT:inst7|DIS[7]  ; FD:inst|Q1          ; FD2:inst1|Q1 ; 0.000        ; 1.300      ; 0.982      ;
; -0.470 ; MAIN:inst8|CS.SRUN1 ; COUNT:inst7|DIS[8]  ; FD:inst|Q1          ; FD2:inst1|Q1 ; 0.000        ; 1.300      ; 0.982      ;
; -0.470 ; MAIN:inst8|CS.SRUN1 ; COUNT:inst7|DIS[9]  ; FD:inst|Q1          ; FD2:inst1|Q1 ; 0.000        ; 1.300      ; 0.982      ;
; -0.465 ; MAIN:inst8|CS.SRUN0 ; COUNT:inst7|DIS3[0] ; MAIN:inst8|CS.SRUN0 ; FD2:inst1|Q1 ; 0.000        ; 2.328      ; 2.156      ;
; -0.465 ; MAIN:inst8|CS.SRUN0 ; COUNT:inst7|DIS3[1] ; MAIN:inst8|CS.SRUN0 ; FD2:inst1|Q1 ; 0.000        ; 2.328      ; 2.156      ;
; -0.462 ; MAIN:inst8|CS.SRUN0 ; COUNT:inst7|CNT[14] ; MAIN:inst8|CS.SRUN0 ; FD2:inst1|Q1 ; 0.000        ; 2.304      ; 2.135      ;
; -0.462 ; MAIN:inst8|CS.SRUN0 ; COUNT:inst7|CNT[20] ; MAIN:inst8|CS.SRUN0 ; FD2:inst1|Q1 ; 0.000        ; 2.304      ; 2.135      ;
; -0.462 ; MAIN:inst8|CS.SRUN0 ; COUNT:inst7|CNT[22] ; MAIN:inst8|CS.SRUN0 ; FD2:inst1|Q1 ; 0.000        ; 2.304      ; 2.135      ;
; -0.456 ; MAIN:inst8|CS.SRUN0 ; COUNT:inst7|RES2[0] ; MAIN:inst8|CS.SRUN0 ; FD2:inst1|Q1 ; 0.000        ; 2.336      ; 2.173      ;
; -0.456 ; MAIN:inst8|CS.SRUN0 ; COUNT:inst7|RES2[1] ; MAIN:inst8|CS.SRUN0 ; FD2:inst1|Q1 ; 0.000        ; 2.336      ; 2.173      ;
; -0.456 ; MAIN:inst8|CS.SRUN1 ; COUNT:inst7|DIS[2]  ; FD:inst|Q1          ; FD2:inst1|Q1 ; 0.000        ; 1.298      ; 0.994      ;
; -0.427 ; MAIN:inst8|CS.SRUN0 ; COUNT:inst7|DIS[1]  ; MAIN:inst8|CS.SRUN0 ; FD2:inst1|Q1 ; 0.000        ; 2.353      ; 2.219      ;
; -0.395 ; MAIN:inst8|CS.SRUN0 ; COUNT:inst7|DIS0[0] ; MAIN:inst8|CS.SRUN0 ; FD2:inst1|Q1 ; 0.000        ; 2.345      ; 2.243      ;
; -0.395 ; MAIN:inst8|CS.SRUN0 ; COUNT:inst7|DIS0[1] ; MAIN:inst8|CS.SRUN0 ; FD2:inst1|Q1 ; 0.000        ; 2.345      ; 2.243      ;
; -0.395 ; MAIN:inst8|CS.SRUN0 ; COUNT:inst7|DIS0[2] ; MAIN:inst8|CS.SRUN0 ; FD2:inst1|Q1 ; 0.000        ; 2.345      ; 2.243      ;
; -0.395 ; MAIN:inst8|CS.SRUN0 ; COUNT:inst7|DIS0[3] ; MAIN:inst8|CS.SRUN0 ; FD2:inst1|Q1 ; 0.000        ; 2.345      ; 2.243      ;
; -0.391 ; MAIN:inst8|CS.SRUN0 ; COUNT:inst7|DIS[3]  ; MAIN:inst8|CS.SRUN0 ; FD2:inst1|Q1 ; -0.500       ; 2.346      ; 1.748      ;
; -0.391 ; MAIN:inst8|CS.SRUN0 ; COUNT:inst7|DIS[4]  ; MAIN:inst8|CS.SRUN0 ; FD2:inst1|Q1 ; -0.500       ; 2.346      ; 1.748      ;
; -0.391 ; MAIN:inst8|CS.SRUN0 ; COUNT:inst7|DIS[5]  ; MAIN:inst8|CS.SRUN0 ; FD2:inst1|Q1 ; -0.500       ; 2.346      ; 1.748      ;
; -0.391 ; MAIN:inst8|CS.SRUN0 ; COUNT:inst7|DIS[6]  ; MAIN:inst8|CS.SRUN0 ; FD2:inst1|Q1 ; -0.500       ; 2.346      ; 1.748      ;
; -0.391 ; MAIN:inst8|CS.SRUN0 ; COUNT:inst7|DIS[7]  ; MAIN:inst8|CS.SRUN0 ; FD2:inst1|Q1 ; -0.500       ; 2.346      ; 1.748      ;
; -0.391 ; MAIN:inst8|CS.SRUN0 ; COUNT:inst7|DIS[8]  ; MAIN:inst8|CS.SRUN0 ; FD2:inst1|Q1 ; -0.500       ; 2.346      ; 1.748      ;
; -0.391 ; MAIN:inst8|CS.SRUN0 ; COUNT:inst7|DIS[9]  ; MAIN:inst8|CS.SRUN0 ; FD2:inst1|Q1 ; -0.500       ; 2.346      ; 1.748      ;
; -0.377 ; MAIN:inst8|CS.SRUN0 ; COUNT:inst7|DIS[2]  ; MAIN:inst8|CS.SRUN0 ; FD2:inst1|Q1 ; -0.500       ; 2.344      ; 1.760      ;
; -0.357 ; MAIN:inst8|CS.SRUN1 ; COUNT:inst7|CNT[0]  ; FD:inst|Q1          ; FD2:inst1|Q1 ; 0.000        ; 1.295      ; 1.090      ;
; -0.357 ; MAIN:inst8|CS.SRUN1 ; COUNT:inst7|CNT[2]  ; FD:inst|Q1          ; FD2:inst1|Q1 ; 0.000        ; 1.295      ; 1.090      ;
; -0.351 ; MAIN:inst8|CS.SRUN0 ; COUNT:inst7|RES1[0] ; MAIN:inst8|CS.SRUN0 ; FD2:inst1|Q1 ; 0.000        ; 2.347      ; 2.289      ;
; -0.351 ; MAIN:inst8|CS.SRUN1 ; COUNT:inst7|DIS[10] ; FD:inst|Q1          ; FD2:inst1|Q1 ; 0.000        ; 1.304      ; 1.105      ;
; -0.351 ; MAIN:inst8|CS.SRUN1 ; COUNT:inst7|DIS[12] ; FD:inst|Q1          ; FD2:inst1|Q1 ; 0.000        ; 1.304      ; 1.105      ;
; -0.351 ; MAIN:inst8|CS.SRUN1 ; COUNT:inst7|DIS[13] ; FD:inst|Q1          ; FD2:inst1|Q1 ; 0.000        ; 1.304      ; 1.105      ;
; -0.351 ; MAIN:inst8|CS.SRUN1 ; COUNT:inst7|DIS[14] ; FD:inst|Q1          ; FD2:inst1|Q1 ; 0.000        ; 1.304      ; 1.105      ;
; -0.351 ; MAIN:inst8|CS.SRUN1 ; COUNT:inst7|DIS[15] ; FD:inst|Q1          ; FD2:inst1|Q1 ; 0.000        ; 1.304      ; 1.105      ;
; -0.351 ; MAIN:inst8|CS.SRUN1 ; COUNT:inst7|DIS[16] ; FD:inst|Q1          ; FD2:inst1|Q1 ; 0.000        ; 1.304      ; 1.105      ;
; -0.351 ; MAIN:inst8|CS.SRUN1 ; COUNT:inst7|DIS[18] ; FD:inst|Q1          ; FD2:inst1|Q1 ; 0.000        ; 1.304      ; 1.105      ;
; -0.328 ; MAIN:inst8|CS.SRUN1 ; COUNT:inst7|CNT[3]  ; FD:inst|Q1          ; FD2:inst1|Q1 ; 0.000        ; 1.293      ; 1.117      ;
; -0.328 ; MAIN:inst8|CS.SRUN1 ; COUNT:inst7|CNT[4]  ; FD:inst|Q1          ; FD2:inst1|Q1 ; 0.000        ; 1.293      ; 1.117      ;
; -0.328 ; MAIN:inst8|CS.SRUN1 ; COUNT:inst7|CNT[5]  ; FD:inst|Q1          ; FD2:inst1|Q1 ; 0.000        ; 1.293      ; 1.117      ;
; -0.328 ; MAIN:inst8|CS.SRUN1 ; COUNT:inst7|CNT[11] ; FD:inst|Q1          ; FD2:inst1|Q1 ; 0.000        ; 1.293      ; 1.117      ;
; -0.303 ; MAIN:inst8|CS.SRUN0 ; COUNT:inst7|RES1[1] ; MAIN:inst8|CS.SRUN0 ; FD2:inst1|Q1 ; 0.000        ; 2.336      ; 2.326      ;
; -0.303 ; MAIN:inst8|CS.SRUN0 ; COUNT:inst7|RES1[2] ; MAIN:inst8|CS.SRUN0 ; FD2:inst1|Q1 ; 0.000        ; 2.336      ; 2.326      ;
; -0.299 ; MAIN:inst8|CS.SRUN0 ; COUNT:inst7|RES1[3] ; MAIN:inst8|CS.SRUN0 ; FD2:inst1|Q1 ; 0.000        ; 2.336      ; 2.330      ;
; -0.289 ; MAIN:inst8|CS.SRUN1 ; COUNT:inst7|DIS[0]  ; FD:inst|Q1          ; FD2:inst1|Q1 ; 0.000        ; 1.298      ; 1.161      ;
; -0.278 ; MAIN:inst8|CS.SRUN0 ; COUNT:inst7|CNT[0]  ; MAIN:inst8|CS.SRUN0 ; FD2:inst1|Q1 ; -0.500       ; 2.341      ; 1.856      ;
+--------+---------------------+---------------------+---------------------+--------------+--------------+------------+------------+


+-------------------------------------------------------------------------------------------------------------------------------------------+
; Fast Model Hold: 'MAIN:inst8|CS.SRUN0'                                                                                                    ;
+--------+----------------------+----------------------+---------------------+---------------------+--------------+------------+------------+
; Slack  ; From Node            ; To Node              ; Launch Clock        ; Latch Clock         ; Relationship ; Clock Skew ; Data Delay ;
+--------+----------------------+----------------------+---------------------+---------------------+--------------+------------+------------+
; -0.073 ; COUNT:inst7|CNT[5]   ; COUNT:inst7|TEMP[5]  ; FD2:inst1|Q1        ; MAIN:inst8|CS.SRUN0 ; -0.500       ; 1.020      ; 0.599      ;
; -0.072 ; COUNT:inst7|CNT[3]   ; COUNT:inst7|TEMP[3]  ; FD2:inst1|Q1        ; MAIN:inst8|CS.SRUN0 ; -0.500       ; 1.020      ; 0.600      ;
; -0.070 ; COUNT:inst7|CNT[2]   ; COUNT:inst7|TEMP[2]  ; FD2:inst1|Q1        ; MAIN:inst8|CS.SRUN0 ; -0.500       ; 1.018      ; 0.600      ;
; -0.070 ; COUNT:inst7|CNT[4]   ; COUNT:inst7|TEMP[4]  ; FD2:inst1|Q1        ; MAIN:inst8|CS.SRUN0 ; -0.500       ; 1.020      ; 0.602      ;
; -0.057 ; COUNT:inst7|CNT[0]   ; COUNT:inst7|TEMP[0]  ; FD2:inst1|Q1        ; MAIN:inst8|CS.SRUN0 ; -0.500       ; 1.018      ; 0.613      ;
; 0.024  ; COUNT:inst7|CNT[1]   ; COUNT:inst7|TEMP[1]  ; FD2:inst1|Q1        ; MAIN:inst8|CS.SRUN0 ; -0.500       ; 1.025      ; 0.701      ;
; 0.051  ; COUNT:inst7|CNT[10]  ; COUNT:inst7|TEMP[10] ; FD2:inst1|Q1        ; MAIN:inst8|CS.SRUN0 ; -0.500       ; 1.025      ; 0.728      ;
; 0.055  ; COUNT:inst7|CNT[11]  ; COUNT:inst7|TEMP[11] ; FD2:inst1|Q1        ; MAIN:inst8|CS.SRUN0 ; -0.500       ; 1.020      ; 0.727      ;
; 0.057  ; COUNT:inst7|CNT[8]   ; COUNT:inst7|TEMP[8]  ; FD2:inst1|Q1        ; MAIN:inst8|CS.SRUN0 ; -0.500       ; 1.030      ; 0.739      ;
; 0.065  ; COUNT:inst7|CNT[5]   ; COUNT:inst7|TEMP[6]  ; FD2:inst1|Q1        ; MAIN:inst8|CS.SRUN0 ; -0.500       ; 1.020      ; 0.737      ;
; 0.066  ; COUNT:inst7|CNT[3]   ; COUNT:inst7|TEMP[4]  ; FD2:inst1|Q1        ; MAIN:inst8|CS.SRUN0 ; -0.500       ; 1.020      ; 0.738      ;
; 0.070  ; COUNT:inst7|CNT[7]   ; COUNT:inst7|TEMP[7]  ; FD2:inst1|Q1        ; MAIN:inst8|CS.SRUN0 ; -0.500       ; 1.030      ; 0.752      ;
; 0.070  ; COUNT:inst7|CNT[4]   ; COUNT:inst7|TEMP[5]  ; FD2:inst1|Q1        ; MAIN:inst8|CS.SRUN0 ; -0.500       ; 1.020      ; 0.742      ;
; 0.070  ; COUNT:inst7|CNT[2]   ; COUNT:inst7|TEMP[3]  ; FD2:inst1|Q1        ; MAIN:inst8|CS.SRUN0 ; -0.500       ; 1.018      ; 0.740      ;
; 0.079  ; COUNT:inst7|CNT[6]   ; COUNT:inst7|TEMP[6]  ; FD2:inst1|Q1        ; MAIN:inst8|CS.SRUN0 ; -0.500       ; 1.046      ; 0.777      ;
; 0.083  ; COUNT:inst7|CNT[0]   ; COUNT:inst7|TEMP[1]  ; FD2:inst1|Q1        ; MAIN:inst8|CS.SRUN0 ; -0.500       ; 1.018      ; 0.753      ;
; 0.100  ; COUNT:inst7|CNT[5]   ; COUNT:inst7|TEMP[7]  ; FD2:inst1|Q1        ; MAIN:inst8|CS.SRUN0 ; -0.500       ; 1.020      ; 0.772      ;
; 0.101  ; COUNT:inst7|CNT[3]   ; COUNT:inst7|TEMP[5]  ; FD2:inst1|Q1        ; MAIN:inst8|CS.SRUN0 ; -0.500       ; 1.020      ; 0.773      ;
; 0.105  ; COUNT:inst7|CNT[4]   ; COUNT:inst7|TEMP[6]  ; FD2:inst1|Q1        ; MAIN:inst8|CS.SRUN0 ; -0.500       ; 1.020      ; 0.777      ;
; 0.105  ; COUNT:inst7|CNT[2]   ; COUNT:inst7|TEMP[4]  ; FD2:inst1|Q1        ; MAIN:inst8|CS.SRUN0 ; -0.500       ; 1.018      ; 0.775      ;
; 0.118  ; COUNT:inst7|CNT[0]   ; COUNT:inst7|TEMP[2]  ; FD2:inst1|Q1        ; MAIN:inst8|CS.SRUN0 ; -0.500       ; 1.018      ; 0.788      ;
; 0.136  ; COUNT:inst7|CNT[3]   ; COUNT:inst7|TEMP[6]  ; FD2:inst1|Q1        ; MAIN:inst8|CS.SRUN0 ; -0.500       ; 1.020      ; 0.808      ;
; 0.140  ; COUNT:inst7|CNT[4]   ; COUNT:inst7|TEMP[7]  ; FD2:inst1|Q1        ; MAIN:inst8|CS.SRUN0 ; -0.500       ; 1.020      ; 0.812      ;
; 0.140  ; COUNT:inst7|CNT[2]   ; COUNT:inst7|TEMP[5]  ; FD2:inst1|Q1        ; MAIN:inst8|CS.SRUN0 ; -0.500       ; 1.018      ; 0.810      ;
; 0.153  ; COUNT:inst7|CNT[0]   ; COUNT:inst7|TEMP[3]  ; FD2:inst1|Q1        ; MAIN:inst8|CS.SRUN0 ; -0.500       ; 1.018      ; 0.823      ;
; 0.164  ; COUNT:inst7|CNT[1]   ; COUNT:inst7|TEMP[2]  ; FD2:inst1|Q1        ; MAIN:inst8|CS.SRUN0 ; -0.500       ; 1.025      ; 0.841      ;
; 0.171  ; COUNT:inst7|CNT[9]   ; COUNT:inst7|TEMP[9]  ; FD2:inst1|Q1        ; MAIN:inst8|CS.SRUN0 ; -0.500       ; 1.030      ; 0.853      ;
; 0.171  ; COUNT:inst7|CNT[3]   ; COUNT:inst7|TEMP[7]  ; FD2:inst1|Q1        ; MAIN:inst8|CS.SRUN0 ; -0.500       ; 1.020      ; 0.843      ;
; 0.173  ; COUNT:inst7|CNT[13]  ; COUNT:inst7|TEMP[13] ; FD2:inst1|Q1        ; MAIN:inst8|CS.SRUN0 ; -0.500       ; 1.031      ; 0.856      ;
; 0.175  ; COUNT:inst7|CNT[2]   ; COUNT:inst7|TEMP[6]  ; FD2:inst1|Q1        ; MAIN:inst8|CS.SRUN0 ; -0.500       ; 1.018      ; 0.845      ;
; 0.184  ; COUNT:inst7|CNT[12]  ; COUNT:inst7|TEMP[12] ; FD2:inst1|Q1        ; MAIN:inst8|CS.SRUN0 ; -0.500       ; 1.031      ; 0.867      ;
; 0.188  ; COUNT:inst7|CNT[0]   ; COUNT:inst7|TEMP[4]  ; FD2:inst1|Q1        ; MAIN:inst8|CS.SRUN0 ; -0.500       ; 1.018      ; 0.858      ;
; 0.189  ; COUNT:inst7|CNT[10]  ; COUNT:inst7|TEMP[11] ; FD2:inst1|Q1        ; MAIN:inst8|CS.SRUN0 ; -0.500       ; 1.025      ; 0.866      ;
; 0.194  ; COUNT:inst7|CNT[5]   ; COUNT:inst7|TEMP[8]  ; FD2:inst1|Q1        ; MAIN:inst8|CS.SRUN0 ; -0.500       ; 1.020      ; 0.866      ;
; 0.195  ; COUNT:inst7|CNT[8]   ; COUNT:inst7|TEMP[9]  ; FD2:inst1|Q1        ; MAIN:inst8|CS.SRUN0 ; -0.500       ; 1.030      ; 0.877      ;
; 0.195  ; COUNT:inst7|CNT[11]  ; COUNT:inst7|TEMP[12] ; FD2:inst1|Q1        ; MAIN:inst8|CS.SRUN0 ; -0.500       ; 1.020      ; 0.867      ;
; 0.199  ; COUNT:inst7|CNT[1]   ; COUNT:inst7|TEMP[3]  ; FD2:inst1|Q1        ; MAIN:inst8|CS.SRUN0 ; -0.500       ; 1.025      ; 0.876      ;
; 0.210  ; COUNT:inst7|CNT[2]   ; COUNT:inst7|TEMP[7]  ; FD2:inst1|Q1        ; MAIN:inst8|CS.SRUN0 ; -0.500       ; 1.018      ; 0.880      ;
; 0.219  ; COUNT:inst7|CNT[6]   ; COUNT:inst7|TEMP[7]  ; FD2:inst1|Q1        ; MAIN:inst8|CS.SRUN0 ; -0.500       ; 1.046      ; 0.917      ;
; 0.223  ; COUNT:inst7|CNT[0]   ; COUNT:inst7|TEMP[5]  ; FD2:inst1|Q1        ; MAIN:inst8|CS.SRUN0 ; -0.500       ; 1.018      ; 0.893      ;
; 0.224  ; COUNT:inst7|CNT[10]  ; COUNT:inst7|TEMP[12] ; FD2:inst1|Q1        ; MAIN:inst8|CS.SRUN0 ; -0.500       ; 1.025      ; 0.901      ;
; 0.229  ; COUNT:inst7|CNT[5]   ; COUNT:inst7|TEMP[9]  ; FD2:inst1|Q1        ; MAIN:inst8|CS.SRUN0 ; -0.500       ; 1.020      ; 0.901      ;
; 0.230  ; COUNT:inst7|CNT[8]   ; COUNT:inst7|TEMP[10] ; FD2:inst1|Q1        ; MAIN:inst8|CS.SRUN0 ; -0.500       ; 1.030      ; 0.912      ;
; 0.230  ; COUNT:inst7|CNT[11]  ; COUNT:inst7|TEMP[13] ; FD2:inst1|Q1        ; MAIN:inst8|CS.SRUN0 ; -0.500       ; 1.020      ; 0.902      ;
; 0.234  ; COUNT:inst7|CNT[1]   ; COUNT:inst7|TEMP[4]  ; FD2:inst1|Q1        ; MAIN:inst8|CS.SRUN0 ; -0.500       ; 1.025      ; 0.911      ;
; 0.234  ; COUNT:inst7|CNT[4]   ; COUNT:inst7|TEMP[8]  ; FD2:inst1|Q1        ; MAIN:inst8|CS.SRUN0 ; -0.500       ; 1.020      ; 0.906      ;
; 0.258  ; COUNT:inst7|CNT[0]   ; COUNT:inst7|TEMP[6]  ; FD2:inst1|Q1        ; MAIN:inst8|CS.SRUN0 ; -0.500       ; 1.018      ; 0.928      ;
; 0.259  ; COUNT:inst7|CNT[10]  ; COUNT:inst7|TEMP[13] ; FD2:inst1|Q1        ; MAIN:inst8|CS.SRUN0 ; -0.500       ; 1.025      ; 0.936      ;
; 0.264  ; COUNT:inst7|CNT[7]   ; COUNT:inst7|TEMP[8]  ; FD2:inst1|Q1        ; MAIN:inst8|CS.SRUN0 ; -0.500       ; 1.030      ; 0.946      ;
; 0.264  ; COUNT:inst7|CNT[5]   ; COUNT:inst7|TEMP[10] ; FD2:inst1|Q1        ; MAIN:inst8|CS.SRUN0 ; -0.500       ; 1.020      ; 0.936      ;
; 0.265  ; COUNT:inst7|CNT[8]   ; COUNT:inst7|TEMP[11] ; FD2:inst1|Q1        ; MAIN:inst8|CS.SRUN0 ; -0.500       ; 1.030      ; 0.947      ;
; 0.265  ; COUNT:inst7|CNT[3]   ; COUNT:inst7|TEMP[8]  ; FD2:inst1|Q1        ; MAIN:inst8|CS.SRUN0 ; -0.500       ; 1.020      ; 0.937      ;
; 0.269  ; COUNT:inst7|CNT[1]   ; COUNT:inst7|TEMP[5]  ; FD2:inst1|Q1        ; MAIN:inst8|CS.SRUN0 ; -0.500       ; 1.025      ; 0.946      ;
; 0.269  ; COUNT:inst7|CNT[4]   ; COUNT:inst7|TEMP[9]  ; FD2:inst1|Q1        ; MAIN:inst8|CS.SRUN0 ; -0.500       ; 1.020      ; 0.941      ;
; 0.293  ; COUNT:inst7|CNT[0]   ; COUNT:inst7|TEMP[7]  ; FD2:inst1|Q1        ; MAIN:inst8|CS.SRUN0 ; -0.500       ; 1.018      ; 0.963      ;
; 0.299  ; COUNT:inst7|CNT[7]   ; COUNT:inst7|TEMP[9]  ; FD2:inst1|Q1        ; MAIN:inst8|CS.SRUN0 ; -0.500       ; 1.030      ; 0.981      ;
; 0.299  ; COUNT:inst7|CNT[5]   ; COUNT:inst7|TEMP[11] ; FD2:inst1|Q1        ; MAIN:inst8|CS.SRUN0 ; -0.500       ; 1.020      ; 0.971      ;
; 0.300  ; COUNT:inst7|CNT[8]   ; COUNT:inst7|TEMP[12] ; FD2:inst1|Q1        ; MAIN:inst8|CS.SRUN0 ; -0.500       ; 1.030      ; 0.982      ;
; 0.300  ; COUNT:inst7|CNT[3]   ; COUNT:inst7|TEMP[9]  ; FD2:inst1|Q1        ; MAIN:inst8|CS.SRUN0 ; -0.500       ; 1.020      ; 0.972      ;
; 0.304  ; COUNT:inst7|CNT[1]   ; COUNT:inst7|TEMP[6]  ; FD2:inst1|Q1        ; MAIN:inst8|CS.SRUN0 ; -0.500       ; 1.025      ; 0.981      ;
; 0.304  ; COUNT:inst7|CNT[4]   ; COUNT:inst7|TEMP[10] ; FD2:inst1|Q1        ; MAIN:inst8|CS.SRUN0 ; -0.500       ; 1.020      ; 0.976      ;
; 0.304  ; COUNT:inst7|CNT[2]   ; COUNT:inst7|TEMP[8]  ; FD2:inst1|Q1        ; MAIN:inst8|CS.SRUN0 ; -0.500       ; 1.018      ; 0.974      ;
; 0.311  ; COUNT:inst7|CNT[9]   ; COUNT:inst7|TEMP[10] ; FD2:inst1|Q1        ; MAIN:inst8|CS.SRUN0 ; -0.500       ; 1.030      ; 0.993      ;
; 0.313  ; COUNT:inst7|CNT[6]   ; COUNT:inst7|TEMP[8]  ; FD2:inst1|Q1        ; MAIN:inst8|CS.SRUN0 ; -0.500       ; 1.046      ; 1.011      ;
; 0.322  ; COUNT:inst7|CNT[12]  ; COUNT:inst7|TEMP[13] ; FD2:inst1|Q1        ; MAIN:inst8|CS.SRUN0 ; -0.500       ; 1.031      ; 1.005      ;
; 0.334  ; COUNT:inst7|CNT[7]   ; COUNT:inst7|TEMP[10] ; FD2:inst1|Q1        ; MAIN:inst8|CS.SRUN0 ; -0.500       ; 1.030      ; 1.016      ;
; 0.334  ; COUNT:inst7|CNT[5]   ; COUNT:inst7|TEMP[12] ; FD2:inst1|Q1        ; MAIN:inst8|CS.SRUN0 ; -0.500       ; 1.020      ; 1.006      ;
; 0.335  ; COUNT:inst7|CNT[8]   ; COUNT:inst7|TEMP[13] ; FD2:inst1|Q1        ; MAIN:inst8|CS.SRUN0 ; -0.500       ; 1.030      ; 1.017      ;
; 0.335  ; COUNT:inst7|CNT[3]   ; COUNT:inst7|TEMP[10] ; FD2:inst1|Q1        ; MAIN:inst8|CS.SRUN0 ; -0.500       ; 1.020      ; 1.007      ;
; 0.339  ; COUNT:inst7|CNT[1]   ; COUNT:inst7|TEMP[7]  ; FD2:inst1|Q1        ; MAIN:inst8|CS.SRUN0 ; -0.500       ; 1.025      ; 1.016      ;
; 0.339  ; COUNT:inst7|CNT[4]   ; COUNT:inst7|TEMP[11] ; FD2:inst1|Q1        ; MAIN:inst8|CS.SRUN0 ; -0.500       ; 1.020      ; 1.011      ;
; 0.339  ; COUNT:inst7|CNT[2]   ; COUNT:inst7|TEMP[9]  ; FD2:inst1|Q1        ; MAIN:inst8|CS.SRUN0 ; -0.500       ; 1.018      ; 1.009      ;
; 0.346  ; COUNT:inst7|CNT[9]   ; COUNT:inst7|TEMP[11] ; FD2:inst1|Q1        ; MAIN:inst8|CS.SRUN0 ; -0.500       ; 1.030      ; 1.028      ;
; 0.348  ; COUNT:inst7|CNT[6]   ; COUNT:inst7|TEMP[9]  ; FD2:inst1|Q1        ; MAIN:inst8|CS.SRUN0 ; -0.500       ; 1.046      ; 1.046      ;
; 0.359  ; COUNT:inst7|TEMP[1]  ; COUNT:inst7|TEMP[1]  ; MAIN:inst8|CS.SRUN0 ; MAIN:inst8|CS.SRUN0 ; 0.000        ; 0.000      ; 0.511      ;
; 0.359  ; COUNT:inst7|TEMP[13] ; COUNT:inst7|TEMP[13] ; MAIN:inst8|CS.SRUN0 ; MAIN:inst8|CS.SRUN0 ; 0.000        ; 0.000      ; 0.511      ;
; 0.360  ; COUNT:inst7|TEMP[2]  ; COUNT:inst7|TEMP[2]  ; MAIN:inst8|CS.SRUN0 ; MAIN:inst8|CS.SRUN0 ; 0.000        ; 0.000      ; 0.512      ;
; 0.360  ; COUNT:inst7|TEMP[9]  ; COUNT:inst7|TEMP[9]  ; MAIN:inst8|CS.SRUN0 ; MAIN:inst8|CS.SRUN0 ; 0.000        ; 0.000      ; 0.512      ;
; 0.360  ; COUNT:inst7|TEMP[11] ; COUNT:inst7|TEMP[11] ; MAIN:inst8|CS.SRUN0 ; MAIN:inst8|CS.SRUN0 ; 0.000        ; 0.000      ; 0.512      ;
; 0.361  ; COUNT:inst7|TEMP[4]  ; COUNT:inst7|TEMP[4]  ; MAIN:inst8|CS.SRUN0 ; MAIN:inst8|CS.SRUN0 ; 0.000        ; 0.000      ; 0.513      ;
; 0.361  ; COUNT:inst7|TEMP[7]  ; COUNT:inst7|TEMP[7]  ; MAIN:inst8|CS.SRUN0 ; MAIN:inst8|CS.SRUN0 ; 0.000        ; 0.000      ; 0.513      ;
; 0.362  ; COUNT:inst7|TEMP[0]  ; COUNT:inst7|TEMP[0]  ; MAIN:inst8|CS.SRUN0 ; MAIN:inst8|CS.SRUN0 ; 0.000        ; 0.000      ; 0.514      ;
; 0.369  ; COUNT:inst7|TEMP[3]  ; COUNT:inst7|TEMP[3]  ; MAIN:inst8|CS.SRUN0 ; MAIN:inst8|CS.SRUN0 ; 0.000        ; 0.000      ; 0.521      ;
; 0.369  ; COUNT:inst7|TEMP[5]  ; COUNT:inst7|TEMP[5]  ; MAIN:inst8|CS.SRUN0 ; MAIN:inst8|CS.SRUN0 ; 0.000        ; 0.000      ; 0.521      ;
; 0.369  ; COUNT:inst7|CNT[7]   ; COUNT:inst7|TEMP[11] ; FD2:inst1|Q1        ; MAIN:inst8|CS.SRUN0 ; -0.500       ; 1.030      ; 1.051      ;
; 0.369  ; COUNT:inst7|CNT[5]   ; COUNT:inst7|TEMP[13] ; FD2:inst1|Q1        ; MAIN:inst8|CS.SRUN0 ; -0.500       ; 1.020      ; 1.041      ;
; 0.370  ; COUNT:inst7|CNT[3]   ; COUNT:inst7|TEMP[11] ; FD2:inst1|Q1        ; MAIN:inst8|CS.SRUN0 ; -0.500       ; 1.020      ; 1.042      ;
; 0.371  ; COUNT:inst7|TEMP[8]  ; COUNT:inst7|TEMP[8]  ; MAIN:inst8|CS.SRUN0 ; MAIN:inst8|CS.SRUN0 ; 0.000        ; 0.000      ; 0.523      ;
; 0.371  ; COUNT:inst7|TEMP[10] ; COUNT:inst7|TEMP[10] ; MAIN:inst8|CS.SRUN0 ; MAIN:inst8|CS.SRUN0 ; 0.000        ; 0.000      ; 0.523      ;
; 0.372  ; COUNT:inst7|TEMP[12] ; COUNT:inst7|TEMP[12] ; MAIN:inst8|CS.SRUN0 ; MAIN:inst8|CS.SRUN0 ; 0.000        ; 0.000      ; 0.524      ;
; 0.374  ; COUNT:inst7|CNT[4]   ; COUNT:inst7|TEMP[12] ; FD2:inst1|Q1        ; MAIN:inst8|CS.SRUN0 ; -0.500       ; 1.020      ; 1.046      ;
; 0.374  ; COUNT:inst7|CNT[2]   ; COUNT:inst7|TEMP[10] ; FD2:inst1|Q1        ; MAIN:inst8|CS.SRUN0 ; -0.500       ; 1.018      ; 1.044      ;
; 0.381  ; COUNT:inst7|CNT[9]   ; COUNT:inst7|TEMP[12] ; FD2:inst1|Q1        ; MAIN:inst8|CS.SRUN0 ; -0.500       ; 1.030      ; 1.063      ;
; 0.383  ; COUNT:inst7|CNT[6]   ; COUNT:inst7|TEMP[10] ; FD2:inst1|Q1        ; MAIN:inst8|CS.SRUN0 ; -0.500       ; 1.046      ; 1.081      ;
; 0.387  ; COUNT:inst7|CNT[0]   ; COUNT:inst7|TEMP[8]  ; FD2:inst1|Q1        ; MAIN:inst8|CS.SRUN0 ; -0.500       ; 1.018      ; 1.057      ;
; 0.404  ; COUNT:inst7|CNT[7]   ; COUNT:inst7|TEMP[12] ; FD2:inst1|Q1        ; MAIN:inst8|CS.SRUN0 ; -0.500       ; 1.030      ; 1.086      ;
; 0.405  ; COUNT:inst7|CNT[3]   ; COUNT:inst7|TEMP[12] ; FD2:inst1|Q1        ; MAIN:inst8|CS.SRUN0 ; -0.500       ; 1.020      ; 1.077      ;
; 0.409  ; COUNT:inst7|CNT[4]   ; COUNT:inst7|TEMP[13] ; FD2:inst1|Q1        ; MAIN:inst8|CS.SRUN0 ; -0.500       ; 1.020      ; 1.081      ;
; 0.409  ; COUNT:inst7|CNT[2]   ; COUNT:inst7|TEMP[11] ; FD2:inst1|Q1        ; MAIN:inst8|CS.SRUN0 ; -0.500       ; 1.018      ; 1.079      ;
; 0.416  ; COUNT:inst7|CNT[9]   ; COUNT:inst7|TEMP[13] ; FD2:inst1|Q1        ; MAIN:inst8|CS.SRUN0 ; -0.500       ; 1.030      ; 1.098      ;
+--------+----------------------+----------------------+---------------------+---------------------+--------------+------------+------------+


+---------------------------------------------------------------------------------------------------------------------+
; Fast Model Hold: 'CLK'                                                                                              ;
+-------+-------------------+-------------------+--------------+-------------+--------------+------------+------------+
; Slack ; From Node         ; To Node           ; Launch Clock ; Latch Clock ; Relationship ; Clock Skew ; Data Delay ;
+-------+-------------------+-------------------+--------------+-------------+--------------+------------+------------+
; 0.247 ; FD:inst|TEMP1[22] ; FD:inst|TEMP1[22] ; CLK          ; CLK         ; 0.000        ; 0.000      ; 0.399      ;
; 0.358 ; FD:inst|TEMP1[8]  ; FD:inst|TEMP1[8]  ; CLK          ; CLK         ; 0.000        ; 0.000      ; 0.510      ;
; 0.358 ; FD:inst|TEMP1[10] ; FD:inst|TEMP1[10] ; CLK          ; CLK         ; 0.000        ; 0.000      ; 0.510      ;
; 0.361 ; FD:inst|TEMP1[12] ; FD:inst|TEMP1[12] ; CLK          ; CLK         ; 0.000        ; 0.000      ; 0.513      ;
; 0.362 ; FD:inst|TEMP1[20] ; FD:inst|TEMP1[20] ; CLK          ; CLK         ; 0.000        ; 0.000      ; 0.514      ;
; 0.367 ; FD:inst|TEMP1[4]  ; FD:inst|TEMP1[4]  ; CLK          ; CLK         ; 0.000        ; 0.000      ; 0.519      ;
; 0.368 ; FD:inst|TEMP1[6]  ; FD:inst|TEMP1[6]  ; CLK          ; CLK         ; 0.000        ; 0.000      ; 0.520      ;
; 0.369 ; FD:inst|TEMP1[13] ; FD:inst|TEMP1[13] ; CLK          ; CLK         ; 0.000        ; 0.000      ; 0.521      ;
; 0.370 ; FD:inst|TEMP1[15] ; FD:inst|TEMP1[15] ; CLK          ; CLK         ; 0.000        ; 0.000      ; 0.522      ;
; 0.370 ; FD:inst|TEMP1[18] ; FD:inst|TEMP1[18] ; CLK          ; CLK         ; 0.000        ; 0.000      ; 0.522      ;
; 0.372 ; FD:inst|TEMP1[3]  ; FD:inst|TEMP1[3]  ; CLK          ; CLK         ; 0.000        ; 0.000      ; 0.524      ;
; 0.374 ; FD:inst|TEMP1[7]  ; FD:inst|TEMP1[7]  ; CLK          ; CLK         ; 0.000        ; 0.000      ; 0.526      ;
; 0.375 ; FD:inst|TEMP1[14] ; FD:inst|TEMP1[14] ; CLK          ; CLK         ; 0.000        ; 0.000      ; 0.527      ;
; 0.375 ; FD:inst|TEMP1[19] ; FD:inst|TEMP1[19] ; CLK          ; CLK         ; 0.000        ; 0.000      ; 0.527      ;
; 0.376 ; FD:inst|TEMP1[16] ; FD:inst|TEMP1[16] ; CLK          ; CLK         ; 0.000        ; 0.000      ; 0.528      ;
; 0.377 ; FD:inst|TEMP1[21] ; FD:inst|TEMP1[21] ; CLK          ; CLK         ; 0.000        ; 0.000      ; 0.529      ;
; 0.437 ; FD:inst|TEMP1[0]  ; FD:inst|TEMP1[0]  ; CLK          ; CLK         ; 0.000        ; 0.000      ; 0.589      ;
; 0.440 ; FD:inst|TEMP1[2]  ; FD:inst|TEMP1[2]  ; CLK          ; CLK         ; 0.000        ; 0.000      ; 0.592      ;
; 0.440 ; FD:inst|TEMP1[5]  ; FD:inst|TEMP1[5]  ; CLK          ; CLK         ; 0.000        ; 0.000      ; 0.592      ;
; 0.443 ; FD:inst|TEMP1[1]  ; FD:inst|TEMP1[1]  ; CLK          ; CLK         ; 0.000        ; 0.000      ; 0.595      ;
; 0.448 ; FD:inst|TEMP1[17] ; FD:inst|TEMP1[17] ; CLK          ; CLK         ; 0.000        ; 0.000      ; 0.600      ;
; 0.448 ; FD:inst|TEMP1[21] ; FD:inst|Q1        ; CLK          ; CLK         ; 0.000        ; -0.002     ; 0.598      ;
; 0.451 ; FD:inst|TEMP1[11] ; FD:inst|TEMP1[11] ; CLK          ; CLK         ; 0.000        ; 0.000      ; 0.603      ;
; 0.459 ; FD:inst|TEMP1[9]  ; FD:inst|TEMP1[9]  ; CLK          ; CLK         ; 0.000        ; 0.000      ; 0.611      ;
; 0.469 ; FD:inst|TEMP1[22] ; FD:inst|Q1        ; CLK          ; CLK         ; 0.000        ; -0.002     ; 0.619      ;
; 0.496 ; FD:inst|TEMP1[8]  ; FD:inst|TEMP1[9]  ; CLK          ; CLK         ; 0.000        ; 0.000      ; 0.648      ;
; 0.499 ; FD:inst|TEMP1[12] ; FD:inst|TEMP1[13] ; CLK          ; CLK         ; 0.000        ; 0.000      ; 0.651      ;
; 0.500 ; FD:inst|TEMP1[20] ; FD:inst|TEMP1[21] ; CLK          ; CLK         ; 0.000        ; 0.000      ; 0.652      ;
; 0.505 ; FD:inst|TEMP1[4]  ; FD:inst|TEMP1[5]  ; CLK          ; CLK         ; 0.000        ; 0.000      ; 0.657      ;
; 0.506 ; FD:inst|TEMP1[6]  ; FD:inst|TEMP1[7]  ; CLK          ; CLK         ; 0.000        ; 0.000      ; 0.658      ;
; 0.507 ; FD:inst|TEMP1[13] ; FD:inst|TEMP1[14] ; CLK          ; CLK         ; 0.000        ; 0.000      ; 0.659      ;
; 0.508 ; FD:inst|TEMP1[15] ; FD:inst|TEMP1[16] ; CLK          ; CLK         ; 0.000        ; 0.000      ; 0.660      ;
; 0.512 ; FD:inst|TEMP1[3]  ; FD:inst|TEMP1[4]  ; CLK          ; CLK         ; 0.000        ; 0.000      ; 0.664      ;
; 0.514 ; FD:inst|TEMP1[7]  ; FD:inst|TEMP1[8]  ; CLK          ; CLK         ; 0.000        ; 0.000      ; 0.666      ;
; 0.515 ; FD:inst|TEMP1[19] ; FD:inst|TEMP1[20] ; CLK          ; CLK         ; 0.000        ; 0.000      ; 0.667      ;
; 0.515 ; FD:inst|TEMP1[14] ; FD:inst|TEMP1[15] ; CLK          ; CLK         ; 0.000        ; 0.000      ; 0.667      ;
; 0.516 ; FD:inst|TEMP1[16] ; FD:inst|TEMP1[17] ; CLK          ; CLK         ; 0.000        ; 0.000      ; 0.668      ;
; 0.517 ; FD:inst|TEMP1[21] ; FD:inst|TEMP1[22] ; CLK          ; CLK         ; 0.000        ; 0.000      ; 0.669      ;
; 0.531 ; FD:inst|TEMP1[8]  ; FD:inst|TEMP1[10] ; CLK          ; CLK         ; 0.000        ; 0.000      ; 0.683      ;
; 0.534 ; FD:inst|TEMP1[12] ; FD:inst|TEMP1[14] ; CLK          ; CLK         ; 0.000        ; 0.000      ; 0.686      ;
; 0.535 ; FD:inst|TEMP1[20] ; FD:inst|TEMP1[22] ; CLK          ; CLK         ; 0.000        ; 0.000      ; 0.687      ;
; 0.539 ; FD:inst|TEMP1[17] ; FD:inst|Q1        ; CLK          ; CLK         ; 0.000        ; -0.002     ; 0.689      ;
; 0.540 ; FD:inst|TEMP1[4]  ; FD:inst|TEMP1[6]  ; CLK          ; CLK         ; 0.000        ; 0.000      ; 0.692      ;
; 0.540 ; FD:inst|TEMP1[10] ; FD:inst|TEMP1[11] ; CLK          ; CLK         ; 0.000        ; 0.003      ; 0.695      ;
; 0.541 ; FD:inst|TEMP1[6]  ; FD:inst|TEMP1[8]  ; CLK          ; CLK         ; 0.000        ; 0.000      ; 0.693      ;
; 0.542 ; FD:inst|TEMP1[13] ; FD:inst|TEMP1[15] ; CLK          ; CLK         ; 0.000        ; 0.000      ; 0.694      ;
; 0.543 ; FD:inst|TEMP1[15] ; FD:inst|TEMP1[17] ; CLK          ; CLK         ; 0.000        ; 0.000      ; 0.695      ;
; 0.547 ; FD:inst|TEMP1[3]  ; FD:inst|TEMP1[5]  ; CLK          ; CLK         ; 0.000        ; 0.000      ; 0.699      ;
; 0.549 ; FD:inst|TEMP1[7]  ; FD:inst|TEMP1[9]  ; CLK          ; CLK         ; 0.000        ; 0.000      ; 0.701      ;
; 0.550 ; FD:inst|TEMP1[19] ; FD:inst|TEMP1[21] ; CLK          ; CLK         ; 0.000        ; 0.000      ; 0.702      ;
; 0.550 ; FD:inst|TEMP1[14] ; FD:inst|TEMP1[16] ; CLK          ; CLK         ; 0.000        ; 0.000      ; 0.702      ;
; 0.551 ; FD:inst|TEMP1[16] ; FD:inst|TEMP1[18] ; CLK          ; CLK         ; 0.000        ; 0.000      ; 0.703      ;
; 0.563 ; FD:inst|TEMP1[18] ; FD:inst|TEMP1[19] ; CLK          ; CLK         ; 0.000        ; 0.000      ; 0.715      ;
; 0.569 ; FD:inst|TEMP1[12] ; FD:inst|TEMP1[15] ; CLK          ; CLK         ; 0.000        ; 0.000      ; 0.721      ;
; 0.575 ; FD:inst|TEMP1[10] ; FD:inst|TEMP1[12] ; CLK          ; CLK         ; 0.000        ; 0.003      ; 0.730      ;
; 0.575 ; FD:inst|TEMP1[0]  ; FD:inst|TEMP1[1]  ; CLK          ; CLK         ; 0.000        ; 0.000      ; 0.727      ;
; 0.575 ; FD:inst|TEMP1[4]  ; FD:inst|TEMP1[7]  ; CLK          ; CLK         ; 0.000        ; 0.000      ; 0.727      ;
; 0.576 ; FD:inst|TEMP1[6]  ; FD:inst|TEMP1[9]  ; CLK          ; CLK         ; 0.000        ; 0.000      ; 0.728      ;
; 0.577 ; FD:inst|TEMP1[13] ; FD:inst|TEMP1[16] ; CLK          ; CLK         ; 0.000        ; 0.000      ; 0.729      ;
; 0.578 ; FD:inst|TEMP1[5]  ; FD:inst|TEMP1[6]  ; CLK          ; CLK         ; 0.000        ; 0.000      ; 0.730      ;
; 0.578 ; FD:inst|TEMP1[15] ; FD:inst|TEMP1[18] ; CLK          ; CLK         ; 0.000        ; 0.000      ; 0.730      ;
; 0.581 ; FD:inst|TEMP1[1]  ; FD:inst|TEMP1[2]  ; CLK          ; CLK         ; 0.000        ; 0.000      ; 0.733      ;
; 0.582 ; FD:inst|TEMP1[3]  ; FD:inst|TEMP1[6]  ; CLK          ; CLK         ; 0.000        ; 0.000      ; 0.734      ;
; 0.584 ; FD:inst|TEMP1[7]  ; FD:inst|TEMP1[10] ; CLK          ; CLK         ; 0.000        ; 0.000      ; 0.736      ;
; 0.585 ; FD:inst|TEMP1[19] ; FD:inst|TEMP1[22] ; CLK          ; CLK         ; 0.000        ; 0.000      ; 0.737      ;
; 0.585 ; FD:inst|TEMP1[14] ; FD:inst|TEMP1[17] ; CLK          ; CLK         ; 0.000        ; 0.000      ; 0.737      ;
; 0.586 ; FD:inst|TEMP1[17] ; FD:inst|TEMP1[18] ; CLK          ; CLK         ; 0.000        ; 0.000      ; 0.738      ;
; 0.591 ; FD:inst|TEMP1[11] ; FD:inst|TEMP1[12] ; CLK          ; CLK         ; 0.000        ; 0.000      ; 0.743      ;
; 0.598 ; FD:inst|TEMP1[18] ; FD:inst|TEMP1[20] ; CLK          ; CLK         ; 0.000        ; 0.000      ; 0.750      ;
; 0.599 ; FD:inst|TEMP1[9]  ; FD:inst|TEMP1[10] ; CLK          ; CLK         ; 0.000        ; 0.000      ; 0.751      ;
; 0.599 ; FD:inst|TEMP1[18] ; FD:inst|Q1        ; CLK          ; CLK         ; 0.000        ; -0.002     ; 0.749      ;
; 0.604 ; FD:inst|TEMP1[12] ; FD:inst|TEMP1[16] ; CLK          ; CLK         ; 0.000        ; 0.000      ; 0.756      ;
; 0.610 ; FD:inst|TEMP1[10] ; FD:inst|TEMP1[13] ; CLK          ; CLK         ; 0.000        ; 0.003      ; 0.765      ;
; 0.610 ; FD:inst|TEMP1[4]  ; FD:inst|TEMP1[8]  ; CLK          ; CLK         ; 0.000        ; 0.000      ; 0.762      ;
; 0.610 ; FD:inst|TEMP1[0]  ; FD:inst|TEMP1[2]  ; CLK          ; CLK         ; 0.000        ; 0.000      ; 0.762      ;
; 0.611 ; FD:inst|TEMP1[6]  ; FD:inst|TEMP1[10] ; CLK          ; CLK         ; 0.000        ; 0.000      ; 0.763      ;
; 0.612 ; FD:inst|TEMP1[13] ; FD:inst|TEMP1[17] ; CLK          ; CLK         ; 0.000        ; 0.000      ; 0.764      ;
; 0.613 ; FD:inst|TEMP1[5]  ; FD:inst|TEMP1[7]  ; CLK          ; CLK         ; 0.000        ; 0.000      ; 0.765      ;
; 0.615 ; FD:inst|TEMP1[8]  ; FD:inst|TEMP1[11] ; CLK          ; CLK         ; 0.000        ; 0.003      ; 0.770      ;
; 0.617 ; FD:inst|TEMP1[3]  ; FD:inst|TEMP1[7]  ; CLK          ; CLK         ; 0.000        ; 0.000      ; 0.769      ;
; 0.620 ; FD:inst|TEMP1[14] ; FD:inst|TEMP1[18] ; CLK          ; CLK         ; 0.000        ; 0.000      ; 0.772      ;
; 0.626 ; FD:inst|TEMP1[11] ; FD:inst|TEMP1[13] ; CLK          ; CLK         ; 0.000        ; 0.000      ; 0.778      ;
; 0.630 ; FD:inst|TEMP1[20] ; FD:inst|Q1        ; CLK          ; CLK         ; 0.000        ; -0.002     ; 0.780      ;
; 0.633 ; FD:inst|TEMP1[18] ; FD:inst|TEMP1[21] ; CLK          ; CLK         ; 0.000        ; 0.000      ; 0.785      ;
; 0.634 ; FD:inst|TEMP1[2]  ; FD:inst|TEMP1[3]  ; CLK          ; CLK         ; 0.000        ; 0.000      ; 0.786      ;
; 0.639 ; FD:inst|TEMP1[12] ; FD:inst|TEMP1[17] ; CLK          ; CLK         ; 0.000        ; 0.000      ; 0.791      ;
; 0.645 ; FD:inst|TEMP1[10] ; FD:inst|TEMP1[14] ; CLK          ; CLK         ; 0.000        ; 0.003      ; 0.800      ;
; 0.645 ; FD:inst|TEMP1[16] ; FD:inst|TEMP1[19] ; CLK          ; CLK         ; 0.000        ; 0.000      ; 0.797      ;
; 0.645 ; FD:inst|TEMP1[4]  ; FD:inst|TEMP1[9]  ; CLK          ; CLK         ; 0.000        ; 0.000      ; 0.797      ;
; 0.647 ; FD:inst|TEMP1[13] ; FD:inst|TEMP1[18] ; CLK          ; CLK         ; 0.000        ; 0.000      ; 0.799      ;
; 0.648 ; FD:inst|TEMP1[5]  ; FD:inst|TEMP1[8]  ; CLK          ; CLK         ; 0.000        ; 0.000      ; 0.800      ;
; 0.650 ; FD:inst|TEMP1[8]  ; FD:inst|TEMP1[12] ; CLK          ; CLK         ; 0.000        ; 0.003      ; 0.805      ;
; 0.652 ; FD:inst|TEMP1[3]  ; FD:inst|TEMP1[8]  ; CLK          ; CLK         ; 0.000        ; 0.000      ; 0.804      ;
; 0.661 ; FD:inst|TEMP1[11] ; FD:inst|TEMP1[14] ; CLK          ; CLK         ; 0.000        ; 0.000      ; 0.813      ;
; 0.668 ; FD:inst|TEMP1[18] ; FD:inst|TEMP1[22] ; CLK          ; CLK         ; 0.000        ; 0.000      ; 0.820      ;
; 0.668 ; FD:inst|TEMP1[7]  ; FD:inst|TEMP1[11] ; CLK          ; CLK         ; 0.000        ; 0.003      ; 0.823      ;
; 0.669 ; FD:inst|TEMP1[2]  ; FD:inst|TEMP1[4]  ; CLK          ; CLK         ; 0.000        ; 0.000      ; 0.821      ;
; 0.672 ; FD:inst|TEMP1[15] ; FD:inst|TEMP1[19] ; CLK          ; CLK         ; 0.000        ; 0.000      ; 0.824      ;
; 0.673 ; FD:inst|TEMP1[19] ; FD:inst|Q1        ; CLK          ; CLK         ; 0.000        ; -0.002     ; 0.823      ;
; 0.674 ; FD:inst|TEMP1[12] ; FD:inst|TEMP1[18] ; CLK          ; CLK         ; 0.000        ; 0.000      ; 0.826      ;
+-------+-------------------+-------------------+--------------+-------------+--------------+------------+------------+


+---------------------------------------------------------------------------------------------------------------------------+
; Fast Model Hold: 'MAIN:inst8|CS.S1'                                                                                       ;
+-------+--------------------+-------------------+--------------+------------------+--------------+------------+------------+
; Slack ; From Node          ; To Node           ; Launch Clock ; Latch Clock      ; Relationship ; Clock Skew ; Data Delay ;
+-------+--------------------+-------------------+--------------+------------------+--------------+------------+------------+
; 1.467 ; MAIN:inst8|CS.SSUM ; MAIN:inst8|SUM_EN ; FD:inst|Q1   ; MAIN:inst8|CS.S1 ; -0.500       ; -0.613     ; 0.354      ;
+-------+--------------------+-------------------+--------------+------------------+--------------+------------+------------+


+---------------------------------------------------------------------------------------------------------------------------------+
; Fast Model Recovery: 'FD2:inst1|Q1'                                                                                             ;
+-------+---------------------+---------------------+---------------------+--------------+--------------+------------+------------+
; Slack ; From Node           ; To Node             ; Launch Clock        ; Latch Clock  ; Relationship ; Clock Skew ; Data Delay ;
+-------+---------------------+---------------------+---------------------+--------------+--------------+------------+------------+
; 1.065 ; MAIN:inst8|CS.SRUN0 ; COUNT:inst7|CNT[12] ; MAIN:inst8|CS.SRUN0 ; FD2:inst1|Q1 ; 0.500        ; 2.328      ; 1.936      ;
; 1.065 ; MAIN:inst8|CS.SRUN0 ; COUNT:inst7|CNT[13] ; MAIN:inst8|CS.SRUN0 ; FD2:inst1|Q1 ; 0.500        ; 2.328      ; 1.936      ;
; 1.077 ; MAIN:inst8|CS.SRUN0 ; COUNT:inst7|CNT[17] ; MAIN:inst8|CS.SRUN0 ; FD2:inst1|Q1 ; 0.500        ; 2.317      ; 1.913      ;
; 1.077 ; MAIN:inst8|CS.SRUN0 ; COUNT:inst7|CNT[19] ; MAIN:inst8|CS.SRUN0 ; FD2:inst1|Q1 ; 0.500        ; 2.317      ; 1.913      ;
; 1.077 ; MAIN:inst8|CS.SRUN0 ; COUNT:inst7|CNT[21] ; MAIN:inst8|CS.SRUN0 ; FD2:inst1|Q1 ; 0.500        ; 2.317      ; 1.913      ;
; 1.082 ; MAIN:inst8|CS.SRUN0 ; COUNT:inst7|CNT[6]  ; MAIN:inst8|CS.SRUN0 ; FD2:inst1|Q1 ; 0.500        ; 2.313      ; 1.904      ;
; 1.082 ; MAIN:inst8|CS.SRUN0 ; COUNT:inst7|CNT[16] ; MAIN:inst8|CS.SRUN0 ; FD2:inst1|Q1 ; 0.500        ; 2.313      ; 1.904      ;
; 1.084 ; MAIN:inst8|CS.SRUN0 ; COUNT:inst7|CNT[14] ; MAIN:inst8|CS.SRUN0 ; FD2:inst1|Q1 ; 0.500        ; 2.304      ; 1.893      ;
; 1.084 ; MAIN:inst8|CS.SRUN0 ; COUNT:inst7|CNT[20] ; MAIN:inst8|CS.SRUN0 ; FD2:inst1|Q1 ; 0.500        ; 2.304      ; 1.893      ;
; 1.084 ; MAIN:inst8|CS.SRUN0 ; COUNT:inst7|CNT[22] ; MAIN:inst8|CS.SRUN0 ; FD2:inst1|Q1 ; 0.500        ; 2.304      ; 1.893      ;
; 1.085 ; MAIN:inst8|CS.SRUN0 ; COUNT:inst7|CNT[7]  ; MAIN:inst8|CS.SRUN0 ; FD2:inst1|Q1 ; 0.500        ; 2.329      ; 1.917      ;
; 1.085 ; MAIN:inst8|CS.SRUN0 ; COUNT:inst7|CNT[8]  ; MAIN:inst8|CS.SRUN0 ; FD2:inst1|Q1 ; 0.500        ; 2.329      ; 1.917      ;
; 1.085 ; MAIN:inst8|CS.SRUN0 ; COUNT:inst7|CNT[9]  ; MAIN:inst8|CS.SRUN0 ; FD2:inst1|Q1 ; 0.500        ; 2.329      ; 1.917      ;
; 1.236 ; MAIN:inst8|CS.SRUN0 ; COUNT:inst7|DIS[0]  ; MAIN:inst8|CS.SRUN0 ; FD2:inst1|Q1 ; 0.500        ; 2.344      ; 1.781      ;
; 1.236 ; MAIN:inst8|CS.SRUN0 ; COUNT:inst7|DIS[2]  ; MAIN:inst8|CS.SRUN0 ; FD2:inst1|Q1 ; 0.500        ; 2.344      ; 1.781      ;
; 1.237 ; MAIN:inst8|CS.SRUN0 ; COUNT:inst7|DIS[1]  ; MAIN:inst8|CS.SRUN0 ; FD2:inst1|Q1 ; 0.500        ; 2.353      ; 1.789      ;
; 1.237 ; MAIN:inst8|CS.SRUN0 ; COUNT:inst7|DIS[3]  ; MAIN:inst8|CS.SRUN0 ; FD2:inst1|Q1 ; 0.500        ; 2.346      ; 1.782      ;
; 1.237 ; MAIN:inst8|CS.SRUN0 ; COUNT:inst7|DIS[4]  ; MAIN:inst8|CS.SRUN0 ; FD2:inst1|Q1 ; 0.500        ; 2.346      ; 1.782      ;
; 1.237 ; MAIN:inst8|CS.SRUN0 ; COUNT:inst7|DIS[5]  ; MAIN:inst8|CS.SRUN0 ; FD2:inst1|Q1 ; 0.500        ; 2.346      ; 1.782      ;
; 1.237 ; MAIN:inst8|CS.SRUN0 ; COUNT:inst7|DIS[6]  ; MAIN:inst8|CS.SRUN0 ; FD2:inst1|Q1 ; 0.500        ; 2.346      ; 1.782      ;
; 1.237 ; MAIN:inst8|CS.SRUN0 ; COUNT:inst7|DIS[7]  ; MAIN:inst8|CS.SRUN0 ; FD2:inst1|Q1 ; 0.500        ; 2.346      ; 1.782      ;
; 1.237 ; MAIN:inst8|CS.SRUN0 ; COUNT:inst7|DIS[8]  ; MAIN:inst8|CS.SRUN0 ; FD2:inst1|Q1 ; 0.500        ; 2.346      ; 1.782      ;
; 1.237 ; MAIN:inst8|CS.SRUN0 ; COUNT:inst7|DIS[9]  ; MAIN:inst8|CS.SRUN0 ; FD2:inst1|Q1 ; 0.500        ; 2.346      ; 1.782      ;
; 1.237 ; MAIN:inst8|CS.SRUN0 ; COUNT:inst7|DIS[10] ; MAIN:inst8|CS.SRUN0 ; FD2:inst1|Q1 ; 0.500        ; 2.350      ; 1.786      ;
; 1.237 ; MAIN:inst8|CS.SRUN0 ; COUNT:inst7|DIS[11] ; MAIN:inst8|CS.SRUN0 ; FD2:inst1|Q1 ; 0.500        ; 2.351      ; 1.787      ;
; 1.237 ; MAIN:inst8|CS.SRUN0 ; COUNT:inst7|DIS[12] ; MAIN:inst8|CS.SRUN0 ; FD2:inst1|Q1 ; 0.500        ; 2.350      ; 1.786      ;
; 1.237 ; MAIN:inst8|CS.SRUN0 ; COUNT:inst7|DIS[13] ; MAIN:inst8|CS.SRUN0 ; FD2:inst1|Q1 ; 0.500        ; 2.350      ; 1.786      ;
; 1.237 ; MAIN:inst8|CS.SRUN0 ; COUNT:inst7|DIS[14] ; MAIN:inst8|CS.SRUN0 ; FD2:inst1|Q1 ; 0.500        ; 2.350      ; 1.786      ;
; 1.237 ; MAIN:inst8|CS.SRUN0 ; COUNT:inst7|DIS[15] ; MAIN:inst8|CS.SRUN0 ; FD2:inst1|Q1 ; 0.500        ; 2.350      ; 1.786      ;
; 1.237 ; MAIN:inst8|CS.SRUN0 ; COUNT:inst7|DIS[16] ; MAIN:inst8|CS.SRUN0 ; FD2:inst1|Q1 ; 0.500        ; 2.350      ; 1.786      ;
; 1.237 ; MAIN:inst8|CS.SRUN0 ; COUNT:inst7|DIS[17] ; MAIN:inst8|CS.SRUN0 ; FD2:inst1|Q1 ; 0.500        ; 2.351      ; 1.787      ;
; 1.237 ; MAIN:inst8|CS.SRUN0 ; COUNT:inst7|DIS[18] ; MAIN:inst8|CS.SRUN0 ; FD2:inst1|Q1 ; 0.500        ; 2.350      ; 1.786      ;
; 1.237 ; MAIN:inst8|CS.SRUN0 ; COUNT:inst7|CNT[0]  ; MAIN:inst8|CS.SRUN0 ; FD2:inst1|Q1 ; 0.500        ; 2.341      ; 1.777      ;
; 1.237 ; MAIN:inst8|CS.SRUN0 ; COUNT:inst7|CNT[1]  ; MAIN:inst8|CS.SRUN0 ; FD2:inst1|Q1 ; 0.500        ; 2.334      ; 1.770      ;
; 1.237 ; MAIN:inst8|CS.SRUN0 ; COUNT:inst7|CNT[2]  ; MAIN:inst8|CS.SRUN0 ; FD2:inst1|Q1 ; 0.500        ; 2.341      ; 1.777      ;
; 1.237 ; MAIN:inst8|CS.SRUN0 ; COUNT:inst7|CNT[3]  ; MAIN:inst8|CS.SRUN0 ; FD2:inst1|Q1 ; 0.500        ; 2.339      ; 1.775      ;
; 1.237 ; MAIN:inst8|CS.SRUN0 ; COUNT:inst7|CNT[4]  ; MAIN:inst8|CS.SRUN0 ; FD2:inst1|Q1 ; 0.500        ; 2.339      ; 1.775      ;
; 1.237 ; MAIN:inst8|CS.SRUN0 ; COUNT:inst7|CNT[5]  ; MAIN:inst8|CS.SRUN0 ; FD2:inst1|Q1 ; 0.500        ; 2.339      ; 1.775      ;
; 1.237 ; MAIN:inst8|CS.SRUN0 ; COUNT:inst7|CNT[10] ; MAIN:inst8|CS.SRUN0 ; FD2:inst1|Q1 ; 0.500        ; 2.334      ; 1.770      ;
; 1.237 ; MAIN:inst8|CS.SRUN0 ; COUNT:inst7|CNT[11] ; MAIN:inst8|CS.SRUN0 ; FD2:inst1|Q1 ; 0.500        ; 2.339      ; 1.775      ;
; 1.237 ; MAIN:inst8|CS.SRUN0 ; COUNT:inst7|CNT[15] ; MAIN:inst8|CS.SRUN0 ; FD2:inst1|Q1 ; 0.500        ; 2.327      ; 1.763      ;
; 1.237 ; MAIN:inst8|CS.SRUN0 ; COUNT:inst7|CNT[18] ; MAIN:inst8|CS.SRUN0 ; FD2:inst1|Q1 ; 0.500        ; 2.334      ; 1.770      ;
; 1.237 ; MAIN:inst8|CS.SRUN0 ; COUNT:inst7|CNT[23] ; MAIN:inst8|CS.SRUN0 ; FD2:inst1|Q1 ; 0.500        ; 2.287      ; 1.723      ;
; 1.237 ; MAIN:inst8|CS.SRUN0 ; COUNT:inst7|CNT[24] ; MAIN:inst8|CS.SRUN0 ; FD2:inst1|Q1 ; 0.500        ; 2.287      ; 1.723      ;
; 1.237 ; MAIN:inst8|CS.SRUN0 ; COUNT:inst7|CNT[25] ; MAIN:inst8|CS.SRUN0 ; FD2:inst1|Q1 ; 0.500        ; 2.287      ; 1.723      ;
; 1.237 ; MAIN:inst8|CS.SRUN0 ; COUNT:inst7|CNT[26] ; MAIN:inst8|CS.SRUN0 ; FD2:inst1|Q1 ; 0.500        ; 2.287      ; 1.723      ;
; 1.237 ; MAIN:inst8|CS.SRUN0 ; COUNT:inst7|CNT[27] ; MAIN:inst8|CS.SRUN0 ; FD2:inst1|Q1 ; 0.500        ; 2.290      ; 1.726      ;
; 1.237 ; MAIN:inst8|CS.SRUN0 ; COUNT:inst7|CNT[28] ; MAIN:inst8|CS.SRUN0 ; FD2:inst1|Q1 ; 0.500        ; 2.290      ; 1.726      ;
; 1.237 ; MAIN:inst8|CS.SRUN0 ; COUNT:inst7|CNT[29] ; MAIN:inst8|CS.SRUN0 ; FD2:inst1|Q1 ; 0.500        ; 2.290      ; 1.726      ;
; 1.565 ; MAIN:inst8|CS.SRUN0 ; COUNT:inst7|CNT[12] ; MAIN:inst8|CS.SRUN0 ; FD2:inst1|Q1 ; 1.000        ; 2.328      ; 1.936      ;
; 1.565 ; MAIN:inst8|CS.SRUN0 ; COUNT:inst7|CNT[13] ; MAIN:inst8|CS.SRUN0 ; FD2:inst1|Q1 ; 1.000        ; 2.328      ; 1.936      ;
; 1.577 ; MAIN:inst8|CS.SRUN0 ; COUNT:inst7|CNT[17] ; MAIN:inst8|CS.SRUN0 ; FD2:inst1|Q1 ; 1.000        ; 2.317      ; 1.913      ;
; 1.577 ; MAIN:inst8|CS.SRUN0 ; COUNT:inst7|CNT[19] ; MAIN:inst8|CS.SRUN0 ; FD2:inst1|Q1 ; 1.000        ; 2.317      ; 1.913      ;
; 1.577 ; MAIN:inst8|CS.SRUN0 ; COUNT:inst7|CNT[21] ; MAIN:inst8|CS.SRUN0 ; FD2:inst1|Q1 ; 1.000        ; 2.317      ; 1.913      ;
; 1.582 ; MAIN:inst8|CS.SRUN0 ; COUNT:inst7|CNT[6]  ; MAIN:inst8|CS.SRUN0 ; FD2:inst1|Q1 ; 1.000        ; 2.313      ; 1.904      ;
; 1.582 ; MAIN:inst8|CS.SRUN0 ; COUNT:inst7|CNT[16] ; MAIN:inst8|CS.SRUN0 ; FD2:inst1|Q1 ; 1.000        ; 2.313      ; 1.904      ;
; 1.584 ; MAIN:inst8|CS.SRUN0 ; COUNT:inst7|CNT[14] ; MAIN:inst8|CS.SRUN0 ; FD2:inst1|Q1 ; 1.000        ; 2.304      ; 1.893      ;
; 1.584 ; MAIN:inst8|CS.SRUN0 ; COUNT:inst7|CNT[20] ; MAIN:inst8|CS.SRUN0 ; FD2:inst1|Q1 ; 1.000        ; 2.304      ; 1.893      ;
; 1.584 ; MAIN:inst8|CS.SRUN0 ; COUNT:inst7|CNT[22] ; MAIN:inst8|CS.SRUN0 ; FD2:inst1|Q1 ; 1.000        ; 2.304      ; 1.893      ;
; 1.585 ; MAIN:inst8|CS.SRUN0 ; COUNT:inst7|CNT[7]  ; MAIN:inst8|CS.SRUN0 ; FD2:inst1|Q1 ; 1.000        ; 2.329      ; 1.917      ;
; 1.585 ; MAIN:inst8|CS.SRUN0 ; COUNT:inst7|CNT[8]  ; MAIN:inst8|CS.SRUN0 ; FD2:inst1|Q1 ; 1.000        ; 2.329      ; 1.917      ;
; 1.585 ; MAIN:inst8|CS.SRUN0 ; COUNT:inst7|CNT[9]  ; MAIN:inst8|CS.SRUN0 ; FD2:inst1|Q1 ; 1.000        ; 2.329      ; 1.917      ;
; 1.736 ; MAIN:inst8|CS.SRUN0 ; COUNT:inst7|DIS[0]  ; MAIN:inst8|CS.SRUN0 ; FD2:inst1|Q1 ; 1.000        ; 2.344      ; 1.781      ;
; 1.736 ; MAIN:inst8|CS.SRUN0 ; COUNT:inst7|DIS[2]  ; MAIN:inst8|CS.SRUN0 ; FD2:inst1|Q1 ; 1.000        ; 2.344      ; 1.781      ;
; 1.737 ; MAIN:inst8|CS.SRUN0 ; COUNT:inst7|DIS[1]  ; MAIN:inst8|CS.SRUN0 ; FD2:inst1|Q1 ; 1.000        ; 2.353      ; 1.789      ;
; 1.737 ; MAIN:inst8|CS.SRUN0 ; COUNT:inst7|DIS[3]  ; MAIN:inst8|CS.SRUN0 ; FD2:inst1|Q1 ; 1.000        ; 2.346      ; 1.782      ;
; 1.737 ; MAIN:inst8|CS.SRUN0 ; COUNT:inst7|DIS[4]  ; MAIN:inst8|CS.SRUN0 ; FD2:inst1|Q1 ; 1.000        ; 2.346      ; 1.782      ;
; 1.737 ; MAIN:inst8|CS.SRUN0 ; COUNT:inst7|DIS[5]  ; MAIN:inst8|CS.SRUN0 ; FD2:inst1|Q1 ; 1.000        ; 2.346      ; 1.782      ;
; 1.737 ; MAIN:inst8|CS.SRUN0 ; COUNT:inst7|DIS[6]  ; MAIN:inst8|CS.SRUN0 ; FD2:inst1|Q1 ; 1.000        ; 2.346      ; 1.782      ;
; 1.737 ; MAIN:inst8|CS.SRUN0 ; COUNT:inst7|DIS[7]  ; MAIN:inst8|CS.SRUN0 ; FD2:inst1|Q1 ; 1.000        ; 2.346      ; 1.782      ;
; 1.737 ; MAIN:inst8|CS.SRUN0 ; COUNT:inst7|DIS[8]  ; MAIN:inst8|CS.SRUN0 ; FD2:inst1|Q1 ; 1.000        ; 2.346      ; 1.782      ;
; 1.737 ; MAIN:inst8|CS.SRUN0 ; COUNT:inst7|DIS[9]  ; MAIN:inst8|CS.SRUN0 ; FD2:inst1|Q1 ; 1.000        ; 2.346      ; 1.782      ;
; 1.737 ; MAIN:inst8|CS.SRUN0 ; COUNT:inst7|DIS[10] ; MAIN:inst8|CS.SRUN0 ; FD2:inst1|Q1 ; 1.000        ; 2.350      ; 1.786      ;
; 1.737 ; MAIN:inst8|CS.SRUN0 ; COUNT:inst7|DIS[11] ; MAIN:inst8|CS.SRUN0 ; FD2:inst1|Q1 ; 1.000        ; 2.351      ; 1.787      ;
; 1.737 ; MAIN:inst8|CS.SRUN0 ; COUNT:inst7|DIS[12] ; MAIN:inst8|CS.SRUN0 ; FD2:inst1|Q1 ; 1.000        ; 2.350      ; 1.786      ;
; 1.737 ; MAIN:inst8|CS.SRUN0 ; COUNT:inst7|DIS[13] ; MAIN:inst8|CS.SRUN0 ; FD2:inst1|Q1 ; 1.000        ; 2.350      ; 1.786      ;
; 1.737 ; MAIN:inst8|CS.SRUN0 ; COUNT:inst7|DIS[14] ; MAIN:inst8|CS.SRUN0 ; FD2:inst1|Q1 ; 1.000        ; 2.350      ; 1.786      ;
; 1.737 ; MAIN:inst8|CS.SRUN0 ; COUNT:inst7|DIS[15] ; MAIN:inst8|CS.SRUN0 ; FD2:inst1|Q1 ; 1.000        ; 2.350      ; 1.786      ;
; 1.737 ; MAIN:inst8|CS.SRUN0 ; COUNT:inst7|DIS[16] ; MAIN:inst8|CS.SRUN0 ; FD2:inst1|Q1 ; 1.000        ; 2.350      ; 1.786      ;
; 1.737 ; MAIN:inst8|CS.SRUN0 ; COUNT:inst7|DIS[17] ; MAIN:inst8|CS.SRUN0 ; FD2:inst1|Q1 ; 1.000        ; 2.351      ; 1.787      ;
; 1.737 ; MAIN:inst8|CS.SRUN0 ; COUNT:inst7|DIS[18] ; MAIN:inst8|CS.SRUN0 ; FD2:inst1|Q1 ; 1.000        ; 2.350      ; 1.786      ;
; 1.737 ; MAIN:inst8|CS.SRUN0 ; COUNT:inst7|CNT[0]  ; MAIN:inst8|CS.SRUN0 ; FD2:inst1|Q1 ; 1.000        ; 2.341      ; 1.777      ;
; 1.737 ; MAIN:inst8|CS.SRUN0 ; COUNT:inst7|CNT[1]  ; MAIN:inst8|CS.SRUN0 ; FD2:inst1|Q1 ; 1.000        ; 2.334      ; 1.770      ;
; 1.737 ; MAIN:inst8|CS.SRUN0 ; COUNT:inst7|CNT[2]  ; MAIN:inst8|CS.SRUN0 ; FD2:inst1|Q1 ; 1.000        ; 2.341      ; 1.777      ;
; 1.737 ; MAIN:inst8|CS.SRUN0 ; COUNT:inst7|CNT[3]  ; MAIN:inst8|CS.SRUN0 ; FD2:inst1|Q1 ; 1.000        ; 2.339      ; 1.775      ;
; 1.737 ; MAIN:inst8|CS.SRUN0 ; COUNT:inst7|CNT[4]  ; MAIN:inst8|CS.SRUN0 ; FD2:inst1|Q1 ; 1.000        ; 2.339      ; 1.775      ;
; 1.737 ; MAIN:inst8|CS.SRUN0 ; COUNT:inst7|CNT[5]  ; MAIN:inst8|CS.SRUN0 ; FD2:inst1|Q1 ; 1.000        ; 2.339      ; 1.775      ;
; 1.737 ; MAIN:inst8|CS.SRUN0 ; COUNT:inst7|CNT[10] ; MAIN:inst8|CS.SRUN0 ; FD2:inst1|Q1 ; 1.000        ; 2.334      ; 1.770      ;
; 1.737 ; MAIN:inst8|CS.SRUN0 ; COUNT:inst7|CNT[11] ; MAIN:inst8|CS.SRUN0 ; FD2:inst1|Q1 ; 1.000        ; 2.339      ; 1.775      ;
; 1.737 ; MAIN:inst8|CS.SRUN0 ; COUNT:inst7|CNT[15] ; MAIN:inst8|CS.SRUN0 ; FD2:inst1|Q1 ; 1.000        ; 2.327      ; 1.763      ;
; 1.737 ; MAIN:inst8|CS.SRUN0 ; COUNT:inst7|CNT[18] ; MAIN:inst8|CS.SRUN0 ; FD2:inst1|Q1 ; 1.000        ; 2.334      ; 1.770      ;
; 1.737 ; MAIN:inst8|CS.SRUN0 ; COUNT:inst7|CNT[23] ; MAIN:inst8|CS.SRUN0 ; FD2:inst1|Q1 ; 1.000        ; 2.287      ; 1.723      ;
; 1.737 ; MAIN:inst8|CS.SRUN0 ; COUNT:inst7|CNT[24] ; MAIN:inst8|CS.SRUN0 ; FD2:inst1|Q1 ; 1.000        ; 2.287      ; 1.723      ;
; 1.737 ; MAIN:inst8|CS.SRUN0 ; COUNT:inst7|CNT[25] ; MAIN:inst8|CS.SRUN0 ; FD2:inst1|Q1 ; 1.000        ; 2.287      ; 1.723      ;
; 1.737 ; MAIN:inst8|CS.SRUN0 ; COUNT:inst7|CNT[26] ; MAIN:inst8|CS.SRUN0 ; FD2:inst1|Q1 ; 1.000        ; 2.287      ; 1.723      ;
; 1.737 ; MAIN:inst8|CS.SRUN0 ; COUNT:inst7|CNT[27] ; MAIN:inst8|CS.SRUN0 ; FD2:inst1|Q1 ; 1.000        ; 2.290      ; 1.726      ;
; 1.737 ; MAIN:inst8|CS.SRUN0 ; COUNT:inst7|CNT[28] ; MAIN:inst8|CS.SRUN0 ; FD2:inst1|Q1 ; 1.000        ; 2.290      ; 1.726      ;
; 1.737 ; MAIN:inst8|CS.SRUN0 ; COUNT:inst7|CNT[29] ; MAIN:inst8|CS.SRUN0 ; FD2:inst1|Q1 ; 1.000        ; 2.290      ; 1.726      ;
+-------+---------------------+---------------------+---------------------+--------------+--------------+------------+------------+


+-----------------------------------------------------------------------------------------------------------------------+
; Fast Model Recovery: 'FD:inst|Q1'                                                                                     ;
+-------+--------------------+--------------+--------------------+-------------+--------------+------------+------------+
; Slack ; From Node          ; To Node      ; Launch Clock       ; Latch Clock ; Relationship ; Clock Skew ; Data Delay ;
+-------+--------------------+--------------+--------------------+-------------+--------------+------------+------------+
; 1.311 ; MAIN:inst8|CS.SCT1 ; FD2:inst1|Q1 ; MAIN:inst8|CS.SCT1 ; FD:inst|Q1  ; 0.500        ; 1.959      ; 1.321      ;
; 1.316 ; MAIN:inst8|CS.SCT0 ; FD2:inst1|Q1 ; MAIN:inst8|CS.SCT0 ; FD:inst|Q1  ; 0.500        ; 1.959      ; 1.316      ;
; 1.811 ; MAIN:inst8|CS.SCT1 ; FD2:inst1|Q1 ; MAIN:inst8|CS.SCT1 ; FD:inst|Q1  ; 1.000        ; 1.959      ; 1.321      ;
; 1.816 ; MAIN:inst8|CS.SCT0 ; FD2:inst1|Q1 ; MAIN:inst8|CS.SCT0 ; FD:inst|Q1  ; 1.000        ; 1.959      ; 1.316      ;
+-------+--------------------+--------------+--------------------+-------------+--------------+------------+------------+


+------------------------------------------------------------------------------------------------------------------------------------+
; Fast Model Recovery: 'MAIN:inst8|CS.SRUN0'                                                                                         ;
+-------+-------------------+----------------------+------------------+---------------------+--------------+------------+------------+
; Slack ; From Node         ; To Node              ; Launch Clock     ; Latch Clock         ; Relationship ; Clock Skew ; Data Delay ;
+-------+-------------------+----------------------+------------------+---------------------+--------------+------------+------------+
; 2.679 ; MAIN:inst8|SUM_EN ; COUNT:inst7|TEMP[0]  ; MAIN:inst8|CS.S1 ; MAIN:inst8|CS.SRUN0 ; 1.000        ; 2.926      ; 1.279      ;
; 2.679 ; MAIN:inst8|SUM_EN ; COUNT:inst7|TEMP[1]  ; MAIN:inst8|CS.S1 ; MAIN:inst8|CS.SRUN0 ; 1.000        ; 2.926      ; 1.279      ;
; 2.679 ; MAIN:inst8|SUM_EN ; COUNT:inst7|TEMP[2]  ; MAIN:inst8|CS.S1 ; MAIN:inst8|CS.SRUN0 ; 1.000        ; 2.926      ; 1.279      ;
; 2.679 ; MAIN:inst8|SUM_EN ; COUNT:inst7|TEMP[3]  ; MAIN:inst8|CS.S1 ; MAIN:inst8|CS.SRUN0 ; 1.000        ; 2.926      ; 1.279      ;
; 2.679 ; MAIN:inst8|SUM_EN ; COUNT:inst7|TEMP[4]  ; MAIN:inst8|CS.S1 ; MAIN:inst8|CS.SRUN0 ; 1.000        ; 2.926      ; 1.279      ;
; 2.679 ; MAIN:inst8|SUM_EN ; COUNT:inst7|TEMP[5]  ; MAIN:inst8|CS.S1 ; MAIN:inst8|CS.SRUN0 ; 1.000        ; 2.926      ; 1.279      ;
; 2.679 ; MAIN:inst8|SUM_EN ; COUNT:inst7|TEMP[6]  ; MAIN:inst8|CS.S1 ; MAIN:inst8|CS.SRUN0 ; 1.000        ; 2.926      ; 1.279      ;
; 2.679 ; MAIN:inst8|SUM_EN ; COUNT:inst7|TEMP[7]  ; MAIN:inst8|CS.S1 ; MAIN:inst8|CS.SRUN0 ; 1.000        ; 2.926      ; 1.279      ;
; 2.679 ; MAIN:inst8|SUM_EN ; COUNT:inst7|TEMP[8]  ; MAIN:inst8|CS.S1 ; MAIN:inst8|CS.SRUN0 ; 1.000        ; 2.926      ; 1.279      ;
; 2.679 ; MAIN:inst8|SUM_EN ; COUNT:inst7|TEMP[9]  ; MAIN:inst8|CS.S1 ; MAIN:inst8|CS.SRUN0 ; 1.000        ; 2.926      ; 1.279      ;
; 2.679 ; MAIN:inst8|SUM_EN ; COUNT:inst7|TEMP[10] ; MAIN:inst8|CS.S1 ; MAIN:inst8|CS.SRUN0 ; 1.000        ; 2.926      ; 1.279      ;
; 2.679 ; MAIN:inst8|SUM_EN ; COUNT:inst7|TEMP[11] ; MAIN:inst8|CS.S1 ; MAIN:inst8|CS.SRUN0 ; 1.000        ; 2.926      ; 1.279      ;
; 2.679 ; MAIN:inst8|SUM_EN ; COUNT:inst7|TEMP[12] ; MAIN:inst8|CS.S1 ; MAIN:inst8|CS.SRUN0 ; 1.000        ; 2.926      ; 1.279      ;
; 2.679 ; MAIN:inst8|SUM_EN ; COUNT:inst7|TEMP[13] ; MAIN:inst8|CS.S1 ; MAIN:inst8|CS.SRUN0 ; 1.000        ; 2.926      ; 1.279      ;
+-------+-------------------+----------------------+------------------+---------------------+--------------+------------+------------+


+-------------------------------------------------------------------------------------------------------------------------------------+
; Fast Model Removal: 'MAIN:inst8|CS.SRUN0'                                                                                           ;
+--------+-------------------+----------------------+------------------+---------------------+--------------+------------+------------+
; Slack  ; From Node         ; To Node              ; Launch Clock     ; Latch Clock         ; Relationship ; Clock Skew ; Data Delay ;
+--------+-------------------+----------------------+------------------+---------------------+--------------+------------+------------+
; -1.799 ; MAIN:inst8|SUM_EN ; COUNT:inst7|TEMP[0]  ; MAIN:inst8|CS.S1 ; MAIN:inst8|CS.SRUN0 ; 0.000        ; 2.926      ; 1.279      ;
; -1.799 ; MAIN:inst8|SUM_EN ; COUNT:inst7|TEMP[1]  ; MAIN:inst8|CS.S1 ; MAIN:inst8|CS.SRUN0 ; 0.000        ; 2.926      ; 1.279      ;
; -1.799 ; MAIN:inst8|SUM_EN ; COUNT:inst7|TEMP[2]  ; MAIN:inst8|CS.S1 ; MAIN:inst8|CS.SRUN0 ; 0.000        ; 2.926      ; 1.279      ;
; -1.799 ; MAIN:inst8|SUM_EN ; COUNT:inst7|TEMP[3]  ; MAIN:inst8|CS.S1 ; MAIN:inst8|CS.SRUN0 ; 0.000        ; 2.926      ; 1.279      ;
; -1.799 ; MAIN:inst8|SUM_EN ; COUNT:inst7|TEMP[4]  ; MAIN:inst8|CS.S1 ; MAIN:inst8|CS.SRUN0 ; 0.000        ; 2.926      ; 1.279      ;
; -1.799 ; MAIN:inst8|SUM_EN ; COUNT:inst7|TEMP[5]  ; MAIN:inst8|CS.S1 ; MAIN:inst8|CS.SRUN0 ; 0.000        ; 2.926      ; 1.279      ;
; -1.799 ; MAIN:inst8|SUM_EN ; COUNT:inst7|TEMP[6]  ; MAIN:inst8|CS.S1 ; MAIN:inst8|CS.SRUN0 ; 0.000        ; 2.926      ; 1.279      ;
; -1.799 ; MAIN:inst8|SUM_EN ; COUNT:inst7|TEMP[7]  ; MAIN:inst8|CS.S1 ; MAIN:inst8|CS.SRUN0 ; 0.000        ; 2.926      ; 1.279      ;
; -1.799 ; MAIN:inst8|SUM_EN ; COUNT:inst7|TEMP[8]  ; MAIN:inst8|CS.S1 ; MAIN:inst8|CS.SRUN0 ; 0.000        ; 2.926      ; 1.279      ;
; -1.799 ; MAIN:inst8|SUM_EN ; COUNT:inst7|TEMP[9]  ; MAIN:inst8|CS.S1 ; MAIN:inst8|CS.SRUN0 ; 0.000        ; 2.926      ; 1.279      ;
; -1.799 ; MAIN:inst8|SUM_EN ; COUNT:inst7|TEMP[10] ; MAIN:inst8|CS.S1 ; MAIN:inst8|CS.SRUN0 ; 0.000        ; 2.926      ; 1.279      ;
; -1.799 ; MAIN:inst8|SUM_EN ; COUNT:inst7|TEMP[11] ; MAIN:inst8|CS.S1 ; MAIN:inst8|CS.SRUN0 ; 0.000        ; 2.926      ; 1.279      ;
; -1.799 ; MAIN:inst8|SUM_EN ; COUNT:inst7|TEMP[12] ; MAIN:inst8|CS.S1 ; MAIN:inst8|CS.SRUN0 ; 0.000        ; 2.926      ; 1.279      ;
; -1.799 ; MAIN:inst8|SUM_EN ; COUNT:inst7|TEMP[13] ; MAIN:inst8|CS.S1 ; MAIN:inst8|CS.SRUN0 ; 0.000        ; 2.926      ; 1.279      ;
+--------+-------------------+----------------------+------------------+---------------------+--------------+------------+------------+


+------------------------------------------------------------------------------------------------------------------------+
; Fast Model Removal: 'FD:inst|Q1'                                                                                       ;
+--------+--------------------+--------------+--------------------+-------------+--------------+------------+------------+
; Slack  ; From Node          ; To Node      ; Launch Clock       ; Latch Clock ; Relationship ; Clock Skew ; Data Delay ;
+--------+--------------------+--------------+--------------------+-------------+--------------+------------+------------+
; -0.936 ; MAIN:inst8|CS.SCT0 ; FD2:inst1|Q1 ; MAIN:inst8|CS.SCT0 ; FD:inst|Q1  ; 0.000        ; 1.959      ; 1.316      ;
; -0.931 ; MAIN:inst8|CS.SCT1 ; FD2:inst1|Q1 ; MAIN:inst8|CS.SCT1 ; FD:inst|Q1  ; 0.000        ; 1.959      ; 1.321      ;
; -0.436 ; MAIN:inst8|CS.SCT0 ; FD2:inst1|Q1 ; MAIN:inst8|CS.SCT0 ; FD:inst|Q1  ; -0.500       ; 1.959      ; 1.316      ;
; -0.431 ; MAIN:inst8|CS.SCT1 ; FD2:inst1|Q1 ; MAIN:inst8|CS.SCT1 ; FD:inst|Q1  ; -0.500       ; 1.959      ; 1.321      ;
+--------+--------------------+--------------+--------------------+-------------+--------------+------------+------------+


+----------------------------------------------------------------------------------------------------------------------------------+
; Fast Model Removal: 'FD2:inst1|Q1'                                                                                               ;
+--------+---------------------+---------------------+---------------------+--------------+--------------+------------+------------+
; Slack  ; From Node           ; To Node             ; Launch Clock        ; Latch Clock  ; Relationship ; Clock Skew ; Data Delay ;
+--------+---------------------+---------------------+---------------------+--------------+--------------+------------+------------+
; -0.857 ; MAIN:inst8|CS.SRUN0 ; COUNT:inst7|DIS[1]  ; MAIN:inst8|CS.SRUN0 ; FD2:inst1|Q1 ; 0.000        ; 2.353      ; 1.789      ;
; -0.857 ; MAIN:inst8|CS.SRUN0 ; COUNT:inst7|DIS[3]  ; MAIN:inst8|CS.SRUN0 ; FD2:inst1|Q1 ; 0.000        ; 2.346      ; 1.782      ;
; -0.857 ; MAIN:inst8|CS.SRUN0 ; COUNT:inst7|DIS[4]  ; MAIN:inst8|CS.SRUN0 ; FD2:inst1|Q1 ; 0.000        ; 2.346      ; 1.782      ;
; -0.857 ; MAIN:inst8|CS.SRUN0 ; COUNT:inst7|DIS[5]  ; MAIN:inst8|CS.SRUN0 ; FD2:inst1|Q1 ; 0.000        ; 2.346      ; 1.782      ;
; -0.857 ; MAIN:inst8|CS.SRUN0 ; COUNT:inst7|DIS[6]  ; MAIN:inst8|CS.SRUN0 ; FD2:inst1|Q1 ; 0.000        ; 2.346      ; 1.782      ;
; -0.857 ; MAIN:inst8|CS.SRUN0 ; COUNT:inst7|DIS[7]  ; MAIN:inst8|CS.SRUN0 ; FD2:inst1|Q1 ; 0.000        ; 2.346      ; 1.782      ;
; -0.857 ; MAIN:inst8|CS.SRUN0 ; COUNT:inst7|DIS[8]  ; MAIN:inst8|CS.SRUN0 ; FD2:inst1|Q1 ; 0.000        ; 2.346      ; 1.782      ;
; -0.857 ; MAIN:inst8|CS.SRUN0 ; COUNT:inst7|DIS[9]  ; MAIN:inst8|CS.SRUN0 ; FD2:inst1|Q1 ; 0.000        ; 2.346      ; 1.782      ;
; -0.857 ; MAIN:inst8|CS.SRUN0 ; COUNT:inst7|DIS[10] ; MAIN:inst8|CS.SRUN0 ; FD2:inst1|Q1 ; 0.000        ; 2.350      ; 1.786      ;
; -0.857 ; MAIN:inst8|CS.SRUN0 ; COUNT:inst7|DIS[11] ; MAIN:inst8|CS.SRUN0 ; FD2:inst1|Q1 ; 0.000        ; 2.351      ; 1.787      ;
; -0.857 ; MAIN:inst8|CS.SRUN0 ; COUNT:inst7|DIS[12] ; MAIN:inst8|CS.SRUN0 ; FD2:inst1|Q1 ; 0.000        ; 2.350      ; 1.786      ;
; -0.857 ; MAIN:inst8|CS.SRUN0 ; COUNT:inst7|DIS[13] ; MAIN:inst8|CS.SRUN0 ; FD2:inst1|Q1 ; 0.000        ; 2.350      ; 1.786      ;
; -0.857 ; MAIN:inst8|CS.SRUN0 ; COUNT:inst7|DIS[14] ; MAIN:inst8|CS.SRUN0 ; FD2:inst1|Q1 ; 0.000        ; 2.350      ; 1.786      ;
; -0.857 ; MAIN:inst8|CS.SRUN0 ; COUNT:inst7|DIS[15] ; MAIN:inst8|CS.SRUN0 ; FD2:inst1|Q1 ; 0.000        ; 2.350      ; 1.786      ;
; -0.857 ; MAIN:inst8|CS.SRUN0 ; COUNT:inst7|DIS[16] ; MAIN:inst8|CS.SRUN0 ; FD2:inst1|Q1 ; 0.000        ; 2.350      ; 1.786      ;
; -0.857 ; MAIN:inst8|CS.SRUN0 ; COUNT:inst7|DIS[17] ; MAIN:inst8|CS.SRUN0 ; FD2:inst1|Q1 ; 0.000        ; 2.351      ; 1.787      ;
; -0.857 ; MAIN:inst8|CS.SRUN0 ; COUNT:inst7|DIS[18] ; MAIN:inst8|CS.SRUN0 ; FD2:inst1|Q1 ; 0.000        ; 2.350      ; 1.786      ;
; -0.857 ; MAIN:inst8|CS.SRUN0 ; COUNT:inst7|CNT[0]  ; MAIN:inst8|CS.SRUN0 ; FD2:inst1|Q1 ; 0.000        ; 2.341      ; 1.777      ;
; -0.857 ; MAIN:inst8|CS.SRUN0 ; COUNT:inst7|CNT[1]  ; MAIN:inst8|CS.SRUN0 ; FD2:inst1|Q1 ; 0.000        ; 2.334      ; 1.770      ;
; -0.857 ; MAIN:inst8|CS.SRUN0 ; COUNT:inst7|CNT[2]  ; MAIN:inst8|CS.SRUN0 ; FD2:inst1|Q1 ; 0.000        ; 2.341      ; 1.777      ;
; -0.857 ; MAIN:inst8|CS.SRUN0 ; COUNT:inst7|CNT[3]  ; MAIN:inst8|CS.SRUN0 ; FD2:inst1|Q1 ; 0.000        ; 2.339      ; 1.775      ;
; -0.857 ; MAIN:inst8|CS.SRUN0 ; COUNT:inst7|CNT[4]  ; MAIN:inst8|CS.SRUN0 ; FD2:inst1|Q1 ; 0.000        ; 2.339      ; 1.775      ;
; -0.857 ; MAIN:inst8|CS.SRUN0 ; COUNT:inst7|CNT[5]  ; MAIN:inst8|CS.SRUN0 ; FD2:inst1|Q1 ; 0.000        ; 2.339      ; 1.775      ;
; -0.857 ; MAIN:inst8|CS.SRUN0 ; COUNT:inst7|CNT[10] ; MAIN:inst8|CS.SRUN0 ; FD2:inst1|Q1 ; 0.000        ; 2.334      ; 1.770      ;
; -0.857 ; MAIN:inst8|CS.SRUN0 ; COUNT:inst7|CNT[11] ; MAIN:inst8|CS.SRUN0 ; FD2:inst1|Q1 ; 0.000        ; 2.339      ; 1.775      ;
; -0.857 ; MAIN:inst8|CS.SRUN0 ; COUNT:inst7|CNT[15] ; MAIN:inst8|CS.SRUN0 ; FD2:inst1|Q1 ; 0.000        ; 2.327      ; 1.763      ;
; -0.857 ; MAIN:inst8|CS.SRUN0 ; COUNT:inst7|CNT[18] ; MAIN:inst8|CS.SRUN0 ; FD2:inst1|Q1 ; 0.000        ; 2.334      ; 1.770      ;
; -0.857 ; MAIN:inst8|CS.SRUN0 ; COUNT:inst7|CNT[23] ; MAIN:inst8|CS.SRUN0 ; FD2:inst1|Q1 ; 0.000        ; 2.287      ; 1.723      ;
; -0.857 ; MAIN:inst8|CS.SRUN0 ; COUNT:inst7|CNT[24] ; MAIN:inst8|CS.SRUN0 ; FD2:inst1|Q1 ; 0.000        ; 2.287      ; 1.723      ;
; -0.857 ; MAIN:inst8|CS.SRUN0 ; COUNT:inst7|CNT[25] ; MAIN:inst8|CS.SRUN0 ; FD2:inst1|Q1 ; 0.000        ; 2.287      ; 1.723      ;
; -0.857 ; MAIN:inst8|CS.SRUN0 ; COUNT:inst7|CNT[26] ; MAIN:inst8|CS.SRUN0 ; FD2:inst1|Q1 ; 0.000        ; 2.287      ; 1.723      ;
; -0.857 ; MAIN:inst8|CS.SRUN0 ; COUNT:inst7|CNT[27] ; MAIN:inst8|CS.SRUN0 ; FD2:inst1|Q1 ; 0.000        ; 2.290      ; 1.726      ;
; -0.857 ; MAIN:inst8|CS.SRUN0 ; COUNT:inst7|CNT[28] ; MAIN:inst8|CS.SRUN0 ; FD2:inst1|Q1 ; 0.000        ; 2.290      ; 1.726      ;
; -0.857 ; MAIN:inst8|CS.SRUN0 ; COUNT:inst7|CNT[29] ; MAIN:inst8|CS.SRUN0 ; FD2:inst1|Q1 ; 0.000        ; 2.290      ; 1.726      ;
; -0.856 ; MAIN:inst8|CS.SRUN0 ; COUNT:inst7|DIS[0]  ; MAIN:inst8|CS.SRUN0 ; FD2:inst1|Q1 ; 0.000        ; 2.344      ; 1.781      ;
; -0.856 ; MAIN:inst8|CS.SRUN0 ; COUNT:inst7|DIS[2]  ; MAIN:inst8|CS.SRUN0 ; FD2:inst1|Q1 ; 0.000        ; 2.344      ; 1.781      ;
; -0.705 ; MAIN:inst8|CS.SRUN0 ; COUNT:inst7|CNT[7]  ; MAIN:inst8|CS.SRUN0 ; FD2:inst1|Q1 ; 0.000        ; 2.329      ; 1.917      ;
; -0.705 ; MAIN:inst8|CS.SRUN0 ; COUNT:inst7|CNT[8]  ; MAIN:inst8|CS.SRUN0 ; FD2:inst1|Q1 ; 0.000        ; 2.329      ; 1.917      ;
; -0.705 ; MAIN:inst8|CS.SRUN0 ; COUNT:inst7|CNT[9]  ; MAIN:inst8|CS.SRUN0 ; FD2:inst1|Q1 ; 0.000        ; 2.329      ; 1.917      ;
; -0.704 ; MAIN:inst8|CS.SRUN0 ; COUNT:inst7|CNT[14] ; MAIN:inst8|CS.SRUN0 ; FD2:inst1|Q1 ; 0.000        ; 2.304      ; 1.893      ;
; -0.704 ; MAIN:inst8|CS.SRUN0 ; COUNT:inst7|CNT[20] ; MAIN:inst8|CS.SRUN0 ; FD2:inst1|Q1 ; 0.000        ; 2.304      ; 1.893      ;
; -0.704 ; MAIN:inst8|CS.SRUN0 ; COUNT:inst7|CNT[22] ; MAIN:inst8|CS.SRUN0 ; FD2:inst1|Q1 ; 0.000        ; 2.304      ; 1.893      ;
; -0.702 ; MAIN:inst8|CS.SRUN0 ; COUNT:inst7|CNT[6]  ; MAIN:inst8|CS.SRUN0 ; FD2:inst1|Q1 ; 0.000        ; 2.313      ; 1.904      ;
; -0.702 ; MAIN:inst8|CS.SRUN0 ; COUNT:inst7|CNT[16] ; MAIN:inst8|CS.SRUN0 ; FD2:inst1|Q1 ; 0.000        ; 2.313      ; 1.904      ;
; -0.697 ; MAIN:inst8|CS.SRUN0 ; COUNT:inst7|CNT[17] ; MAIN:inst8|CS.SRUN0 ; FD2:inst1|Q1 ; 0.000        ; 2.317      ; 1.913      ;
; -0.697 ; MAIN:inst8|CS.SRUN0 ; COUNT:inst7|CNT[19] ; MAIN:inst8|CS.SRUN0 ; FD2:inst1|Q1 ; 0.000        ; 2.317      ; 1.913      ;
; -0.697 ; MAIN:inst8|CS.SRUN0 ; COUNT:inst7|CNT[21] ; MAIN:inst8|CS.SRUN0 ; FD2:inst1|Q1 ; 0.000        ; 2.317      ; 1.913      ;
; -0.685 ; MAIN:inst8|CS.SRUN0 ; COUNT:inst7|CNT[12] ; MAIN:inst8|CS.SRUN0 ; FD2:inst1|Q1 ; 0.000        ; 2.328      ; 1.936      ;
; -0.685 ; MAIN:inst8|CS.SRUN0 ; COUNT:inst7|CNT[13] ; MAIN:inst8|CS.SRUN0 ; FD2:inst1|Q1 ; 0.000        ; 2.328      ; 1.936      ;
; -0.357 ; MAIN:inst8|CS.SRUN0 ; COUNT:inst7|DIS[1]  ; MAIN:inst8|CS.SRUN0 ; FD2:inst1|Q1 ; -0.500       ; 2.353      ; 1.789      ;
; -0.357 ; MAIN:inst8|CS.SRUN0 ; COUNT:inst7|DIS[3]  ; MAIN:inst8|CS.SRUN0 ; FD2:inst1|Q1 ; -0.500       ; 2.346      ; 1.782      ;
; -0.357 ; MAIN:inst8|CS.SRUN0 ; COUNT:inst7|DIS[4]  ; MAIN:inst8|CS.SRUN0 ; FD2:inst1|Q1 ; -0.500       ; 2.346      ; 1.782      ;
; -0.357 ; MAIN:inst8|CS.SRUN0 ; COUNT:inst7|DIS[5]  ; MAIN:inst8|CS.SRUN0 ; FD2:inst1|Q1 ; -0.500       ; 2.346      ; 1.782      ;
; -0.357 ; MAIN:inst8|CS.SRUN0 ; COUNT:inst7|DIS[6]  ; MAIN:inst8|CS.SRUN0 ; FD2:inst1|Q1 ; -0.500       ; 2.346      ; 1.782      ;
; -0.357 ; MAIN:inst8|CS.SRUN0 ; COUNT:inst7|DIS[7]  ; MAIN:inst8|CS.SRUN0 ; FD2:inst1|Q1 ; -0.500       ; 2.346      ; 1.782      ;
; -0.357 ; MAIN:inst8|CS.SRUN0 ; COUNT:inst7|DIS[8]  ; MAIN:inst8|CS.SRUN0 ; FD2:inst1|Q1 ; -0.500       ; 2.346      ; 1.782      ;
; -0.357 ; MAIN:inst8|CS.SRUN0 ; COUNT:inst7|DIS[9]  ; MAIN:inst8|CS.SRUN0 ; FD2:inst1|Q1 ; -0.500       ; 2.346      ; 1.782      ;
; -0.357 ; MAIN:inst8|CS.SRUN0 ; COUNT:inst7|DIS[10] ; MAIN:inst8|CS.SRUN0 ; FD2:inst1|Q1 ; -0.500       ; 2.350      ; 1.786      ;
; -0.357 ; MAIN:inst8|CS.SRUN0 ; COUNT:inst7|DIS[11] ; MAIN:inst8|CS.SRUN0 ; FD2:inst1|Q1 ; -0.500       ; 2.351      ; 1.787      ;
; -0.357 ; MAIN:inst8|CS.SRUN0 ; COUNT:inst7|DIS[12] ; MAIN:inst8|CS.SRUN0 ; FD2:inst1|Q1 ; -0.500       ; 2.350      ; 1.786      ;
; -0.357 ; MAIN:inst8|CS.SRUN0 ; COUNT:inst7|DIS[13] ; MAIN:inst8|CS.SRUN0 ; FD2:inst1|Q1 ; -0.500       ; 2.350      ; 1.786      ;
; -0.357 ; MAIN:inst8|CS.SRUN0 ; COUNT:inst7|DIS[14] ; MAIN:inst8|CS.SRUN0 ; FD2:inst1|Q1 ; -0.500       ; 2.350      ; 1.786      ;
; -0.357 ; MAIN:inst8|CS.SRUN0 ; COUNT:inst7|DIS[15] ; MAIN:inst8|CS.SRUN0 ; FD2:inst1|Q1 ; -0.500       ; 2.350      ; 1.786      ;
; -0.357 ; MAIN:inst8|CS.SRUN0 ; COUNT:inst7|DIS[16] ; MAIN:inst8|CS.SRUN0 ; FD2:inst1|Q1 ; -0.500       ; 2.350      ; 1.786      ;
; -0.357 ; MAIN:inst8|CS.SRUN0 ; COUNT:inst7|DIS[17] ; MAIN:inst8|CS.SRUN0 ; FD2:inst1|Q1 ; -0.500       ; 2.351      ; 1.787      ;
; -0.357 ; MAIN:inst8|CS.SRUN0 ; COUNT:inst7|DIS[18] ; MAIN:inst8|CS.SRUN0 ; FD2:inst1|Q1 ; -0.500       ; 2.350      ; 1.786      ;
; -0.357 ; MAIN:inst8|CS.SRUN0 ; COUNT:inst7|CNT[0]  ; MAIN:inst8|CS.SRUN0 ; FD2:inst1|Q1 ; -0.500       ; 2.341      ; 1.777      ;
; -0.357 ; MAIN:inst8|CS.SRUN0 ; COUNT:inst7|CNT[1]  ; MAIN:inst8|CS.SRUN0 ; FD2:inst1|Q1 ; -0.500       ; 2.334      ; 1.770      ;
; -0.357 ; MAIN:inst8|CS.SRUN0 ; COUNT:inst7|CNT[2]  ; MAIN:inst8|CS.SRUN0 ; FD2:inst1|Q1 ; -0.500       ; 2.341      ; 1.777      ;
; -0.357 ; MAIN:inst8|CS.SRUN0 ; COUNT:inst7|CNT[3]  ; MAIN:inst8|CS.SRUN0 ; FD2:inst1|Q1 ; -0.500       ; 2.339      ; 1.775      ;
; -0.357 ; MAIN:inst8|CS.SRUN0 ; COUNT:inst7|CNT[4]  ; MAIN:inst8|CS.SRUN0 ; FD2:inst1|Q1 ; -0.500       ; 2.339      ; 1.775      ;
; -0.357 ; MAIN:inst8|CS.SRUN0 ; COUNT:inst7|CNT[5]  ; MAIN:inst8|CS.SRUN0 ; FD2:inst1|Q1 ; -0.500       ; 2.339      ; 1.775      ;
; -0.357 ; MAIN:inst8|CS.SRUN0 ; COUNT:inst7|CNT[10] ; MAIN:inst8|CS.SRUN0 ; FD2:inst1|Q1 ; -0.500       ; 2.334      ; 1.770      ;
; -0.357 ; MAIN:inst8|CS.SRUN0 ; COUNT:inst7|CNT[11] ; MAIN:inst8|CS.SRUN0 ; FD2:inst1|Q1 ; -0.500       ; 2.339      ; 1.775      ;
; -0.357 ; MAIN:inst8|CS.SRUN0 ; COUNT:inst7|CNT[15] ; MAIN:inst8|CS.SRUN0 ; FD2:inst1|Q1 ; -0.500       ; 2.327      ; 1.763      ;
; -0.357 ; MAIN:inst8|CS.SRUN0 ; COUNT:inst7|CNT[18] ; MAIN:inst8|CS.SRUN0 ; FD2:inst1|Q1 ; -0.500       ; 2.334      ; 1.770      ;
; -0.357 ; MAIN:inst8|CS.SRUN0 ; COUNT:inst7|CNT[23] ; MAIN:inst8|CS.SRUN0 ; FD2:inst1|Q1 ; -0.500       ; 2.287      ; 1.723      ;
; -0.357 ; MAIN:inst8|CS.SRUN0 ; COUNT:inst7|CNT[24] ; MAIN:inst8|CS.SRUN0 ; FD2:inst1|Q1 ; -0.500       ; 2.287      ; 1.723      ;
; -0.357 ; MAIN:inst8|CS.SRUN0 ; COUNT:inst7|CNT[25] ; MAIN:inst8|CS.SRUN0 ; FD2:inst1|Q1 ; -0.500       ; 2.287      ; 1.723      ;
; -0.357 ; MAIN:inst8|CS.SRUN0 ; COUNT:inst7|CNT[26] ; MAIN:inst8|CS.SRUN0 ; FD2:inst1|Q1 ; -0.500       ; 2.287      ; 1.723      ;
; -0.357 ; MAIN:inst8|CS.SRUN0 ; COUNT:inst7|CNT[27] ; MAIN:inst8|CS.SRUN0 ; FD2:inst1|Q1 ; -0.500       ; 2.290      ; 1.726      ;
; -0.357 ; MAIN:inst8|CS.SRUN0 ; COUNT:inst7|CNT[28] ; MAIN:inst8|CS.SRUN0 ; FD2:inst1|Q1 ; -0.500       ; 2.290      ; 1.726      ;
; -0.357 ; MAIN:inst8|CS.SRUN0 ; COUNT:inst7|CNT[29] ; MAIN:inst8|CS.SRUN0 ; FD2:inst1|Q1 ; -0.500       ; 2.290      ; 1.726      ;
; -0.356 ; MAIN:inst8|CS.SRUN0 ; COUNT:inst7|DIS[0]  ; MAIN:inst8|CS.SRUN0 ; FD2:inst1|Q1 ; -0.500       ; 2.344      ; 1.781      ;
; -0.356 ; MAIN:inst8|CS.SRUN0 ; COUNT:inst7|DIS[2]  ; MAIN:inst8|CS.SRUN0 ; FD2:inst1|Q1 ; -0.500       ; 2.344      ; 1.781      ;
; -0.205 ; MAIN:inst8|CS.SRUN0 ; COUNT:inst7|CNT[7]  ; MAIN:inst8|CS.SRUN0 ; FD2:inst1|Q1 ; -0.500       ; 2.329      ; 1.917      ;
; -0.205 ; MAIN:inst8|CS.SRUN0 ; COUNT:inst7|CNT[8]  ; MAIN:inst8|CS.SRUN0 ; FD2:inst1|Q1 ; -0.500       ; 2.329      ; 1.917      ;
; -0.205 ; MAIN:inst8|CS.SRUN0 ; COUNT:inst7|CNT[9]  ; MAIN:inst8|CS.SRUN0 ; FD2:inst1|Q1 ; -0.500       ; 2.329      ; 1.917      ;
; -0.204 ; MAIN:inst8|CS.SRUN0 ; COUNT:inst7|CNT[14] ; MAIN:inst8|CS.SRUN0 ; FD2:inst1|Q1 ; -0.500       ; 2.304      ; 1.893      ;
; -0.204 ; MAIN:inst8|CS.SRUN0 ; COUNT:inst7|CNT[20] ; MAIN:inst8|CS.SRUN0 ; FD2:inst1|Q1 ; -0.500       ; 2.304      ; 1.893      ;
; -0.204 ; MAIN:inst8|CS.SRUN0 ; COUNT:inst7|CNT[22] ; MAIN:inst8|CS.SRUN0 ; FD2:inst1|Q1 ; -0.500       ; 2.304      ; 1.893      ;
; -0.202 ; MAIN:inst8|CS.SRUN0 ; COUNT:inst7|CNT[6]  ; MAIN:inst8|CS.SRUN0 ; FD2:inst1|Q1 ; -0.500       ; 2.313      ; 1.904      ;
; -0.202 ; MAIN:inst8|CS.SRUN0 ; COUNT:inst7|CNT[16] ; MAIN:inst8|CS.SRUN0 ; FD2:inst1|Q1 ; -0.500       ; 2.313      ; 1.904      ;
; -0.197 ; MAIN:inst8|CS.SRUN0 ; COUNT:inst7|CNT[17] ; MAIN:inst8|CS.SRUN0 ; FD2:inst1|Q1 ; -0.500       ; 2.317      ; 1.913      ;
; -0.197 ; MAIN:inst8|CS.SRUN0 ; COUNT:inst7|CNT[19] ; MAIN:inst8|CS.SRUN0 ; FD2:inst1|Q1 ; -0.500       ; 2.317      ; 1.913      ;
; -0.197 ; MAIN:inst8|CS.SRUN0 ; COUNT:inst7|CNT[21] ; MAIN:inst8|CS.SRUN0 ; FD2:inst1|Q1 ; -0.500       ; 2.317      ; 1.913      ;
; -0.185 ; MAIN:inst8|CS.SRUN0 ; COUNT:inst7|CNT[12] ; MAIN:inst8|CS.SRUN0 ; FD2:inst1|Q1 ; -0.500       ; 2.328      ; 1.936      ;
; -0.185 ; MAIN:inst8|CS.SRUN0 ; COUNT:inst7|CNT[13] ; MAIN:inst8|CS.SRUN0 ; FD2:inst1|Q1 ; -0.500       ; 2.328      ; 1.936      ;
+--------+---------------------+---------------------+---------------------+--------------+--------------+------------+------------+


+-------------------------------------------------------------------------------------------------------+
; Fast Model Minimum Pulse Width: 'CLK'                                                                 ;
+--------+--------------+----------------+------------------+-------+------------+----------------------+
; Slack  ; Actual Width ; Required Width ; Type             ; Clock ; Clock Edge ; Target               ;
+--------+--------------+----------------+------------------+-------+------------+----------------------+
; -1.380 ; 1.000        ; 2.380          ; Port Rate        ; CLK   ; Rise       ; CLK                  ;
; -0.500 ; 0.500        ; 1.000          ; High Pulse Width ; CLK   ; Rise       ; FD:inst|Q1           ;
; -0.500 ; 0.500        ; 1.000          ; Low Pulse Width  ; CLK   ; Rise       ; FD:inst|Q1           ;
; -0.500 ; 0.500        ; 1.000          ; High Pulse Width ; CLK   ; Rise       ; FD:inst|TEMP1[0]     ;
; -0.500 ; 0.500        ; 1.000          ; Low Pulse Width  ; CLK   ; Rise       ; FD:inst|TEMP1[0]     ;
; -0.500 ; 0.500        ; 1.000          ; High Pulse Width ; CLK   ; Rise       ; FD:inst|TEMP1[10]    ;
; -0.500 ; 0.500        ; 1.000          ; Low Pulse Width  ; CLK   ; Rise       ; FD:inst|TEMP1[10]    ;
; -0.500 ; 0.500        ; 1.000          ; High Pulse Width ; CLK   ; Rise       ; FD:inst|TEMP1[11]    ;
; -0.500 ; 0.500        ; 1.000          ; Low Pulse Width  ; CLK   ; Rise       ; FD:inst|TEMP1[11]    ;
; -0.500 ; 0.500        ; 1.000          ; High Pulse Width ; CLK   ; Rise       ; FD:inst|TEMP1[12]    ;
; -0.500 ; 0.500        ; 1.000          ; Low Pulse Width  ; CLK   ; Rise       ; FD:inst|TEMP1[12]    ;
; -0.500 ; 0.500        ; 1.000          ; High Pulse Width ; CLK   ; Rise       ; FD:inst|TEMP1[13]    ;
; -0.500 ; 0.500        ; 1.000          ; Low Pulse Width  ; CLK   ; Rise       ; FD:inst|TEMP1[13]    ;
; -0.500 ; 0.500        ; 1.000          ; High Pulse Width ; CLK   ; Rise       ; FD:inst|TEMP1[14]    ;
; -0.500 ; 0.500        ; 1.000          ; Low Pulse Width  ; CLK   ; Rise       ; FD:inst|TEMP1[14]    ;
; -0.500 ; 0.500        ; 1.000          ; High Pulse Width ; CLK   ; Rise       ; FD:inst|TEMP1[15]    ;
; -0.500 ; 0.500        ; 1.000          ; Low Pulse Width  ; CLK   ; Rise       ; FD:inst|TEMP1[15]    ;
; -0.500 ; 0.500        ; 1.000          ; High Pulse Width ; CLK   ; Rise       ; FD:inst|TEMP1[16]    ;
; -0.500 ; 0.500        ; 1.000          ; Low Pulse Width  ; CLK   ; Rise       ; FD:inst|TEMP1[16]    ;
; -0.500 ; 0.500        ; 1.000          ; High Pulse Width ; CLK   ; Rise       ; FD:inst|TEMP1[17]    ;
; -0.500 ; 0.500        ; 1.000          ; Low Pulse Width  ; CLK   ; Rise       ; FD:inst|TEMP1[17]    ;
; -0.500 ; 0.500        ; 1.000          ; High Pulse Width ; CLK   ; Rise       ; FD:inst|TEMP1[18]    ;
; -0.500 ; 0.500        ; 1.000          ; Low Pulse Width  ; CLK   ; Rise       ; FD:inst|TEMP1[18]    ;
; -0.500 ; 0.500        ; 1.000          ; High Pulse Width ; CLK   ; Rise       ; FD:inst|TEMP1[19]    ;
; -0.500 ; 0.500        ; 1.000          ; Low Pulse Width  ; CLK   ; Rise       ; FD:inst|TEMP1[19]    ;
; -0.500 ; 0.500        ; 1.000          ; High Pulse Width ; CLK   ; Rise       ; FD:inst|TEMP1[1]     ;
; -0.500 ; 0.500        ; 1.000          ; Low Pulse Width  ; CLK   ; Rise       ; FD:inst|TEMP1[1]     ;
; -0.500 ; 0.500        ; 1.000          ; High Pulse Width ; CLK   ; Rise       ; FD:inst|TEMP1[20]    ;
; -0.500 ; 0.500        ; 1.000          ; Low Pulse Width  ; CLK   ; Rise       ; FD:inst|TEMP1[20]    ;
; -0.500 ; 0.500        ; 1.000          ; High Pulse Width ; CLK   ; Rise       ; FD:inst|TEMP1[21]    ;
; -0.500 ; 0.500        ; 1.000          ; Low Pulse Width  ; CLK   ; Rise       ; FD:inst|TEMP1[21]    ;
; -0.500 ; 0.500        ; 1.000          ; High Pulse Width ; CLK   ; Rise       ; FD:inst|TEMP1[22]    ;
; -0.500 ; 0.500        ; 1.000          ; Low Pulse Width  ; CLK   ; Rise       ; FD:inst|TEMP1[22]    ;
; -0.500 ; 0.500        ; 1.000          ; High Pulse Width ; CLK   ; Rise       ; FD:inst|TEMP1[2]     ;
; -0.500 ; 0.500        ; 1.000          ; Low Pulse Width  ; CLK   ; Rise       ; FD:inst|TEMP1[2]     ;
; -0.500 ; 0.500        ; 1.000          ; High Pulse Width ; CLK   ; Rise       ; FD:inst|TEMP1[3]     ;
; -0.500 ; 0.500        ; 1.000          ; Low Pulse Width  ; CLK   ; Rise       ; FD:inst|TEMP1[3]     ;
; -0.500 ; 0.500        ; 1.000          ; High Pulse Width ; CLK   ; Rise       ; FD:inst|TEMP1[4]     ;
; -0.500 ; 0.500        ; 1.000          ; Low Pulse Width  ; CLK   ; Rise       ; FD:inst|TEMP1[4]     ;
; -0.500 ; 0.500        ; 1.000          ; High Pulse Width ; CLK   ; Rise       ; FD:inst|TEMP1[5]     ;
; -0.500 ; 0.500        ; 1.000          ; Low Pulse Width  ; CLK   ; Rise       ; FD:inst|TEMP1[5]     ;
; -0.500 ; 0.500        ; 1.000          ; High Pulse Width ; CLK   ; Rise       ; FD:inst|TEMP1[6]     ;
; -0.500 ; 0.500        ; 1.000          ; Low Pulse Width  ; CLK   ; Rise       ; FD:inst|TEMP1[6]     ;
; -0.500 ; 0.500        ; 1.000          ; High Pulse Width ; CLK   ; Rise       ; FD:inst|TEMP1[7]     ;
; -0.500 ; 0.500        ; 1.000          ; Low Pulse Width  ; CLK   ; Rise       ; FD:inst|TEMP1[7]     ;
; -0.500 ; 0.500        ; 1.000          ; High Pulse Width ; CLK   ; Rise       ; FD:inst|TEMP1[8]     ;
; -0.500 ; 0.500        ; 1.000          ; Low Pulse Width  ; CLK   ; Rise       ; FD:inst|TEMP1[8]     ;
; -0.500 ; 0.500        ; 1.000          ; High Pulse Width ; CLK   ; Rise       ; FD:inst|TEMP1[9]     ;
; -0.500 ; 0.500        ; 1.000          ; Low Pulse Width  ; CLK   ; Rise       ; FD:inst|TEMP1[9]     ;
; 0.500  ; 0.500        ; 0.000          ; High Pulse Width ; CLK   ; Rise       ; CLK|combout          ;
; 0.500  ; 0.500        ; 0.000          ; Low Pulse Width  ; CLK   ; Rise       ; CLK|combout          ;
; 0.500  ; 0.500        ; 0.000          ; High Pulse Width ; CLK   ; Rise       ; CLK~clkctrl|inclk[0] ;
; 0.500  ; 0.500        ; 0.000          ; Low Pulse Width  ; CLK   ; Rise       ; CLK~clkctrl|inclk[0] ;
; 0.500  ; 0.500        ; 0.000          ; High Pulse Width ; CLK   ; Rise       ; CLK~clkctrl|outclk   ;
; 0.500  ; 0.500        ; 0.000          ; Low Pulse Width  ; CLK   ; Rise       ; CLK~clkctrl|outclk   ;
; 0.500  ; 0.500        ; 0.000          ; High Pulse Width ; CLK   ; Rise       ; inst|Q1|clk          ;
; 0.500  ; 0.500        ; 0.000          ; Low Pulse Width  ; CLK   ; Rise       ; inst|Q1|clk          ;
; 0.500  ; 0.500        ; 0.000          ; High Pulse Width ; CLK   ; Rise       ; inst|TEMP1[0]|clk    ;
; 0.500  ; 0.500        ; 0.000          ; Low Pulse Width  ; CLK   ; Rise       ; inst|TEMP1[0]|clk    ;
; 0.500  ; 0.500        ; 0.000          ; High Pulse Width ; CLK   ; Rise       ; inst|TEMP1[10]|clk   ;
; 0.500  ; 0.500        ; 0.000          ; Low Pulse Width  ; CLK   ; Rise       ; inst|TEMP1[10]|clk   ;
; 0.500  ; 0.500        ; 0.000          ; High Pulse Width ; CLK   ; Rise       ; inst|TEMP1[11]|clk   ;
; 0.500  ; 0.500        ; 0.000          ; Low Pulse Width  ; CLK   ; Rise       ; inst|TEMP1[11]|clk   ;
; 0.500  ; 0.500        ; 0.000          ; High Pulse Width ; CLK   ; Rise       ; inst|TEMP1[12]|clk   ;
; 0.500  ; 0.500        ; 0.000          ; Low Pulse Width  ; CLK   ; Rise       ; inst|TEMP1[12]|clk   ;
; 0.500  ; 0.500        ; 0.000          ; High Pulse Width ; CLK   ; Rise       ; inst|TEMP1[13]|clk   ;
; 0.500  ; 0.500        ; 0.000          ; Low Pulse Width  ; CLK   ; Rise       ; inst|TEMP1[13]|clk   ;
; 0.500  ; 0.500        ; 0.000          ; High Pulse Width ; CLK   ; Rise       ; inst|TEMP1[14]|clk   ;
; 0.500  ; 0.500        ; 0.000          ; Low Pulse Width  ; CLK   ; Rise       ; inst|TEMP1[14]|clk   ;
; 0.500  ; 0.500        ; 0.000          ; High Pulse Width ; CLK   ; Rise       ; inst|TEMP1[15]|clk   ;
; 0.500  ; 0.500        ; 0.000          ; Low Pulse Width  ; CLK   ; Rise       ; inst|TEMP1[15]|clk   ;
; 0.500  ; 0.500        ; 0.000          ; High Pulse Width ; CLK   ; Rise       ; inst|TEMP1[16]|clk   ;
; 0.500  ; 0.500        ; 0.000          ; Low Pulse Width  ; CLK   ; Rise       ; inst|TEMP1[16]|clk   ;
; 0.500  ; 0.500        ; 0.000          ; High Pulse Width ; CLK   ; Rise       ; inst|TEMP1[17]|clk   ;
; 0.500  ; 0.500        ; 0.000          ; Low Pulse Width  ; CLK   ; Rise       ; inst|TEMP1[17]|clk   ;
; 0.500  ; 0.500        ; 0.000          ; High Pulse Width ; CLK   ; Rise       ; inst|TEMP1[18]|clk   ;
; 0.500  ; 0.500        ; 0.000          ; Low Pulse Width  ; CLK   ; Rise       ; inst|TEMP1[18]|clk   ;
; 0.500  ; 0.500        ; 0.000          ; High Pulse Width ; CLK   ; Rise       ; inst|TEMP1[19]|clk   ;
; 0.500  ; 0.500        ; 0.000          ; Low Pulse Width  ; CLK   ; Rise       ; inst|TEMP1[19]|clk   ;
; 0.500  ; 0.500        ; 0.000          ; High Pulse Width ; CLK   ; Rise       ; inst|TEMP1[1]|clk    ;
; 0.500  ; 0.500        ; 0.000          ; Low Pulse Width  ; CLK   ; Rise       ; inst|TEMP1[1]|clk    ;
; 0.500  ; 0.500        ; 0.000          ; High Pulse Width ; CLK   ; Rise       ; inst|TEMP1[20]|clk   ;
; 0.500  ; 0.500        ; 0.000          ; Low Pulse Width  ; CLK   ; Rise       ; inst|TEMP1[20]|clk   ;
; 0.500  ; 0.500        ; 0.000          ; High Pulse Width ; CLK   ; Rise       ; inst|TEMP1[21]|clk   ;
; 0.500  ; 0.500        ; 0.000          ; Low Pulse Width  ; CLK   ; Rise       ; inst|TEMP1[21]|clk   ;
; 0.500  ; 0.500        ; 0.000          ; High Pulse Width ; CLK   ; Rise       ; inst|TEMP1[22]|clk   ;
; 0.500  ; 0.500        ; 0.000          ; Low Pulse Width  ; CLK   ; Rise       ; inst|TEMP1[22]|clk   ;
; 0.500  ; 0.500        ; 0.000          ; High Pulse Width ; CLK   ; Rise       ; inst|TEMP1[2]|clk    ;
; 0.500  ; 0.500        ; 0.000          ; Low Pulse Width  ; CLK   ; Rise       ; inst|TEMP1[2]|clk    ;
; 0.500  ; 0.500        ; 0.000          ; High Pulse Width ; CLK   ; Rise       ; inst|TEMP1[3]|clk    ;
; 0.500  ; 0.500        ; 0.000          ; Low Pulse Width  ; CLK   ; Rise       ; inst|TEMP1[3]|clk    ;
; 0.500  ; 0.500        ; 0.000          ; High Pulse Width ; CLK   ; Rise       ; inst|TEMP1[4]|clk    ;
; 0.500  ; 0.500        ; 0.000          ; Low Pulse Width  ; CLK   ; Rise       ; inst|TEMP1[4]|clk    ;
; 0.500  ; 0.500        ; 0.000          ; High Pulse Width ; CLK   ; Rise       ; inst|TEMP1[5]|clk    ;
; 0.500  ; 0.500        ; 0.000          ; Low Pulse Width  ; CLK   ; Rise       ; inst|TEMP1[5]|clk    ;
; 0.500  ; 0.500        ; 0.000          ; High Pulse Width ; CLK   ; Rise       ; inst|TEMP1[6]|clk    ;
; 0.500  ; 0.500        ; 0.000          ; Low Pulse Width  ; CLK   ; Rise       ; inst|TEMP1[6]|clk    ;
; 0.500  ; 0.500        ; 0.000          ; High Pulse Width ; CLK   ; Rise       ; inst|TEMP1[7]|clk    ;
; 0.500  ; 0.500        ; 0.000          ; Low Pulse Width  ; CLK   ; Rise       ; inst|TEMP1[7]|clk    ;
; 0.500  ; 0.500        ; 0.000          ; High Pulse Width ; CLK   ; Rise       ; inst|TEMP1[8]|clk    ;
+--------+--------------+----------------+------------------+-------+------------+----------------------+


+--------------------------------------------------------------------------------------------------------------+
; Fast Model Minimum Pulse Width: 'CT0'                                                                        ;
+--------+--------------+----------------+------------------+-------+------------+-----------------------------+
; Slack  ; Actual Width ; Required Width ; Type             ; Clock ; Clock Edge ; Target                      ;
+--------+--------------+----------------+------------------+-------+------------+-----------------------------+
; -1.222 ; 1.000        ; 2.222          ; Port Rate        ; CT0   ; Rise       ; CT0                         ;
; -0.500 ; 0.500        ; 1.000          ; High Pulse Width ; CT0   ; Rise       ; CLOCK_H:inst4|CNT0[0]       ;
; -0.500 ; 0.500        ; 1.000          ; Low Pulse Width  ; CT0   ; Rise       ; CLOCK_H:inst4|CNT0[0]       ;
; -0.500 ; 0.500        ; 1.000          ; High Pulse Width ; CT0   ; Rise       ; CLOCK_H:inst4|CNT0[1]       ;
; -0.500 ; 0.500        ; 1.000          ; Low Pulse Width  ; CT0   ; Rise       ; CLOCK_H:inst4|CNT0[1]       ;
; -0.500 ; 0.500        ; 1.000          ; High Pulse Width ; CT0   ; Rise       ; CLOCK_H:inst4|CNT0[2]       ;
; -0.500 ; 0.500        ; 1.000          ; Low Pulse Width  ; CT0   ; Rise       ; CLOCK_H:inst4|CNT0[2]       ;
; -0.500 ; 0.500        ; 1.000          ; High Pulse Width ; CT0   ; Rise       ; CLOCK_H:inst4|CNT0[3]       ;
; -0.500 ; 0.500        ; 1.000          ; Low Pulse Width  ; CT0   ; Rise       ; CLOCK_H:inst4|CNT0[3]       ;
; -0.500 ; 0.500        ; 1.000          ; High Pulse Width ; CT0   ; Rise       ; CLOCK_H:inst4|CNT1[0]       ;
; -0.500 ; 0.500        ; 1.000          ; Low Pulse Width  ; CT0   ; Rise       ; CLOCK_H:inst4|CNT1[0]       ;
; -0.500 ; 0.500        ; 1.000          ; High Pulse Width ; CT0   ; Rise       ; CLOCK_H:inst4|CNT1[1]       ;
; -0.500 ; 0.500        ; 1.000          ; Low Pulse Width  ; CT0   ; Rise       ; CLOCK_H:inst4|CNT1[1]       ;
; -0.500 ; 0.500        ; 1.000          ; High Pulse Width ; CT0   ; Rise       ; CLOCK_H:inst4|CNT1[2]       ;
; -0.500 ; 0.500        ; 1.000          ; Low Pulse Width  ; CT0   ; Rise       ; CLOCK_H:inst4|CNT1[2]       ;
; -0.500 ; 0.500        ; 1.000          ; High Pulse Width ; CT0   ; Rise       ; CLOCK_H:inst4|CNT1[3]       ;
; -0.500 ; 0.500        ; 1.000          ; Low Pulse Width  ; CT0   ; Rise       ; CLOCK_H:inst4|CNT1[3]       ;
; -0.500 ; 0.500        ; 1.000          ; High Pulse Width ; CT0   ; Rise       ; CLOCK_M:inst3|CNT0[0]       ;
; -0.500 ; 0.500        ; 1.000          ; Low Pulse Width  ; CT0   ; Rise       ; CLOCK_M:inst3|CNT0[0]       ;
; -0.500 ; 0.500        ; 1.000          ; High Pulse Width ; CT0   ; Rise       ; CLOCK_M:inst3|CNT0[1]       ;
; -0.500 ; 0.500        ; 1.000          ; Low Pulse Width  ; CT0   ; Rise       ; CLOCK_M:inst3|CNT0[1]       ;
; -0.500 ; 0.500        ; 1.000          ; High Pulse Width ; CT0   ; Rise       ; CLOCK_M:inst3|CNT0[2]       ;
; -0.500 ; 0.500        ; 1.000          ; Low Pulse Width  ; CT0   ; Rise       ; CLOCK_M:inst3|CNT0[2]       ;
; -0.500 ; 0.500        ; 1.000          ; High Pulse Width ; CT0   ; Rise       ; CLOCK_M:inst3|CNT0[3]       ;
; -0.500 ; 0.500        ; 1.000          ; Low Pulse Width  ; CT0   ; Rise       ; CLOCK_M:inst3|CNT0[3]       ;
; -0.500 ; 0.500        ; 1.000          ; High Pulse Width ; CT0   ; Rise       ; CLOCK_M:inst3|CNT1[0]       ;
; -0.500 ; 0.500        ; 1.000          ; Low Pulse Width  ; CT0   ; Rise       ; CLOCK_M:inst3|CNT1[0]       ;
; -0.500 ; 0.500        ; 1.000          ; High Pulse Width ; CT0   ; Rise       ; CLOCK_M:inst3|CNT1[1]       ;
; -0.500 ; 0.500        ; 1.000          ; Low Pulse Width  ; CT0   ; Rise       ; CLOCK_M:inst3|CNT1[1]       ;
; -0.500 ; 0.500        ; 1.000          ; High Pulse Width ; CT0   ; Rise       ; CLOCK_M:inst3|CNT1[2]       ;
; -0.500 ; 0.500        ; 1.000          ; Low Pulse Width  ; CT0   ; Rise       ; CLOCK_M:inst3|CNT1[2]       ;
; -0.500 ; 0.500        ; 1.000          ; High Pulse Width ; CT0   ; Rise       ; CLOCK_M:inst3|CNT1[3]       ;
; -0.500 ; 0.500        ; 1.000          ; Low Pulse Width  ; CT0   ; Rise       ; CLOCK_M:inst3|CNT1[3]       ;
; -0.500 ; 0.500        ; 1.000          ; High Pulse Width ; CT0   ; Rise       ; CLOCK_M:inst3|cout          ;
; -0.500 ; 0.500        ; 1.000          ; Low Pulse Width  ; CT0   ; Rise       ; CLOCK_M:inst3|cout          ;
; 0.500  ; 0.500        ; 0.000          ; High Pulse Width ; CT0   ; Rise       ; CT0|combout                 ;
; 0.500  ; 0.500        ; 0.000          ; Low Pulse Width  ; CT0   ; Rise       ; CT0|combout                 ;
; 0.500  ; 0.500        ; 0.000          ; High Pulse Width ; CT0   ; Rise       ; inst3|CNT0[0]|clk           ;
; 0.500  ; 0.500        ; 0.000          ; Low Pulse Width  ; CT0   ; Rise       ; inst3|CNT0[0]|clk           ;
; 0.500  ; 0.500        ; 0.000          ; High Pulse Width ; CT0   ; Rise       ; inst3|CNT0[1]|clk           ;
; 0.500  ; 0.500        ; 0.000          ; Low Pulse Width  ; CT0   ; Rise       ; inst3|CNT0[1]|clk           ;
; 0.500  ; 0.500        ; 0.000          ; High Pulse Width ; CT0   ; Rise       ; inst3|CNT0[2]|clk           ;
; 0.500  ; 0.500        ; 0.000          ; Low Pulse Width  ; CT0   ; Rise       ; inst3|CNT0[2]|clk           ;
; 0.500  ; 0.500        ; 0.000          ; High Pulse Width ; CT0   ; Rise       ; inst3|CNT0[3]|clk           ;
; 0.500  ; 0.500        ; 0.000          ; Low Pulse Width  ; CT0   ; Rise       ; inst3|CNT0[3]|clk           ;
; 0.500  ; 0.500        ; 0.000          ; High Pulse Width ; CT0   ; Rise       ; inst3|CNT1[0]|clk           ;
; 0.500  ; 0.500        ; 0.000          ; Low Pulse Width  ; CT0   ; Rise       ; inst3|CNT1[0]|clk           ;
; 0.500  ; 0.500        ; 0.000          ; High Pulse Width ; CT0   ; Rise       ; inst3|CNT1[1]|clk           ;
; 0.500  ; 0.500        ; 0.000          ; Low Pulse Width  ; CT0   ; Rise       ; inst3|CNT1[1]|clk           ;
; 0.500  ; 0.500        ; 0.000          ; High Pulse Width ; CT0   ; Rise       ; inst3|CNT1[2]|clk           ;
; 0.500  ; 0.500        ; 0.000          ; Low Pulse Width  ; CT0   ; Rise       ; inst3|CNT1[2]|clk           ;
; 0.500  ; 0.500        ; 0.000          ; High Pulse Width ; CT0   ; Rise       ; inst3|CNT1[3]|clk           ;
; 0.500  ; 0.500        ; 0.000          ; Low Pulse Width  ; CT0   ; Rise       ; inst3|CNT1[3]|clk           ;
; 0.500  ; 0.500        ; 0.000          ; High Pulse Width ; CT0   ; Rise       ; inst3|MCLK|combout          ;
; 0.500  ; 0.500        ; 0.000          ; Low Pulse Width  ; CT0   ; Rise       ; inst3|MCLK|combout          ;
; 0.500  ; 0.500        ; 0.000          ; High Pulse Width ; CT0   ; Rise       ; inst3|MCLK|datac            ;
; 0.500  ; 0.500        ; 0.000          ; Low Pulse Width  ; CT0   ; Rise       ; inst3|MCLK|datac            ;
; 0.500  ; 0.500        ; 0.000          ; High Pulse Width ; CT0   ; Rise       ; inst3|MCLK~clkctrl|inclk[0] ;
; 0.500  ; 0.500        ; 0.000          ; Low Pulse Width  ; CT0   ; Rise       ; inst3|MCLK~clkctrl|inclk[0] ;
; 0.500  ; 0.500        ; 0.000          ; High Pulse Width ; CT0   ; Rise       ; inst3|MCLK~clkctrl|outclk   ;
; 0.500  ; 0.500        ; 0.000          ; Low Pulse Width  ; CT0   ; Rise       ; inst3|MCLK~clkctrl|outclk   ;
; 0.500  ; 0.500        ; 0.000          ; High Pulse Width ; CT0   ; Rise       ; inst3|cout|clk              ;
; 0.500  ; 0.500        ; 0.000          ; Low Pulse Width  ; CT0   ; Rise       ; inst3|cout|clk              ;
; 0.500  ; 0.500        ; 0.000          ; High Pulse Width ; CT0   ; Rise       ; inst4|CNT0[0]|clk           ;
; 0.500  ; 0.500        ; 0.000          ; Low Pulse Width  ; CT0   ; Rise       ; inst4|CNT0[0]|clk           ;
; 0.500  ; 0.500        ; 0.000          ; High Pulse Width ; CT0   ; Rise       ; inst4|CNT0[1]|clk           ;
; 0.500  ; 0.500        ; 0.000          ; Low Pulse Width  ; CT0   ; Rise       ; inst4|CNT0[1]|clk           ;
; 0.500  ; 0.500        ; 0.000          ; High Pulse Width ; CT0   ; Rise       ; inst4|CNT0[2]|clk           ;
; 0.500  ; 0.500        ; 0.000          ; Low Pulse Width  ; CT0   ; Rise       ; inst4|CNT0[2]|clk           ;
; 0.500  ; 0.500        ; 0.000          ; High Pulse Width ; CT0   ; Rise       ; inst4|CNT0[3]|clk           ;
; 0.500  ; 0.500        ; 0.000          ; Low Pulse Width  ; CT0   ; Rise       ; inst4|CNT0[3]|clk           ;
; 0.500  ; 0.500        ; 0.000          ; High Pulse Width ; CT0   ; Rise       ; inst4|CNT1[0]|clk           ;
; 0.500  ; 0.500        ; 0.000          ; Low Pulse Width  ; CT0   ; Rise       ; inst4|CNT1[0]|clk           ;
; 0.500  ; 0.500        ; 0.000          ; High Pulse Width ; CT0   ; Rise       ; inst4|CNT1[1]|clk           ;
; 0.500  ; 0.500        ; 0.000          ; Low Pulse Width  ; CT0   ; Rise       ; inst4|CNT1[1]|clk           ;
; 0.500  ; 0.500        ; 0.000          ; High Pulse Width ; CT0   ; Rise       ; inst4|CNT1[2]|clk           ;
; 0.500  ; 0.500        ; 0.000          ; Low Pulse Width  ; CT0   ; Rise       ; inst4|CNT1[2]|clk           ;
; 0.500  ; 0.500        ; 0.000          ; High Pulse Width ; CT0   ; Rise       ; inst4|CNT1[3]|clk           ;
; 0.500  ; 0.500        ; 0.000          ; Low Pulse Width  ; CT0   ; Rise       ; inst4|CNT1[3]|clk           ;
; 0.500  ; 0.500        ; 0.000          ; High Pulse Width ; CT0   ; Rise       ; inst4|MCLK|combout          ;
; 0.500  ; 0.500        ; 0.000          ; Low Pulse Width  ; CT0   ; Rise       ; inst4|MCLK|combout          ;
; 0.500  ; 0.500        ; 0.000          ; High Pulse Width ; CT0   ; Rise       ; inst4|MCLK|datac            ;
; 0.500  ; 0.500        ; 0.000          ; Low Pulse Width  ; CT0   ; Rise       ; inst4|MCLK|datac            ;
; 0.500  ; 0.500        ; 0.000          ; High Pulse Width ; CT0   ; Rise       ; inst4|MCLK~clkctrl|inclk[0] ;
; 0.500  ; 0.500        ; 0.000          ; Low Pulse Width  ; CT0   ; Rise       ; inst4|MCLK~clkctrl|inclk[0] ;
; 0.500  ; 0.500        ; 0.000          ; High Pulse Width ; CT0   ; Rise       ; inst4|MCLK~clkctrl|outclk   ;
; 0.500  ; 0.500        ; 0.000          ; Low Pulse Width  ; CT0   ; Rise       ; inst4|MCLK~clkctrl|outclk   ;
; 0.500  ; 0.500        ; 0.000          ; High Pulse Width ; CT0   ; Rise       ; inst5~0|combout             ;
; 0.500  ; 0.500        ; 0.000          ; Low Pulse Width  ; CT0   ; Rise       ; inst5~0|combout             ;
; 0.500  ; 0.500        ; 0.000          ; High Pulse Width ; CT0   ; Rise       ; inst5~0|datad               ;
; 0.500  ; 0.500        ; 0.000          ; Low Pulse Width  ; CT0   ; Rise       ; inst5~0|datad               ;
; 0.500  ; 0.500        ; 0.000          ; High Pulse Width ; CT0   ; Rise       ; inst6~0|combout             ;
; 0.500  ; 0.500        ; 0.000          ; Low Pulse Width  ; CT0   ; Rise       ; inst6~0|combout             ;
; 0.500  ; 0.500        ; 0.000          ; High Pulse Width ; CT0   ; Rise       ; inst6~0|datad               ;
; 0.500  ; 0.500        ; 0.000          ; Low Pulse Width  ; CT0   ; Rise       ; inst6~0|datad               ;
+--------+--------------+----------------+------------------+-------+------------+-----------------------------+


+---------------------------------------------------------------------------------------------------------------+
; Fast Model Minimum Pulse Width: 'FD2:inst1|Q1'                                                                ;
+--------+--------------+----------------+------------------+--------------+------------+-----------------------+
; Slack  ; Actual Width ; Required Width ; Type             ; Clock        ; Clock Edge ; Target                ;
+--------+--------------+----------------+------------------+--------------+------------+-----------------------+
; -0.500 ; 0.500        ; 1.000          ; High Pulse Width ; FD2:inst1|Q1 ; Rise       ; CLOCK_M:inst3|CNT0[0] ;
; -0.500 ; 0.500        ; 1.000          ; Low Pulse Width  ; FD2:inst1|Q1 ; Rise       ; CLOCK_M:inst3|CNT0[0] ;
; -0.500 ; 0.500        ; 1.000          ; High Pulse Width ; FD2:inst1|Q1 ; Rise       ; CLOCK_M:inst3|CNT0[1] ;
; -0.500 ; 0.500        ; 1.000          ; Low Pulse Width  ; FD2:inst1|Q1 ; Rise       ; CLOCK_M:inst3|CNT0[1] ;
; -0.500 ; 0.500        ; 1.000          ; High Pulse Width ; FD2:inst1|Q1 ; Rise       ; CLOCK_M:inst3|CNT0[2] ;
; -0.500 ; 0.500        ; 1.000          ; Low Pulse Width  ; FD2:inst1|Q1 ; Rise       ; CLOCK_M:inst3|CNT0[2] ;
; -0.500 ; 0.500        ; 1.000          ; High Pulse Width ; FD2:inst1|Q1 ; Rise       ; CLOCK_M:inst3|CNT0[3] ;
; -0.500 ; 0.500        ; 1.000          ; Low Pulse Width  ; FD2:inst1|Q1 ; Rise       ; CLOCK_M:inst3|CNT0[3] ;
; -0.500 ; 0.500        ; 1.000          ; High Pulse Width ; FD2:inst1|Q1 ; Rise       ; CLOCK_M:inst3|CNT1[0] ;
; -0.500 ; 0.500        ; 1.000          ; Low Pulse Width  ; FD2:inst1|Q1 ; Rise       ; CLOCK_M:inst3|CNT1[0] ;
; -0.500 ; 0.500        ; 1.000          ; High Pulse Width ; FD2:inst1|Q1 ; Rise       ; CLOCK_M:inst3|CNT1[1] ;
; -0.500 ; 0.500        ; 1.000          ; Low Pulse Width  ; FD2:inst1|Q1 ; Rise       ; CLOCK_M:inst3|CNT1[1] ;
; -0.500 ; 0.500        ; 1.000          ; High Pulse Width ; FD2:inst1|Q1 ; Rise       ; CLOCK_M:inst3|CNT1[2] ;
; -0.500 ; 0.500        ; 1.000          ; Low Pulse Width  ; FD2:inst1|Q1 ; Rise       ; CLOCK_M:inst3|CNT1[2] ;
; -0.500 ; 0.500        ; 1.000          ; High Pulse Width ; FD2:inst1|Q1 ; Rise       ; CLOCK_M:inst3|CNT1[3] ;
; -0.500 ; 0.500        ; 1.000          ; Low Pulse Width  ; FD2:inst1|Q1 ; Rise       ; CLOCK_M:inst3|CNT1[3] ;
; -0.500 ; 0.500        ; 1.000          ; High Pulse Width ; FD2:inst1|Q1 ; Rise       ; CLOCK_M:inst3|cout    ;
; -0.500 ; 0.500        ; 1.000          ; Low Pulse Width  ; FD2:inst1|Q1 ; Rise       ; CLOCK_M:inst3|cout    ;
; -0.500 ; 0.500        ; 1.000          ; High Pulse Width ; FD2:inst1|Q1 ; Rise       ; COUNT:inst7|CNT[0]    ;
; -0.500 ; 0.500        ; 1.000          ; Low Pulse Width  ; FD2:inst1|Q1 ; Rise       ; COUNT:inst7|CNT[0]    ;
; -0.500 ; 0.500        ; 1.000          ; High Pulse Width ; FD2:inst1|Q1 ; Rise       ; COUNT:inst7|CNT[10]   ;
; -0.500 ; 0.500        ; 1.000          ; Low Pulse Width  ; FD2:inst1|Q1 ; Rise       ; COUNT:inst7|CNT[10]   ;
; -0.500 ; 0.500        ; 1.000          ; High Pulse Width ; FD2:inst1|Q1 ; Rise       ; COUNT:inst7|CNT[11]   ;
; -0.500 ; 0.500        ; 1.000          ; Low Pulse Width  ; FD2:inst1|Q1 ; Rise       ; COUNT:inst7|CNT[11]   ;
; -0.500 ; 0.500        ; 1.000          ; High Pulse Width ; FD2:inst1|Q1 ; Rise       ; COUNT:inst7|CNT[12]   ;
; -0.500 ; 0.500        ; 1.000          ; Low Pulse Width  ; FD2:inst1|Q1 ; Rise       ; COUNT:inst7|CNT[12]   ;
; -0.500 ; 0.500        ; 1.000          ; High Pulse Width ; FD2:inst1|Q1 ; Rise       ; COUNT:inst7|CNT[13]   ;
; -0.500 ; 0.500        ; 1.000          ; Low Pulse Width  ; FD2:inst1|Q1 ; Rise       ; COUNT:inst7|CNT[13]   ;
; -0.500 ; 0.500        ; 1.000          ; High Pulse Width ; FD2:inst1|Q1 ; Rise       ; COUNT:inst7|CNT[14]   ;
; -0.500 ; 0.500        ; 1.000          ; Low Pulse Width  ; FD2:inst1|Q1 ; Rise       ; COUNT:inst7|CNT[14]   ;
; -0.500 ; 0.500        ; 1.000          ; High Pulse Width ; FD2:inst1|Q1 ; Rise       ; COUNT:inst7|CNT[15]   ;
; -0.500 ; 0.500        ; 1.000          ; Low Pulse Width  ; FD2:inst1|Q1 ; Rise       ; COUNT:inst7|CNT[15]   ;
; -0.500 ; 0.500        ; 1.000          ; High Pulse Width ; FD2:inst1|Q1 ; Rise       ; COUNT:inst7|CNT[16]   ;
; -0.500 ; 0.500        ; 1.000          ; Low Pulse Width  ; FD2:inst1|Q1 ; Rise       ; COUNT:inst7|CNT[16]   ;
; -0.500 ; 0.500        ; 1.000          ; High Pulse Width ; FD2:inst1|Q1 ; Rise       ; COUNT:inst7|CNT[17]   ;
; -0.500 ; 0.500        ; 1.000          ; Low Pulse Width  ; FD2:inst1|Q1 ; Rise       ; COUNT:inst7|CNT[17]   ;
; -0.500 ; 0.500        ; 1.000          ; High Pulse Width ; FD2:inst1|Q1 ; Rise       ; COUNT:inst7|CNT[18]   ;
; -0.500 ; 0.500        ; 1.000          ; Low Pulse Width  ; FD2:inst1|Q1 ; Rise       ; COUNT:inst7|CNT[18]   ;
; -0.500 ; 0.500        ; 1.000          ; High Pulse Width ; FD2:inst1|Q1 ; Rise       ; COUNT:inst7|CNT[19]   ;
; -0.500 ; 0.500        ; 1.000          ; Low Pulse Width  ; FD2:inst1|Q1 ; Rise       ; COUNT:inst7|CNT[19]   ;
; -0.500 ; 0.500        ; 1.000          ; High Pulse Width ; FD2:inst1|Q1 ; Rise       ; COUNT:inst7|CNT[1]    ;
; -0.500 ; 0.500        ; 1.000          ; Low Pulse Width  ; FD2:inst1|Q1 ; Rise       ; COUNT:inst7|CNT[1]    ;
; -0.500 ; 0.500        ; 1.000          ; High Pulse Width ; FD2:inst1|Q1 ; Rise       ; COUNT:inst7|CNT[20]   ;
; -0.500 ; 0.500        ; 1.000          ; Low Pulse Width  ; FD2:inst1|Q1 ; Rise       ; COUNT:inst7|CNT[20]   ;
; -0.500 ; 0.500        ; 1.000          ; High Pulse Width ; FD2:inst1|Q1 ; Rise       ; COUNT:inst7|CNT[21]   ;
; -0.500 ; 0.500        ; 1.000          ; Low Pulse Width  ; FD2:inst1|Q1 ; Rise       ; COUNT:inst7|CNT[21]   ;
; -0.500 ; 0.500        ; 1.000          ; High Pulse Width ; FD2:inst1|Q1 ; Rise       ; COUNT:inst7|CNT[22]   ;
; -0.500 ; 0.500        ; 1.000          ; Low Pulse Width  ; FD2:inst1|Q1 ; Rise       ; COUNT:inst7|CNT[22]   ;
; -0.500 ; 0.500        ; 1.000          ; High Pulse Width ; FD2:inst1|Q1 ; Rise       ; COUNT:inst7|CNT[23]   ;
; -0.500 ; 0.500        ; 1.000          ; Low Pulse Width  ; FD2:inst1|Q1 ; Rise       ; COUNT:inst7|CNT[23]   ;
; -0.500 ; 0.500        ; 1.000          ; High Pulse Width ; FD2:inst1|Q1 ; Rise       ; COUNT:inst7|CNT[24]   ;
; -0.500 ; 0.500        ; 1.000          ; Low Pulse Width  ; FD2:inst1|Q1 ; Rise       ; COUNT:inst7|CNT[24]   ;
; -0.500 ; 0.500        ; 1.000          ; High Pulse Width ; FD2:inst1|Q1 ; Rise       ; COUNT:inst7|CNT[25]   ;
; -0.500 ; 0.500        ; 1.000          ; Low Pulse Width  ; FD2:inst1|Q1 ; Rise       ; COUNT:inst7|CNT[25]   ;
; -0.500 ; 0.500        ; 1.000          ; High Pulse Width ; FD2:inst1|Q1 ; Rise       ; COUNT:inst7|CNT[26]   ;
; -0.500 ; 0.500        ; 1.000          ; Low Pulse Width  ; FD2:inst1|Q1 ; Rise       ; COUNT:inst7|CNT[26]   ;
; -0.500 ; 0.500        ; 1.000          ; High Pulse Width ; FD2:inst1|Q1 ; Rise       ; COUNT:inst7|CNT[27]   ;
; -0.500 ; 0.500        ; 1.000          ; Low Pulse Width  ; FD2:inst1|Q1 ; Rise       ; COUNT:inst7|CNT[27]   ;
; -0.500 ; 0.500        ; 1.000          ; High Pulse Width ; FD2:inst1|Q1 ; Rise       ; COUNT:inst7|CNT[28]   ;
; -0.500 ; 0.500        ; 1.000          ; Low Pulse Width  ; FD2:inst1|Q1 ; Rise       ; COUNT:inst7|CNT[28]   ;
; -0.500 ; 0.500        ; 1.000          ; High Pulse Width ; FD2:inst1|Q1 ; Rise       ; COUNT:inst7|CNT[29]   ;
; -0.500 ; 0.500        ; 1.000          ; Low Pulse Width  ; FD2:inst1|Q1 ; Rise       ; COUNT:inst7|CNT[29]   ;
; -0.500 ; 0.500        ; 1.000          ; High Pulse Width ; FD2:inst1|Q1 ; Rise       ; COUNT:inst7|CNT[2]    ;
; -0.500 ; 0.500        ; 1.000          ; Low Pulse Width  ; FD2:inst1|Q1 ; Rise       ; COUNT:inst7|CNT[2]    ;
; -0.500 ; 0.500        ; 1.000          ; High Pulse Width ; FD2:inst1|Q1 ; Rise       ; COUNT:inst7|CNT[3]    ;
; -0.500 ; 0.500        ; 1.000          ; Low Pulse Width  ; FD2:inst1|Q1 ; Rise       ; COUNT:inst7|CNT[3]    ;
; -0.500 ; 0.500        ; 1.000          ; High Pulse Width ; FD2:inst1|Q1 ; Rise       ; COUNT:inst7|CNT[4]    ;
; -0.500 ; 0.500        ; 1.000          ; Low Pulse Width  ; FD2:inst1|Q1 ; Rise       ; COUNT:inst7|CNT[4]    ;
; -0.500 ; 0.500        ; 1.000          ; High Pulse Width ; FD2:inst1|Q1 ; Rise       ; COUNT:inst7|CNT[5]    ;
; -0.500 ; 0.500        ; 1.000          ; Low Pulse Width  ; FD2:inst1|Q1 ; Rise       ; COUNT:inst7|CNT[5]    ;
; -0.500 ; 0.500        ; 1.000          ; High Pulse Width ; FD2:inst1|Q1 ; Rise       ; COUNT:inst7|CNT[6]    ;
; -0.500 ; 0.500        ; 1.000          ; Low Pulse Width  ; FD2:inst1|Q1 ; Rise       ; COUNT:inst7|CNT[6]    ;
; -0.500 ; 0.500        ; 1.000          ; High Pulse Width ; FD2:inst1|Q1 ; Rise       ; COUNT:inst7|CNT[7]    ;
; -0.500 ; 0.500        ; 1.000          ; Low Pulse Width  ; FD2:inst1|Q1 ; Rise       ; COUNT:inst7|CNT[7]    ;
; -0.500 ; 0.500        ; 1.000          ; High Pulse Width ; FD2:inst1|Q1 ; Rise       ; COUNT:inst7|CNT[8]    ;
; -0.500 ; 0.500        ; 1.000          ; Low Pulse Width  ; FD2:inst1|Q1 ; Rise       ; COUNT:inst7|CNT[8]    ;
; -0.500 ; 0.500        ; 1.000          ; High Pulse Width ; FD2:inst1|Q1 ; Rise       ; COUNT:inst7|CNT[9]    ;
; -0.500 ; 0.500        ; 1.000          ; Low Pulse Width  ; FD2:inst1|Q1 ; Rise       ; COUNT:inst7|CNT[9]    ;
; -0.500 ; 0.500        ; 1.000          ; High Pulse Width ; FD2:inst1|Q1 ; Rise       ; COUNT:inst7|DIS0[0]   ;
; -0.500 ; 0.500        ; 1.000          ; Low Pulse Width  ; FD2:inst1|Q1 ; Rise       ; COUNT:inst7|DIS0[0]   ;
; -0.500 ; 0.500        ; 1.000          ; High Pulse Width ; FD2:inst1|Q1 ; Rise       ; COUNT:inst7|DIS0[1]   ;
; -0.500 ; 0.500        ; 1.000          ; Low Pulse Width  ; FD2:inst1|Q1 ; Rise       ; COUNT:inst7|DIS0[1]   ;
; -0.500 ; 0.500        ; 1.000          ; High Pulse Width ; FD2:inst1|Q1 ; Rise       ; COUNT:inst7|DIS0[2]   ;
; -0.500 ; 0.500        ; 1.000          ; Low Pulse Width  ; FD2:inst1|Q1 ; Rise       ; COUNT:inst7|DIS0[2]   ;
; -0.500 ; 0.500        ; 1.000          ; High Pulse Width ; FD2:inst1|Q1 ; Rise       ; COUNT:inst7|DIS0[3]   ;
; -0.500 ; 0.500        ; 1.000          ; Low Pulse Width  ; FD2:inst1|Q1 ; Rise       ; COUNT:inst7|DIS0[3]   ;
; -0.500 ; 0.500        ; 1.000          ; High Pulse Width ; FD2:inst1|Q1 ; Rise       ; COUNT:inst7|DIS1[0]   ;
; -0.500 ; 0.500        ; 1.000          ; Low Pulse Width  ; FD2:inst1|Q1 ; Rise       ; COUNT:inst7|DIS1[0]   ;
; -0.500 ; 0.500        ; 1.000          ; High Pulse Width ; FD2:inst1|Q1 ; Rise       ; COUNT:inst7|DIS1[1]   ;
; -0.500 ; 0.500        ; 1.000          ; Low Pulse Width  ; FD2:inst1|Q1 ; Rise       ; COUNT:inst7|DIS1[1]   ;
; -0.500 ; 0.500        ; 1.000          ; High Pulse Width ; FD2:inst1|Q1 ; Rise       ; COUNT:inst7|DIS1[2]   ;
; -0.500 ; 0.500        ; 1.000          ; Low Pulse Width  ; FD2:inst1|Q1 ; Rise       ; COUNT:inst7|DIS1[2]   ;
; -0.500 ; 0.500        ; 1.000          ; High Pulse Width ; FD2:inst1|Q1 ; Rise       ; COUNT:inst7|DIS1[3]   ;
; -0.500 ; 0.500        ; 1.000          ; Low Pulse Width  ; FD2:inst1|Q1 ; Rise       ; COUNT:inst7|DIS1[3]   ;
; -0.500 ; 0.500        ; 1.000          ; High Pulse Width ; FD2:inst1|Q1 ; Rise       ; COUNT:inst7|DIS2[0]   ;
; -0.500 ; 0.500        ; 1.000          ; Low Pulse Width  ; FD2:inst1|Q1 ; Rise       ; COUNT:inst7|DIS2[0]   ;
; -0.500 ; 0.500        ; 1.000          ; High Pulse Width ; FD2:inst1|Q1 ; Rise       ; COUNT:inst7|DIS2[1]   ;
; -0.500 ; 0.500        ; 1.000          ; Low Pulse Width  ; FD2:inst1|Q1 ; Rise       ; COUNT:inst7|DIS2[1]   ;
; -0.500 ; 0.500        ; 1.000          ; High Pulse Width ; FD2:inst1|Q1 ; Rise       ; COUNT:inst7|DIS2[2]   ;
; -0.500 ; 0.500        ; 1.000          ; Low Pulse Width  ; FD2:inst1|Q1 ; Rise       ; COUNT:inst7|DIS2[2]   ;
+--------+--------------+----------------+------------------+--------------+------------+-----------------------+


+----------------------------------------------------------------------------------------------------------------+
; Fast Model Minimum Pulse Width: 'FD:inst|Q1'                                                                   ;
+--------+--------------+----------------+------------------+------------+------------+--------------------------+
; Slack  ; Actual Width ; Required Width ; Type             ; Clock      ; Clock Edge ; Target                   ;
+--------+--------------+----------------+------------------+------------+------------+--------------------------+
; -0.500 ; 0.500        ; 1.000          ; High Pulse Width ; FD:inst|Q1 ; Rise       ; FD2:inst1|Q1             ;
; -0.500 ; 0.500        ; 1.000          ; Low Pulse Width  ; FD:inst|Q1 ; Rise       ; FD2:inst1|Q1             ;
; -0.500 ; 0.500        ; 1.000          ; High Pulse Width ; FD:inst|Q1 ; Rise       ; FD2:inst1|TEMP1[0]       ;
; -0.500 ; 0.500        ; 1.000          ; Low Pulse Width  ; FD:inst|Q1 ; Rise       ; FD2:inst1|TEMP1[0]       ;
; -0.500 ; 0.500        ; 1.000          ; High Pulse Width ; FD:inst|Q1 ; Rise       ; FD2:inst1|TEMP1[1]       ;
; -0.500 ; 0.500        ; 1.000          ; Low Pulse Width  ; FD:inst|Q1 ; Rise       ; FD2:inst1|TEMP1[1]       ;
; -0.500 ; 0.500        ; 1.000          ; High Pulse Width ; FD:inst|Q1 ; Rise       ; FD2:inst1|TEMP1[2]       ;
; -0.500 ; 0.500        ; 1.000          ; Low Pulse Width  ; FD:inst|Q1 ; Rise       ; FD2:inst1|TEMP1[2]       ;
; -0.500 ; 0.500        ; 1.000          ; High Pulse Width ; FD:inst|Q1 ; Rise       ; FD2:inst1|TEMP1[3]       ;
; -0.500 ; 0.500        ; 1.000          ; Low Pulse Width  ; FD:inst|Q1 ; Rise       ; FD2:inst1|TEMP1[3]       ;
; -0.500 ; 0.500        ; 1.000          ; High Pulse Width ; FD:inst|Q1 ; Rise       ; FD3:inst22|Q1            ;
; -0.500 ; 0.500        ; 1.000          ; Low Pulse Width  ; FD:inst|Q1 ; Rise       ; FD3:inst22|Q1            ;
; -0.500 ; 0.500        ; 1.000          ; High Pulse Width ; FD:inst|Q1 ; Rise       ; FD3:inst22|TEMP1[0]      ;
; -0.500 ; 0.500        ; 1.000          ; Low Pulse Width  ; FD:inst|Q1 ; Rise       ; FD3:inst22|TEMP1[0]      ;
; -0.500 ; 0.500        ; 1.000          ; High Pulse Width ; FD:inst|Q1 ; Rise       ; FD3:inst22|TEMP1[1]      ;
; -0.500 ; 0.500        ; 1.000          ; Low Pulse Width  ; FD:inst|Q1 ; Rise       ; FD3:inst22|TEMP1[1]      ;
; -0.500 ; 0.500        ; 1.000          ; High Pulse Width ; FD:inst|Q1 ; Rise       ; FD3:inst22|TEMP1[2]      ;
; -0.500 ; 0.500        ; 1.000          ; Low Pulse Width  ; FD:inst|Q1 ; Rise       ; FD3:inst22|TEMP1[2]      ;
; -0.500 ; 0.500        ; 1.000          ; High Pulse Width ; FD:inst|Q1 ; Rise       ; MAIN:inst8|CS.S0         ;
; -0.500 ; 0.500        ; 1.000          ; Low Pulse Width  ; FD:inst|Q1 ; Rise       ; MAIN:inst8|CS.S0         ;
; -0.500 ; 0.500        ; 1.000          ; High Pulse Width ; FD:inst|Q1 ; Rise       ; MAIN:inst8|CS.S1         ;
; -0.500 ; 0.500        ; 1.000          ; Low Pulse Width  ; FD:inst|Q1 ; Rise       ; MAIN:inst8|CS.S1         ;
; -0.500 ; 0.500        ; 1.000          ; High Pulse Width ; FD:inst|Q1 ; Rise       ; MAIN:inst8|CS.SCT0       ;
; -0.500 ; 0.500        ; 1.000          ; Low Pulse Width  ; FD:inst|Q1 ; Rise       ; MAIN:inst8|CS.SCT0       ;
; -0.500 ; 0.500        ; 1.000          ; High Pulse Width ; FD:inst|Q1 ; Rise       ; MAIN:inst8|CS.SCT1       ;
; -0.500 ; 0.500        ; 1.000          ; Low Pulse Width  ; FD:inst|Q1 ; Rise       ; MAIN:inst8|CS.SCT1       ;
; -0.500 ; 0.500        ; 1.000          ; High Pulse Width ; FD:inst|Q1 ; Rise       ; MAIN:inst8|CS.SPAUSE     ;
; -0.500 ; 0.500        ; 1.000          ; Low Pulse Width  ; FD:inst|Q1 ; Rise       ; MAIN:inst8|CS.SPAUSE     ;
; -0.500 ; 0.500        ; 1.000          ; High Pulse Width ; FD:inst|Q1 ; Rise       ; MAIN:inst8|CS.SRUN0      ;
; -0.500 ; 0.500        ; 1.000          ; Low Pulse Width  ; FD:inst|Q1 ; Rise       ; MAIN:inst8|CS.SRUN0      ;
; -0.500 ; 0.500        ; 1.000          ; High Pulse Width ; FD:inst|Q1 ; Rise       ; MAIN:inst8|CS.SRUN1      ;
; -0.500 ; 0.500        ; 1.000          ; Low Pulse Width  ; FD:inst|Q1 ; Rise       ; MAIN:inst8|CS.SRUN1      ;
; -0.500 ; 0.500        ; 1.000          ; High Pulse Width ; FD:inst|Q1 ; Rise       ; MAIN:inst8|CS.SSUM       ;
; -0.500 ; 0.500        ; 1.000          ; Low Pulse Width  ; FD:inst|Q1 ; Rise       ; MAIN:inst8|CS.SSUM       ;
; 0.500  ; 0.500        ; 0.000          ; High Pulse Width ; FD:inst|Q1 ; Rise       ; inst1|Q1|clk             ;
; 0.500  ; 0.500        ; 0.000          ; Low Pulse Width  ; FD:inst|Q1 ; Rise       ; inst1|Q1|clk             ;
; 0.500  ; 0.500        ; 0.000          ; High Pulse Width ; FD:inst|Q1 ; Rise       ; inst1|TEMP1[0]|clk       ;
; 0.500  ; 0.500        ; 0.000          ; Low Pulse Width  ; FD:inst|Q1 ; Rise       ; inst1|TEMP1[0]|clk       ;
; 0.500  ; 0.500        ; 0.000          ; High Pulse Width ; FD:inst|Q1 ; Rise       ; inst1|TEMP1[1]|clk       ;
; 0.500  ; 0.500        ; 0.000          ; Low Pulse Width  ; FD:inst|Q1 ; Rise       ; inst1|TEMP1[1]|clk       ;
; 0.500  ; 0.500        ; 0.000          ; High Pulse Width ; FD:inst|Q1 ; Rise       ; inst1|TEMP1[2]|clk       ;
; 0.500  ; 0.500        ; 0.000          ; Low Pulse Width  ; FD:inst|Q1 ; Rise       ; inst1|TEMP1[2]|clk       ;
; 0.500  ; 0.500        ; 0.000          ; High Pulse Width ; FD:inst|Q1 ; Rise       ; inst1|TEMP1[3]|clk       ;
; 0.500  ; 0.500        ; 0.000          ; Low Pulse Width  ; FD:inst|Q1 ; Rise       ; inst1|TEMP1[3]|clk       ;
; 0.500  ; 0.500        ; 0.000          ; High Pulse Width ; FD:inst|Q1 ; Rise       ; inst22|Q1|clk            ;
; 0.500  ; 0.500        ; 0.000          ; Low Pulse Width  ; FD:inst|Q1 ; Rise       ; inst22|Q1|clk            ;
; 0.500  ; 0.500        ; 0.000          ; High Pulse Width ; FD:inst|Q1 ; Rise       ; inst22|TEMP1[0]|clk      ;
; 0.500  ; 0.500        ; 0.000          ; Low Pulse Width  ; FD:inst|Q1 ; Rise       ; inst22|TEMP1[0]|clk      ;
; 0.500  ; 0.500        ; 0.000          ; High Pulse Width ; FD:inst|Q1 ; Rise       ; inst22|TEMP1[1]|clk      ;
; 0.500  ; 0.500        ; 0.000          ; Low Pulse Width  ; FD:inst|Q1 ; Rise       ; inst22|TEMP1[1]|clk      ;
; 0.500  ; 0.500        ; 0.000          ; High Pulse Width ; FD:inst|Q1 ; Rise       ; inst22|TEMP1[2]|clk      ;
; 0.500  ; 0.500        ; 0.000          ; Low Pulse Width  ; FD:inst|Q1 ; Rise       ; inst22|TEMP1[2]|clk      ;
; 0.500  ; 0.500        ; 0.000          ; High Pulse Width ; FD:inst|Q1 ; Rise       ; inst8|CS.S0|clk          ;
; 0.500  ; 0.500        ; 0.000          ; Low Pulse Width  ; FD:inst|Q1 ; Rise       ; inst8|CS.S0|clk          ;
; 0.500  ; 0.500        ; 0.000          ; High Pulse Width ; FD:inst|Q1 ; Rise       ; inst8|CS.S1|clk          ;
; 0.500  ; 0.500        ; 0.000          ; Low Pulse Width  ; FD:inst|Q1 ; Rise       ; inst8|CS.S1|clk          ;
; 0.500  ; 0.500        ; 0.000          ; High Pulse Width ; FD:inst|Q1 ; Rise       ; inst8|CS.SCT0|clk        ;
; 0.500  ; 0.500        ; 0.000          ; Low Pulse Width  ; FD:inst|Q1 ; Rise       ; inst8|CS.SCT0|clk        ;
; 0.500  ; 0.500        ; 0.000          ; High Pulse Width ; FD:inst|Q1 ; Rise       ; inst8|CS.SCT1|clk        ;
; 0.500  ; 0.500        ; 0.000          ; Low Pulse Width  ; FD:inst|Q1 ; Rise       ; inst8|CS.SCT1|clk        ;
; 0.500  ; 0.500        ; 0.000          ; High Pulse Width ; FD:inst|Q1 ; Rise       ; inst8|CS.SPAUSE|clk      ;
; 0.500  ; 0.500        ; 0.000          ; Low Pulse Width  ; FD:inst|Q1 ; Rise       ; inst8|CS.SPAUSE|clk      ;
; 0.500  ; 0.500        ; 0.000          ; High Pulse Width ; FD:inst|Q1 ; Rise       ; inst8|CS.SRUN0|clk       ;
; 0.500  ; 0.500        ; 0.000          ; Low Pulse Width  ; FD:inst|Q1 ; Rise       ; inst8|CS.SRUN0|clk       ;
; 0.500  ; 0.500        ; 0.000          ; High Pulse Width ; FD:inst|Q1 ; Rise       ; inst8|CS.SRUN1|clk       ;
; 0.500  ; 0.500        ; 0.000          ; Low Pulse Width  ; FD:inst|Q1 ; Rise       ; inst8|CS.SRUN1|clk       ;
; 0.500  ; 0.500        ; 0.000          ; High Pulse Width ; FD:inst|Q1 ; Rise       ; inst8|CS.SSUM|clk        ;
; 0.500  ; 0.500        ; 0.000          ; Low Pulse Width  ; FD:inst|Q1 ; Rise       ; inst8|CS.SSUM|clk        ;
; 0.500  ; 0.500        ; 0.000          ; High Pulse Width ; FD:inst|Q1 ; Rise       ; inst|Q1|regout           ;
; 0.500  ; 0.500        ; 0.000          ; Low Pulse Width  ; FD:inst|Q1 ; Rise       ; inst|Q1|regout           ;
; 0.500  ; 0.500        ; 0.000          ; High Pulse Width ; FD:inst|Q1 ; Rise       ; inst|Q1~clkctrl|inclk[0] ;
; 0.500  ; 0.500        ; 0.000          ; Low Pulse Width  ; FD:inst|Q1 ; Rise       ; inst|Q1~clkctrl|inclk[0] ;
; 0.500  ; 0.500        ; 0.000          ; High Pulse Width ; FD:inst|Q1 ; Rise       ; inst|Q1~clkctrl|outclk   ;
; 0.500  ; 0.500        ; 0.000          ; Low Pulse Width  ; FD:inst|Q1 ; Rise       ; inst|Q1~clkctrl|outclk   ;
+--------+--------------+----------------+------------------+------------+------------+--------------------------+


+---------------------------------------------------------------------------------------------------------------------------+
; Fast Model Minimum Pulse Width: 'MAIN:inst8|CS.SCT0'                                                                      ;
+--------+--------------+----------------+------------------+--------------------+------------+-----------------------------+
; Slack  ; Actual Width ; Required Width ; Type             ; Clock              ; Clock Edge ; Target                      ;
+--------+--------------+----------------+------------------+--------------------+------------+-----------------------------+
; -0.500 ; 0.500        ; 1.000          ; High Pulse Width ; MAIN:inst8|CS.SCT0 ; Rise       ; CLOCK_H:inst4|CNT0[0]       ;
; -0.500 ; 0.500        ; 1.000          ; Low Pulse Width  ; MAIN:inst8|CS.SCT0 ; Rise       ; CLOCK_H:inst4|CNT0[0]       ;
; -0.500 ; 0.500        ; 1.000          ; High Pulse Width ; MAIN:inst8|CS.SCT0 ; Rise       ; CLOCK_H:inst4|CNT0[1]       ;
; -0.500 ; 0.500        ; 1.000          ; Low Pulse Width  ; MAIN:inst8|CS.SCT0 ; Rise       ; CLOCK_H:inst4|CNT0[1]       ;
; -0.500 ; 0.500        ; 1.000          ; High Pulse Width ; MAIN:inst8|CS.SCT0 ; Rise       ; CLOCK_H:inst4|CNT0[2]       ;
; -0.500 ; 0.500        ; 1.000          ; Low Pulse Width  ; MAIN:inst8|CS.SCT0 ; Rise       ; CLOCK_H:inst4|CNT0[2]       ;
; -0.500 ; 0.500        ; 1.000          ; High Pulse Width ; MAIN:inst8|CS.SCT0 ; Rise       ; CLOCK_H:inst4|CNT0[3]       ;
; -0.500 ; 0.500        ; 1.000          ; Low Pulse Width  ; MAIN:inst8|CS.SCT0 ; Rise       ; CLOCK_H:inst4|CNT0[3]       ;
; -0.500 ; 0.500        ; 1.000          ; High Pulse Width ; MAIN:inst8|CS.SCT0 ; Rise       ; CLOCK_H:inst4|CNT1[0]       ;
; -0.500 ; 0.500        ; 1.000          ; Low Pulse Width  ; MAIN:inst8|CS.SCT0 ; Rise       ; CLOCK_H:inst4|CNT1[0]       ;
; -0.500 ; 0.500        ; 1.000          ; High Pulse Width ; MAIN:inst8|CS.SCT0 ; Rise       ; CLOCK_H:inst4|CNT1[1]       ;
; -0.500 ; 0.500        ; 1.000          ; Low Pulse Width  ; MAIN:inst8|CS.SCT0 ; Rise       ; CLOCK_H:inst4|CNT1[1]       ;
; -0.500 ; 0.500        ; 1.000          ; High Pulse Width ; MAIN:inst8|CS.SCT0 ; Rise       ; CLOCK_H:inst4|CNT1[2]       ;
; -0.500 ; 0.500        ; 1.000          ; Low Pulse Width  ; MAIN:inst8|CS.SCT0 ; Rise       ; CLOCK_H:inst4|CNT1[2]       ;
; -0.500 ; 0.500        ; 1.000          ; High Pulse Width ; MAIN:inst8|CS.SCT0 ; Rise       ; CLOCK_H:inst4|CNT1[3]       ;
; -0.500 ; 0.500        ; 1.000          ; Low Pulse Width  ; MAIN:inst8|CS.SCT0 ; Rise       ; CLOCK_H:inst4|CNT1[3]       ;
; -0.500 ; 0.500        ; 1.000          ; High Pulse Width ; MAIN:inst8|CS.SCT0 ; Rise       ; CLOCK_M:inst3|CNT0[0]       ;
; -0.500 ; 0.500        ; 1.000          ; Low Pulse Width  ; MAIN:inst8|CS.SCT0 ; Rise       ; CLOCK_M:inst3|CNT0[0]       ;
; -0.500 ; 0.500        ; 1.000          ; High Pulse Width ; MAIN:inst8|CS.SCT0 ; Rise       ; CLOCK_M:inst3|CNT0[1]       ;
; -0.500 ; 0.500        ; 1.000          ; Low Pulse Width  ; MAIN:inst8|CS.SCT0 ; Rise       ; CLOCK_M:inst3|CNT0[1]       ;
; -0.500 ; 0.500        ; 1.000          ; High Pulse Width ; MAIN:inst8|CS.SCT0 ; Rise       ; CLOCK_M:inst3|CNT0[2]       ;
; -0.500 ; 0.500        ; 1.000          ; Low Pulse Width  ; MAIN:inst8|CS.SCT0 ; Rise       ; CLOCK_M:inst3|CNT0[2]       ;
; -0.500 ; 0.500        ; 1.000          ; High Pulse Width ; MAIN:inst8|CS.SCT0 ; Rise       ; CLOCK_M:inst3|CNT0[3]       ;
; -0.500 ; 0.500        ; 1.000          ; Low Pulse Width  ; MAIN:inst8|CS.SCT0 ; Rise       ; CLOCK_M:inst3|CNT0[3]       ;
; -0.500 ; 0.500        ; 1.000          ; High Pulse Width ; MAIN:inst8|CS.SCT0 ; Rise       ; CLOCK_M:inst3|CNT1[0]       ;
; -0.500 ; 0.500        ; 1.000          ; Low Pulse Width  ; MAIN:inst8|CS.SCT0 ; Rise       ; CLOCK_M:inst3|CNT1[0]       ;
; -0.500 ; 0.500        ; 1.000          ; High Pulse Width ; MAIN:inst8|CS.SCT0 ; Rise       ; CLOCK_M:inst3|CNT1[1]       ;
; -0.500 ; 0.500        ; 1.000          ; Low Pulse Width  ; MAIN:inst8|CS.SCT0 ; Rise       ; CLOCK_M:inst3|CNT1[1]       ;
; -0.500 ; 0.500        ; 1.000          ; High Pulse Width ; MAIN:inst8|CS.SCT0 ; Rise       ; CLOCK_M:inst3|CNT1[2]       ;
; -0.500 ; 0.500        ; 1.000          ; Low Pulse Width  ; MAIN:inst8|CS.SCT0 ; Rise       ; CLOCK_M:inst3|CNT1[2]       ;
; -0.500 ; 0.500        ; 1.000          ; High Pulse Width ; MAIN:inst8|CS.SCT0 ; Rise       ; CLOCK_M:inst3|CNT1[3]       ;
; -0.500 ; 0.500        ; 1.000          ; Low Pulse Width  ; MAIN:inst8|CS.SCT0 ; Rise       ; CLOCK_M:inst3|CNT1[3]       ;
; -0.500 ; 0.500        ; 1.000          ; High Pulse Width ; MAIN:inst8|CS.SCT0 ; Rise       ; CLOCK_M:inst3|cout          ;
; -0.500 ; 0.500        ; 1.000          ; Low Pulse Width  ; MAIN:inst8|CS.SCT0 ; Rise       ; CLOCK_M:inst3|cout          ;
; 0.500  ; 0.500        ; 0.000          ; High Pulse Width ; MAIN:inst8|CS.SCT0 ; Rise       ; MAIN:inst8|DOT              ;
; 0.500  ; 0.500        ; 0.000          ; Low Pulse Width  ; MAIN:inst8|CS.SCT0 ; Rise       ; MAIN:inst8|DOT              ;
; 0.500  ; 0.500        ; 0.000          ; High Pulse Width ; MAIN:inst8|CS.SCT0 ; Rise       ; MAIN:inst8|HH0[0]           ;
; 0.500  ; 0.500        ; 0.000          ; Low Pulse Width  ; MAIN:inst8|CS.SCT0 ; Rise       ; MAIN:inst8|HH0[0]           ;
; 0.500  ; 0.500        ; 0.000          ; High Pulse Width ; MAIN:inst8|CS.SCT0 ; Rise       ; MAIN:inst8|HH0[1]           ;
; 0.500  ; 0.500        ; 0.000          ; Low Pulse Width  ; MAIN:inst8|CS.SCT0 ; Rise       ; MAIN:inst8|HH0[1]           ;
; 0.500  ; 0.500        ; 0.000          ; High Pulse Width ; MAIN:inst8|CS.SCT0 ; Rise       ; MAIN:inst8|HH0[2]           ;
; 0.500  ; 0.500        ; 0.000          ; Low Pulse Width  ; MAIN:inst8|CS.SCT0 ; Rise       ; MAIN:inst8|HH0[2]           ;
; 0.500  ; 0.500        ; 0.000          ; High Pulse Width ; MAIN:inst8|CS.SCT0 ; Rise       ; MAIN:inst8|HH0[3]           ;
; 0.500  ; 0.500        ; 0.000          ; Low Pulse Width  ; MAIN:inst8|CS.SCT0 ; Rise       ; MAIN:inst8|HH0[3]           ;
; 0.500  ; 0.500        ; 0.000          ; High Pulse Width ; MAIN:inst8|CS.SCT0 ; Rise       ; MAIN:inst8|HH1[0]           ;
; 0.500  ; 0.500        ; 0.000          ; Low Pulse Width  ; MAIN:inst8|CS.SCT0 ; Rise       ; MAIN:inst8|HH1[0]           ;
; 0.500  ; 0.500        ; 0.000          ; High Pulse Width ; MAIN:inst8|CS.SCT0 ; Rise       ; MAIN:inst8|HH1[1]           ;
; 0.500  ; 0.500        ; 0.000          ; Low Pulse Width  ; MAIN:inst8|CS.SCT0 ; Rise       ; MAIN:inst8|HH1[1]           ;
; 0.500  ; 0.500        ; 0.000          ; High Pulse Width ; MAIN:inst8|CS.SCT0 ; Rise       ; MAIN:inst8|HH1[2]           ;
; 0.500  ; 0.500        ; 0.000          ; Low Pulse Width  ; MAIN:inst8|CS.SCT0 ; Rise       ; MAIN:inst8|HH1[2]           ;
; 0.500  ; 0.500        ; 0.000          ; High Pulse Width ; MAIN:inst8|CS.SCT0 ; Rise       ; MAIN:inst8|HH1[3]           ;
; 0.500  ; 0.500        ; 0.000          ; Low Pulse Width  ; MAIN:inst8|CS.SCT0 ; Rise       ; MAIN:inst8|HH1[3]           ;
; 0.500  ; 0.500        ; 0.000          ; High Pulse Width ; MAIN:inst8|CS.SCT0 ; Rise       ; inst3|CNT0[0]|clk           ;
; 0.500  ; 0.500        ; 0.000          ; Low Pulse Width  ; MAIN:inst8|CS.SCT0 ; Rise       ; inst3|CNT0[0]|clk           ;
; 0.500  ; 0.500        ; 0.000          ; High Pulse Width ; MAIN:inst8|CS.SCT0 ; Rise       ; inst3|CNT0[1]|clk           ;
; 0.500  ; 0.500        ; 0.000          ; Low Pulse Width  ; MAIN:inst8|CS.SCT0 ; Rise       ; inst3|CNT0[1]|clk           ;
; 0.500  ; 0.500        ; 0.000          ; High Pulse Width ; MAIN:inst8|CS.SCT0 ; Rise       ; inst3|CNT0[2]|clk           ;
; 0.500  ; 0.500        ; 0.000          ; Low Pulse Width  ; MAIN:inst8|CS.SCT0 ; Rise       ; inst3|CNT0[2]|clk           ;
; 0.500  ; 0.500        ; 0.000          ; High Pulse Width ; MAIN:inst8|CS.SCT0 ; Rise       ; inst3|CNT0[3]|clk           ;
; 0.500  ; 0.500        ; 0.000          ; Low Pulse Width  ; MAIN:inst8|CS.SCT0 ; Rise       ; inst3|CNT0[3]|clk           ;
; 0.500  ; 0.500        ; 0.000          ; High Pulse Width ; MAIN:inst8|CS.SCT0 ; Rise       ; inst3|CNT1[0]|clk           ;
; 0.500  ; 0.500        ; 0.000          ; Low Pulse Width  ; MAIN:inst8|CS.SCT0 ; Rise       ; inst3|CNT1[0]|clk           ;
; 0.500  ; 0.500        ; 0.000          ; High Pulse Width ; MAIN:inst8|CS.SCT0 ; Rise       ; inst3|CNT1[1]|clk           ;
; 0.500  ; 0.500        ; 0.000          ; Low Pulse Width  ; MAIN:inst8|CS.SCT0 ; Rise       ; inst3|CNT1[1]|clk           ;
; 0.500  ; 0.500        ; 0.000          ; High Pulse Width ; MAIN:inst8|CS.SCT0 ; Rise       ; inst3|CNT1[2]|clk           ;
; 0.500  ; 0.500        ; 0.000          ; Low Pulse Width  ; MAIN:inst8|CS.SCT0 ; Rise       ; inst3|CNT1[2]|clk           ;
; 0.500  ; 0.500        ; 0.000          ; High Pulse Width ; MAIN:inst8|CS.SCT0 ; Rise       ; inst3|CNT1[3]|clk           ;
; 0.500  ; 0.500        ; 0.000          ; Low Pulse Width  ; MAIN:inst8|CS.SCT0 ; Rise       ; inst3|CNT1[3]|clk           ;
; 0.500  ; 0.500        ; 0.000          ; High Pulse Width ; MAIN:inst8|CS.SCT0 ; Rise       ; inst3|MCLK|combout          ;
; 0.500  ; 0.500        ; 0.000          ; Low Pulse Width  ; MAIN:inst8|CS.SCT0 ; Rise       ; inst3|MCLK|combout          ;
; 0.500  ; 0.500        ; 0.000          ; High Pulse Width ; MAIN:inst8|CS.SCT0 ; Rise       ; inst3|MCLK|datac            ;
; 0.500  ; 0.500        ; 0.000          ; Low Pulse Width  ; MAIN:inst8|CS.SCT0 ; Rise       ; inst3|MCLK|datac            ;
; 0.500  ; 0.500        ; 0.000          ; High Pulse Width ; MAIN:inst8|CS.SCT0 ; Rise       ; inst3|MCLK~clkctrl|inclk[0] ;
; 0.500  ; 0.500        ; 0.000          ; Low Pulse Width  ; MAIN:inst8|CS.SCT0 ; Rise       ; inst3|MCLK~clkctrl|inclk[0] ;
; 0.500  ; 0.500        ; 0.000          ; High Pulse Width ; MAIN:inst8|CS.SCT0 ; Rise       ; inst3|MCLK~clkctrl|outclk   ;
; 0.500  ; 0.500        ; 0.000          ; Low Pulse Width  ; MAIN:inst8|CS.SCT0 ; Rise       ; inst3|MCLK~clkctrl|outclk   ;
; 0.500  ; 0.500        ; 0.000          ; High Pulse Width ; MAIN:inst8|CS.SCT0 ; Rise       ; inst3|cout|clk              ;
; 0.500  ; 0.500        ; 0.000          ; Low Pulse Width  ; MAIN:inst8|CS.SCT0 ; Rise       ; inst3|cout|clk              ;
; 0.500  ; 0.500        ; 0.000          ; High Pulse Width ; MAIN:inst8|CS.SCT0 ; Rise       ; inst4|CNT0[0]|clk           ;
; 0.500  ; 0.500        ; 0.000          ; Low Pulse Width  ; MAIN:inst8|CS.SCT0 ; Rise       ; inst4|CNT0[0]|clk           ;
; 0.500  ; 0.500        ; 0.000          ; High Pulse Width ; MAIN:inst8|CS.SCT0 ; Rise       ; inst4|CNT0[1]|clk           ;
; 0.500  ; 0.500        ; 0.000          ; Low Pulse Width  ; MAIN:inst8|CS.SCT0 ; Rise       ; inst4|CNT0[1]|clk           ;
; 0.500  ; 0.500        ; 0.000          ; High Pulse Width ; MAIN:inst8|CS.SCT0 ; Rise       ; inst4|CNT0[2]|clk           ;
; 0.500  ; 0.500        ; 0.000          ; Low Pulse Width  ; MAIN:inst8|CS.SCT0 ; Rise       ; inst4|CNT0[2]|clk           ;
; 0.500  ; 0.500        ; 0.000          ; High Pulse Width ; MAIN:inst8|CS.SCT0 ; Rise       ; inst4|CNT0[3]|clk           ;
; 0.500  ; 0.500        ; 0.000          ; Low Pulse Width  ; MAIN:inst8|CS.SCT0 ; Rise       ; inst4|CNT0[3]|clk           ;
; 0.500  ; 0.500        ; 0.000          ; High Pulse Width ; MAIN:inst8|CS.SCT0 ; Rise       ; inst4|CNT1[0]|clk           ;
; 0.500  ; 0.500        ; 0.000          ; Low Pulse Width  ; MAIN:inst8|CS.SCT0 ; Rise       ; inst4|CNT1[0]|clk           ;
; 0.500  ; 0.500        ; 0.000          ; High Pulse Width ; MAIN:inst8|CS.SCT0 ; Rise       ; inst4|CNT1[1]|clk           ;
; 0.500  ; 0.500        ; 0.000          ; Low Pulse Width  ; MAIN:inst8|CS.SCT0 ; Rise       ; inst4|CNT1[1]|clk           ;
; 0.500  ; 0.500        ; 0.000          ; High Pulse Width ; MAIN:inst8|CS.SCT0 ; Rise       ; inst4|CNT1[2]|clk           ;
; 0.500  ; 0.500        ; 0.000          ; Low Pulse Width  ; MAIN:inst8|CS.SCT0 ; Rise       ; inst4|CNT1[2]|clk           ;
; 0.500  ; 0.500        ; 0.000          ; High Pulse Width ; MAIN:inst8|CS.SCT0 ; Rise       ; inst4|CNT1[3]|clk           ;
; 0.500  ; 0.500        ; 0.000          ; Low Pulse Width  ; MAIN:inst8|CS.SCT0 ; Rise       ; inst4|CNT1[3]|clk           ;
; 0.500  ; 0.500        ; 0.000          ; High Pulse Width ; MAIN:inst8|CS.SCT0 ; Rise       ; inst4|MCLK|combout          ;
; 0.500  ; 0.500        ; 0.000          ; Low Pulse Width  ; MAIN:inst8|CS.SCT0 ; Rise       ; inst4|MCLK|combout          ;
; 0.500  ; 0.500        ; 0.000          ; High Pulse Width ; MAIN:inst8|CS.SCT0 ; Rise       ; inst4|MCLK|datac            ;
; 0.500  ; 0.500        ; 0.000          ; Low Pulse Width  ; MAIN:inst8|CS.SCT0 ; Rise       ; inst4|MCLK|datac            ;
; 0.500  ; 0.500        ; 0.000          ; High Pulse Width ; MAIN:inst8|CS.SCT0 ; Rise       ; inst4|MCLK~clkctrl|inclk[0] ;
; 0.500  ; 0.500        ; 0.000          ; Low Pulse Width  ; MAIN:inst8|CS.SCT0 ; Rise       ; inst4|MCLK~clkctrl|inclk[0] ;
+--------+--------------+----------------+------------------+--------------------+------------+-----------------------------+


+---------------------------------------------------------------------------------------------------------------------------+
; Fast Model Minimum Pulse Width: 'MAIN:inst8|CS.SCT1'                                                                      ;
+--------+--------------+----------------+------------------+--------------------+------------+-----------------------------+
; Slack  ; Actual Width ; Required Width ; Type             ; Clock              ; Clock Edge ; Target                      ;
+--------+--------------+----------------+------------------+--------------------+------------+-----------------------------+
; -0.500 ; 0.500        ; 1.000          ; High Pulse Width ; MAIN:inst8|CS.SCT1 ; Rise       ; CLOCK_H:inst4|CNT0[0]       ;
; -0.500 ; 0.500        ; 1.000          ; Low Pulse Width  ; MAIN:inst8|CS.SCT1 ; Rise       ; CLOCK_H:inst4|CNT0[0]       ;
; -0.500 ; 0.500        ; 1.000          ; High Pulse Width ; MAIN:inst8|CS.SCT1 ; Rise       ; CLOCK_H:inst4|CNT0[1]       ;
; -0.500 ; 0.500        ; 1.000          ; Low Pulse Width  ; MAIN:inst8|CS.SCT1 ; Rise       ; CLOCK_H:inst4|CNT0[1]       ;
; -0.500 ; 0.500        ; 1.000          ; High Pulse Width ; MAIN:inst8|CS.SCT1 ; Rise       ; CLOCK_H:inst4|CNT0[2]       ;
; -0.500 ; 0.500        ; 1.000          ; Low Pulse Width  ; MAIN:inst8|CS.SCT1 ; Rise       ; CLOCK_H:inst4|CNT0[2]       ;
; -0.500 ; 0.500        ; 1.000          ; High Pulse Width ; MAIN:inst8|CS.SCT1 ; Rise       ; CLOCK_H:inst4|CNT0[3]       ;
; -0.500 ; 0.500        ; 1.000          ; Low Pulse Width  ; MAIN:inst8|CS.SCT1 ; Rise       ; CLOCK_H:inst4|CNT0[3]       ;
; -0.500 ; 0.500        ; 1.000          ; High Pulse Width ; MAIN:inst8|CS.SCT1 ; Rise       ; CLOCK_H:inst4|CNT1[0]       ;
; -0.500 ; 0.500        ; 1.000          ; Low Pulse Width  ; MAIN:inst8|CS.SCT1 ; Rise       ; CLOCK_H:inst4|CNT1[0]       ;
; -0.500 ; 0.500        ; 1.000          ; High Pulse Width ; MAIN:inst8|CS.SCT1 ; Rise       ; CLOCK_H:inst4|CNT1[1]       ;
; -0.500 ; 0.500        ; 1.000          ; Low Pulse Width  ; MAIN:inst8|CS.SCT1 ; Rise       ; CLOCK_H:inst4|CNT1[1]       ;
; -0.500 ; 0.500        ; 1.000          ; High Pulse Width ; MAIN:inst8|CS.SCT1 ; Rise       ; CLOCK_H:inst4|CNT1[2]       ;
; -0.500 ; 0.500        ; 1.000          ; Low Pulse Width  ; MAIN:inst8|CS.SCT1 ; Rise       ; CLOCK_H:inst4|CNT1[2]       ;
; -0.500 ; 0.500        ; 1.000          ; High Pulse Width ; MAIN:inst8|CS.SCT1 ; Rise       ; CLOCK_H:inst4|CNT1[3]       ;
; -0.500 ; 0.500        ; 1.000          ; Low Pulse Width  ; MAIN:inst8|CS.SCT1 ; Rise       ; CLOCK_H:inst4|CNT1[3]       ;
; -0.500 ; 0.500        ; 1.000          ; High Pulse Width ; MAIN:inst8|CS.SCT1 ; Rise       ; CLOCK_M:inst3|CNT0[0]       ;
; -0.500 ; 0.500        ; 1.000          ; Low Pulse Width  ; MAIN:inst8|CS.SCT1 ; Rise       ; CLOCK_M:inst3|CNT0[0]       ;
; -0.500 ; 0.500        ; 1.000          ; High Pulse Width ; MAIN:inst8|CS.SCT1 ; Rise       ; CLOCK_M:inst3|CNT0[1]       ;
; -0.500 ; 0.500        ; 1.000          ; Low Pulse Width  ; MAIN:inst8|CS.SCT1 ; Rise       ; CLOCK_M:inst3|CNT0[1]       ;
; -0.500 ; 0.500        ; 1.000          ; High Pulse Width ; MAIN:inst8|CS.SCT1 ; Rise       ; CLOCK_M:inst3|CNT0[2]       ;
; -0.500 ; 0.500        ; 1.000          ; Low Pulse Width  ; MAIN:inst8|CS.SCT1 ; Rise       ; CLOCK_M:inst3|CNT0[2]       ;
; -0.500 ; 0.500        ; 1.000          ; High Pulse Width ; MAIN:inst8|CS.SCT1 ; Rise       ; CLOCK_M:inst3|CNT0[3]       ;
; -0.500 ; 0.500        ; 1.000          ; Low Pulse Width  ; MAIN:inst8|CS.SCT1 ; Rise       ; CLOCK_M:inst3|CNT0[3]       ;
; -0.500 ; 0.500        ; 1.000          ; High Pulse Width ; MAIN:inst8|CS.SCT1 ; Rise       ; CLOCK_M:inst3|CNT1[0]       ;
; -0.500 ; 0.500        ; 1.000          ; Low Pulse Width  ; MAIN:inst8|CS.SCT1 ; Rise       ; CLOCK_M:inst3|CNT1[0]       ;
; -0.500 ; 0.500        ; 1.000          ; High Pulse Width ; MAIN:inst8|CS.SCT1 ; Rise       ; CLOCK_M:inst3|CNT1[1]       ;
; -0.500 ; 0.500        ; 1.000          ; Low Pulse Width  ; MAIN:inst8|CS.SCT1 ; Rise       ; CLOCK_M:inst3|CNT1[1]       ;
; -0.500 ; 0.500        ; 1.000          ; High Pulse Width ; MAIN:inst8|CS.SCT1 ; Rise       ; CLOCK_M:inst3|CNT1[2]       ;
; -0.500 ; 0.500        ; 1.000          ; Low Pulse Width  ; MAIN:inst8|CS.SCT1 ; Rise       ; CLOCK_M:inst3|CNT1[2]       ;
; -0.500 ; 0.500        ; 1.000          ; High Pulse Width ; MAIN:inst8|CS.SCT1 ; Rise       ; CLOCK_M:inst3|CNT1[3]       ;
; -0.500 ; 0.500        ; 1.000          ; Low Pulse Width  ; MAIN:inst8|CS.SCT1 ; Rise       ; CLOCK_M:inst3|CNT1[3]       ;
; -0.500 ; 0.500        ; 1.000          ; High Pulse Width ; MAIN:inst8|CS.SCT1 ; Rise       ; CLOCK_M:inst3|cout          ;
; -0.500 ; 0.500        ; 1.000          ; Low Pulse Width  ; MAIN:inst8|CS.SCT1 ; Rise       ; CLOCK_M:inst3|cout          ;
; 0.500  ; 0.500        ; 0.000          ; High Pulse Width ; MAIN:inst8|CS.SCT1 ; Rise       ; MAIN:inst8|DOT              ;
; 0.500  ; 0.500        ; 0.000          ; Low Pulse Width  ; MAIN:inst8|CS.SCT1 ; Rise       ; MAIN:inst8|DOT              ;
; 0.500  ; 0.500        ; 0.000          ; High Pulse Width ; MAIN:inst8|CS.SCT1 ; Rise       ; MAIN:inst8|MM0[0]           ;
; 0.500  ; 0.500        ; 0.000          ; Low Pulse Width  ; MAIN:inst8|CS.SCT1 ; Rise       ; MAIN:inst8|MM0[0]           ;
; 0.500  ; 0.500        ; 0.000          ; High Pulse Width ; MAIN:inst8|CS.SCT1 ; Rise       ; MAIN:inst8|MM0[1]           ;
; 0.500  ; 0.500        ; 0.000          ; Low Pulse Width  ; MAIN:inst8|CS.SCT1 ; Rise       ; MAIN:inst8|MM0[1]           ;
; 0.500  ; 0.500        ; 0.000          ; High Pulse Width ; MAIN:inst8|CS.SCT1 ; Rise       ; MAIN:inst8|MM0[2]           ;
; 0.500  ; 0.500        ; 0.000          ; Low Pulse Width  ; MAIN:inst8|CS.SCT1 ; Rise       ; MAIN:inst8|MM0[2]           ;
; 0.500  ; 0.500        ; 0.000          ; High Pulse Width ; MAIN:inst8|CS.SCT1 ; Rise       ; MAIN:inst8|MM0[3]           ;
; 0.500  ; 0.500        ; 0.000          ; Low Pulse Width  ; MAIN:inst8|CS.SCT1 ; Rise       ; MAIN:inst8|MM0[3]           ;
; 0.500  ; 0.500        ; 0.000          ; High Pulse Width ; MAIN:inst8|CS.SCT1 ; Rise       ; MAIN:inst8|MM1[0]           ;
; 0.500  ; 0.500        ; 0.000          ; Low Pulse Width  ; MAIN:inst8|CS.SCT1 ; Rise       ; MAIN:inst8|MM1[0]           ;
; 0.500  ; 0.500        ; 0.000          ; High Pulse Width ; MAIN:inst8|CS.SCT1 ; Rise       ; MAIN:inst8|MM1[1]           ;
; 0.500  ; 0.500        ; 0.000          ; Low Pulse Width  ; MAIN:inst8|CS.SCT1 ; Rise       ; MAIN:inst8|MM1[1]           ;
; 0.500  ; 0.500        ; 0.000          ; High Pulse Width ; MAIN:inst8|CS.SCT1 ; Rise       ; MAIN:inst8|MM1[2]           ;
; 0.500  ; 0.500        ; 0.000          ; Low Pulse Width  ; MAIN:inst8|CS.SCT1 ; Rise       ; MAIN:inst8|MM1[2]           ;
; 0.500  ; 0.500        ; 0.000          ; High Pulse Width ; MAIN:inst8|CS.SCT1 ; Rise       ; MAIN:inst8|MM1[3]           ;
; 0.500  ; 0.500        ; 0.000          ; Low Pulse Width  ; MAIN:inst8|CS.SCT1 ; Rise       ; MAIN:inst8|MM1[3]           ;
; 0.500  ; 0.500        ; 0.000          ; High Pulse Width ; MAIN:inst8|CS.SCT1 ; Rise       ; inst3|CNT0[0]|clk           ;
; 0.500  ; 0.500        ; 0.000          ; Low Pulse Width  ; MAIN:inst8|CS.SCT1 ; Rise       ; inst3|CNT0[0]|clk           ;
; 0.500  ; 0.500        ; 0.000          ; High Pulse Width ; MAIN:inst8|CS.SCT1 ; Rise       ; inst3|CNT0[1]|clk           ;
; 0.500  ; 0.500        ; 0.000          ; Low Pulse Width  ; MAIN:inst8|CS.SCT1 ; Rise       ; inst3|CNT0[1]|clk           ;
; 0.500  ; 0.500        ; 0.000          ; High Pulse Width ; MAIN:inst8|CS.SCT1 ; Rise       ; inst3|CNT0[2]|clk           ;
; 0.500  ; 0.500        ; 0.000          ; Low Pulse Width  ; MAIN:inst8|CS.SCT1 ; Rise       ; inst3|CNT0[2]|clk           ;
; 0.500  ; 0.500        ; 0.000          ; High Pulse Width ; MAIN:inst8|CS.SCT1 ; Rise       ; inst3|CNT0[3]|clk           ;
; 0.500  ; 0.500        ; 0.000          ; Low Pulse Width  ; MAIN:inst8|CS.SCT1 ; Rise       ; inst3|CNT0[3]|clk           ;
; 0.500  ; 0.500        ; 0.000          ; High Pulse Width ; MAIN:inst8|CS.SCT1 ; Rise       ; inst3|CNT1[0]|clk           ;
; 0.500  ; 0.500        ; 0.000          ; Low Pulse Width  ; MAIN:inst8|CS.SCT1 ; Rise       ; inst3|CNT1[0]|clk           ;
; 0.500  ; 0.500        ; 0.000          ; High Pulse Width ; MAIN:inst8|CS.SCT1 ; Rise       ; inst3|CNT1[1]|clk           ;
; 0.500  ; 0.500        ; 0.000          ; Low Pulse Width  ; MAIN:inst8|CS.SCT1 ; Rise       ; inst3|CNT1[1]|clk           ;
; 0.500  ; 0.500        ; 0.000          ; High Pulse Width ; MAIN:inst8|CS.SCT1 ; Rise       ; inst3|CNT1[2]|clk           ;
; 0.500  ; 0.500        ; 0.000          ; Low Pulse Width  ; MAIN:inst8|CS.SCT1 ; Rise       ; inst3|CNT1[2]|clk           ;
; 0.500  ; 0.500        ; 0.000          ; High Pulse Width ; MAIN:inst8|CS.SCT1 ; Rise       ; inst3|CNT1[3]|clk           ;
; 0.500  ; 0.500        ; 0.000          ; Low Pulse Width  ; MAIN:inst8|CS.SCT1 ; Rise       ; inst3|CNT1[3]|clk           ;
; 0.500  ; 0.500        ; 0.000          ; High Pulse Width ; MAIN:inst8|CS.SCT1 ; Rise       ; inst3|MCLK|combout          ;
; 0.500  ; 0.500        ; 0.000          ; Low Pulse Width  ; MAIN:inst8|CS.SCT1 ; Rise       ; inst3|MCLK|combout          ;
; 0.500  ; 0.500        ; 0.000          ; High Pulse Width ; MAIN:inst8|CS.SCT1 ; Rise       ; inst3|MCLK|datac            ;
; 0.500  ; 0.500        ; 0.000          ; Low Pulse Width  ; MAIN:inst8|CS.SCT1 ; Rise       ; inst3|MCLK|datac            ;
; 0.500  ; 0.500        ; 0.000          ; High Pulse Width ; MAIN:inst8|CS.SCT1 ; Rise       ; inst3|MCLK~clkctrl|inclk[0] ;
; 0.500  ; 0.500        ; 0.000          ; Low Pulse Width  ; MAIN:inst8|CS.SCT1 ; Rise       ; inst3|MCLK~clkctrl|inclk[0] ;
; 0.500  ; 0.500        ; 0.000          ; High Pulse Width ; MAIN:inst8|CS.SCT1 ; Rise       ; inst3|MCLK~clkctrl|outclk   ;
; 0.500  ; 0.500        ; 0.000          ; Low Pulse Width  ; MAIN:inst8|CS.SCT1 ; Rise       ; inst3|MCLK~clkctrl|outclk   ;
; 0.500  ; 0.500        ; 0.000          ; High Pulse Width ; MAIN:inst8|CS.SCT1 ; Rise       ; inst3|cout|clk              ;
; 0.500  ; 0.500        ; 0.000          ; Low Pulse Width  ; MAIN:inst8|CS.SCT1 ; Rise       ; inst3|cout|clk              ;
; 0.500  ; 0.500        ; 0.000          ; High Pulse Width ; MAIN:inst8|CS.SCT1 ; Rise       ; inst4|CNT0[0]|clk           ;
; 0.500  ; 0.500        ; 0.000          ; Low Pulse Width  ; MAIN:inst8|CS.SCT1 ; Rise       ; inst4|CNT0[0]|clk           ;
; 0.500  ; 0.500        ; 0.000          ; High Pulse Width ; MAIN:inst8|CS.SCT1 ; Rise       ; inst4|CNT0[1]|clk           ;
; 0.500  ; 0.500        ; 0.000          ; Low Pulse Width  ; MAIN:inst8|CS.SCT1 ; Rise       ; inst4|CNT0[1]|clk           ;
; 0.500  ; 0.500        ; 0.000          ; High Pulse Width ; MAIN:inst8|CS.SCT1 ; Rise       ; inst4|CNT0[2]|clk           ;
; 0.500  ; 0.500        ; 0.000          ; Low Pulse Width  ; MAIN:inst8|CS.SCT1 ; Rise       ; inst4|CNT0[2]|clk           ;
; 0.500  ; 0.500        ; 0.000          ; High Pulse Width ; MAIN:inst8|CS.SCT1 ; Rise       ; inst4|CNT0[3]|clk           ;
; 0.500  ; 0.500        ; 0.000          ; Low Pulse Width  ; MAIN:inst8|CS.SCT1 ; Rise       ; inst4|CNT0[3]|clk           ;
; 0.500  ; 0.500        ; 0.000          ; High Pulse Width ; MAIN:inst8|CS.SCT1 ; Rise       ; inst4|CNT1[0]|clk           ;
; 0.500  ; 0.500        ; 0.000          ; Low Pulse Width  ; MAIN:inst8|CS.SCT1 ; Rise       ; inst4|CNT1[0]|clk           ;
; 0.500  ; 0.500        ; 0.000          ; High Pulse Width ; MAIN:inst8|CS.SCT1 ; Rise       ; inst4|CNT1[1]|clk           ;
; 0.500  ; 0.500        ; 0.000          ; Low Pulse Width  ; MAIN:inst8|CS.SCT1 ; Rise       ; inst4|CNT1[1]|clk           ;
; 0.500  ; 0.500        ; 0.000          ; High Pulse Width ; MAIN:inst8|CS.SCT1 ; Rise       ; inst4|CNT1[2]|clk           ;
; 0.500  ; 0.500        ; 0.000          ; Low Pulse Width  ; MAIN:inst8|CS.SCT1 ; Rise       ; inst4|CNT1[2]|clk           ;
; 0.500  ; 0.500        ; 0.000          ; High Pulse Width ; MAIN:inst8|CS.SCT1 ; Rise       ; inst4|CNT1[3]|clk           ;
; 0.500  ; 0.500        ; 0.000          ; Low Pulse Width  ; MAIN:inst8|CS.SCT1 ; Rise       ; inst4|CNT1[3]|clk           ;
; 0.500  ; 0.500        ; 0.000          ; High Pulse Width ; MAIN:inst8|CS.SCT1 ; Rise       ; inst4|MCLK|combout          ;
; 0.500  ; 0.500        ; 0.000          ; Low Pulse Width  ; MAIN:inst8|CS.SCT1 ; Rise       ; inst4|MCLK|combout          ;
; 0.500  ; 0.500        ; 0.000          ; High Pulse Width ; MAIN:inst8|CS.SCT1 ; Rise       ; inst4|MCLK|datac            ;
; 0.500  ; 0.500        ; 0.000          ; Low Pulse Width  ; MAIN:inst8|CS.SCT1 ; Rise       ; inst4|MCLK|datac            ;
; 0.500  ; 0.500        ; 0.000          ; High Pulse Width ; MAIN:inst8|CS.SCT1 ; Rise       ; inst4|MCLK~clkctrl|inclk[0] ;
; 0.500  ; 0.500        ; 0.000          ; Low Pulse Width  ; MAIN:inst8|CS.SCT1 ; Rise       ; inst4|MCLK~clkctrl|inclk[0] ;
+--------+--------------+----------------+------------------+--------------------+------------+-----------------------------+


+---------------------------------------------------------------------------------------------------------------------+
; Fast Model Minimum Pulse Width: 'MAIN:inst8|CS.SRUN0'                                                               ;
+--------+--------------+----------------+------------------+---------------------+------------+----------------------+
; Slack  ; Actual Width ; Required Width ; Type             ; Clock               ; Clock Edge ; Target               ;
+--------+--------------+----------------+------------------+---------------------+------------+----------------------+
; -0.500 ; 0.500        ; 1.000          ; High Pulse Width ; MAIN:inst8|CS.SRUN0 ; Fall       ; COUNT:inst7|TEMP[0]  ;
; -0.500 ; 0.500        ; 1.000          ; Low Pulse Width  ; MAIN:inst8|CS.SRUN0 ; Fall       ; COUNT:inst7|TEMP[0]  ;
; -0.500 ; 0.500        ; 1.000          ; High Pulse Width ; MAIN:inst8|CS.SRUN0 ; Fall       ; COUNT:inst7|TEMP[10] ;
; -0.500 ; 0.500        ; 1.000          ; Low Pulse Width  ; MAIN:inst8|CS.SRUN0 ; Fall       ; COUNT:inst7|TEMP[10] ;
; -0.500 ; 0.500        ; 1.000          ; High Pulse Width ; MAIN:inst8|CS.SRUN0 ; Fall       ; COUNT:inst7|TEMP[11] ;
; -0.500 ; 0.500        ; 1.000          ; Low Pulse Width  ; MAIN:inst8|CS.SRUN0 ; Fall       ; COUNT:inst7|TEMP[11] ;
; -0.500 ; 0.500        ; 1.000          ; High Pulse Width ; MAIN:inst8|CS.SRUN0 ; Fall       ; COUNT:inst7|TEMP[12] ;
; -0.500 ; 0.500        ; 1.000          ; Low Pulse Width  ; MAIN:inst8|CS.SRUN0 ; Fall       ; COUNT:inst7|TEMP[12] ;
; -0.500 ; 0.500        ; 1.000          ; High Pulse Width ; MAIN:inst8|CS.SRUN0 ; Fall       ; COUNT:inst7|TEMP[13] ;
; -0.500 ; 0.500        ; 1.000          ; Low Pulse Width  ; MAIN:inst8|CS.SRUN0 ; Fall       ; COUNT:inst7|TEMP[13] ;
; -0.500 ; 0.500        ; 1.000          ; High Pulse Width ; MAIN:inst8|CS.SRUN0 ; Fall       ; COUNT:inst7|TEMP[1]  ;
; -0.500 ; 0.500        ; 1.000          ; Low Pulse Width  ; MAIN:inst8|CS.SRUN0 ; Fall       ; COUNT:inst7|TEMP[1]  ;
; -0.500 ; 0.500        ; 1.000          ; High Pulse Width ; MAIN:inst8|CS.SRUN0 ; Fall       ; COUNT:inst7|TEMP[2]  ;
; -0.500 ; 0.500        ; 1.000          ; Low Pulse Width  ; MAIN:inst8|CS.SRUN0 ; Fall       ; COUNT:inst7|TEMP[2]  ;
; -0.500 ; 0.500        ; 1.000          ; High Pulse Width ; MAIN:inst8|CS.SRUN0 ; Fall       ; COUNT:inst7|TEMP[3]  ;
; -0.500 ; 0.500        ; 1.000          ; Low Pulse Width  ; MAIN:inst8|CS.SRUN0 ; Fall       ; COUNT:inst7|TEMP[3]  ;
; -0.500 ; 0.500        ; 1.000          ; High Pulse Width ; MAIN:inst8|CS.SRUN0 ; Fall       ; COUNT:inst7|TEMP[4]  ;
; -0.500 ; 0.500        ; 1.000          ; Low Pulse Width  ; MAIN:inst8|CS.SRUN0 ; Fall       ; COUNT:inst7|TEMP[4]  ;
; -0.500 ; 0.500        ; 1.000          ; High Pulse Width ; MAIN:inst8|CS.SRUN0 ; Fall       ; COUNT:inst7|TEMP[5]  ;
; -0.500 ; 0.500        ; 1.000          ; Low Pulse Width  ; MAIN:inst8|CS.SRUN0 ; Fall       ; COUNT:inst7|TEMP[5]  ;
; -0.500 ; 0.500        ; 1.000          ; High Pulse Width ; MAIN:inst8|CS.SRUN0 ; Fall       ; COUNT:inst7|TEMP[6]  ;
; -0.500 ; 0.500        ; 1.000          ; Low Pulse Width  ; MAIN:inst8|CS.SRUN0 ; Fall       ; COUNT:inst7|TEMP[6]  ;
; -0.500 ; 0.500        ; 1.000          ; High Pulse Width ; MAIN:inst8|CS.SRUN0 ; Fall       ; COUNT:inst7|TEMP[7]  ;
; -0.500 ; 0.500        ; 1.000          ; Low Pulse Width  ; MAIN:inst8|CS.SRUN0 ; Fall       ; COUNT:inst7|TEMP[7]  ;
; -0.500 ; 0.500        ; 1.000          ; High Pulse Width ; MAIN:inst8|CS.SRUN0 ; Fall       ; COUNT:inst7|TEMP[8]  ;
; -0.500 ; 0.500        ; 1.000          ; Low Pulse Width  ; MAIN:inst8|CS.SRUN0 ; Fall       ; COUNT:inst7|TEMP[8]  ;
; -0.500 ; 0.500        ; 1.000          ; High Pulse Width ; MAIN:inst8|CS.SRUN0 ; Fall       ; COUNT:inst7|TEMP[9]  ;
; -0.500 ; 0.500        ; 1.000          ; Low Pulse Width  ; MAIN:inst8|CS.SRUN0 ; Fall       ; COUNT:inst7|TEMP[9]  ;
; 0.500  ; 0.500        ; 0.000          ; High Pulse Width ; MAIN:inst8|CS.SRUN0 ; Fall       ; COUNT:inst7|QIBU[10] ;
; 0.500  ; 0.500        ; 0.000          ; Low Pulse Width  ; MAIN:inst8|CS.SRUN0 ; Fall       ; COUNT:inst7|QIBU[10] ;
; 0.500  ; 0.500        ; 0.000          ; High Pulse Width ; MAIN:inst8|CS.SRUN0 ; Fall       ; COUNT:inst7|QIBU[12] ;
; 0.500  ; 0.500        ; 0.000          ; Low Pulse Width  ; MAIN:inst8|CS.SRUN0 ; Fall       ; COUNT:inst7|QIBU[12] ;
; 0.500  ; 0.500        ; 0.000          ; High Pulse Width ; MAIN:inst8|CS.SRUN0 ; Fall       ; COUNT:inst7|QIBU[13] ;
; 0.500  ; 0.500        ; 0.000          ; Low Pulse Width  ; MAIN:inst8|CS.SRUN0 ; Fall       ; COUNT:inst7|QIBU[13] ;
; 0.500  ; 0.500        ; 0.000          ; High Pulse Width ; MAIN:inst8|CS.SRUN0 ; Fall       ; COUNT:inst7|QIBU[14] ;
; 0.500  ; 0.500        ; 0.000          ; Low Pulse Width  ; MAIN:inst8|CS.SRUN0 ; Fall       ; COUNT:inst7|QIBU[14] ;
; 0.500  ; 0.500        ; 0.000          ; High Pulse Width ; MAIN:inst8|CS.SRUN0 ; Fall       ; COUNT:inst7|QIBU[15] ;
; 0.500  ; 0.500        ; 0.000          ; Low Pulse Width  ; MAIN:inst8|CS.SRUN0 ; Fall       ; COUNT:inst7|QIBU[15] ;
; 0.500  ; 0.500        ; 0.000          ; High Pulse Width ; MAIN:inst8|CS.SRUN0 ; Fall       ; COUNT:inst7|QIBU[17] ;
; 0.500  ; 0.500        ; 0.000          ; Low Pulse Width  ; MAIN:inst8|CS.SRUN0 ; Fall       ; COUNT:inst7|QIBU[17] ;
; 0.500  ; 0.500        ; 0.000          ; High Pulse Width ; MAIN:inst8|CS.SRUN0 ; Fall       ; COUNT:inst7|QIBU[19] ;
; 0.500  ; 0.500        ; 0.000          ; Low Pulse Width  ; MAIN:inst8|CS.SRUN0 ; Fall       ; COUNT:inst7|QIBU[19] ;
; 0.500  ; 0.500        ; 0.000          ; High Pulse Width ; MAIN:inst8|CS.SRUN0 ; Fall       ; COUNT:inst7|QIBU[6]  ;
; 0.500  ; 0.500        ; 0.000          ; Low Pulse Width  ; MAIN:inst8|CS.SRUN0 ; Fall       ; COUNT:inst7|QIBU[6]  ;
; 0.500  ; 0.500        ; 0.000          ; High Pulse Width ; MAIN:inst8|CS.SRUN0 ; Fall       ; COUNT:inst7|QIBU[7]  ;
; 0.500  ; 0.500        ; 0.000          ; Low Pulse Width  ; MAIN:inst8|CS.SRUN0 ; Fall       ; COUNT:inst7|QIBU[7]  ;
; 0.500  ; 0.500        ; 0.000          ; High Pulse Width ; MAIN:inst8|CS.SRUN0 ; Fall       ; COUNT:inst7|QIBU[8]  ;
; 0.500  ; 0.500        ; 0.000          ; Low Pulse Width  ; MAIN:inst8|CS.SRUN0 ; Fall       ; COUNT:inst7|QIBU[8]  ;
; 0.500  ; 0.500        ; 0.000          ; High Pulse Width ; MAIN:inst8|CS.SRUN0 ; Fall       ; COUNT:inst7|QIBU[9]  ;
; 0.500  ; 0.500        ; 0.000          ; Low Pulse Width  ; MAIN:inst8|CS.SRUN0 ; Fall       ; COUNT:inst7|QIBU[9]  ;
; 0.500  ; 0.500        ; 0.000          ; High Pulse Width ; MAIN:inst8|CS.SRUN0 ; Rise       ; inst7|QIBU[10]|datad ;
; 0.500  ; 0.500        ; 0.000          ; Low Pulse Width  ; MAIN:inst8|CS.SRUN0 ; Rise       ; inst7|QIBU[10]|datad ;
; 0.500  ; 0.500        ; 0.000          ; High Pulse Width ; MAIN:inst8|CS.SRUN0 ; Rise       ; inst7|QIBU[12]|datad ;
; 0.500  ; 0.500        ; 0.000          ; Low Pulse Width  ; MAIN:inst8|CS.SRUN0 ; Rise       ; inst7|QIBU[12]|datad ;
; 0.500  ; 0.500        ; 0.000          ; High Pulse Width ; MAIN:inst8|CS.SRUN0 ; Rise       ; inst7|QIBU[13]|datad ;
; 0.500  ; 0.500        ; 0.000          ; Low Pulse Width  ; MAIN:inst8|CS.SRUN0 ; Rise       ; inst7|QIBU[13]|datad ;
; 0.500  ; 0.500        ; 0.000          ; High Pulse Width ; MAIN:inst8|CS.SRUN0 ; Rise       ; inst7|QIBU[14]|datad ;
; 0.500  ; 0.500        ; 0.000          ; Low Pulse Width  ; MAIN:inst8|CS.SRUN0 ; Rise       ; inst7|QIBU[14]|datad ;
; 0.500  ; 0.500        ; 0.000          ; High Pulse Width ; MAIN:inst8|CS.SRUN0 ; Rise       ; inst7|QIBU[15]|datad ;
; 0.500  ; 0.500        ; 0.000          ; Low Pulse Width  ; MAIN:inst8|CS.SRUN0 ; Rise       ; inst7|QIBU[15]|datad ;
; 0.500  ; 0.500        ; 0.000          ; High Pulse Width ; MAIN:inst8|CS.SRUN0 ; Rise       ; inst7|QIBU[17]|datac ;
; 0.500  ; 0.500        ; 0.000          ; Low Pulse Width  ; MAIN:inst8|CS.SRUN0 ; Rise       ; inst7|QIBU[17]|datac ;
; 0.500  ; 0.500        ; 0.000          ; High Pulse Width ; MAIN:inst8|CS.SRUN0 ; Rise       ; inst7|QIBU[19]|datad ;
; 0.500  ; 0.500        ; 0.000          ; Low Pulse Width  ; MAIN:inst8|CS.SRUN0 ; Rise       ; inst7|QIBU[19]|datad ;
; 0.500  ; 0.500        ; 0.000          ; High Pulse Width ; MAIN:inst8|CS.SRUN0 ; Rise       ; inst7|QIBU[6]|datad  ;
; 0.500  ; 0.500        ; 0.000          ; Low Pulse Width  ; MAIN:inst8|CS.SRUN0 ; Rise       ; inst7|QIBU[6]|datad  ;
; 0.500  ; 0.500        ; 0.000          ; High Pulse Width ; MAIN:inst8|CS.SRUN0 ; Rise       ; inst7|QIBU[7]|datad  ;
; 0.500  ; 0.500        ; 0.000          ; Low Pulse Width  ; MAIN:inst8|CS.SRUN0 ; Rise       ; inst7|QIBU[7]|datad  ;
; 0.500  ; 0.500        ; 0.000          ; High Pulse Width ; MAIN:inst8|CS.SRUN0 ; Rise       ; inst7|QIBU[8]|datad  ;
; 0.500  ; 0.500        ; 0.000          ; Low Pulse Width  ; MAIN:inst8|CS.SRUN0 ; Rise       ; inst7|QIBU[8]|datad  ;
; 0.500  ; 0.500        ; 0.000          ; High Pulse Width ; MAIN:inst8|CS.SRUN0 ; Rise       ; inst7|QIBU[9]|datad  ;
; 0.500  ; 0.500        ; 0.000          ; Low Pulse Width  ; MAIN:inst8|CS.SRUN0 ; Rise       ; inst7|QIBU[9]|datad  ;
; 0.500  ; 0.500        ; 0.000          ; High Pulse Width ; MAIN:inst8|CS.SRUN0 ; Rise       ; inst7|TEMP[0]|clk    ;
; 0.500  ; 0.500        ; 0.000          ; Low Pulse Width  ; MAIN:inst8|CS.SRUN0 ; Rise       ; inst7|TEMP[0]|clk    ;
; 0.500  ; 0.500        ; 0.000          ; High Pulse Width ; MAIN:inst8|CS.SRUN0 ; Rise       ; inst7|TEMP[10]|clk   ;
; 0.500  ; 0.500        ; 0.000          ; Low Pulse Width  ; MAIN:inst8|CS.SRUN0 ; Rise       ; inst7|TEMP[10]|clk   ;
; 0.500  ; 0.500        ; 0.000          ; High Pulse Width ; MAIN:inst8|CS.SRUN0 ; Rise       ; inst7|TEMP[11]|clk   ;
; 0.500  ; 0.500        ; 0.000          ; Low Pulse Width  ; MAIN:inst8|CS.SRUN0 ; Rise       ; inst7|TEMP[11]|clk   ;
; 0.500  ; 0.500        ; 0.000          ; High Pulse Width ; MAIN:inst8|CS.SRUN0 ; Rise       ; inst7|TEMP[12]|clk   ;
; 0.500  ; 0.500        ; 0.000          ; Low Pulse Width  ; MAIN:inst8|CS.SRUN0 ; Rise       ; inst7|TEMP[12]|clk   ;
; 0.500  ; 0.500        ; 0.000          ; High Pulse Width ; MAIN:inst8|CS.SRUN0 ; Rise       ; inst7|TEMP[13]|clk   ;
; 0.500  ; 0.500        ; 0.000          ; Low Pulse Width  ; MAIN:inst8|CS.SRUN0 ; Rise       ; inst7|TEMP[13]|clk   ;
; 0.500  ; 0.500        ; 0.000          ; High Pulse Width ; MAIN:inst8|CS.SRUN0 ; Rise       ; inst7|TEMP[1]|clk    ;
; 0.500  ; 0.500        ; 0.000          ; Low Pulse Width  ; MAIN:inst8|CS.SRUN0 ; Rise       ; inst7|TEMP[1]|clk    ;
; 0.500  ; 0.500        ; 0.000          ; High Pulse Width ; MAIN:inst8|CS.SRUN0 ; Rise       ; inst7|TEMP[2]|clk    ;
; 0.500  ; 0.500        ; 0.000          ; Low Pulse Width  ; MAIN:inst8|CS.SRUN0 ; Rise       ; inst7|TEMP[2]|clk    ;
; 0.500  ; 0.500        ; 0.000          ; High Pulse Width ; MAIN:inst8|CS.SRUN0 ; Rise       ; inst7|TEMP[3]|clk    ;
; 0.500  ; 0.500        ; 0.000          ; Low Pulse Width  ; MAIN:inst8|CS.SRUN0 ; Rise       ; inst7|TEMP[3]|clk    ;
; 0.500  ; 0.500        ; 0.000          ; High Pulse Width ; MAIN:inst8|CS.SRUN0 ; Rise       ; inst7|TEMP[4]|clk    ;
; 0.500  ; 0.500        ; 0.000          ; Low Pulse Width  ; MAIN:inst8|CS.SRUN0 ; Rise       ; inst7|TEMP[4]|clk    ;
; 0.500  ; 0.500        ; 0.000          ; High Pulse Width ; MAIN:inst8|CS.SRUN0 ; Rise       ; inst7|TEMP[5]|clk    ;
; 0.500  ; 0.500        ; 0.000          ; Low Pulse Width  ; MAIN:inst8|CS.SRUN0 ; Rise       ; inst7|TEMP[5]|clk    ;
; 0.500  ; 0.500        ; 0.000          ; High Pulse Width ; MAIN:inst8|CS.SRUN0 ; Rise       ; inst7|TEMP[6]|clk    ;
; 0.500  ; 0.500        ; 0.000          ; Low Pulse Width  ; MAIN:inst8|CS.SRUN0 ; Rise       ; inst7|TEMP[6]|clk    ;
; 0.500  ; 0.500        ; 0.000          ; High Pulse Width ; MAIN:inst8|CS.SRUN0 ; Rise       ; inst7|TEMP[7]|clk    ;
; 0.500  ; 0.500        ; 0.000          ; Low Pulse Width  ; MAIN:inst8|CS.SRUN0 ; Rise       ; inst7|TEMP[7]|clk    ;
; 0.500  ; 0.500        ; 0.000          ; High Pulse Width ; MAIN:inst8|CS.SRUN0 ; Rise       ; inst7|TEMP[8]|clk    ;
; 0.500  ; 0.500        ; 0.000          ; Low Pulse Width  ; MAIN:inst8|CS.SRUN0 ; Rise       ; inst7|TEMP[8]|clk    ;
; 0.500  ; 0.500        ; 0.000          ; High Pulse Width ; MAIN:inst8|CS.SRUN0 ; Rise       ; inst7|TEMP[9]|clk    ;
; 0.500  ; 0.500        ; 0.000          ; Low Pulse Width  ; MAIN:inst8|CS.SRUN0 ; Rise       ; inst7|TEMP[9]|clk    ;
+--------+--------------+----------------+------------------+---------------------+------------+----------------------+


+--------------------------------------------------------------------------------------------------------------------+
; Fast Model Minimum Pulse Width: 'MAIN:inst8|CS.S1'                                                                 ;
+-------+--------------+----------------+------------------+------------------+------------+-------------------------+
; Slack ; Actual Width ; Required Width ; Type             ; Clock            ; Clock Edge ; Target                  ;
+-------+--------------+----------------+------------------+------------------+------------+-------------------------+
; 0.500 ; 0.500        ; 0.000          ; High Pulse Width ; MAIN:inst8|CS.S1 ; Fall       ; MAIN:inst8|SUM_EN       ;
; 0.500 ; 0.500        ; 0.000          ; Low Pulse Width  ; MAIN:inst8|CS.S1 ; Fall       ; MAIN:inst8|SUM_EN       ;
; 0.500 ; 0.500        ; 0.000          ; High Pulse Width ; MAIN:inst8|CS.S1 ; Rise       ; inst8|CS.S1|regout      ;
; 0.500 ; 0.500        ; 0.000          ; Low Pulse Width  ; MAIN:inst8|CS.S1 ; Rise       ; inst8|CS.S1|regout      ;
; 0.500 ; 0.500        ; 0.000          ; High Pulse Width ; MAIN:inst8|CS.S1 ; Rise       ; inst8|SUM_EN|datac      ;
; 0.500 ; 0.500        ; 0.000          ; Low Pulse Width  ; MAIN:inst8|CS.S1 ; Rise       ; inst8|SUM_EN|datac      ;
; 0.500 ; 0.500        ; 0.000          ; High Pulse Width ; MAIN:inst8|CS.S1 ; Rise       ; inst8|WideOr4~0|combout ;
; 0.500 ; 0.500        ; 0.000          ; Low Pulse Width  ; MAIN:inst8|CS.S1 ; Rise       ; inst8|WideOr4~0|combout ;
; 0.500 ; 0.500        ; 0.000          ; High Pulse Width ; MAIN:inst8|CS.S1 ; Rise       ; inst8|WideOr4~0|datad   ;
; 0.500 ; 0.500        ; 0.000          ; Low Pulse Width  ; MAIN:inst8|CS.S1 ; Rise       ; inst8|WideOr4~0|datad   ;
+-------+--------------+----------------+------------------+------------------+------------+-------------------------+


+------------------------------------------------------------------------------------+
; Setup Times                                                                        ;
+-----------+---------------------+-------+-------+------------+---------------------+
; Data Port ; Clock Port          ; Rise  ; Fall  ; Clock Edge ; Clock Reference     ;
+-----------+---------------------+-------+-------+------------+---------------------+
; EN        ; CLK                 ; 2.781 ; 2.781 ; Rise       ; CLK                 ;
; EN        ; CT0                 ; 1.462 ; 1.462 ; Rise       ; CT0                 ;
; EN        ; FD2:inst1|Q1        ; 3.685 ; 3.685 ; Rise       ; FD2:inst1|Q1        ;
; SP2       ; FD2:inst1|Q1        ; 5.245 ; 5.245 ; Rise       ; FD2:inst1|Q1        ;
; SP3       ; FD2:inst1|Q1        ; 4.957 ; 4.957 ; Rise       ; FD2:inst1|Q1        ;
; SP4       ; FD2:inst1|Q1        ; 5.211 ; 5.211 ; Rise       ; FD2:inst1|Q1        ;
; CT0       ; FD:inst|Q1          ; 0.976 ; 0.976 ; Rise       ; FD:inst|Q1          ;
; CT1       ; FD:inst|Q1          ; 2.560 ; 2.560 ; Rise       ; FD:inst|Q1          ;
; PAUSE     ; FD:inst|Q1          ; 3.467 ; 3.467 ; Rise       ; FD:inst|Q1          ;
; START     ; FD:inst|Q1          ; 3.654 ; 3.654 ; Rise       ; FD:inst|Q1          ;
; SW_SUM    ; FD:inst|Q1          ; 3.423 ; 3.423 ; Rise       ; FD:inst|Q1          ;
; EN        ; MAIN:inst8|CS.SCT0  ; 3.145 ; 3.145 ; Rise       ; MAIN:inst8|CS.SCT0  ;
; EN        ; MAIN:inst8|CS.SCT1  ; 3.207 ; 3.207 ; Rise       ; MAIN:inst8|CS.SCT1  ;
; A1        ; MAIN:inst8|CS.SRUN0 ; 3.900 ; 3.900 ; Fall       ; MAIN:inst8|CS.SRUN0 ;
; A2        ; MAIN:inst8|CS.SRUN0 ; 3.800 ; 3.800 ; Fall       ; MAIN:inst8|CS.SRUN0 ;
+-----------+---------------------+-------+-------+------------+---------------------+


+--------------------------------------------------------------------------------------+
; Hold Times                                                                           ;
+-----------+---------------------+--------+--------+------------+---------------------+
; Data Port ; Clock Port          ; Rise   ; Fall   ; Clock Edge ; Clock Reference     ;
+-----------+---------------------+--------+--------+------------+---------------------+
; EN        ; CLK                 ; -2.535 ; -2.535 ; Rise       ; CLK                 ;
; EN        ; CT0                 ; 0.276  ; 0.276  ; Rise       ; CT0                 ;
; EN        ; FD2:inst1|Q1        ; -1.947 ; -1.947 ; Rise       ; FD2:inst1|Q1        ;
; SP2       ; FD2:inst1|Q1        ; -2.181 ; -2.181 ; Rise       ; FD2:inst1|Q1        ;
; SP3       ; FD2:inst1|Q1        ; -1.929 ; -1.929 ; Rise       ; FD2:inst1|Q1        ;
; SP4       ; FD2:inst1|Q1        ; -2.416 ; -2.416 ; Rise       ; FD2:inst1|Q1        ;
; CT0       ; FD:inst|Q1          ; -0.329 ; -0.329 ; Rise       ; FD:inst|Q1          ;
; CT1       ; FD:inst|Q1          ; -2.437 ; -2.437 ; Rise       ; FD:inst|Q1          ;
; PAUSE     ; FD:inst|Q1          ; -2.340 ; -2.340 ; Rise       ; FD:inst|Q1          ;
; START     ; FD:inst|Q1          ; -2.471 ; -2.471 ; Rise       ; FD:inst|Q1          ;
; SW_SUM    ; FD:inst|Q1          ; -2.369 ; -2.369 ; Rise       ; FD:inst|Q1          ;
; EN        ; MAIN:inst8|CS.SCT0  ; -1.407 ; -1.407 ; Rise       ; MAIN:inst8|CS.SCT0  ;
; EN        ; MAIN:inst8|CS.SCT1  ; -1.469 ; -1.469 ; Rise       ; MAIN:inst8|CS.SCT1  ;
; A1        ; MAIN:inst8|CS.SRUN0 ; -3.019 ; -3.019 ; Fall       ; MAIN:inst8|CS.SRUN0 ;
; A2        ; MAIN:inst8|CS.SRUN0 ; -2.813 ; -2.813 ; Fall       ; MAIN:inst8|CS.SRUN0 ;
+-----------+---------------------+--------+--------+------------+---------------------+


+--------------------------------------------------------------------------------------+
; Clock to Output Times                                                                ;
+-----------+---------------------+--------+--------+------------+---------------------+
; Data Port ; Clock Port          ; Rise   ; Fall   ; Clock Edge ; Clock Reference     ;
+-----------+---------------------+--------+--------+------------+---------------------+
; OUT0[*]   ; FD2:inst1|Q1        ; 7.264  ; 7.264  ; Rise       ; FD2:inst1|Q1        ;
;  OUT0[0]  ; FD2:inst1|Q1        ; 6.851  ; 6.851  ; Rise       ; FD2:inst1|Q1        ;
;  OUT0[1]  ; FD2:inst1|Q1        ; 7.264  ; 7.264  ; Rise       ; FD2:inst1|Q1        ;
;  OUT0[2]  ; FD2:inst1|Q1        ; 7.024  ; 7.024  ; Rise       ; FD2:inst1|Q1        ;
;  OUT0[3]  ; FD2:inst1|Q1        ; 7.212  ; 7.212  ; Rise       ; FD2:inst1|Q1        ;
;  OUT0[4]  ; FD2:inst1|Q1        ; 7.175  ; 7.175  ; Rise       ; FD2:inst1|Q1        ;
;  OUT0[5]  ; FD2:inst1|Q1        ; 7.102  ; 7.102  ; Rise       ; FD2:inst1|Q1        ;
;  OUT0[6]  ; FD2:inst1|Q1        ; 6.859  ; 6.859  ; Rise       ; FD2:inst1|Q1        ;
; OUT1[*]   ; FD2:inst1|Q1        ; 6.779  ; 6.779  ; Rise       ; FD2:inst1|Q1        ;
;  OUT1[0]  ; FD2:inst1|Q1        ; 6.634  ; 6.634  ; Rise       ; FD2:inst1|Q1        ;
;  OUT1[1]  ; FD2:inst1|Q1        ; 6.569  ; 6.569  ; Rise       ; FD2:inst1|Q1        ;
;  OUT1[2]  ; FD2:inst1|Q1        ; 6.706  ; 6.706  ; Rise       ; FD2:inst1|Q1        ;
;  OUT1[3]  ; FD2:inst1|Q1        ; 6.675  ; 6.675  ; Rise       ; FD2:inst1|Q1        ;
;  OUT1[4]  ; FD2:inst1|Q1        ; 6.722  ; 6.722  ; Rise       ; FD2:inst1|Q1        ;
;  OUT1[5]  ; FD2:inst1|Q1        ; 6.625  ; 6.625  ; Rise       ; FD2:inst1|Q1        ;
;  OUT1[6]  ; FD2:inst1|Q1        ; 6.779  ; 6.779  ; Rise       ; FD2:inst1|Q1        ;
; OUT2[*]   ; FD2:inst1|Q1        ; 7.880  ; 7.880  ; Rise       ; FD2:inst1|Q1        ;
;  OUT2[0]  ; FD2:inst1|Q1        ; 7.256  ; 7.256  ; Rise       ; FD2:inst1|Q1        ;
;  OUT2[1]  ; FD2:inst1|Q1        ; 7.880  ; 7.880  ; Rise       ; FD2:inst1|Q1        ;
;  OUT2[2]  ; FD2:inst1|Q1        ; 7.153  ; 7.153  ; Rise       ; FD2:inst1|Q1        ;
;  OUT2[3]  ; FD2:inst1|Q1        ; 7.051  ; 7.051  ; Rise       ; FD2:inst1|Q1        ;
;  OUT2[4]  ; FD2:inst1|Q1        ; 7.083  ; 7.083  ; Rise       ; FD2:inst1|Q1        ;
;  OUT2[5]  ; FD2:inst1|Q1        ; 7.146  ; 7.146  ; Rise       ; FD2:inst1|Q1        ;
;  OUT2[6]  ; FD2:inst1|Q1        ; 7.018  ; 7.018  ; Rise       ; FD2:inst1|Q1        ;
; OUT3[*]   ; FD2:inst1|Q1        ; 7.211  ; 7.211  ; Rise       ; FD2:inst1|Q1        ;
;  OUT3[0]  ; FD2:inst1|Q1        ; 7.062  ; 7.062  ; Rise       ; FD2:inst1|Q1        ;
;  OUT3[1]  ; FD2:inst1|Q1        ; 7.086  ; 7.086  ; Rise       ; FD2:inst1|Q1        ;
;  OUT3[2]  ; FD2:inst1|Q1        ; 7.075  ; 7.075  ; Rise       ; FD2:inst1|Q1        ;
;  OUT3[3]  ; FD2:inst1|Q1        ; 7.032  ; 7.032  ; Rise       ; FD2:inst1|Q1        ;
;  OUT3[4]  ; FD2:inst1|Q1        ; 7.211  ; 7.211  ; Rise       ; FD2:inst1|Q1        ;
;  OUT3[5]  ; FD2:inst1|Q1        ; 7.054  ; 7.054  ; Rise       ; FD2:inst1|Q1        ;
;  OUT3[6]  ; FD2:inst1|Q1        ; 7.054  ; 7.054  ; Rise       ; FD2:inst1|Q1        ;
; OUT4[*]   ; FD2:inst1|Q1        ; 6.971  ; 6.971  ; Rise       ; FD2:inst1|Q1        ;
;  OUT4[0]  ; FD2:inst1|Q1        ; 6.578  ; 6.578  ; Rise       ; FD2:inst1|Q1        ;
;  OUT4[1]  ; FD2:inst1|Q1        ; 6.147  ; 6.147  ; Rise       ; FD2:inst1|Q1        ;
;  OUT4[2]  ; FD2:inst1|Q1        ; 6.842  ; 6.842  ; Rise       ; FD2:inst1|Q1        ;
;  OUT4[3]  ; FD2:inst1|Q1        ; 6.193  ; 6.193  ; Rise       ; FD2:inst1|Q1        ;
;  OUT4[4]  ; FD2:inst1|Q1        ; 6.211  ; 6.211  ; Rise       ; FD2:inst1|Q1        ;
;  OUT4[5]  ; FD2:inst1|Q1        ; 6.971  ; 6.971  ; Rise       ; FD2:inst1|Q1        ;
;  OUT4[6]  ; FD2:inst1|Q1        ; 6.356  ; 6.356  ; Rise       ; FD2:inst1|Q1        ;
; OUT5[*]   ; FD2:inst1|Q1        ; 7.547  ; 7.547  ; Rise       ; FD2:inst1|Q1        ;
;  OUT5[0]  ; FD2:inst1|Q1        ; 6.435  ; 6.435  ; Rise       ; FD2:inst1|Q1        ;
;  OUT5[1]  ; FD2:inst1|Q1        ; 6.702  ; 6.702  ; Rise       ; FD2:inst1|Q1        ;
;  OUT5[2]  ; FD2:inst1|Q1        ; 6.360  ; 6.360  ; Rise       ; FD2:inst1|Q1        ;
;  OUT5[3]  ; FD2:inst1|Q1        ; 6.478  ; 6.478  ; Rise       ; FD2:inst1|Q1        ;
;  OUT5[4]  ; FD2:inst1|Q1        ; 6.388  ; 6.388  ; Rise       ; FD2:inst1|Q1        ;
;  OUT5[5]  ; FD2:inst1|Q1        ; 7.547  ; 7.547  ; Rise       ; FD2:inst1|Q1        ;
;  OUT5[6]  ; FD2:inst1|Q1        ; 7.093  ; 7.093  ; Rise       ; FD2:inst1|Q1        ;
; OUT6[*]   ; FD2:inst1|Q1        ; 7.074  ; 7.074  ; Rise       ; FD2:inst1|Q1        ;
;  OUT6[0]  ; FD2:inst1|Q1        ; 6.553  ; 6.553  ; Rise       ; FD2:inst1|Q1        ;
;  OUT6[1]  ; FD2:inst1|Q1        ; 5.917  ; 5.917  ; Rise       ; FD2:inst1|Q1        ;
;  OUT6[2]  ; FD2:inst1|Q1        ; 6.200  ; 6.200  ; Rise       ; FD2:inst1|Q1        ;
;  OUT6[3]  ; FD2:inst1|Q1        ; 7.074  ; 7.074  ; Rise       ; FD2:inst1|Q1        ;
;  OUT6[4]  ; FD2:inst1|Q1        ; 7.070  ; 7.070  ; Rise       ; FD2:inst1|Q1        ;
;  OUT6[5]  ; FD2:inst1|Q1        ; 6.967  ; 6.967  ; Rise       ; FD2:inst1|Q1        ;
;  OUT6[6]  ; FD2:inst1|Q1        ; 6.122  ; 6.122  ; Rise       ; FD2:inst1|Q1        ;
; OUT7[*]   ; FD2:inst1|Q1        ; 7.028  ; 7.028  ; Rise       ; FD2:inst1|Q1        ;
;  OUT7[0]  ; FD2:inst1|Q1        ; 6.300  ; 6.300  ; Rise       ; FD2:inst1|Q1        ;
;  OUT7[1]  ; FD2:inst1|Q1        ; 6.883  ; 6.883  ; Rise       ; FD2:inst1|Q1        ;
;  OUT7[2]  ; FD2:inst1|Q1        ; 6.502  ; 6.502  ; Rise       ; FD2:inst1|Q1        ;
;  OUT7[3]  ; FD2:inst1|Q1        ; 6.293  ; 6.293  ; Rise       ; FD2:inst1|Q1        ;
;  OUT7[4]  ; FD2:inst1|Q1        ; 6.368  ; 6.368  ; Rise       ; FD2:inst1|Q1        ;
;  OUT7[5]  ; FD2:inst1|Q1        ; 7.028  ; 7.028  ; Rise       ; FD2:inst1|Q1        ;
;  OUT7[6]  ; FD2:inst1|Q1        ; 6.798  ; 6.798  ; Rise       ; FD2:inst1|Q1        ;
; OUT0[*]   ; FD:inst|Q1          ; 7.628  ; 7.628  ; Rise       ; FD:inst|Q1          ;
;  OUT0[0]  ; FD:inst|Q1          ; 7.218  ; 7.218  ; Rise       ; FD:inst|Q1          ;
;  OUT0[1]  ; FD:inst|Q1          ; 7.628  ; 7.628  ; Rise       ; FD:inst|Q1          ;
;  OUT0[2]  ; FD:inst|Q1          ; 7.404  ; 7.404  ; Rise       ; FD:inst|Q1          ;
;  OUT0[3]  ; FD:inst|Q1          ; 7.577  ; 7.577  ; Rise       ; FD:inst|Q1          ;
;  OUT0[4]  ; FD:inst|Q1          ; 7.545  ; 7.545  ; Rise       ; FD:inst|Q1          ;
;  OUT0[5]  ; FD:inst|Q1          ; 7.475  ; 7.475  ; Rise       ; FD:inst|Q1          ;
;  OUT0[6]  ; FD:inst|Q1          ; 7.225  ; 7.225  ; Rise       ; FD:inst|Q1          ;
; OUT1[*]   ; FD:inst|Q1          ; 7.198  ; 7.198  ; Rise       ; FD:inst|Q1          ;
;  OUT1[0]  ; FD:inst|Q1          ; 7.053  ; 7.053  ; Rise       ; FD:inst|Q1          ;
;  OUT1[1]  ; FD:inst|Q1          ; 6.988  ; 6.988  ; Rise       ; FD:inst|Q1          ;
;  OUT1[2]  ; FD:inst|Q1          ; 7.125  ; 7.125  ; Rise       ; FD:inst|Q1          ;
;  OUT1[3]  ; FD:inst|Q1          ; 7.094  ; 7.094  ; Rise       ; FD:inst|Q1          ;
;  OUT1[4]  ; FD:inst|Q1          ; 7.141  ; 7.141  ; Rise       ; FD:inst|Q1          ;
;  OUT1[5]  ; FD:inst|Q1          ; 7.044  ; 7.044  ; Rise       ; FD:inst|Q1          ;
;  OUT1[6]  ; FD:inst|Q1          ; 7.198  ; 7.198  ; Rise       ; FD:inst|Q1          ;
; OUT2[*]   ; FD:inst|Q1          ; 7.892  ; 7.892  ; Rise       ; FD:inst|Q1          ;
;  OUT2[0]  ; FD:inst|Q1          ; 7.268  ; 7.268  ; Rise       ; FD:inst|Q1          ;
;  OUT2[1]  ; FD:inst|Q1          ; 7.892  ; 7.892  ; Rise       ; FD:inst|Q1          ;
;  OUT2[2]  ; FD:inst|Q1          ; 7.165  ; 7.165  ; Rise       ; FD:inst|Q1          ;
;  OUT2[3]  ; FD:inst|Q1          ; 7.063  ; 7.063  ; Rise       ; FD:inst|Q1          ;
;  OUT2[4]  ; FD:inst|Q1          ; 7.095  ; 7.095  ; Rise       ; FD:inst|Q1          ;
;  OUT2[5]  ; FD:inst|Q1          ; 7.158  ; 7.158  ; Rise       ; FD:inst|Q1          ;
;  OUT2[6]  ; FD:inst|Q1          ; 7.030  ; 7.030  ; Rise       ; FD:inst|Q1          ;
; OUT3[*]   ; FD:inst|Q1          ; 7.185  ; 7.185  ; Rise       ; FD:inst|Q1          ;
;  OUT3[0]  ; FD:inst|Q1          ; 7.036  ; 7.036  ; Rise       ; FD:inst|Q1          ;
;  OUT3[1]  ; FD:inst|Q1          ; 7.060  ; 7.060  ; Rise       ; FD:inst|Q1          ;
;  OUT3[2]  ; FD:inst|Q1          ; 7.049  ; 7.049  ; Rise       ; FD:inst|Q1          ;
;  OUT3[3]  ; FD:inst|Q1          ; 7.006  ; 7.006  ; Rise       ; FD:inst|Q1          ;
;  OUT3[4]  ; FD:inst|Q1          ; 7.185  ; 7.185  ; Rise       ; FD:inst|Q1          ;
;  OUT3[5]  ; FD:inst|Q1          ; 7.028  ; 7.028  ; Rise       ; FD:inst|Q1          ;
;  OUT3[6]  ; FD:inst|Q1          ; 7.028  ; 7.028  ; Rise       ; FD:inst|Q1          ;
; OUT4[*]   ; FD:inst|Q1          ; 7.017  ; 7.017  ; Rise       ; FD:inst|Q1          ;
;  OUT4[0]  ; FD:inst|Q1          ; 6.624  ; 6.624  ; Rise       ; FD:inst|Q1          ;
;  OUT4[1]  ; FD:inst|Q1          ; 6.192  ; 6.192  ; Rise       ; FD:inst|Q1          ;
;  OUT4[2]  ; FD:inst|Q1          ; 6.888  ; 6.888  ; Rise       ; FD:inst|Q1          ;
;  OUT4[3]  ; FD:inst|Q1          ; 6.239  ; 6.239  ; Rise       ; FD:inst|Q1          ;
;  OUT4[4]  ; FD:inst|Q1          ; 6.257  ; 6.257  ; Rise       ; FD:inst|Q1          ;
;  OUT4[5]  ; FD:inst|Q1          ; 7.017  ; 7.017  ; Rise       ; FD:inst|Q1          ;
;  OUT4[6]  ; FD:inst|Q1          ; 6.402  ; 6.402  ; Rise       ; FD:inst|Q1          ;
; OUT5[*]   ; FD:inst|Q1          ; 7.601  ; 7.601  ; Rise       ; FD:inst|Q1          ;
;  OUT5[0]  ; FD:inst|Q1          ; 6.486  ; 6.486  ; Rise       ; FD:inst|Q1          ;
;  OUT5[1]  ; FD:inst|Q1          ; 6.754  ; 6.754  ; Rise       ; FD:inst|Q1          ;
;  OUT5[2]  ; FD:inst|Q1          ; 6.415  ; 6.415  ; Rise       ; FD:inst|Q1          ;
;  OUT5[3]  ; FD:inst|Q1          ; 6.528  ; 6.528  ; Rise       ; FD:inst|Q1          ;
;  OUT5[4]  ; FD:inst|Q1          ; 6.438  ; 6.438  ; Rise       ; FD:inst|Q1          ;
;  OUT5[5]  ; FD:inst|Q1          ; 7.601  ; 7.601  ; Rise       ; FD:inst|Q1          ;
;  OUT5[6]  ; FD:inst|Q1          ; 7.144  ; 7.144  ; Rise       ; FD:inst|Q1          ;
; OUT6[*]   ; FD:inst|Q1          ; 7.744  ; 7.744  ; Rise       ; FD:inst|Q1          ;
;  OUT6[0]  ; FD:inst|Q1          ; 7.232  ; 7.232  ; Rise       ; FD:inst|Q1          ;
;  OUT6[1]  ; FD:inst|Q1          ; 6.596  ; 6.596  ; Rise       ; FD:inst|Q1          ;
;  OUT6[2]  ; FD:inst|Q1          ; 6.856  ; 6.856  ; Rise       ; FD:inst|Q1          ;
;  OUT6[3]  ; FD:inst|Q1          ; 7.734  ; 7.734  ; Rise       ; FD:inst|Q1          ;
;  OUT6[4]  ; FD:inst|Q1          ; 7.744  ; 7.744  ; Rise       ; FD:inst|Q1          ;
;  OUT6[5]  ; FD:inst|Q1          ; 7.646  ; 7.646  ; Rise       ; FD:inst|Q1          ;
;  OUT6[6]  ; FD:inst|Q1          ; 6.792  ; 6.792  ; Rise       ; FD:inst|Q1          ;
; OUT7[*]   ; FD:inst|Q1          ; 7.394  ; 7.394  ; Rise       ; FD:inst|Q1          ;
;  OUT7[0]  ; FD:inst|Q1          ; 6.675  ; 6.675  ; Rise       ; FD:inst|Q1          ;
;  OUT7[1]  ; FD:inst|Q1          ; 7.253  ; 7.253  ; Rise       ; FD:inst|Q1          ;
;  OUT7[2]  ; FD:inst|Q1          ; 6.881  ; 6.881  ; Rise       ; FD:inst|Q1          ;
;  OUT7[3]  ; FD:inst|Q1          ; 6.667  ; 6.667  ; Rise       ; FD:inst|Q1          ;
;  OUT7[4]  ; FD:inst|Q1          ; 6.746  ; 6.746  ; Rise       ; FD:inst|Q1          ;
;  OUT7[5]  ; FD:inst|Q1          ; 7.394  ; 7.394  ; Rise       ; FD:inst|Q1          ;
;  OUT7[6]  ; FD:inst|Q1          ; 7.162  ; 7.162  ; Rise       ; FD:inst|Q1          ;
; OUT4[*]   ; MAIN:inst8|CS.SCT0  ; 4.561  ; 4.561  ; Rise       ; MAIN:inst8|CS.SCT0  ;
;  OUT4[0]  ; MAIN:inst8|CS.SCT0  ; 4.168  ; 4.168  ; Rise       ; MAIN:inst8|CS.SCT0  ;
;  OUT4[1]  ; MAIN:inst8|CS.SCT0  ; 3.736  ; 3.736  ; Rise       ; MAIN:inst8|CS.SCT0  ;
;  OUT4[2]  ; MAIN:inst8|CS.SCT0  ; 4.432  ; 4.432  ; Rise       ; MAIN:inst8|CS.SCT0  ;
;  OUT4[3]  ; MAIN:inst8|CS.SCT0  ; 3.783  ; 3.783  ; Rise       ; MAIN:inst8|CS.SCT0  ;
;  OUT4[4]  ; MAIN:inst8|CS.SCT0  ; 3.801  ; 3.801  ; Rise       ; MAIN:inst8|CS.SCT0  ;
;  OUT4[5]  ; MAIN:inst8|CS.SCT0  ; 4.561  ; 4.561  ; Rise       ; MAIN:inst8|CS.SCT0  ;
;  OUT4[6]  ; MAIN:inst8|CS.SCT0  ; 3.946  ; 3.946  ; Rise       ; MAIN:inst8|CS.SCT0  ;
; OUT5[*]   ; MAIN:inst8|CS.SCT0  ; 5.145  ; 5.145  ; Rise       ; MAIN:inst8|CS.SCT0  ;
;  OUT5[0]  ; MAIN:inst8|CS.SCT0  ; 4.030  ; 4.030  ; Rise       ; MAIN:inst8|CS.SCT0  ;
;  OUT5[1]  ; MAIN:inst8|CS.SCT0  ; 4.298  ; 4.298  ; Rise       ; MAIN:inst8|CS.SCT0  ;
;  OUT5[2]  ; MAIN:inst8|CS.SCT0  ; 3.959  ; 3.959  ; Rise       ; MAIN:inst8|CS.SCT0  ;
;  OUT5[3]  ; MAIN:inst8|CS.SCT0  ; 4.072  ; 4.072  ; Rise       ; MAIN:inst8|CS.SCT0  ;
;  OUT5[4]  ; MAIN:inst8|CS.SCT0  ; 3.982  ; 3.982  ; Rise       ; MAIN:inst8|CS.SCT0  ;
;  OUT5[5]  ; MAIN:inst8|CS.SCT0  ; 5.145  ; 5.145  ; Rise       ; MAIN:inst8|CS.SCT0  ;
;  OUT5[6]  ; MAIN:inst8|CS.SCT0  ; 4.688  ; 4.688  ; Rise       ; MAIN:inst8|CS.SCT0  ;
; OUT6[*]   ; MAIN:inst8|CS.SCT0  ; 8.770  ; 8.770  ; Rise       ; MAIN:inst8|CS.SCT0  ;
;  OUT6[0]  ; MAIN:inst8|CS.SCT0  ; 8.251  ; 8.251  ; Rise       ; MAIN:inst8|CS.SCT0  ;
;  OUT6[1]  ; MAIN:inst8|CS.SCT0  ; 7.613  ; 7.613  ; Rise       ; MAIN:inst8|CS.SCT0  ;
;  OUT6[2]  ; MAIN:inst8|CS.SCT0  ; 7.896  ; 7.896  ; Rise       ; MAIN:inst8|CS.SCT0  ;
;  OUT6[3]  ; MAIN:inst8|CS.SCT0  ; 8.770  ; 8.770  ; Rise       ; MAIN:inst8|CS.SCT0  ;
;  OUT6[4]  ; MAIN:inst8|CS.SCT0  ; 8.766  ; 8.766  ; Rise       ; MAIN:inst8|CS.SCT0  ;
;  OUT6[5]  ; MAIN:inst8|CS.SCT0  ; 8.665  ; 8.665  ; Rise       ; MAIN:inst8|CS.SCT0  ;
;  OUT6[6]  ; MAIN:inst8|CS.SCT0  ; 7.818  ; 7.818  ; Rise       ; MAIN:inst8|CS.SCT0  ;
; OUT7[*]   ; MAIN:inst8|CS.SCT0  ; 8.589  ; 8.589  ; Rise       ; MAIN:inst8|CS.SCT0  ;
;  OUT7[0]  ; MAIN:inst8|CS.SCT0  ; 7.870  ; 7.870  ; Rise       ; MAIN:inst8|CS.SCT0  ;
;  OUT7[1]  ; MAIN:inst8|CS.SCT0  ; 8.448  ; 8.448  ; Rise       ; MAIN:inst8|CS.SCT0  ;
;  OUT7[2]  ; MAIN:inst8|CS.SCT0  ; 8.076  ; 8.076  ; Rise       ; MAIN:inst8|CS.SCT0  ;
;  OUT7[3]  ; MAIN:inst8|CS.SCT0  ; 7.862  ; 7.862  ; Rise       ; MAIN:inst8|CS.SCT0  ;
;  OUT7[4]  ; MAIN:inst8|CS.SCT0  ; 7.941  ; 7.941  ; Rise       ; MAIN:inst8|CS.SCT0  ;
;  OUT7[5]  ; MAIN:inst8|CS.SCT0  ; 8.589  ; 8.589  ; Rise       ; MAIN:inst8|CS.SCT0  ;
;  OUT7[6]  ; MAIN:inst8|CS.SCT0  ; 8.357  ; 8.357  ; Rise       ; MAIN:inst8|CS.SCT0  ;
; dot1      ; MAIN:inst8|CS.SCT0  ; 5.951  ; 5.951  ; Rise       ; MAIN:inst8|CS.SCT0  ;
; OUT4[*]   ; MAIN:inst8|CS.SCT0  ; 4.561  ; 4.561  ; Fall       ; MAIN:inst8|CS.SCT0  ;
;  OUT4[0]  ; MAIN:inst8|CS.SCT0  ; 4.168  ; 4.168  ; Fall       ; MAIN:inst8|CS.SCT0  ;
;  OUT4[1]  ; MAIN:inst8|CS.SCT0  ; 3.736  ; 3.736  ; Fall       ; MAIN:inst8|CS.SCT0  ;
;  OUT4[2]  ; MAIN:inst8|CS.SCT0  ; 4.432  ; 4.432  ; Fall       ; MAIN:inst8|CS.SCT0  ;
;  OUT4[3]  ; MAIN:inst8|CS.SCT0  ; 3.783  ; 3.783  ; Fall       ; MAIN:inst8|CS.SCT0  ;
;  OUT4[4]  ; MAIN:inst8|CS.SCT0  ; 3.801  ; 3.801  ; Fall       ; MAIN:inst8|CS.SCT0  ;
;  OUT4[5]  ; MAIN:inst8|CS.SCT0  ; 4.561  ; 4.561  ; Fall       ; MAIN:inst8|CS.SCT0  ;
;  OUT4[6]  ; MAIN:inst8|CS.SCT0  ; 3.946  ; 3.946  ; Fall       ; MAIN:inst8|CS.SCT0  ;
; OUT5[*]   ; MAIN:inst8|CS.SCT0  ; 5.145  ; 5.145  ; Fall       ; MAIN:inst8|CS.SCT0  ;
;  OUT5[0]  ; MAIN:inst8|CS.SCT0  ; 4.030  ; 4.030  ; Fall       ; MAIN:inst8|CS.SCT0  ;
;  OUT5[1]  ; MAIN:inst8|CS.SCT0  ; 4.298  ; 4.298  ; Fall       ; MAIN:inst8|CS.SCT0  ;
;  OUT5[2]  ; MAIN:inst8|CS.SCT0  ; 3.959  ; 3.959  ; Fall       ; MAIN:inst8|CS.SCT0  ;
;  OUT5[3]  ; MAIN:inst8|CS.SCT0  ; 4.072  ; 4.072  ; Fall       ; MAIN:inst8|CS.SCT0  ;
;  OUT5[4]  ; MAIN:inst8|CS.SCT0  ; 3.982  ; 3.982  ; Fall       ; MAIN:inst8|CS.SCT0  ;
;  OUT5[5]  ; MAIN:inst8|CS.SCT0  ; 5.145  ; 5.145  ; Fall       ; MAIN:inst8|CS.SCT0  ;
;  OUT5[6]  ; MAIN:inst8|CS.SCT0  ; 4.688  ; 4.688  ; Fall       ; MAIN:inst8|CS.SCT0  ;
; OUT6[*]   ; MAIN:inst8|CS.SCT0  ; 5.288  ; 5.288  ; Fall       ; MAIN:inst8|CS.SCT0  ;
;  OUT6[0]  ; MAIN:inst8|CS.SCT0  ; 4.776  ; 4.776  ; Fall       ; MAIN:inst8|CS.SCT0  ;
;  OUT6[1]  ; MAIN:inst8|CS.SCT0  ; 4.140  ; 4.140  ; Fall       ; MAIN:inst8|CS.SCT0  ;
;  OUT6[2]  ; MAIN:inst8|CS.SCT0  ; 4.400  ; 4.400  ; Fall       ; MAIN:inst8|CS.SCT0  ;
;  OUT6[3]  ; MAIN:inst8|CS.SCT0  ; 5.278  ; 5.278  ; Fall       ; MAIN:inst8|CS.SCT0  ;
;  OUT6[4]  ; MAIN:inst8|CS.SCT0  ; 5.288  ; 5.288  ; Fall       ; MAIN:inst8|CS.SCT0  ;
;  OUT6[5]  ; MAIN:inst8|CS.SCT0  ; 5.190  ; 5.190  ; Fall       ; MAIN:inst8|CS.SCT0  ;
;  OUT6[6]  ; MAIN:inst8|CS.SCT0  ; 4.336  ; 4.336  ; Fall       ; MAIN:inst8|CS.SCT0  ;
; OUT7[*]   ; MAIN:inst8|CS.SCT0  ; 4.938  ; 4.938  ; Fall       ; MAIN:inst8|CS.SCT0  ;
;  OUT7[0]  ; MAIN:inst8|CS.SCT0  ; 4.219  ; 4.219  ; Fall       ; MAIN:inst8|CS.SCT0  ;
;  OUT7[1]  ; MAIN:inst8|CS.SCT0  ; 4.797  ; 4.797  ; Fall       ; MAIN:inst8|CS.SCT0  ;
;  OUT7[2]  ; MAIN:inst8|CS.SCT0  ; 4.425  ; 4.425  ; Fall       ; MAIN:inst8|CS.SCT0  ;
;  OUT7[3]  ; MAIN:inst8|CS.SCT0  ; 4.211  ; 4.211  ; Fall       ; MAIN:inst8|CS.SCT0  ;
;  OUT7[4]  ; MAIN:inst8|CS.SCT0  ; 4.290  ; 4.290  ; Fall       ; MAIN:inst8|CS.SCT0  ;
;  OUT7[5]  ; MAIN:inst8|CS.SCT0  ; 4.938  ; 4.938  ; Fall       ; MAIN:inst8|CS.SCT0  ;
;  OUT7[6]  ; MAIN:inst8|CS.SCT0  ; 4.706  ; 4.706  ; Fall       ; MAIN:inst8|CS.SCT0  ;
; OUT4[*]   ; MAIN:inst8|CS.SCT1  ; 8.221  ; 8.221  ; Rise       ; MAIN:inst8|CS.SCT1  ;
;  OUT4[0]  ; MAIN:inst8|CS.SCT1  ; 7.828  ; 7.828  ; Rise       ; MAIN:inst8|CS.SCT1  ;
;  OUT4[1]  ; MAIN:inst8|CS.SCT1  ; 7.396  ; 7.396  ; Rise       ; MAIN:inst8|CS.SCT1  ;
;  OUT4[2]  ; MAIN:inst8|CS.SCT1  ; 8.092  ; 8.092  ; Rise       ; MAIN:inst8|CS.SCT1  ;
;  OUT4[3]  ; MAIN:inst8|CS.SCT1  ; 7.443  ; 7.443  ; Rise       ; MAIN:inst8|CS.SCT1  ;
;  OUT4[4]  ; MAIN:inst8|CS.SCT1  ; 7.461  ; 7.461  ; Rise       ; MAIN:inst8|CS.SCT1  ;
;  OUT4[5]  ; MAIN:inst8|CS.SCT1  ; 8.221  ; 8.221  ; Rise       ; MAIN:inst8|CS.SCT1  ;
;  OUT4[6]  ; MAIN:inst8|CS.SCT1  ; 7.606  ; 7.606  ; Rise       ; MAIN:inst8|CS.SCT1  ;
; OUT5[*]   ; MAIN:inst8|CS.SCT1  ; 8.861  ; 8.861  ; Rise       ; MAIN:inst8|CS.SCT1  ;
;  OUT5[0]  ; MAIN:inst8|CS.SCT1  ; 7.749  ; 7.749  ; Rise       ; MAIN:inst8|CS.SCT1  ;
;  OUT5[1]  ; MAIN:inst8|CS.SCT1  ; 8.016  ; 8.016  ; Rise       ; MAIN:inst8|CS.SCT1  ;
;  OUT5[2]  ; MAIN:inst8|CS.SCT1  ; 7.674  ; 7.674  ; Rise       ; MAIN:inst8|CS.SCT1  ;
;  OUT5[3]  ; MAIN:inst8|CS.SCT1  ; 7.792  ; 7.792  ; Rise       ; MAIN:inst8|CS.SCT1  ;
;  OUT5[4]  ; MAIN:inst8|CS.SCT1  ; 7.702  ; 7.702  ; Rise       ; MAIN:inst8|CS.SCT1  ;
;  OUT5[5]  ; MAIN:inst8|CS.SCT1  ; 8.861  ; 8.861  ; Rise       ; MAIN:inst8|CS.SCT1  ;
;  OUT5[6]  ; MAIN:inst8|CS.SCT1  ; 8.407  ; 8.407  ; Rise       ; MAIN:inst8|CS.SCT1  ;
; OUT6[*]   ; MAIN:inst8|CS.SCT1  ; 5.419  ; 5.419  ; Rise       ; MAIN:inst8|CS.SCT1  ;
;  OUT6[0]  ; MAIN:inst8|CS.SCT1  ; 4.907  ; 4.907  ; Rise       ; MAIN:inst8|CS.SCT1  ;
;  OUT6[1]  ; MAIN:inst8|CS.SCT1  ; 4.271  ; 4.271  ; Rise       ; MAIN:inst8|CS.SCT1  ;
;  OUT6[2]  ; MAIN:inst8|CS.SCT1  ; 4.531  ; 4.531  ; Rise       ; MAIN:inst8|CS.SCT1  ;
;  OUT6[3]  ; MAIN:inst8|CS.SCT1  ; 5.409  ; 5.409  ; Rise       ; MAIN:inst8|CS.SCT1  ;
;  OUT6[4]  ; MAIN:inst8|CS.SCT1  ; 5.419  ; 5.419  ; Rise       ; MAIN:inst8|CS.SCT1  ;
;  OUT6[5]  ; MAIN:inst8|CS.SCT1  ; 5.321  ; 5.321  ; Rise       ; MAIN:inst8|CS.SCT1  ;
;  OUT6[6]  ; MAIN:inst8|CS.SCT1  ; 4.467  ; 4.467  ; Rise       ; MAIN:inst8|CS.SCT1  ;
; OUT7[*]   ; MAIN:inst8|CS.SCT1  ; 5.069  ; 5.069  ; Rise       ; MAIN:inst8|CS.SCT1  ;
;  OUT7[0]  ; MAIN:inst8|CS.SCT1  ; 4.350  ; 4.350  ; Rise       ; MAIN:inst8|CS.SCT1  ;
;  OUT7[1]  ; MAIN:inst8|CS.SCT1  ; 4.928  ; 4.928  ; Rise       ; MAIN:inst8|CS.SCT1  ;
;  OUT7[2]  ; MAIN:inst8|CS.SCT1  ; 4.556  ; 4.556  ; Rise       ; MAIN:inst8|CS.SCT1  ;
;  OUT7[3]  ; MAIN:inst8|CS.SCT1  ; 4.342  ; 4.342  ; Rise       ; MAIN:inst8|CS.SCT1  ;
;  OUT7[4]  ; MAIN:inst8|CS.SCT1  ; 4.421  ; 4.421  ; Rise       ; MAIN:inst8|CS.SCT1  ;
;  OUT7[5]  ; MAIN:inst8|CS.SCT1  ; 5.069  ; 5.069  ; Rise       ; MAIN:inst8|CS.SCT1  ;
;  OUT7[6]  ; MAIN:inst8|CS.SCT1  ; 4.837  ; 4.837  ; Rise       ; MAIN:inst8|CS.SCT1  ;
; dot1      ; MAIN:inst8|CS.SCT1  ; 5.956  ; 5.956  ; Rise       ; MAIN:inst8|CS.SCT1  ;
; OUT4[*]   ; MAIN:inst8|CS.SCT1  ; 4.692  ; 4.692  ; Fall       ; MAIN:inst8|CS.SCT1  ;
;  OUT4[0]  ; MAIN:inst8|CS.SCT1  ; 4.299  ; 4.299  ; Fall       ; MAIN:inst8|CS.SCT1  ;
;  OUT4[1]  ; MAIN:inst8|CS.SCT1  ; 3.867  ; 3.867  ; Fall       ; MAIN:inst8|CS.SCT1  ;
;  OUT4[2]  ; MAIN:inst8|CS.SCT1  ; 4.563  ; 4.563  ; Fall       ; MAIN:inst8|CS.SCT1  ;
;  OUT4[3]  ; MAIN:inst8|CS.SCT1  ; 3.914  ; 3.914  ; Fall       ; MAIN:inst8|CS.SCT1  ;
;  OUT4[4]  ; MAIN:inst8|CS.SCT1  ; 3.932  ; 3.932  ; Fall       ; MAIN:inst8|CS.SCT1  ;
;  OUT4[5]  ; MAIN:inst8|CS.SCT1  ; 4.692  ; 4.692  ; Fall       ; MAIN:inst8|CS.SCT1  ;
;  OUT4[6]  ; MAIN:inst8|CS.SCT1  ; 4.077  ; 4.077  ; Fall       ; MAIN:inst8|CS.SCT1  ;
; OUT5[*]   ; MAIN:inst8|CS.SCT1  ; 5.276  ; 5.276  ; Fall       ; MAIN:inst8|CS.SCT1  ;
;  OUT5[0]  ; MAIN:inst8|CS.SCT1  ; 4.161  ; 4.161  ; Fall       ; MAIN:inst8|CS.SCT1  ;
;  OUT5[1]  ; MAIN:inst8|CS.SCT1  ; 4.429  ; 4.429  ; Fall       ; MAIN:inst8|CS.SCT1  ;
;  OUT5[2]  ; MAIN:inst8|CS.SCT1  ; 4.090  ; 4.090  ; Fall       ; MAIN:inst8|CS.SCT1  ;
;  OUT5[3]  ; MAIN:inst8|CS.SCT1  ; 4.203  ; 4.203  ; Fall       ; MAIN:inst8|CS.SCT1  ;
;  OUT5[4]  ; MAIN:inst8|CS.SCT1  ; 4.113  ; 4.113  ; Fall       ; MAIN:inst8|CS.SCT1  ;
;  OUT5[5]  ; MAIN:inst8|CS.SCT1  ; 5.276  ; 5.276  ; Fall       ; MAIN:inst8|CS.SCT1  ;
;  OUT5[6]  ; MAIN:inst8|CS.SCT1  ; 4.819  ; 4.819  ; Fall       ; MAIN:inst8|CS.SCT1  ;
; OUT6[*]   ; MAIN:inst8|CS.SCT1  ; 5.419  ; 5.419  ; Fall       ; MAIN:inst8|CS.SCT1  ;
;  OUT6[0]  ; MAIN:inst8|CS.SCT1  ; 4.907  ; 4.907  ; Fall       ; MAIN:inst8|CS.SCT1  ;
;  OUT6[1]  ; MAIN:inst8|CS.SCT1  ; 4.271  ; 4.271  ; Fall       ; MAIN:inst8|CS.SCT1  ;
;  OUT6[2]  ; MAIN:inst8|CS.SCT1  ; 4.531  ; 4.531  ; Fall       ; MAIN:inst8|CS.SCT1  ;
;  OUT6[3]  ; MAIN:inst8|CS.SCT1  ; 5.409  ; 5.409  ; Fall       ; MAIN:inst8|CS.SCT1  ;
;  OUT6[4]  ; MAIN:inst8|CS.SCT1  ; 5.419  ; 5.419  ; Fall       ; MAIN:inst8|CS.SCT1  ;
;  OUT6[5]  ; MAIN:inst8|CS.SCT1  ; 5.321  ; 5.321  ; Fall       ; MAIN:inst8|CS.SCT1  ;
;  OUT6[6]  ; MAIN:inst8|CS.SCT1  ; 4.467  ; 4.467  ; Fall       ; MAIN:inst8|CS.SCT1  ;
; OUT7[*]   ; MAIN:inst8|CS.SCT1  ; 5.069  ; 5.069  ; Fall       ; MAIN:inst8|CS.SCT1  ;
;  OUT7[0]  ; MAIN:inst8|CS.SCT1  ; 4.350  ; 4.350  ; Fall       ; MAIN:inst8|CS.SCT1  ;
;  OUT7[1]  ; MAIN:inst8|CS.SCT1  ; 4.928  ; 4.928  ; Fall       ; MAIN:inst8|CS.SCT1  ;
;  OUT7[2]  ; MAIN:inst8|CS.SCT1  ; 4.556  ; 4.556  ; Fall       ; MAIN:inst8|CS.SCT1  ;
;  OUT7[3]  ; MAIN:inst8|CS.SCT1  ; 4.342  ; 4.342  ; Fall       ; MAIN:inst8|CS.SCT1  ;
;  OUT7[4]  ; MAIN:inst8|CS.SCT1  ; 4.421  ; 4.421  ; Fall       ; MAIN:inst8|CS.SCT1  ;
;  OUT7[5]  ; MAIN:inst8|CS.SCT1  ; 5.069  ; 5.069  ; Fall       ; MAIN:inst8|CS.SCT1  ;
;  OUT7[6]  ; MAIN:inst8|CS.SCT1  ; 4.837  ; 4.837  ; Fall       ; MAIN:inst8|CS.SCT1  ;
; OUT0[*]   ; MAIN:inst8|CS.SRUN0 ; 23.110 ; 23.110 ; Fall       ; MAIN:inst8|CS.SRUN0 ;
;  OUT0[0]  ; MAIN:inst8|CS.SRUN0 ; 22.700 ; 22.700 ; Fall       ; MAIN:inst8|CS.SRUN0 ;
;  OUT0[1]  ; MAIN:inst8|CS.SRUN0 ; 23.110 ; 23.110 ; Fall       ; MAIN:inst8|CS.SRUN0 ;
;  OUT0[2]  ; MAIN:inst8|CS.SRUN0 ; 22.886 ; 22.886 ; Fall       ; MAIN:inst8|CS.SRUN0 ;
;  OUT0[3]  ; MAIN:inst8|CS.SRUN0 ; 23.059 ; 23.059 ; Fall       ; MAIN:inst8|CS.SRUN0 ;
;  OUT0[4]  ; MAIN:inst8|CS.SRUN0 ; 23.027 ; 23.027 ; Fall       ; MAIN:inst8|CS.SRUN0 ;
;  OUT0[5]  ; MAIN:inst8|CS.SRUN0 ; 22.957 ; 22.957 ; Fall       ; MAIN:inst8|CS.SRUN0 ;
;  OUT0[6]  ; MAIN:inst8|CS.SRUN0 ; 22.707 ; 22.707 ; Fall       ; MAIN:inst8|CS.SRUN0 ;
; OUT1[*]   ; MAIN:inst8|CS.SRUN0 ; 23.315 ; 23.315 ; Fall       ; MAIN:inst8|CS.SRUN0 ;
;  OUT1[0]  ; MAIN:inst8|CS.SRUN0 ; 23.168 ; 23.168 ; Fall       ; MAIN:inst8|CS.SRUN0 ;
;  OUT1[1]  ; MAIN:inst8|CS.SRUN0 ; 23.091 ; 23.091 ; Fall       ; MAIN:inst8|CS.SRUN0 ;
;  OUT1[2]  ; MAIN:inst8|CS.SRUN0 ; 23.230 ; 23.230 ; Fall       ; MAIN:inst8|CS.SRUN0 ;
;  OUT1[3]  ; MAIN:inst8|CS.SRUN0 ; 23.203 ; 23.203 ; Fall       ; MAIN:inst8|CS.SRUN0 ;
;  OUT1[4]  ; MAIN:inst8|CS.SRUN0 ; 23.258 ; 23.258 ; Fall       ; MAIN:inst8|CS.SRUN0 ;
;  OUT1[5]  ; MAIN:inst8|CS.SRUN0 ; 23.156 ; 23.156 ; Fall       ; MAIN:inst8|CS.SRUN0 ;
;  OUT1[6]  ; MAIN:inst8|CS.SRUN0 ; 23.315 ; 23.315 ; Fall       ; MAIN:inst8|CS.SRUN0 ;
; OUT2[*]   ; MAIN:inst8|CS.SRUN0 ; 20.550 ; 20.550 ; Fall       ; MAIN:inst8|CS.SRUN0 ;
;  OUT2[0]  ; MAIN:inst8|CS.SRUN0 ; 19.926 ; 19.926 ; Fall       ; MAIN:inst8|CS.SRUN0 ;
;  OUT2[1]  ; MAIN:inst8|CS.SRUN0 ; 20.550 ; 20.550 ; Fall       ; MAIN:inst8|CS.SRUN0 ;
;  OUT2[2]  ; MAIN:inst8|CS.SRUN0 ; 19.815 ; 19.815 ; Fall       ; MAIN:inst8|CS.SRUN0 ;
;  OUT2[3]  ; MAIN:inst8|CS.SRUN0 ; 19.718 ; 19.718 ; Fall       ; MAIN:inst8|CS.SRUN0 ;
;  OUT2[4]  ; MAIN:inst8|CS.SRUN0 ; 19.749 ; 19.749 ; Fall       ; MAIN:inst8|CS.SRUN0 ;
;  OUT2[5]  ; MAIN:inst8|CS.SRUN0 ; 19.812 ; 19.812 ; Fall       ; MAIN:inst8|CS.SRUN0 ;
;  OUT2[6]  ; MAIN:inst8|CS.SRUN0 ; 19.688 ; 19.688 ; Fall       ; MAIN:inst8|CS.SRUN0 ;
; OUT3[*]   ; MAIN:inst8|CS.SRUN0 ; 16.985 ; 16.985 ; Fall       ; MAIN:inst8|CS.SRUN0 ;
;  OUT3[0]  ; MAIN:inst8|CS.SRUN0 ; 16.836 ; 16.836 ; Fall       ; MAIN:inst8|CS.SRUN0 ;
;  OUT3[1]  ; MAIN:inst8|CS.SRUN0 ; 16.860 ; 16.860 ; Fall       ; MAIN:inst8|CS.SRUN0 ;
;  OUT3[2]  ; MAIN:inst8|CS.SRUN0 ; 16.849 ; 16.849 ; Fall       ; MAIN:inst8|CS.SRUN0 ;
;  OUT3[3]  ; MAIN:inst8|CS.SRUN0 ; 16.806 ; 16.806 ; Fall       ; MAIN:inst8|CS.SRUN0 ;
;  OUT3[4]  ; MAIN:inst8|CS.SRUN0 ; 16.985 ; 16.985 ; Fall       ; MAIN:inst8|CS.SRUN0 ;
;  OUT3[5]  ; MAIN:inst8|CS.SRUN0 ; 16.828 ; 16.828 ; Fall       ; MAIN:inst8|CS.SRUN0 ;
;  OUT3[6]  ; MAIN:inst8|CS.SRUN0 ; 16.828 ; 16.828 ; Fall       ; MAIN:inst8|CS.SRUN0 ;
+-----------+---------------------+--------+--------+------------+---------------------+


+------------------------------------------------------------------------------------+
; Minimum Clock to Output Times                                                      ;
+-----------+---------------------+-------+-------+------------+---------------------+
; Data Port ; Clock Port          ; Rise  ; Fall  ; Clock Edge ; Clock Reference     ;
+-----------+---------------------+-------+-------+------------+---------------------+
; OUT0[*]   ; FD2:inst1|Q1        ; 6.522 ; 6.522 ; Rise       ; FD2:inst1|Q1        ;
;  OUT0[0]  ; FD2:inst1|Q1        ; 6.523 ; 6.523 ; Rise       ; FD2:inst1|Q1        ;
;  OUT0[1]  ; FD2:inst1|Q1        ; 6.923 ; 6.923 ; Rise       ; FD2:inst1|Q1        ;
;  OUT0[2]  ; FD2:inst1|Q1        ; 6.702 ; 6.702 ; Rise       ; FD2:inst1|Q1        ;
;  OUT0[3]  ; FD2:inst1|Q1        ; 6.874 ; 6.874 ; Rise       ; FD2:inst1|Q1        ;
;  OUT0[4]  ; FD2:inst1|Q1        ; 6.850 ; 6.850 ; Rise       ; FD2:inst1|Q1        ;
;  OUT0[5]  ; FD2:inst1|Q1        ; 6.780 ; 6.780 ; Rise       ; FD2:inst1|Q1        ;
;  OUT0[6]  ; FD2:inst1|Q1        ; 6.522 ; 6.522 ; Rise       ; FD2:inst1|Q1        ;
; OUT1[*]   ; FD2:inst1|Q1        ; 6.358 ; 6.358 ; Rise       ; FD2:inst1|Q1        ;
;  OUT1[0]  ; FD2:inst1|Q1        ; 6.435 ; 6.435 ; Rise       ; FD2:inst1|Q1        ;
;  OUT1[1]  ; FD2:inst1|Q1        ; 6.358 ; 6.358 ; Rise       ; FD2:inst1|Q1        ;
;  OUT1[2]  ; FD2:inst1|Q1        ; 6.497 ; 6.497 ; Rise       ; FD2:inst1|Q1        ;
;  OUT1[3]  ; FD2:inst1|Q1        ; 6.470 ; 6.470 ; Rise       ; FD2:inst1|Q1        ;
;  OUT1[4]  ; FD2:inst1|Q1        ; 6.524 ; 6.524 ; Rise       ; FD2:inst1|Q1        ;
;  OUT1[5]  ; FD2:inst1|Q1        ; 6.423 ; 6.423 ; Rise       ; FD2:inst1|Q1        ;
;  OUT1[6]  ; FD2:inst1|Q1        ; 6.582 ; 6.582 ; Rise       ; FD2:inst1|Q1        ;
; OUT2[*]   ; FD2:inst1|Q1        ; 6.897 ; 6.897 ; Rise       ; FD2:inst1|Q1        ;
;  OUT2[0]  ; FD2:inst1|Q1        ; 7.135 ; 7.135 ; Rise       ; FD2:inst1|Q1        ;
;  OUT2[1]  ; FD2:inst1|Q1        ; 7.759 ; 7.759 ; Rise       ; FD2:inst1|Q1        ;
;  OUT2[2]  ; FD2:inst1|Q1        ; 7.025 ; 7.025 ; Rise       ; FD2:inst1|Q1        ;
;  OUT2[3]  ; FD2:inst1|Q1        ; 6.928 ; 6.928 ; Rise       ; FD2:inst1|Q1        ;
;  OUT2[4]  ; FD2:inst1|Q1        ; 6.959 ; 6.959 ; Rise       ; FD2:inst1|Q1        ;
;  OUT2[5]  ; FD2:inst1|Q1        ; 7.022 ; 7.022 ; Rise       ; FD2:inst1|Q1        ;
;  OUT2[6]  ; FD2:inst1|Q1        ; 6.897 ; 6.897 ; Rise       ; FD2:inst1|Q1        ;
; OUT3[*]   ; FD2:inst1|Q1        ; 6.004 ; 6.004 ; Rise       ; FD2:inst1|Q1        ;
;  OUT3[0]  ; FD2:inst1|Q1        ; 6.034 ; 6.034 ; Rise       ; FD2:inst1|Q1        ;
;  OUT3[1]  ; FD2:inst1|Q1        ; 6.061 ; 6.061 ; Rise       ; FD2:inst1|Q1        ;
;  OUT3[2]  ; FD2:inst1|Q1        ; 6.050 ; 6.050 ; Rise       ; FD2:inst1|Q1        ;
;  OUT3[3]  ; FD2:inst1|Q1        ; 6.004 ; 6.004 ; Rise       ; FD2:inst1|Q1        ;
;  OUT3[4]  ; FD2:inst1|Q1        ; 6.183 ; 6.183 ; Rise       ; FD2:inst1|Q1        ;
;  OUT3[5]  ; FD2:inst1|Q1        ; 6.026 ; 6.026 ; Rise       ; FD2:inst1|Q1        ;
;  OUT3[6]  ; FD2:inst1|Q1        ; 6.026 ; 6.026 ; Rise       ; FD2:inst1|Q1        ;
; OUT4[*]   ; FD2:inst1|Q1        ; 5.933 ; 5.933 ; Rise       ; FD2:inst1|Q1        ;
;  OUT4[0]  ; FD2:inst1|Q1        ; 6.359 ; 6.359 ; Rise       ; FD2:inst1|Q1        ;
;  OUT4[1]  ; FD2:inst1|Q1        ; 5.933 ; 5.933 ; Rise       ; FD2:inst1|Q1        ;
;  OUT4[2]  ; FD2:inst1|Q1        ; 6.613 ; 6.613 ; Rise       ; FD2:inst1|Q1        ;
;  OUT4[3]  ; FD2:inst1|Q1        ; 5.962 ; 5.962 ; Rise       ; FD2:inst1|Q1        ;
;  OUT4[4]  ; FD2:inst1|Q1        ; 5.983 ; 5.983 ; Rise       ; FD2:inst1|Q1        ;
;  OUT4[5]  ; FD2:inst1|Q1        ; 6.739 ; 6.739 ; Rise       ; FD2:inst1|Q1        ;
;  OUT4[6]  ; FD2:inst1|Q1        ; 6.136 ; 6.136 ; Rise       ; FD2:inst1|Q1        ;
; OUT5[*]   ; FD2:inst1|Q1        ; 6.204 ; 6.204 ; Rise       ; FD2:inst1|Q1        ;
;  OUT5[0]  ; FD2:inst1|Q1        ; 6.283 ; 6.283 ; Rise       ; FD2:inst1|Q1        ;
;  OUT5[1]  ; FD2:inst1|Q1        ; 6.556 ; 6.556 ; Rise       ; FD2:inst1|Q1        ;
;  OUT5[2]  ; FD2:inst1|Q1        ; 6.204 ; 6.204 ; Rise       ; FD2:inst1|Q1        ;
;  OUT5[3]  ; FD2:inst1|Q1        ; 6.326 ; 6.326 ; Rise       ; FD2:inst1|Q1        ;
;  OUT5[4]  ; FD2:inst1|Q1        ; 6.231 ; 6.231 ; Rise       ; FD2:inst1|Q1        ;
;  OUT5[5]  ; FD2:inst1|Q1        ; 7.397 ; 7.397 ; Rise       ; FD2:inst1|Q1        ;
;  OUT5[6]  ; FD2:inst1|Q1        ; 6.937 ; 6.937 ; Rise       ; FD2:inst1|Q1        ;
; OUT6[*]   ; FD2:inst1|Q1        ; 5.732 ; 5.732 ; Rise       ; FD2:inst1|Q1        ;
;  OUT6[0]  ; FD2:inst1|Q1        ; 6.371 ; 6.371 ; Rise       ; FD2:inst1|Q1        ;
;  OUT6[1]  ; FD2:inst1|Q1        ; 5.732 ; 5.732 ; Rise       ; FD2:inst1|Q1        ;
;  OUT6[2]  ; FD2:inst1|Q1        ; 6.000 ; 6.000 ; Rise       ; FD2:inst1|Q1        ;
;  OUT6[3]  ; FD2:inst1|Q1        ; 6.880 ; 6.880 ; Rise       ; FD2:inst1|Q1        ;
;  OUT6[4]  ; FD2:inst1|Q1        ; 6.883 ; 6.883 ; Rise       ; FD2:inst1|Q1        ;
;  OUT6[5]  ; FD2:inst1|Q1        ; 6.785 ; 6.785 ; Rise       ; FD2:inst1|Q1        ;
;  OUT6[6]  ; FD2:inst1|Q1        ; 5.932 ; 5.932 ; Rise       ; FD2:inst1|Q1        ;
; OUT7[*]   ; FD2:inst1|Q1        ; 6.179 ; 6.179 ; Rise       ; FD2:inst1|Q1        ;
;  OUT7[0]  ; FD2:inst1|Q1        ; 6.187 ; 6.187 ; Rise       ; FD2:inst1|Q1        ;
;  OUT7[1]  ; FD2:inst1|Q1        ; 6.764 ; 6.764 ; Rise       ; FD2:inst1|Q1        ;
;  OUT7[2]  ; FD2:inst1|Q1        ; 6.392 ; 6.392 ; Rise       ; FD2:inst1|Q1        ;
;  OUT7[3]  ; FD2:inst1|Q1        ; 6.179 ; 6.179 ; Rise       ; FD2:inst1|Q1        ;
;  OUT7[4]  ; FD2:inst1|Q1        ; 6.257 ; 6.257 ; Rise       ; FD2:inst1|Q1        ;
;  OUT7[5]  ; FD2:inst1|Q1        ; 6.905 ; 6.905 ; Rise       ; FD2:inst1|Q1        ;
;  OUT7[6]  ; FD2:inst1|Q1        ; 6.670 ; 6.670 ; Rise       ; FD2:inst1|Q1        ;
; OUT0[*]   ; FD:inst|Q1          ; 6.529 ; 6.529 ; Rise       ; FD:inst|Q1          ;
;  OUT0[0]  ; FD:inst|Q1          ; 6.530 ; 6.530 ; Rise       ; FD:inst|Q1          ;
;  OUT0[1]  ; FD:inst|Q1          ; 6.930 ; 6.930 ; Rise       ; FD:inst|Q1          ;
;  OUT0[2]  ; FD:inst|Q1          ; 6.709 ; 6.709 ; Rise       ; FD:inst|Q1          ;
;  OUT0[3]  ; FD:inst|Q1          ; 6.881 ; 6.881 ; Rise       ; FD:inst|Q1          ;
;  OUT0[4]  ; FD:inst|Q1          ; 6.857 ; 6.857 ; Rise       ; FD:inst|Q1          ;
;  OUT0[5]  ; FD:inst|Q1          ; 6.787 ; 6.787 ; Rise       ; FD:inst|Q1          ;
;  OUT0[6]  ; FD:inst|Q1          ; 6.529 ; 6.529 ; Rise       ; FD:inst|Q1          ;
; OUT1[*]   ; FD:inst|Q1          ; 6.498 ; 6.498 ; Rise       ; FD:inst|Q1          ;
;  OUT1[0]  ; FD:inst|Q1          ; 6.575 ; 6.575 ; Rise       ; FD:inst|Q1          ;
;  OUT1[1]  ; FD:inst|Q1          ; 6.498 ; 6.498 ; Rise       ; FD:inst|Q1          ;
;  OUT1[2]  ; FD:inst|Q1          ; 6.637 ; 6.637 ; Rise       ; FD:inst|Q1          ;
;  OUT1[3]  ; FD:inst|Q1          ; 6.610 ; 6.610 ; Rise       ; FD:inst|Q1          ;
;  OUT1[4]  ; FD:inst|Q1          ; 6.664 ; 6.664 ; Rise       ; FD:inst|Q1          ;
;  OUT1[5]  ; FD:inst|Q1          ; 6.563 ; 6.563 ; Rise       ; FD:inst|Q1          ;
;  OUT1[6]  ; FD:inst|Q1          ; 6.722 ; 6.722 ; Rise       ; FD:inst|Q1          ;
; OUT2[*]   ; FD:inst|Q1          ; 6.289 ; 6.289 ; Rise       ; FD:inst|Q1          ;
;  OUT2[0]  ; FD:inst|Q1          ; 6.528 ; 6.528 ; Rise       ; FD:inst|Q1          ;
;  OUT2[1]  ; FD:inst|Q1          ; 7.151 ; 7.151 ; Rise       ; FD:inst|Q1          ;
;  OUT2[2]  ; FD:inst|Q1          ; 6.411 ; 6.411 ; Rise       ; FD:inst|Q1          ;
;  OUT2[3]  ; FD:inst|Q1          ; 6.317 ; 6.317 ; Rise       ; FD:inst|Q1          ;
;  OUT2[4]  ; FD:inst|Q1          ; 6.348 ; 6.348 ; Rise       ; FD:inst|Q1          ;
;  OUT2[5]  ; FD:inst|Q1          ; 6.411 ; 6.411 ; Rise       ; FD:inst|Q1          ;
;  OUT2[6]  ; FD:inst|Q1          ; 6.289 ; 6.289 ; Rise       ; FD:inst|Q1          ;
; OUT3[*]   ; FD:inst|Q1          ; 5.213 ; 5.213 ; Rise       ; FD:inst|Q1          ;
;  OUT3[0]  ; FD:inst|Q1          ; 5.243 ; 5.243 ; Rise       ; FD:inst|Q1          ;
;  OUT3[1]  ; FD:inst|Q1          ; 5.270 ; 5.270 ; Rise       ; FD:inst|Q1          ;
;  OUT3[2]  ; FD:inst|Q1          ; 5.259 ; 5.259 ; Rise       ; FD:inst|Q1          ;
;  OUT3[3]  ; FD:inst|Q1          ; 5.213 ; 5.213 ; Rise       ; FD:inst|Q1          ;
;  OUT3[4]  ; FD:inst|Q1          ; 5.392 ; 5.392 ; Rise       ; FD:inst|Q1          ;
;  OUT3[5]  ; FD:inst|Q1          ; 5.235 ; 5.235 ; Rise       ; FD:inst|Q1          ;
;  OUT3[6]  ; FD:inst|Q1          ; 5.235 ; 5.235 ; Rise       ; FD:inst|Q1          ;
; OUT4[*]   ; FD:inst|Q1          ; 5.327 ; 5.327 ; Rise       ; FD:inst|Q1          ;
;  OUT4[0]  ; FD:inst|Q1          ; 5.753 ; 5.753 ; Rise       ; FD:inst|Q1          ;
;  OUT4[1]  ; FD:inst|Q1          ; 5.327 ; 5.327 ; Rise       ; FD:inst|Q1          ;
;  OUT4[2]  ; FD:inst|Q1          ; 6.007 ; 6.007 ; Rise       ; FD:inst|Q1          ;
;  OUT4[3]  ; FD:inst|Q1          ; 5.356 ; 5.356 ; Rise       ; FD:inst|Q1          ;
;  OUT4[4]  ; FD:inst|Q1          ; 5.377 ; 5.377 ; Rise       ; FD:inst|Q1          ;
;  OUT4[5]  ; FD:inst|Q1          ; 6.133 ; 6.133 ; Rise       ; FD:inst|Q1          ;
;  OUT4[6]  ; FD:inst|Q1          ; 5.530 ; 5.530 ; Rise       ; FD:inst|Q1          ;
; OUT5[*]   ; FD:inst|Q1          ; 5.511 ; 5.511 ; Rise       ; FD:inst|Q1          ;
;  OUT5[0]  ; FD:inst|Q1          ; 5.592 ; 5.592 ; Rise       ; FD:inst|Q1          ;
;  OUT5[1]  ; FD:inst|Q1          ; 5.864 ; 5.864 ; Rise       ; FD:inst|Q1          ;
;  OUT5[2]  ; FD:inst|Q1          ; 5.511 ; 5.511 ; Rise       ; FD:inst|Q1          ;
;  OUT5[3]  ; FD:inst|Q1          ; 5.635 ; 5.635 ; Rise       ; FD:inst|Q1          ;
;  OUT5[4]  ; FD:inst|Q1          ; 5.535 ; 5.535 ; Rise       ; FD:inst|Q1          ;
;  OUT5[5]  ; FD:inst|Q1          ; 6.706 ; 6.706 ; Rise       ; FD:inst|Q1          ;
;  OUT5[6]  ; FD:inst|Q1          ; 6.243 ; 6.243 ; Rise       ; FD:inst|Q1          ;
; OUT6[*]   ; FD:inst|Q1          ; 5.693 ; 5.693 ; Rise       ; FD:inst|Q1          ;
;  OUT6[0]  ; FD:inst|Q1          ; 6.332 ; 6.332 ; Rise       ; FD:inst|Q1          ;
;  OUT6[1]  ; FD:inst|Q1          ; 5.693 ; 5.693 ; Rise       ; FD:inst|Q1          ;
;  OUT6[2]  ; FD:inst|Q1          ; 5.961 ; 5.961 ; Rise       ; FD:inst|Q1          ;
;  OUT6[3]  ; FD:inst|Q1          ; 6.841 ; 6.841 ; Rise       ; FD:inst|Q1          ;
;  OUT6[4]  ; FD:inst|Q1          ; 6.844 ; 6.844 ; Rise       ; FD:inst|Q1          ;
;  OUT6[5]  ; FD:inst|Q1          ; 6.746 ; 6.746 ; Rise       ; FD:inst|Q1          ;
;  OUT6[6]  ; FD:inst|Q1          ; 5.893 ; 5.893 ; Rise       ; FD:inst|Q1          ;
; OUT7[*]   ; FD:inst|Q1          ; 6.275 ; 6.275 ; Rise       ; FD:inst|Q1          ;
;  OUT7[0]  ; FD:inst|Q1          ; 6.282 ; 6.282 ; Rise       ; FD:inst|Q1          ;
;  OUT7[1]  ; FD:inst|Q1          ; 6.860 ; 6.860 ; Rise       ; FD:inst|Q1          ;
;  OUT7[2]  ; FD:inst|Q1          ; 6.488 ; 6.488 ; Rise       ; FD:inst|Q1          ;
;  OUT7[3]  ; FD:inst|Q1          ; 6.275 ; 6.275 ; Rise       ; FD:inst|Q1          ;
;  OUT7[4]  ; FD:inst|Q1          ; 6.353 ; 6.353 ; Rise       ; FD:inst|Q1          ;
;  OUT7[5]  ; FD:inst|Q1          ; 7.001 ; 7.001 ; Rise       ; FD:inst|Q1          ;
;  OUT7[6]  ; FD:inst|Q1          ; 6.768 ; 6.768 ; Rise       ; FD:inst|Q1          ;
; OUT4[*]   ; MAIN:inst8|CS.SCT0  ; 3.583 ; 3.583 ; Rise       ; MAIN:inst8|CS.SCT0  ;
;  OUT4[0]  ; MAIN:inst8|CS.SCT0  ; 4.009 ; 4.009 ; Rise       ; MAIN:inst8|CS.SCT0  ;
;  OUT4[1]  ; MAIN:inst8|CS.SCT0  ; 3.583 ; 3.583 ; Rise       ; MAIN:inst8|CS.SCT0  ;
;  OUT4[2]  ; MAIN:inst8|CS.SCT0  ; 4.263 ; 4.263 ; Rise       ; MAIN:inst8|CS.SCT0  ;
;  OUT4[3]  ; MAIN:inst8|CS.SCT0  ; 3.612 ; 3.612 ; Rise       ; MAIN:inst8|CS.SCT0  ;
;  OUT4[4]  ; MAIN:inst8|CS.SCT0  ; 3.633 ; 3.633 ; Rise       ; MAIN:inst8|CS.SCT0  ;
;  OUT4[5]  ; MAIN:inst8|CS.SCT0  ; 4.389 ; 4.389 ; Rise       ; MAIN:inst8|CS.SCT0  ;
;  OUT4[6]  ; MAIN:inst8|CS.SCT0  ; 3.786 ; 3.786 ; Rise       ; MAIN:inst8|CS.SCT0  ;
; OUT5[*]   ; MAIN:inst8|CS.SCT0  ; 3.574 ; 3.574 ; Rise       ; MAIN:inst8|CS.SCT0  ;
;  OUT5[0]  ; MAIN:inst8|CS.SCT0  ; 3.653 ; 3.653 ; Rise       ; MAIN:inst8|CS.SCT0  ;
;  OUT5[1]  ; MAIN:inst8|CS.SCT0  ; 3.926 ; 3.926 ; Rise       ; MAIN:inst8|CS.SCT0  ;
;  OUT5[2]  ; MAIN:inst8|CS.SCT0  ; 3.574 ; 3.574 ; Rise       ; MAIN:inst8|CS.SCT0  ;
;  OUT5[3]  ; MAIN:inst8|CS.SCT0  ; 3.696 ; 3.696 ; Rise       ; MAIN:inst8|CS.SCT0  ;
;  OUT5[4]  ; MAIN:inst8|CS.SCT0  ; 3.601 ; 3.601 ; Rise       ; MAIN:inst8|CS.SCT0  ;
;  OUT5[5]  ; MAIN:inst8|CS.SCT0  ; 4.767 ; 4.767 ; Rise       ; MAIN:inst8|CS.SCT0  ;
;  OUT5[6]  ; MAIN:inst8|CS.SCT0  ; 4.307 ; 4.307 ; Rise       ; MAIN:inst8|CS.SCT0  ;
; OUT6[*]   ; MAIN:inst8|CS.SCT0  ; 4.003 ; 4.003 ; Rise       ; MAIN:inst8|CS.SCT0  ;
;  OUT6[0]  ; MAIN:inst8|CS.SCT0  ; 4.642 ; 4.642 ; Rise       ; MAIN:inst8|CS.SCT0  ;
;  OUT6[1]  ; MAIN:inst8|CS.SCT0  ; 4.003 ; 4.003 ; Rise       ; MAIN:inst8|CS.SCT0  ;
;  OUT6[2]  ; MAIN:inst8|CS.SCT0  ; 4.271 ; 4.271 ; Rise       ; MAIN:inst8|CS.SCT0  ;
;  OUT6[3]  ; MAIN:inst8|CS.SCT0  ; 5.151 ; 5.151 ; Rise       ; MAIN:inst8|CS.SCT0  ;
;  OUT6[4]  ; MAIN:inst8|CS.SCT0  ; 5.154 ; 5.154 ; Rise       ; MAIN:inst8|CS.SCT0  ;
;  OUT6[5]  ; MAIN:inst8|CS.SCT0  ; 5.056 ; 5.056 ; Rise       ; MAIN:inst8|CS.SCT0  ;
;  OUT6[6]  ; MAIN:inst8|CS.SCT0  ; 4.203 ; 4.203 ; Rise       ; MAIN:inst8|CS.SCT0  ;
; OUT7[*]   ; MAIN:inst8|CS.SCT0  ; 4.117 ; 4.117 ; Rise       ; MAIN:inst8|CS.SCT0  ;
;  OUT7[0]  ; MAIN:inst8|CS.SCT0  ; 4.124 ; 4.124 ; Rise       ; MAIN:inst8|CS.SCT0  ;
;  OUT7[1]  ; MAIN:inst8|CS.SCT0  ; 4.707 ; 4.707 ; Rise       ; MAIN:inst8|CS.SCT0  ;
;  OUT7[2]  ; MAIN:inst8|CS.SCT0  ; 4.326 ; 4.326 ; Rise       ; MAIN:inst8|CS.SCT0  ;
;  OUT7[3]  ; MAIN:inst8|CS.SCT0  ; 4.117 ; 4.117 ; Rise       ; MAIN:inst8|CS.SCT0  ;
;  OUT7[4]  ; MAIN:inst8|CS.SCT0  ; 4.192 ; 4.192 ; Rise       ; MAIN:inst8|CS.SCT0  ;
;  OUT7[5]  ; MAIN:inst8|CS.SCT0  ; 4.852 ; 4.852 ; Rise       ; MAIN:inst8|CS.SCT0  ;
;  OUT7[6]  ; MAIN:inst8|CS.SCT0  ; 4.622 ; 4.622 ; Rise       ; MAIN:inst8|CS.SCT0  ;
; dot1      ; MAIN:inst8|CS.SCT0  ; 5.951 ; 5.951 ; Rise       ; MAIN:inst8|CS.SCT0  ;
; OUT4[*]   ; MAIN:inst8|CS.SCT0  ; 3.583 ; 3.583 ; Fall       ; MAIN:inst8|CS.SCT0  ;
;  OUT4[0]  ; MAIN:inst8|CS.SCT0  ; 4.009 ; 4.009 ; Fall       ; MAIN:inst8|CS.SCT0  ;
;  OUT4[1]  ; MAIN:inst8|CS.SCT0  ; 3.583 ; 3.583 ; Fall       ; MAIN:inst8|CS.SCT0  ;
;  OUT4[2]  ; MAIN:inst8|CS.SCT0  ; 4.263 ; 4.263 ; Fall       ; MAIN:inst8|CS.SCT0  ;
;  OUT4[3]  ; MAIN:inst8|CS.SCT0  ; 3.612 ; 3.612 ; Fall       ; MAIN:inst8|CS.SCT0  ;
;  OUT4[4]  ; MAIN:inst8|CS.SCT0  ; 3.633 ; 3.633 ; Fall       ; MAIN:inst8|CS.SCT0  ;
;  OUT4[5]  ; MAIN:inst8|CS.SCT0  ; 4.389 ; 4.389 ; Fall       ; MAIN:inst8|CS.SCT0  ;
;  OUT4[6]  ; MAIN:inst8|CS.SCT0  ; 3.786 ; 3.786 ; Fall       ; MAIN:inst8|CS.SCT0  ;
; OUT5[*]   ; MAIN:inst8|CS.SCT0  ; 3.574 ; 3.574 ; Fall       ; MAIN:inst8|CS.SCT0  ;
;  OUT5[0]  ; MAIN:inst8|CS.SCT0  ; 3.653 ; 3.653 ; Fall       ; MAIN:inst8|CS.SCT0  ;
;  OUT5[1]  ; MAIN:inst8|CS.SCT0  ; 3.926 ; 3.926 ; Fall       ; MAIN:inst8|CS.SCT0  ;
;  OUT5[2]  ; MAIN:inst8|CS.SCT0  ; 3.574 ; 3.574 ; Fall       ; MAIN:inst8|CS.SCT0  ;
;  OUT5[3]  ; MAIN:inst8|CS.SCT0  ; 3.696 ; 3.696 ; Fall       ; MAIN:inst8|CS.SCT0  ;
;  OUT5[4]  ; MAIN:inst8|CS.SCT0  ; 3.601 ; 3.601 ; Fall       ; MAIN:inst8|CS.SCT0  ;
;  OUT5[5]  ; MAIN:inst8|CS.SCT0  ; 4.767 ; 4.767 ; Fall       ; MAIN:inst8|CS.SCT0  ;
;  OUT5[6]  ; MAIN:inst8|CS.SCT0  ; 4.307 ; 4.307 ; Fall       ; MAIN:inst8|CS.SCT0  ;
; OUT6[*]   ; MAIN:inst8|CS.SCT0  ; 4.003 ; 4.003 ; Fall       ; MAIN:inst8|CS.SCT0  ;
;  OUT6[0]  ; MAIN:inst8|CS.SCT0  ; 4.642 ; 4.642 ; Fall       ; MAIN:inst8|CS.SCT0  ;
;  OUT6[1]  ; MAIN:inst8|CS.SCT0  ; 4.003 ; 4.003 ; Fall       ; MAIN:inst8|CS.SCT0  ;
;  OUT6[2]  ; MAIN:inst8|CS.SCT0  ; 4.271 ; 4.271 ; Fall       ; MAIN:inst8|CS.SCT0  ;
;  OUT6[3]  ; MAIN:inst8|CS.SCT0  ; 5.151 ; 5.151 ; Fall       ; MAIN:inst8|CS.SCT0  ;
;  OUT6[4]  ; MAIN:inst8|CS.SCT0  ; 5.154 ; 5.154 ; Fall       ; MAIN:inst8|CS.SCT0  ;
;  OUT6[5]  ; MAIN:inst8|CS.SCT0  ; 5.056 ; 5.056 ; Fall       ; MAIN:inst8|CS.SCT0  ;
;  OUT6[6]  ; MAIN:inst8|CS.SCT0  ; 4.203 ; 4.203 ; Fall       ; MAIN:inst8|CS.SCT0  ;
; OUT7[*]   ; MAIN:inst8|CS.SCT0  ; 4.117 ; 4.117 ; Fall       ; MAIN:inst8|CS.SCT0  ;
;  OUT7[0]  ; MAIN:inst8|CS.SCT0  ; 4.124 ; 4.124 ; Fall       ; MAIN:inst8|CS.SCT0  ;
;  OUT7[1]  ; MAIN:inst8|CS.SCT0  ; 4.707 ; 4.707 ; Fall       ; MAIN:inst8|CS.SCT0  ;
;  OUT7[2]  ; MAIN:inst8|CS.SCT0  ; 4.326 ; 4.326 ; Fall       ; MAIN:inst8|CS.SCT0  ;
;  OUT7[3]  ; MAIN:inst8|CS.SCT0  ; 4.117 ; 4.117 ; Fall       ; MAIN:inst8|CS.SCT0  ;
;  OUT7[4]  ; MAIN:inst8|CS.SCT0  ; 4.192 ; 4.192 ; Fall       ; MAIN:inst8|CS.SCT0  ;
;  OUT7[5]  ; MAIN:inst8|CS.SCT0  ; 4.852 ; 4.852 ; Fall       ; MAIN:inst8|CS.SCT0  ;
;  OUT7[6]  ; MAIN:inst8|CS.SCT0  ; 4.622 ; 4.622 ; Fall       ; MAIN:inst8|CS.SCT0  ;
; OUT4[*]   ; MAIN:inst8|CS.SCT1  ; 3.714 ; 3.714 ; Rise       ; MAIN:inst8|CS.SCT1  ;
;  OUT4[0]  ; MAIN:inst8|CS.SCT1  ; 4.140 ; 4.140 ; Rise       ; MAIN:inst8|CS.SCT1  ;
;  OUT4[1]  ; MAIN:inst8|CS.SCT1  ; 3.714 ; 3.714 ; Rise       ; MAIN:inst8|CS.SCT1  ;
;  OUT4[2]  ; MAIN:inst8|CS.SCT1  ; 4.394 ; 4.394 ; Rise       ; MAIN:inst8|CS.SCT1  ;
;  OUT4[3]  ; MAIN:inst8|CS.SCT1  ; 3.743 ; 3.743 ; Rise       ; MAIN:inst8|CS.SCT1  ;
;  OUT4[4]  ; MAIN:inst8|CS.SCT1  ; 3.764 ; 3.764 ; Rise       ; MAIN:inst8|CS.SCT1  ;
;  OUT4[5]  ; MAIN:inst8|CS.SCT1  ; 4.520 ; 4.520 ; Rise       ; MAIN:inst8|CS.SCT1  ;
;  OUT4[6]  ; MAIN:inst8|CS.SCT1  ; 3.917 ; 3.917 ; Rise       ; MAIN:inst8|CS.SCT1  ;
; OUT5[*]   ; MAIN:inst8|CS.SCT1  ; 3.705 ; 3.705 ; Rise       ; MAIN:inst8|CS.SCT1  ;
;  OUT5[0]  ; MAIN:inst8|CS.SCT1  ; 3.784 ; 3.784 ; Rise       ; MAIN:inst8|CS.SCT1  ;
;  OUT5[1]  ; MAIN:inst8|CS.SCT1  ; 4.057 ; 4.057 ; Rise       ; MAIN:inst8|CS.SCT1  ;
;  OUT5[2]  ; MAIN:inst8|CS.SCT1  ; 3.705 ; 3.705 ; Rise       ; MAIN:inst8|CS.SCT1  ;
;  OUT5[3]  ; MAIN:inst8|CS.SCT1  ; 3.827 ; 3.827 ; Rise       ; MAIN:inst8|CS.SCT1  ;
;  OUT5[4]  ; MAIN:inst8|CS.SCT1  ; 3.732 ; 3.732 ; Rise       ; MAIN:inst8|CS.SCT1  ;
;  OUT5[5]  ; MAIN:inst8|CS.SCT1  ; 4.898 ; 4.898 ; Rise       ; MAIN:inst8|CS.SCT1  ;
;  OUT5[6]  ; MAIN:inst8|CS.SCT1  ; 4.438 ; 4.438 ; Rise       ; MAIN:inst8|CS.SCT1  ;
; OUT6[*]   ; MAIN:inst8|CS.SCT1  ; 4.134 ; 4.134 ; Rise       ; MAIN:inst8|CS.SCT1  ;
;  OUT6[0]  ; MAIN:inst8|CS.SCT1  ; 4.773 ; 4.773 ; Rise       ; MAIN:inst8|CS.SCT1  ;
;  OUT6[1]  ; MAIN:inst8|CS.SCT1  ; 4.134 ; 4.134 ; Rise       ; MAIN:inst8|CS.SCT1  ;
;  OUT6[2]  ; MAIN:inst8|CS.SCT1  ; 4.402 ; 4.402 ; Rise       ; MAIN:inst8|CS.SCT1  ;
;  OUT6[3]  ; MAIN:inst8|CS.SCT1  ; 5.282 ; 5.282 ; Rise       ; MAIN:inst8|CS.SCT1  ;
;  OUT6[4]  ; MAIN:inst8|CS.SCT1  ; 5.285 ; 5.285 ; Rise       ; MAIN:inst8|CS.SCT1  ;
;  OUT6[5]  ; MAIN:inst8|CS.SCT1  ; 5.187 ; 5.187 ; Rise       ; MAIN:inst8|CS.SCT1  ;
;  OUT6[6]  ; MAIN:inst8|CS.SCT1  ; 4.334 ; 4.334 ; Rise       ; MAIN:inst8|CS.SCT1  ;
; OUT7[*]   ; MAIN:inst8|CS.SCT1  ; 4.248 ; 4.248 ; Rise       ; MAIN:inst8|CS.SCT1  ;
;  OUT7[0]  ; MAIN:inst8|CS.SCT1  ; 4.255 ; 4.255 ; Rise       ; MAIN:inst8|CS.SCT1  ;
;  OUT7[1]  ; MAIN:inst8|CS.SCT1  ; 4.838 ; 4.838 ; Rise       ; MAIN:inst8|CS.SCT1  ;
;  OUT7[2]  ; MAIN:inst8|CS.SCT1  ; 4.457 ; 4.457 ; Rise       ; MAIN:inst8|CS.SCT1  ;
;  OUT7[3]  ; MAIN:inst8|CS.SCT1  ; 4.248 ; 4.248 ; Rise       ; MAIN:inst8|CS.SCT1  ;
;  OUT7[4]  ; MAIN:inst8|CS.SCT1  ; 4.323 ; 4.323 ; Rise       ; MAIN:inst8|CS.SCT1  ;
;  OUT7[5]  ; MAIN:inst8|CS.SCT1  ; 4.983 ; 4.983 ; Rise       ; MAIN:inst8|CS.SCT1  ;
;  OUT7[6]  ; MAIN:inst8|CS.SCT1  ; 4.753 ; 4.753 ; Rise       ; MAIN:inst8|CS.SCT1  ;
; dot1      ; MAIN:inst8|CS.SCT1  ; 5.956 ; 5.956 ; Rise       ; MAIN:inst8|CS.SCT1  ;
; OUT4[*]   ; MAIN:inst8|CS.SCT1  ; 3.714 ; 3.714 ; Fall       ; MAIN:inst8|CS.SCT1  ;
;  OUT4[0]  ; MAIN:inst8|CS.SCT1  ; 4.140 ; 4.140 ; Fall       ; MAIN:inst8|CS.SCT1  ;
;  OUT4[1]  ; MAIN:inst8|CS.SCT1  ; 3.714 ; 3.714 ; Fall       ; MAIN:inst8|CS.SCT1  ;
;  OUT4[2]  ; MAIN:inst8|CS.SCT1  ; 4.394 ; 4.394 ; Fall       ; MAIN:inst8|CS.SCT1  ;
;  OUT4[3]  ; MAIN:inst8|CS.SCT1  ; 3.743 ; 3.743 ; Fall       ; MAIN:inst8|CS.SCT1  ;
;  OUT4[4]  ; MAIN:inst8|CS.SCT1  ; 3.764 ; 3.764 ; Fall       ; MAIN:inst8|CS.SCT1  ;
;  OUT4[5]  ; MAIN:inst8|CS.SCT1  ; 4.520 ; 4.520 ; Fall       ; MAIN:inst8|CS.SCT1  ;
;  OUT4[6]  ; MAIN:inst8|CS.SCT1  ; 3.917 ; 3.917 ; Fall       ; MAIN:inst8|CS.SCT1  ;
; OUT5[*]   ; MAIN:inst8|CS.SCT1  ; 3.705 ; 3.705 ; Fall       ; MAIN:inst8|CS.SCT1  ;
;  OUT5[0]  ; MAIN:inst8|CS.SCT1  ; 3.784 ; 3.784 ; Fall       ; MAIN:inst8|CS.SCT1  ;
;  OUT5[1]  ; MAIN:inst8|CS.SCT1  ; 4.057 ; 4.057 ; Fall       ; MAIN:inst8|CS.SCT1  ;
;  OUT5[2]  ; MAIN:inst8|CS.SCT1  ; 3.705 ; 3.705 ; Fall       ; MAIN:inst8|CS.SCT1  ;
;  OUT5[3]  ; MAIN:inst8|CS.SCT1  ; 3.827 ; 3.827 ; Fall       ; MAIN:inst8|CS.SCT1  ;
;  OUT5[4]  ; MAIN:inst8|CS.SCT1  ; 3.732 ; 3.732 ; Fall       ; MAIN:inst8|CS.SCT1  ;
;  OUT5[5]  ; MAIN:inst8|CS.SCT1  ; 4.898 ; 4.898 ; Fall       ; MAIN:inst8|CS.SCT1  ;
;  OUT5[6]  ; MAIN:inst8|CS.SCT1  ; 4.438 ; 4.438 ; Fall       ; MAIN:inst8|CS.SCT1  ;
; OUT6[*]   ; MAIN:inst8|CS.SCT1  ; 4.134 ; 4.134 ; Fall       ; MAIN:inst8|CS.SCT1  ;
;  OUT6[0]  ; MAIN:inst8|CS.SCT1  ; 4.773 ; 4.773 ; Fall       ; MAIN:inst8|CS.SCT1  ;
;  OUT6[1]  ; MAIN:inst8|CS.SCT1  ; 4.134 ; 4.134 ; Fall       ; MAIN:inst8|CS.SCT1  ;
;  OUT6[2]  ; MAIN:inst8|CS.SCT1  ; 4.402 ; 4.402 ; Fall       ; MAIN:inst8|CS.SCT1  ;
;  OUT6[3]  ; MAIN:inst8|CS.SCT1  ; 5.282 ; 5.282 ; Fall       ; MAIN:inst8|CS.SCT1  ;
;  OUT6[4]  ; MAIN:inst8|CS.SCT1  ; 5.285 ; 5.285 ; Fall       ; MAIN:inst8|CS.SCT1  ;
;  OUT6[5]  ; MAIN:inst8|CS.SCT1  ; 5.187 ; 5.187 ; Fall       ; MAIN:inst8|CS.SCT1  ;
;  OUT6[6]  ; MAIN:inst8|CS.SCT1  ; 4.334 ; 4.334 ; Fall       ; MAIN:inst8|CS.SCT1  ;
; OUT7[*]   ; MAIN:inst8|CS.SCT1  ; 4.248 ; 4.248 ; Fall       ; MAIN:inst8|CS.SCT1  ;
;  OUT7[0]  ; MAIN:inst8|CS.SCT1  ; 4.255 ; 4.255 ; Fall       ; MAIN:inst8|CS.SCT1  ;
;  OUT7[1]  ; MAIN:inst8|CS.SCT1  ; 4.838 ; 4.838 ; Fall       ; MAIN:inst8|CS.SCT1  ;
;  OUT7[2]  ; MAIN:inst8|CS.SCT1  ; 4.457 ; 4.457 ; Fall       ; MAIN:inst8|CS.SCT1  ;
;  OUT7[3]  ; MAIN:inst8|CS.SCT1  ; 4.248 ; 4.248 ; Fall       ; MAIN:inst8|CS.SCT1  ;
;  OUT7[4]  ; MAIN:inst8|CS.SCT1  ; 4.323 ; 4.323 ; Fall       ; MAIN:inst8|CS.SCT1  ;
;  OUT7[5]  ; MAIN:inst8|CS.SCT1  ; 4.983 ; 4.983 ; Fall       ; MAIN:inst8|CS.SCT1  ;
;  OUT7[6]  ; MAIN:inst8|CS.SCT1  ; 4.753 ; 4.753 ; Fall       ; MAIN:inst8|CS.SCT1  ;
; OUT0[*]   ; MAIN:inst8|CS.SRUN0 ; 7.914 ; 7.914 ; Fall       ; MAIN:inst8|CS.SRUN0 ;
;  OUT0[0]  ; MAIN:inst8|CS.SRUN0 ; 7.914 ; 7.914 ; Fall       ; MAIN:inst8|CS.SRUN0 ;
;  OUT0[1]  ; MAIN:inst8|CS.SRUN0 ; 8.327 ; 8.327 ; Fall       ; MAIN:inst8|CS.SRUN0 ;
;  OUT0[2]  ; MAIN:inst8|CS.SRUN0 ; 8.087 ; 8.087 ; Fall       ; MAIN:inst8|CS.SRUN0 ;
;  OUT0[3]  ; MAIN:inst8|CS.SRUN0 ; 8.275 ; 8.275 ; Fall       ; MAIN:inst8|CS.SRUN0 ;
;  OUT0[4]  ; MAIN:inst8|CS.SRUN0 ; 8.238 ; 8.238 ; Fall       ; MAIN:inst8|CS.SRUN0 ;
;  OUT0[5]  ; MAIN:inst8|CS.SRUN0 ; 8.165 ; 8.165 ; Fall       ; MAIN:inst8|CS.SRUN0 ;
;  OUT0[6]  ; MAIN:inst8|CS.SRUN0 ; 7.922 ; 7.922 ; Fall       ; MAIN:inst8|CS.SRUN0 ;
; OUT1[*]   ; MAIN:inst8|CS.SRUN0 ; 8.556 ; 8.556 ; Fall       ; MAIN:inst8|CS.SRUN0 ;
;  OUT1[0]  ; MAIN:inst8|CS.SRUN0 ; 8.633 ; 8.633 ; Fall       ; MAIN:inst8|CS.SRUN0 ;
;  OUT1[1]  ; MAIN:inst8|CS.SRUN0 ; 8.556 ; 8.556 ; Fall       ; MAIN:inst8|CS.SRUN0 ;
;  OUT1[2]  ; MAIN:inst8|CS.SRUN0 ; 8.695 ; 8.695 ; Fall       ; MAIN:inst8|CS.SRUN0 ;
;  OUT1[3]  ; MAIN:inst8|CS.SRUN0 ; 8.668 ; 8.668 ; Fall       ; MAIN:inst8|CS.SRUN0 ;
;  OUT1[4]  ; MAIN:inst8|CS.SRUN0 ; 8.722 ; 8.722 ; Fall       ; MAIN:inst8|CS.SRUN0 ;
;  OUT1[5]  ; MAIN:inst8|CS.SRUN0 ; 8.621 ; 8.621 ; Fall       ; MAIN:inst8|CS.SRUN0 ;
;  OUT1[6]  ; MAIN:inst8|CS.SRUN0 ; 8.780 ; 8.780 ; Fall       ; MAIN:inst8|CS.SRUN0 ;
; OUT2[*]   ; MAIN:inst8|CS.SRUN0 ; 9.126 ; 9.126 ; Fall       ; MAIN:inst8|CS.SRUN0 ;
;  OUT2[0]  ; MAIN:inst8|CS.SRUN0 ; 9.365 ; 9.365 ; Fall       ; MAIN:inst8|CS.SRUN0 ;
;  OUT2[1]  ; MAIN:inst8|CS.SRUN0 ; 9.988 ; 9.988 ; Fall       ; MAIN:inst8|CS.SRUN0 ;
;  OUT2[2]  ; MAIN:inst8|CS.SRUN0 ; 9.248 ; 9.248 ; Fall       ; MAIN:inst8|CS.SRUN0 ;
;  OUT2[3]  ; MAIN:inst8|CS.SRUN0 ; 9.154 ; 9.154 ; Fall       ; MAIN:inst8|CS.SRUN0 ;
;  OUT2[4]  ; MAIN:inst8|CS.SRUN0 ; 9.185 ; 9.185 ; Fall       ; MAIN:inst8|CS.SRUN0 ;
;  OUT2[5]  ; MAIN:inst8|CS.SRUN0 ; 9.248 ; 9.248 ; Fall       ; MAIN:inst8|CS.SRUN0 ;
;  OUT2[6]  ; MAIN:inst8|CS.SRUN0 ; 9.126 ; 9.126 ; Fall       ; MAIN:inst8|CS.SRUN0 ;
; OUT3[*]   ; MAIN:inst8|CS.SRUN0 ; 9.524 ; 9.524 ; Fall       ; MAIN:inst8|CS.SRUN0 ;
;  OUT3[0]  ; MAIN:inst8|CS.SRUN0 ; 9.553 ; 9.553 ; Fall       ; MAIN:inst8|CS.SRUN0 ;
;  OUT3[1]  ; MAIN:inst8|CS.SRUN0 ; 9.575 ; 9.575 ; Fall       ; MAIN:inst8|CS.SRUN0 ;
;  OUT3[2]  ; MAIN:inst8|CS.SRUN0 ; 9.554 ; 9.554 ; Fall       ; MAIN:inst8|CS.SRUN0 ;
;  OUT3[3]  ; MAIN:inst8|CS.SRUN0 ; 9.524 ; 9.524 ; Fall       ; MAIN:inst8|CS.SRUN0 ;
;  OUT3[4]  ; MAIN:inst8|CS.SRUN0 ; 9.695 ; 9.695 ; Fall       ; MAIN:inst8|CS.SRUN0 ;
;  OUT3[5]  ; MAIN:inst8|CS.SRUN0 ; 9.537 ; 9.537 ; Fall       ; MAIN:inst8|CS.SRUN0 ;
;  OUT3[6]  ; MAIN:inst8|CS.SRUN0 ; 9.541 ; 9.541 ; Fall       ; MAIN:inst8|CS.SRUN0 ;
+-----------+---------------------+-------+-------+------------+---------------------+


+----------------------------------------------------------+
; Propagation Delay                                        ;
+------------+-------------+-------+-------+-------+-------+
; Input Port ; Output Port ; RR    ; RF    ; FR    ; FF    ;
+------------+-------------+-------+-------+-------+-------+
; SHOW_DIS   ; OUT4[0]     ; 8.312 ; 8.312 ; 8.312 ; 8.312 ;
; SHOW_DIS   ; OUT4[1]     ; 7.880 ; 7.880 ; 7.880 ; 7.880 ;
; SHOW_DIS   ; OUT4[2]     ; 8.576 ; 8.576 ; 8.576 ; 8.576 ;
; SHOW_DIS   ; OUT4[3]     ; 7.927 ; 7.927 ; 7.927 ; 7.927 ;
; SHOW_DIS   ; OUT4[4]     ; 7.945 ; 7.945 ; 7.945 ; 7.945 ;
; SHOW_DIS   ; OUT4[5]     ; 8.705 ; 8.705 ; 8.705 ; 8.705 ;
; SHOW_DIS   ; OUT4[6]     ; 8.090 ; 8.090 ; 8.090 ; 8.090 ;
; SHOW_DIS   ; OUT5[0]     ; 8.174 ; 8.174 ; 8.174 ; 8.174 ;
; SHOW_DIS   ; OUT5[1]     ; 8.442 ; 8.442 ; 8.442 ; 8.442 ;
; SHOW_DIS   ; OUT5[2]     ; 8.103 ; 8.103 ; 8.103 ; 8.103 ;
; SHOW_DIS   ; OUT5[3]     ; 8.216 ; 8.216 ; 8.216 ; 8.216 ;
; SHOW_DIS   ; OUT5[4]     ; 8.126 ; 8.126 ; 8.126 ; 8.126 ;
; SHOW_DIS   ; OUT5[5]     ; 9.289 ; 9.289 ; 9.289 ; 9.289 ;
; SHOW_DIS   ; OUT5[6]     ; 8.832 ; 8.832 ; 8.832 ; 8.832 ;
; SHOW_DIS   ; OUT6[0]     ; 8.920 ; 8.920 ; 8.920 ; 8.920 ;
; SHOW_DIS   ; OUT6[1]     ; 8.284 ; 8.284 ; 8.284 ; 8.284 ;
; SHOW_DIS   ; OUT6[2]     ; 8.544 ; 8.544 ; 8.544 ; 8.544 ;
; SHOW_DIS   ; OUT6[3]     ; 9.422 ; 9.422 ; 9.422 ; 9.422 ;
; SHOW_DIS   ; OUT6[4]     ; 9.432 ; 9.432 ; 9.432 ; 9.432 ;
; SHOW_DIS   ; OUT6[5]     ; 9.334 ; 9.334 ; 9.334 ; 9.334 ;
; SHOW_DIS   ; OUT6[6]     ; 8.480 ; 8.480 ; 8.480 ; 8.480 ;
; SHOW_DIS   ; OUT7[0]     ; 8.363 ; 8.363 ; 8.363 ; 8.363 ;
; SHOW_DIS   ; OUT7[1]     ; 8.941 ; 8.941 ; 8.941 ; 8.941 ;
; SHOW_DIS   ; OUT7[2]     ; 8.569 ; 8.569 ; 8.569 ; 8.569 ;
; SHOW_DIS   ; OUT7[3]     ; 8.355 ; 8.355 ; 8.355 ; 8.355 ;
; SHOW_DIS   ; OUT7[4]     ; 8.434 ; 8.434 ; 8.434 ; 8.434 ;
; SHOW_DIS   ; OUT7[5]     ; 9.082 ; 9.082 ; 9.082 ; 9.082 ;
; SHOW_DIS   ; OUT7[6]     ; 8.850 ; 8.850 ; 8.850 ; 8.850 ;
; SHOW_DIS   ; dot5        ;       ; 4.714 ; 4.714 ;       ;
+------------+-------------+-------+-------+-------+-------+


+----------------------------------------------------------+
; Minimum Propagation Delay                                ;
+------------+-------------+-------+-------+-------+-------+
; Input Port ; Output Port ; RR    ; RF    ; FR    ; FF    ;
+------------+-------------+-------+-------+-------+-------+
; SHOW_DIS   ; OUT4[0]     ; 8.153 ; 8.153 ; 8.153 ; 8.153 ;
; SHOW_DIS   ; OUT4[1]     ; 7.727 ; 7.727 ; 7.727 ; 7.727 ;
; SHOW_DIS   ; OUT4[2]     ; 8.407 ; 8.407 ; 8.407 ; 8.407 ;
; SHOW_DIS   ; OUT4[3]     ; 7.756 ; 7.756 ; 7.756 ; 7.756 ;
; SHOW_DIS   ; OUT4[4]     ; 7.777 ; 7.777 ; 7.777 ; 7.777 ;
; SHOW_DIS   ; OUT4[5]     ; 8.533 ; 8.533 ; 8.533 ; 8.533 ;
; SHOW_DIS   ; OUT4[6]     ; 7.930 ; 7.930 ; 7.930 ; 7.930 ;
; SHOW_DIS   ; OUT5[0]     ; 7.797 ; 7.797 ; 7.797 ; 7.797 ;
; SHOW_DIS   ; OUT5[1]     ; 8.070 ; 8.070 ; 8.070 ; 8.070 ;
; SHOW_DIS   ; OUT5[2]     ; 7.718 ; 7.718 ; 7.718 ; 7.718 ;
; SHOW_DIS   ; OUT5[3]     ; 7.840 ; 7.840 ; 7.840 ; 7.840 ;
; SHOW_DIS   ; OUT5[4]     ; 7.745 ; 7.745 ; 7.745 ; 7.745 ;
; SHOW_DIS   ; OUT5[5]     ; 8.911 ; 8.911 ; 8.911 ; 8.911 ;
; SHOW_DIS   ; OUT5[6]     ; 8.451 ; 8.451 ; 8.451 ; 8.451 ;
; SHOW_DIS   ; OUT6[0]     ; 8.786 ; 8.786 ; 8.786 ; 8.786 ;
; SHOW_DIS   ; OUT6[1]     ; 8.147 ; 8.147 ; 8.147 ; 8.147 ;
; SHOW_DIS   ; OUT6[2]     ; 8.415 ; 8.415 ; 8.415 ; 8.415 ;
; SHOW_DIS   ; OUT6[3]     ; 9.295 ; 9.295 ; 9.295 ; 9.295 ;
; SHOW_DIS   ; OUT6[4]     ; 9.298 ; 9.298 ; 9.298 ; 9.298 ;
; SHOW_DIS   ; OUT6[5]     ; 9.200 ; 9.200 ; 9.200 ; 9.200 ;
; SHOW_DIS   ; OUT6[6]     ; 8.347 ; 8.347 ; 8.347 ; 8.347 ;
; SHOW_DIS   ; OUT7[0]     ; 8.268 ; 8.268 ; 8.268 ; 8.268 ;
; SHOW_DIS   ; OUT7[1]     ; 8.851 ; 8.851 ; 8.851 ; 8.851 ;
; SHOW_DIS   ; OUT7[2]     ; 8.470 ; 8.470 ; 8.470 ; 8.470 ;
; SHOW_DIS   ; OUT7[3]     ; 8.261 ; 8.261 ; 8.261 ; 8.261 ;
; SHOW_DIS   ; OUT7[4]     ; 8.336 ; 8.336 ; 8.336 ; 8.336 ;
; SHOW_DIS   ; OUT7[5]     ; 8.996 ; 8.996 ; 8.996 ; 8.996 ;
; SHOW_DIS   ; OUT7[6]     ; 8.766 ; 8.766 ; 8.766 ; 8.766 ;
; SHOW_DIS   ; dot5        ;       ; 4.714 ; 4.714 ;       ;
+------------+-------------+-------+-------+-------+-------+


+-----------------------------------------------------------------------------------------+
; Multicorner Timing Analysis Summary                                                     ;
+----------------------+-----------+----------+----------+----------+---------------------+
; Clock                ; Setup     ; Hold     ; Recovery ; Removal  ; Minimum Pulse Width ;
+----------------------+-----------+----------+----------+----------+---------------------+
; Worst-case Slack     ; -68.168   ; -6.023   ; 1.065    ; -2.816   ; -1.380              ;
;  CLK                 ; -4.706    ; 0.247    ; N/A      ; N/A      ; -1.380              ;
;  CT0                 ; -2.941    ; -3.929   ; N/A      ; N/A      ; -1.222              ;
;  FD2:inst1|Q1        ; -68.168   ; -1.084   ; 1.065    ; -1.721   ; -0.500              ;
;  FD:inst|Q1          ; -1.511    ; -2.261   ; 1.311    ; -1.294   ; -0.500              ;
;  MAIN:inst8|CS.S1    ; -2.196    ; 1.467    ; N/A      ; N/A      ; 0.500               ;
;  MAIN:inst8|CS.SCT0  ; -6.040    ; -6.023   ; N/A      ; N/A      ; -0.500              ;
;  MAIN:inst8|CS.SCT1  ; -6.141    ; -5.779   ; N/A      ; N/A      ; -0.500              ;
;  MAIN:inst8|CS.SRUN0 ; -1.358    ; -0.620   ; 2.679    ; -2.816   ; -0.500              ;
; Design-wide TNS      ; -1975.584 ; -204.383 ; 0.0      ; -120.379 ; -197.602            ;
;  CLK                 ; -106.210  ; 0.000    ; N/A      ; N/A      ; -25.380             ;
;  CT0                 ; -17.489   ; -51.095  ; N/A      ; N/A      ; -18.222             ;
;  FD2:inst1|Q1        ; -1641.460 ; -43.168  ; 0.000    ; -79.661  ; -89.000             ;
;  FD:inst|Q1          ; -6.228    ; -14.063  ; 0.000    ; -1.294   ; -17.000             ;
;  MAIN:inst8|CS.S1    ; -2.196    ; 0.000    ; N/A      ; N/A      ; 0.000               ;
;  MAIN:inst8|CS.SCT0  ; -93.960   ; -53.430  ; N/A      ; N/A      ; -17.000             ;
;  MAIN:inst8|CS.SCT1  ; -96.506   ; -48.114  ; N/A      ; N/A      ; -17.000             ;
;  MAIN:inst8|CS.SRUN0 ; -11.535   ; -5.157   ; 0.000    ; -39.424  ; -14.000             ;
+----------------------+-----------+----------+----------+----------+---------------------+


+--------------------------------------------------------------------------------------+
; Setup Times                                                                          ;
+-----------+---------------------+--------+--------+------------+---------------------+
; Data Port ; Clock Port          ; Rise   ; Fall   ; Clock Edge ; Clock Reference     ;
+-----------+---------------------+--------+--------+------------+---------------------+
; EN        ; CLK                 ; 5.151  ; 5.151  ; Rise       ; CLK                 ;
; EN        ; CT0                 ; 1.899  ; 1.899  ; Rise       ; CT0                 ;
; EN        ; FD2:inst1|Q1        ; 6.219  ; 6.219  ; Rise       ; FD2:inst1|Q1        ;
; SP2       ; FD2:inst1|Q1        ; 10.716 ; 10.716 ; Rise       ; FD2:inst1|Q1        ;
; SP3       ; FD2:inst1|Q1        ; 10.002 ; 10.002 ; Rise       ; FD2:inst1|Q1        ;
; SP4       ; FD2:inst1|Q1        ; 10.637 ; 10.637 ; Rise       ; FD2:inst1|Q1        ;
; CT0       ; FD:inst|Q1          ; 1.837  ; 1.837  ; Rise       ; FD:inst|Q1          ;
; CT1       ; FD:inst|Q1          ; 4.585  ; 4.585  ; Rise       ; FD:inst|Q1          ;
; PAUSE     ; FD:inst|Q1          ; 6.048  ; 6.048  ; Rise       ; FD:inst|Q1          ;
; START     ; FD:inst|Q1          ; 6.468  ; 6.468  ; Rise       ; FD:inst|Q1          ;
; SW_SUM    ; FD:inst|Q1          ; 5.875  ; 5.875  ; Rise       ; FD:inst|Q1          ;
; EN        ; MAIN:inst8|CS.SCT0  ; 4.998  ; 4.998  ; Rise       ; MAIN:inst8|CS.SCT0  ;
; EN        ; MAIN:inst8|CS.SCT1  ; 5.099  ; 5.099  ; Rise       ; MAIN:inst8|CS.SCT1  ;
; A1        ; MAIN:inst8|CS.SRUN0 ; 7.459  ; 7.459  ; Fall       ; MAIN:inst8|CS.SRUN0 ;
; A2        ; MAIN:inst8|CS.SRUN0 ; 7.316  ; 7.316  ; Fall       ; MAIN:inst8|CS.SRUN0 ;
+-----------+---------------------+--------+--------+------------+---------------------+


+--------------------------------------------------------------------------------------+
; Hold Times                                                                           ;
+-----------+---------------------+--------+--------+------------+---------------------+
; Data Port ; Clock Port          ; Rise   ; Fall   ; Clock Edge ; Clock Reference     ;
+-----------+---------------------+--------+--------+------------+---------------------+
; EN        ; CLK                 ; -2.535 ; -2.535 ; Rise       ; CLK                 ;
; EN        ; CT0                 ; 0.823  ; 0.823  ; Rise       ; CT0                 ;
; EN        ; FD2:inst1|Q1        ; -1.947 ; -1.947 ; Rise       ; FD2:inst1|Q1        ;
; SP2       ; FD2:inst1|Q1        ; -2.181 ; -2.181 ; Rise       ; FD2:inst1|Q1        ;
; SP3       ; FD2:inst1|Q1        ; -1.929 ; -1.929 ; Rise       ; FD2:inst1|Q1        ;
; SP4       ; FD2:inst1|Q1        ; -2.416 ; -2.416 ; Rise       ; FD2:inst1|Q1        ;
; CT0       ; FD:inst|Q1          ; -0.329 ; -0.329 ; Rise       ; FD:inst|Q1          ;
; CT1       ; FD:inst|Q1          ; -2.437 ; -2.437 ; Rise       ; FD:inst|Q1          ;
; PAUSE     ; FD:inst|Q1          ; -2.340 ; -2.340 ; Rise       ; FD:inst|Q1          ;
; START     ; FD:inst|Q1          ; -2.471 ; -2.471 ; Rise       ; FD:inst|Q1          ;
; SW_SUM    ; FD:inst|Q1          ; -2.369 ; -2.369 ; Rise       ; FD:inst|Q1          ;
; EN        ; MAIN:inst8|CS.SCT0  ; -1.407 ; -1.407 ; Rise       ; MAIN:inst8|CS.SCT0  ;
; EN        ; MAIN:inst8|CS.SCT1  ; -1.469 ; -1.469 ; Rise       ; MAIN:inst8|CS.SCT1  ;
; A1        ; MAIN:inst8|CS.SRUN0 ; -3.019 ; -3.019 ; Fall       ; MAIN:inst8|CS.SRUN0 ;
; A2        ; MAIN:inst8|CS.SRUN0 ; -2.813 ; -2.813 ; Fall       ; MAIN:inst8|CS.SRUN0 ;
+-----------+---------------------+--------+--------+------------+---------------------+


+--------------------------------------------------------------------------------------+
; Clock to Output Times                                                                ;
+-----------+---------------------+--------+--------+------------+---------------------+
; Data Port ; Clock Port          ; Rise   ; Fall   ; Clock Edge ; Clock Reference     ;
+-----------+---------------------+--------+--------+------------+---------------------+
; OUT0[*]   ; FD2:inst1|Q1        ; 14.129 ; 14.129 ; Rise       ; FD2:inst1|Q1        ;
;  OUT0[0]  ; FD2:inst1|Q1        ; 13.095 ; 13.095 ; Rise       ; FD2:inst1|Q1        ;
;  OUT0[1]  ; FD2:inst1|Q1        ; 14.129 ; 14.129 ; Rise       ; FD2:inst1|Q1        ;
;  OUT0[2]  ; FD2:inst1|Q1        ; 13.625 ; 13.625 ; Rise       ; FD2:inst1|Q1        ;
;  OUT0[3]  ; FD2:inst1|Q1        ; 14.060 ; 14.060 ; Rise       ; FD2:inst1|Q1        ;
;  OUT0[4]  ; FD2:inst1|Q1        ; 13.880 ; 13.880 ; Rise       ; FD2:inst1|Q1        ;
;  OUT0[5]  ; FD2:inst1|Q1        ; 13.832 ; 13.832 ; Rise       ; FD2:inst1|Q1        ;
;  OUT0[6]  ; FD2:inst1|Q1        ; 13.176 ; 13.176 ; Rise       ; FD2:inst1|Q1        ;
; OUT1[*]   ; FD2:inst1|Q1        ; 13.120 ; 13.120 ; Rise       ; FD2:inst1|Q1        ;
;  OUT1[0]  ; FD2:inst1|Q1        ; 12.748 ; 12.748 ; Rise       ; FD2:inst1|Q1        ;
;  OUT1[1]  ; FD2:inst1|Q1        ; 12.651 ; 12.651 ; Rise       ; FD2:inst1|Q1        ;
;  OUT1[2]  ; FD2:inst1|Q1        ; 12.913 ; 12.913 ; Rise       ; FD2:inst1|Q1        ;
;  OUT1[3]  ; FD2:inst1|Q1        ; 12.839 ; 12.839 ; Rise       ; FD2:inst1|Q1        ;
;  OUT1[4]  ; FD2:inst1|Q1        ; 12.959 ; 12.959 ; Rise       ; FD2:inst1|Q1        ;
;  OUT1[5]  ; FD2:inst1|Q1        ; 12.695 ; 12.695 ; Rise       ; FD2:inst1|Q1        ;
;  OUT1[6]  ; FD2:inst1|Q1        ; 13.120 ; 13.120 ; Rise       ; FD2:inst1|Q1        ;
; OUT2[*]   ; FD2:inst1|Q1        ; 15.236 ; 15.236 ; Rise       ; FD2:inst1|Q1        ;
;  OUT2[0]  ; FD2:inst1|Q1        ; 13.722 ; 13.722 ; Rise       ; FD2:inst1|Q1        ;
;  OUT2[1]  ; FD2:inst1|Q1        ; 15.236 ; 15.236 ; Rise       ; FD2:inst1|Q1        ;
;  OUT2[2]  ; FD2:inst1|Q1        ; 13.448 ; 13.448 ; Rise       ; FD2:inst1|Q1        ;
;  OUT2[3]  ; FD2:inst1|Q1        ; 13.237 ; 13.237 ; Rise       ; FD2:inst1|Q1        ;
;  OUT2[4]  ; FD2:inst1|Q1        ; 13.461 ; 13.461 ; Rise       ; FD2:inst1|Q1        ;
;  OUT2[5]  ; FD2:inst1|Q1        ; 13.690 ; 13.690 ; Rise       ; FD2:inst1|Q1        ;
;  OUT2[6]  ; FD2:inst1|Q1        ; 13.311 ; 13.311 ; Rise       ; FD2:inst1|Q1        ;
; OUT3[*]   ; FD2:inst1|Q1        ; 13.695 ; 13.695 ; Rise       ; FD2:inst1|Q1        ;
;  OUT3[0]  ; FD2:inst1|Q1        ; 13.384 ; 13.384 ; Rise       ; FD2:inst1|Q1        ;
;  OUT3[1]  ; FD2:inst1|Q1        ; 13.408 ; 13.408 ; Rise       ; FD2:inst1|Q1        ;
;  OUT3[2]  ; FD2:inst1|Q1        ; 13.400 ; 13.400 ; Rise       ; FD2:inst1|Q1        ;
;  OUT3[3]  ; FD2:inst1|Q1        ; 13.354 ; 13.354 ; Rise       ; FD2:inst1|Q1        ;
;  OUT3[4]  ; FD2:inst1|Q1        ; 13.695 ; 13.695 ; Rise       ; FD2:inst1|Q1        ;
;  OUT3[5]  ; FD2:inst1|Q1        ; 13.376 ; 13.376 ; Rise       ; FD2:inst1|Q1        ;
;  OUT3[6]  ; FD2:inst1|Q1        ; 13.376 ; 13.376 ; Rise       ; FD2:inst1|Q1        ;
; OUT4[*]   ; FD2:inst1|Q1        ; 13.681 ; 13.681 ; Rise       ; FD2:inst1|Q1        ;
;  OUT4[0]  ; FD2:inst1|Q1        ; 12.700 ; 12.700 ; Rise       ; FD2:inst1|Q1        ;
;  OUT4[1]  ; FD2:inst1|Q1        ; 11.718 ; 11.718 ; Rise       ; FD2:inst1|Q1        ;
;  OUT4[2]  ; FD2:inst1|Q1        ; 13.307 ; 13.307 ; Rise       ; FD2:inst1|Q1        ;
;  OUT4[3]  ; FD2:inst1|Q1        ; 11.804 ; 11.804 ; Rise       ; FD2:inst1|Q1        ;
;  OUT4[4]  ; FD2:inst1|Q1        ; 11.831 ; 11.831 ; Rise       ; FD2:inst1|Q1        ;
;  OUT4[5]  ; FD2:inst1|Q1        ; 13.681 ; 13.681 ; Rise       ; FD2:inst1|Q1        ;
;  OUT4[6]  ; FD2:inst1|Q1        ; 12.141 ; 12.141 ; Rise       ; FD2:inst1|Q1        ;
; OUT5[*]   ; FD2:inst1|Q1        ; 14.503 ; 14.503 ; Rise       ; FD2:inst1|Q1        ;
;  OUT5[0]  ; FD2:inst1|Q1        ; 12.310 ; 12.310 ; Rise       ; FD2:inst1|Q1        ;
;  OUT5[1]  ; FD2:inst1|Q1        ; 12.943 ; 12.943 ; Rise       ; FD2:inst1|Q1        ;
;  OUT5[2]  ; FD2:inst1|Q1        ; 12.149 ; 12.149 ; Rise       ; FD2:inst1|Q1        ;
;  OUT5[3]  ; FD2:inst1|Q1        ; 12.415 ; 12.415 ; Rise       ; FD2:inst1|Q1        ;
;  OUT5[4]  ; FD2:inst1|Q1        ; 12.186 ; 12.186 ; Rise       ; FD2:inst1|Q1        ;
;  OUT5[5]  ; FD2:inst1|Q1        ; 14.503 ; 14.503 ; Rise       ; FD2:inst1|Q1        ;
;  OUT5[6]  ; FD2:inst1|Q1        ; 13.596 ; 13.596 ; Rise       ; FD2:inst1|Q1        ;
; OUT6[*]   ; FD2:inst1|Q1        ; 13.789 ; 13.789 ; Rise       ; FD2:inst1|Q1        ;
;  OUT6[0]  ; FD2:inst1|Q1        ; 12.480 ; 12.480 ; Rise       ; FD2:inst1|Q1        ;
;  OUT6[1]  ; FD2:inst1|Q1        ; 11.271 ; 11.271 ; Rise       ; FD2:inst1|Q1        ;
;  OUT6[2]  ; FD2:inst1|Q1        ; 11.863 ; 11.863 ; Rise       ; FD2:inst1|Q1        ;
;  OUT6[3]  ; FD2:inst1|Q1        ; 13.789 ; 13.789 ; Rise       ; FD2:inst1|Q1        ;
;  OUT6[4]  ; FD2:inst1|Q1        ; 13.552 ; 13.552 ; Rise       ; FD2:inst1|Q1        ;
;  OUT6[5]  ; FD2:inst1|Q1        ; 13.434 ; 13.434 ; Rise       ; FD2:inst1|Q1        ;
;  OUT6[6]  ; FD2:inst1|Q1        ; 11.678 ; 11.678 ; Rise       ; FD2:inst1|Q1        ;
; OUT7[*]   ; FD2:inst1|Q1        ; 13.623 ; 13.623 ; Rise       ; FD2:inst1|Q1        ;
;  OUT7[0]  ; FD2:inst1|Q1        ; 12.036 ; 12.036 ; Rise       ; FD2:inst1|Q1        ;
;  OUT7[1]  ; FD2:inst1|Q1        ; 13.329 ; 13.329 ; Rise       ; FD2:inst1|Q1        ;
;  OUT7[2]  ; FD2:inst1|Q1        ; 12.450 ; 12.450 ; Rise       ; FD2:inst1|Q1        ;
;  OUT7[3]  ; FD2:inst1|Q1        ; 11.964 ; 11.964 ; Rise       ; FD2:inst1|Q1        ;
;  OUT7[4]  ; FD2:inst1|Q1        ; 12.182 ; 12.182 ; Rise       ; FD2:inst1|Q1        ;
;  OUT7[5]  ; FD2:inst1|Q1        ; 13.623 ; 13.623 ; Rise       ; FD2:inst1|Q1        ;
;  OUT7[6]  ; FD2:inst1|Q1        ; 13.195 ; 13.195 ; Rise       ; FD2:inst1|Q1        ;
; OUT0[*]   ; FD:inst|Q1          ; 15.391 ; 15.391 ; Rise       ; FD:inst|Q1          ;
;  OUT0[0]  ; FD:inst|Q1          ; 14.363 ; 14.363 ; Rise       ; FD:inst|Q1          ;
;  OUT0[1]  ; FD:inst|Q1          ; 15.391 ; 15.391 ; Rise       ; FD:inst|Q1          ;
;  OUT0[2]  ; FD:inst|Q1          ; 14.899 ; 14.899 ; Rise       ; FD:inst|Q1          ;
;  OUT0[3]  ; FD:inst|Q1          ; 15.324 ; 15.324 ; Rise       ; FD:inst|Q1          ;
;  OUT0[4]  ; FD:inst|Q1          ; 15.153 ; 15.153 ; Rise       ; FD:inst|Q1          ;
;  OUT0[5]  ; FD:inst|Q1          ; 15.106 ; 15.106 ; Rise       ; FD:inst|Q1          ;
;  OUT0[6]  ; FD:inst|Q1          ; 14.440 ; 14.440 ; Rise       ; FD:inst|Q1          ;
; OUT1[*]   ; FD:inst|Q1          ; 14.469 ; 14.469 ; Rise       ; FD:inst|Q1          ;
;  OUT1[0]  ; FD:inst|Q1          ; 14.097 ; 14.097 ; Rise       ; FD:inst|Q1          ;
;  OUT1[1]  ; FD:inst|Q1          ; 14.000 ; 14.000 ; Rise       ; FD:inst|Q1          ;
;  OUT1[2]  ; FD:inst|Q1          ; 14.262 ; 14.262 ; Rise       ; FD:inst|Q1          ;
;  OUT1[3]  ; FD:inst|Q1          ; 14.188 ; 14.188 ; Rise       ; FD:inst|Q1          ;
;  OUT1[4]  ; FD:inst|Q1          ; 14.308 ; 14.308 ; Rise       ; FD:inst|Q1          ;
;  OUT1[5]  ; FD:inst|Q1          ; 14.044 ; 14.044 ; Rise       ; FD:inst|Q1          ;
;  OUT1[6]  ; FD:inst|Q1          ; 14.469 ; 14.469 ; Rise       ; FD:inst|Q1          ;
; OUT2[*]   ; FD:inst|Q1          ; 15.999 ; 15.999 ; Rise       ; FD:inst|Q1          ;
;  OUT2[0]  ; FD:inst|Q1          ; 14.485 ; 14.485 ; Rise       ; FD:inst|Q1          ;
;  OUT2[1]  ; FD:inst|Q1          ; 15.999 ; 15.999 ; Rise       ; FD:inst|Q1          ;
;  OUT2[2]  ; FD:inst|Q1          ; 14.211 ; 14.211 ; Rise       ; FD:inst|Q1          ;
;  OUT2[3]  ; FD:inst|Q1          ; 14.000 ; 14.000 ; Rise       ; FD:inst|Q1          ;
;  OUT2[4]  ; FD:inst|Q1          ; 14.224 ; 14.224 ; Rise       ; FD:inst|Q1          ;
;  OUT2[5]  ; FD:inst|Q1          ; 14.453 ; 14.453 ; Rise       ; FD:inst|Q1          ;
;  OUT2[6]  ; FD:inst|Q1          ; 14.074 ; 14.074 ; Rise       ; FD:inst|Q1          ;
; OUT3[*]   ; FD:inst|Q1          ; 13.734 ; 13.734 ; Rise       ; FD:inst|Q1          ;
;  OUT3[0]  ; FD:inst|Q1          ; 13.423 ; 13.423 ; Rise       ; FD:inst|Q1          ;
;  OUT3[1]  ; FD:inst|Q1          ; 13.447 ; 13.447 ; Rise       ; FD:inst|Q1          ;
;  OUT3[2]  ; FD:inst|Q1          ; 13.439 ; 13.439 ; Rise       ; FD:inst|Q1          ;
;  OUT3[3]  ; FD:inst|Q1          ; 13.393 ; 13.393 ; Rise       ; FD:inst|Q1          ;
;  OUT3[4]  ; FD:inst|Q1          ; 13.734 ; 13.734 ; Rise       ; FD:inst|Q1          ;
;  OUT3[5]  ; FD:inst|Q1          ; 13.415 ; 13.415 ; Rise       ; FD:inst|Q1          ;
;  OUT3[6]  ; FD:inst|Q1          ; 13.415 ; 13.415 ; Rise       ; FD:inst|Q1          ;
; OUT4[*]   ; FD:inst|Q1          ; 13.939 ; 13.939 ; Rise       ; FD:inst|Q1          ;
;  OUT4[0]  ; FD:inst|Q1          ; 12.958 ; 12.958 ; Rise       ; FD:inst|Q1          ;
;  OUT4[1]  ; FD:inst|Q1          ; 11.976 ; 11.976 ; Rise       ; FD:inst|Q1          ;
;  OUT4[2]  ; FD:inst|Q1          ; 13.565 ; 13.565 ; Rise       ; FD:inst|Q1          ;
;  OUT4[3]  ; FD:inst|Q1          ; 12.062 ; 12.062 ; Rise       ; FD:inst|Q1          ;
;  OUT4[4]  ; FD:inst|Q1          ; 12.089 ; 12.089 ; Rise       ; FD:inst|Q1          ;
;  OUT4[5]  ; FD:inst|Q1          ; 13.939 ; 13.939 ; Rise       ; FD:inst|Q1          ;
;  OUT4[6]  ; FD:inst|Q1          ; 12.399 ; 12.399 ; Rise       ; FD:inst|Q1          ;
; OUT5[*]   ; FD:inst|Q1          ; 14.720 ; 14.720 ; Rise       ; FD:inst|Q1          ;
;  OUT5[0]  ; FD:inst|Q1          ; 12.529 ; 12.529 ; Rise       ; FD:inst|Q1          ;
;  OUT5[1]  ; FD:inst|Q1          ; 13.163 ; 13.163 ; Rise       ; FD:inst|Q1          ;
;  OUT5[2]  ; FD:inst|Q1          ; 12.369 ; 12.369 ; Rise       ; FD:inst|Q1          ;
;  OUT5[3]  ; FD:inst|Q1          ; 12.634 ; 12.634 ; Rise       ; FD:inst|Q1          ;
;  OUT5[4]  ; FD:inst|Q1          ; 12.408 ; 12.408 ; Rise       ; FD:inst|Q1          ;
;  OUT5[5]  ; FD:inst|Q1          ; 14.720 ; 14.720 ; Rise       ; FD:inst|Q1          ;
;  OUT5[6]  ; FD:inst|Q1          ; 13.817 ; 13.817 ; Rise       ; FD:inst|Q1          ;
; OUT6[*]   ; FD:inst|Q1          ; 15.242 ; 15.242 ; Rise       ; FD:inst|Q1          ;
;  OUT6[0]  ; FD:inst|Q1          ; 13.941 ; 13.941 ; Rise       ; FD:inst|Q1          ;
;  OUT6[1]  ; FD:inst|Q1          ; 12.729 ; 12.729 ; Rise       ; FD:inst|Q1          ;
;  OUT6[2]  ; FD:inst|Q1          ; 13.316 ; 13.316 ; Rise       ; FD:inst|Q1          ;
;  OUT6[3]  ; FD:inst|Q1          ; 15.242 ; 15.242 ; Rise       ; FD:inst|Q1          ;
;  OUT6[4]  ; FD:inst|Q1          ; 15.007 ; 15.007 ; Rise       ; FD:inst|Q1          ;
;  OUT6[5]  ; FD:inst|Q1          ; 14.895 ; 14.895 ; Rise       ; FD:inst|Q1          ;
;  OUT6[6]  ; FD:inst|Q1          ; 13.131 ; 13.131 ; Rise       ; FD:inst|Q1          ;
; OUT7[*]   ; FD:inst|Q1          ; 14.657 ; 14.657 ; Rise       ; FD:inst|Q1          ;
;  OUT7[0]  ; FD:inst|Q1          ; 13.078 ; 13.078 ; Rise       ; FD:inst|Q1          ;
;  OUT7[1]  ; FD:inst|Q1          ; 14.366 ; 14.366 ; Rise       ; FD:inst|Q1          ;
;  OUT7[2]  ; FD:inst|Q1          ; 13.496 ; 13.496 ; Rise       ; FD:inst|Q1          ;
;  OUT7[3]  ; FD:inst|Q1          ; 13.007 ; 13.007 ; Rise       ; FD:inst|Q1          ;
;  OUT7[4]  ; FD:inst|Q1          ; 13.230 ; 13.230 ; Rise       ; FD:inst|Q1          ;
;  OUT7[5]  ; FD:inst|Q1          ; 14.657 ; 14.657 ; Rise       ; FD:inst|Q1          ;
;  OUT7[6]  ; FD:inst|Q1          ; 14.224 ; 14.224 ; Rise       ; FD:inst|Q1          ;
; OUT4[*]   ; MAIN:inst8|CS.SCT0  ; 9.571  ; 9.571  ; Rise       ; MAIN:inst8|CS.SCT0  ;
;  OUT4[0]  ; MAIN:inst8|CS.SCT0  ; 8.590  ; 8.590  ; Rise       ; MAIN:inst8|CS.SCT0  ;
;  OUT4[1]  ; MAIN:inst8|CS.SCT0  ; 7.608  ; 7.608  ; Rise       ; MAIN:inst8|CS.SCT0  ;
;  OUT4[2]  ; MAIN:inst8|CS.SCT0  ; 9.197  ; 9.197  ; Rise       ; MAIN:inst8|CS.SCT0  ;
;  OUT4[3]  ; MAIN:inst8|CS.SCT0  ; 7.694  ; 7.694  ; Rise       ; MAIN:inst8|CS.SCT0  ;
;  OUT4[4]  ; MAIN:inst8|CS.SCT0  ; 7.721  ; 7.721  ; Rise       ; MAIN:inst8|CS.SCT0  ;
;  OUT4[5]  ; MAIN:inst8|CS.SCT0  ; 9.571  ; 9.571  ; Rise       ; MAIN:inst8|CS.SCT0  ;
;  OUT4[6]  ; MAIN:inst8|CS.SCT0  ; 8.031  ; 8.031  ; Rise       ; MAIN:inst8|CS.SCT0  ;
; OUT5[*]   ; MAIN:inst8|CS.SCT0  ; 10.352 ; 10.352 ; Rise       ; MAIN:inst8|CS.SCT0  ;
;  OUT5[0]  ; MAIN:inst8|CS.SCT0  ; 8.161  ; 8.161  ; Rise       ; MAIN:inst8|CS.SCT0  ;
;  OUT5[1]  ; MAIN:inst8|CS.SCT0  ; 8.795  ; 8.795  ; Rise       ; MAIN:inst8|CS.SCT0  ;
;  OUT5[2]  ; MAIN:inst8|CS.SCT0  ; 8.001  ; 8.001  ; Rise       ; MAIN:inst8|CS.SCT0  ;
;  OUT5[3]  ; MAIN:inst8|CS.SCT0  ; 8.266  ; 8.266  ; Rise       ; MAIN:inst8|CS.SCT0  ;
;  OUT5[4]  ; MAIN:inst8|CS.SCT0  ; 8.040  ; 8.040  ; Rise       ; MAIN:inst8|CS.SCT0  ;
;  OUT5[5]  ; MAIN:inst8|CS.SCT0  ; 10.352 ; 10.352 ; Rise       ; MAIN:inst8|CS.SCT0  ;
;  OUT5[6]  ; MAIN:inst8|CS.SCT0  ; 9.449  ; 9.449  ; Rise       ; MAIN:inst8|CS.SCT0  ;
; OUT6[*]   ; MAIN:inst8|CS.SCT0  ; 17.475 ; 17.475 ; Rise       ; MAIN:inst8|CS.SCT0  ;
;  OUT6[0]  ; MAIN:inst8|CS.SCT0  ; 16.166 ; 16.166 ; Rise       ; MAIN:inst8|CS.SCT0  ;
;  OUT6[1]  ; MAIN:inst8|CS.SCT0  ; 14.957 ; 14.957 ; Rise       ; MAIN:inst8|CS.SCT0  ;
;  OUT6[2]  ; MAIN:inst8|CS.SCT0  ; 15.549 ; 15.549 ; Rise       ; MAIN:inst8|CS.SCT0  ;
;  OUT6[3]  ; MAIN:inst8|CS.SCT0  ; 17.475 ; 17.475 ; Rise       ; MAIN:inst8|CS.SCT0  ;
;  OUT6[4]  ; MAIN:inst8|CS.SCT0  ; 17.238 ; 17.238 ; Rise       ; MAIN:inst8|CS.SCT0  ;
;  OUT6[5]  ; MAIN:inst8|CS.SCT0  ; 17.120 ; 17.120 ; Rise       ; MAIN:inst8|CS.SCT0  ;
;  OUT6[6]  ; MAIN:inst8|CS.SCT0  ; 15.364 ; 15.364 ; Rise       ; MAIN:inst8|CS.SCT0  ;
; OUT7[*]   ; MAIN:inst8|CS.SCT0  ; 17.181 ; 17.181 ; Rise       ; MAIN:inst8|CS.SCT0  ;
;  OUT7[0]  ; MAIN:inst8|CS.SCT0  ; 15.602 ; 15.602 ; Rise       ; MAIN:inst8|CS.SCT0  ;
;  OUT7[1]  ; MAIN:inst8|CS.SCT0  ; 16.890 ; 16.890 ; Rise       ; MAIN:inst8|CS.SCT0  ;
;  OUT7[2]  ; MAIN:inst8|CS.SCT0  ; 16.020 ; 16.020 ; Rise       ; MAIN:inst8|CS.SCT0  ;
;  OUT7[3]  ; MAIN:inst8|CS.SCT0  ; 15.531 ; 15.531 ; Rise       ; MAIN:inst8|CS.SCT0  ;
;  OUT7[4]  ; MAIN:inst8|CS.SCT0  ; 15.754 ; 15.754 ; Rise       ; MAIN:inst8|CS.SCT0  ;
;  OUT7[5]  ; MAIN:inst8|CS.SCT0  ; 17.181 ; 17.181 ; Rise       ; MAIN:inst8|CS.SCT0  ;
;  OUT7[6]  ; MAIN:inst8|CS.SCT0  ; 16.748 ; 16.748 ; Rise       ; MAIN:inst8|CS.SCT0  ;
; dot1      ; MAIN:inst8|CS.SCT0  ; 12.219 ; 12.219 ; Rise       ; MAIN:inst8|CS.SCT0  ;
; OUT4[*]   ; MAIN:inst8|CS.SCT0  ; 9.571  ; 9.571  ; Fall       ; MAIN:inst8|CS.SCT0  ;
;  OUT4[0]  ; MAIN:inst8|CS.SCT0  ; 8.590  ; 8.590  ; Fall       ; MAIN:inst8|CS.SCT0  ;
;  OUT4[1]  ; MAIN:inst8|CS.SCT0  ; 7.608  ; 7.608  ; Fall       ; MAIN:inst8|CS.SCT0  ;
;  OUT4[2]  ; MAIN:inst8|CS.SCT0  ; 9.197  ; 9.197  ; Fall       ; MAIN:inst8|CS.SCT0  ;
;  OUT4[3]  ; MAIN:inst8|CS.SCT0  ; 7.694  ; 7.694  ; Fall       ; MAIN:inst8|CS.SCT0  ;
;  OUT4[4]  ; MAIN:inst8|CS.SCT0  ; 7.721  ; 7.721  ; Fall       ; MAIN:inst8|CS.SCT0  ;
;  OUT4[5]  ; MAIN:inst8|CS.SCT0  ; 9.571  ; 9.571  ; Fall       ; MAIN:inst8|CS.SCT0  ;
;  OUT4[6]  ; MAIN:inst8|CS.SCT0  ; 8.031  ; 8.031  ; Fall       ; MAIN:inst8|CS.SCT0  ;
; OUT5[*]   ; MAIN:inst8|CS.SCT0  ; 10.352 ; 10.352 ; Fall       ; MAIN:inst8|CS.SCT0  ;
;  OUT5[0]  ; MAIN:inst8|CS.SCT0  ; 8.161  ; 8.161  ; Fall       ; MAIN:inst8|CS.SCT0  ;
;  OUT5[1]  ; MAIN:inst8|CS.SCT0  ; 8.795  ; 8.795  ; Fall       ; MAIN:inst8|CS.SCT0  ;
;  OUT5[2]  ; MAIN:inst8|CS.SCT0  ; 8.001  ; 8.001  ; Fall       ; MAIN:inst8|CS.SCT0  ;
;  OUT5[3]  ; MAIN:inst8|CS.SCT0  ; 8.266  ; 8.266  ; Fall       ; MAIN:inst8|CS.SCT0  ;
;  OUT5[4]  ; MAIN:inst8|CS.SCT0  ; 8.040  ; 8.040  ; Fall       ; MAIN:inst8|CS.SCT0  ;
;  OUT5[5]  ; MAIN:inst8|CS.SCT0  ; 10.352 ; 10.352 ; Fall       ; MAIN:inst8|CS.SCT0  ;
;  OUT5[6]  ; MAIN:inst8|CS.SCT0  ; 9.449  ; 9.449  ; Fall       ; MAIN:inst8|CS.SCT0  ;
; OUT6[*]   ; MAIN:inst8|CS.SCT0  ; 10.874 ; 10.874 ; Fall       ; MAIN:inst8|CS.SCT0  ;
;  OUT6[0]  ; MAIN:inst8|CS.SCT0  ; 9.573  ; 9.573  ; Fall       ; MAIN:inst8|CS.SCT0  ;
;  OUT6[1]  ; MAIN:inst8|CS.SCT0  ; 8.361  ; 8.361  ; Fall       ; MAIN:inst8|CS.SCT0  ;
;  OUT6[2]  ; MAIN:inst8|CS.SCT0  ; 8.948  ; 8.948  ; Fall       ; MAIN:inst8|CS.SCT0  ;
;  OUT6[3]  ; MAIN:inst8|CS.SCT0  ; 10.874 ; 10.874 ; Fall       ; MAIN:inst8|CS.SCT0  ;
;  OUT6[4]  ; MAIN:inst8|CS.SCT0  ; 10.639 ; 10.639 ; Fall       ; MAIN:inst8|CS.SCT0  ;
;  OUT6[5]  ; MAIN:inst8|CS.SCT0  ; 10.527 ; 10.527 ; Fall       ; MAIN:inst8|CS.SCT0  ;
;  OUT6[6]  ; MAIN:inst8|CS.SCT0  ; 8.763  ; 8.763  ; Fall       ; MAIN:inst8|CS.SCT0  ;
; OUT7[*]   ; MAIN:inst8|CS.SCT0  ; 10.289 ; 10.289 ; Fall       ; MAIN:inst8|CS.SCT0  ;
;  OUT7[0]  ; MAIN:inst8|CS.SCT0  ; 8.710  ; 8.710  ; Fall       ; MAIN:inst8|CS.SCT0  ;
;  OUT7[1]  ; MAIN:inst8|CS.SCT0  ; 9.998  ; 9.998  ; Fall       ; MAIN:inst8|CS.SCT0  ;
;  OUT7[2]  ; MAIN:inst8|CS.SCT0  ; 9.128  ; 9.128  ; Fall       ; MAIN:inst8|CS.SCT0  ;
;  OUT7[3]  ; MAIN:inst8|CS.SCT0  ; 8.639  ; 8.639  ; Fall       ; MAIN:inst8|CS.SCT0  ;
;  OUT7[4]  ; MAIN:inst8|CS.SCT0  ; 8.862  ; 8.862  ; Fall       ; MAIN:inst8|CS.SCT0  ;
;  OUT7[5]  ; MAIN:inst8|CS.SCT0  ; 10.289 ; 10.289 ; Fall       ; MAIN:inst8|CS.SCT0  ;
;  OUT7[6]  ; MAIN:inst8|CS.SCT0  ; 9.856  ; 9.856  ; Fall       ; MAIN:inst8|CS.SCT0  ;
; OUT4[*]   ; MAIN:inst8|CS.SCT1  ; 16.679 ; 16.679 ; Rise       ; MAIN:inst8|CS.SCT1  ;
;  OUT4[0]  ; MAIN:inst8|CS.SCT1  ; 15.698 ; 15.698 ; Rise       ; MAIN:inst8|CS.SCT1  ;
;  OUT4[1]  ; MAIN:inst8|CS.SCT1  ; 14.716 ; 14.716 ; Rise       ; MAIN:inst8|CS.SCT1  ;
;  OUT4[2]  ; MAIN:inst8|CS.SCT1  ; 16.305 ; 16.305 ; Rise       ; MAIN:inst8|CS.SCT1  ;
;  OUT4[3]  ; MAIN:inst8|CS.SCT1  ; 14.802 ; 14.802 ; Rise       ; MAIN:inst8|CS.SCT1  ;
;  OUT4[4]  ; MAIN:inst8|CS.SCT1  ; 14.829 ; 14.829 ; Rise       ; MAIN:inst8|CS.SCT1  ;
;  OUT4[5]  ; MAIN:inst8|CS.SCT1  ; 16.679 ; 16.679 ; Rise       ; MAIN:inst8|CS.SCT1  ;
;  OUT4[6]  ; MAIN:inst8|CS.SCT1  ; 15.139 ; 15.139 ; Rise       ; MAIN:inst8|CS.SCT1  ;
; OUT5[*]   ; MAIN:inst8|CS.SCT1  ; 17.632 ; 17.632 ; Rise       ; MAIN:inst8|CS.SCT1  ;
;  OUT5[0]  ; MAIN:inst8|CS.SCT1  ; 15.439 ; 15.439 ; Rise       ; MAIN:inst8|CS.SCT1  ;
;  OUT5[1]  ; MAIN:inst8|CS.SCT1  ; 16.072 ; 16.072 ; Rise       ; MAIN:inst8|CS.SCT1  ;
;  OUT5[2]  ; MAIN:inst8|CS.SCT1  ; 15.278 ; 15.278 ; Rise       ; MAIN:inst8|CS.SCT1  ;
;  OUT5[3]  ; MAIN:inst8|CS.SCT1  ; 15.544 ; 15.544 ; Rise       ; MAIN:inst8|CS.SCT1  ;
;  OUT5[4]  ; MAIN:inst8|CS.SCT1  ; 15.315 ; 15.315 ; Rise       ; MAIN:inst8|CS.SCT1  ;
;  OUT5[5]  ; MAIN:inst8|CS.SCT1  ; 17.632 ; 17.632 ; Rise       ; MAIN:inst8|CS.SCT1  ;
;  OUT5[6]  ; MAIN:inst8|CS.SCT1  ; 16.725 ; 16.725 ; Rise       ; MAIN:inst8|CS.SCT1  ;
; OUT6[*]   ; MAIN:inst8|CS.SCT1  ; 11.120 ; 11.120 ; Rise       ; MAIN:inst8|CS.SCT1  ;
;  OUT6[0]  ; MAIN:inst8|CS.SCT1  ; 9.819  ; 9.819  ; Rise       ; MAIN:inst8|CS.SCT1  ;
;  OUT6[1]  ; MAIN:inst8|CS.SCT1  ; 8.607  ; 8.607  ; Rise       ; MAIN:inst8|CS.SCT1  ;
;  OUT6[2]  ; MAIN:inst8|CS.SCT1  ; 9.194  ; 9.194  ; Rise       ; MAIN:inst8|CS.SCT1  ;
;  OUT6[3]  ; MAIN:inst8|CS.SCT1  ; 11.120 ; 11.120 ; Rise       ; MAIN:inst8|CS.SCT1  ;
;  OUT6[4]  ; MAIN:inst8|CS.SCT1  ; 10.885 ; 10.885 ; Rise       ; MAIN:inst8|CS.SCT1  ;
;  OUT6[5]  ; MAIN:inst8|CS.SCT1  ; 10.773 ; 10.773 ; Rise       ; MAIN:inst8|CS.SCT1  ;
;  OUT6[6]  ; MAIN:inst8|CS.SCT1  ; 9.009  ; 9.009  ; Rise       ; MAIN:inst8|CS.SCT1  ;
; OUT7[*]   ; MAIN:inst8|CS.SCT1  ; 10.535 ; 10.535 ; Rise       ; MAIN:inst8|CS.SCT1  ;
;  OUT7[0]  ; MAIN:inst8|CS.SCT1  ; 8.956  ; 8.956  ; Rise       ; MAIN:inst8|CS.SCT1  ;
;  OUT7[1]  ; MAIN:inst8|CS.SCT1  ; 10.244 ; 10.244 ; Rise       ; MAIN:inst8|CS.SCT1  ;
;  OUT7[2]  ; MAIN:inst8|CS.SCT1  ; 9.374  ; 9.374  ; Rise       ; MAIN:inst8|CS.SCT1  ;
;  OUT7[3]  ; MAIN:inst8|CS.SCT1  ; 8.885  ; 8.885  ; Rise       ; MAIN:inst8|CS.SCT1  ;
;  OUT7[4]  ; MAIN:inst8|CS.SCT1  ; 9.108  ; 9.108  ; Rise       ; MAIN:inst8|CS.SCT1  ;
;  OUT7[5]  ; MAIN:inst8|CS.SCT1  ; 10.535 ; 10.535 ; Rise       ; MAIN:inst8|CS.SCT1  ;
;  OUT7[6]  ; MAIN:inst8|CS.SCT1  ; 10.102 ; 10.102 ; Rise       ; MAIN:inst8|CS.SCT1  ;
; dot1      ; MAIN:inst8|CS.SCT1  ; 12.185 ; 12.185 ; Rise       ; MAIN:inst8|CS.SCT1  ;
; OUT4[*]   ; MAIN:inst8|CS.SCT1  ; 9.817  ; 9.817  ; Fall       ; MAIN:inst8|CS.SCT1  ;
;  OUT4[0]  ; MAIN:inst8|CS.SCT1  ; 8.836  ; 8.836  ; Fall       ; MAIN:inst8|CS.SCT1  ;
;  OUT4[1]  ; MAIN:inst8|CS.SCT1  ; 7.854  ; 7.854  ; Fall       ; MAIN:inst8|CS.SCT1  ;
;  OUT4[2]  ; MAIN:inst8|CS.SCT1  ; 9.443  ; 9.443  ; Fall       ; MAIN:inst8|CS.SCT1  ;
;  OUT4[3]  ; MAIN:inst8|CS.SCT1  ; 7.940  ; 7.940  ; Fall       ; MAIN:inst8|CS.SCT1  ;
;  OUT4[4]  ; MAIN:inst8|CS.SCT1  ; 7.967  ; 7.967  ; Fall       ; MAIN:inst8|CS.SCT1  ;
;  OUT4[5]  ; MAIN:inst8|CS.SCT1  ; 9.817  ; 9.817  ; Fall       ; MAIN:inst8|CS.SCT1  ;
;  OUT4[6]  ; MAIN:inst8|CS.SCT1  ; 8.277  ; 8.277  ; Fall       ; MAIN:inst8|CS.SCT1  ;
; OUT5[*]   ; MAIN:inst8|CS.SCT1  ; 10.598 ; 10.598 ; Fall       ; MAIN:inst8|CS.SCT1  ;
;  OUT5[0]  ; MAIN:inst8|CS.SCT1  ; 8.407  ; 8.407  ; Fall       ; MAIN:inst8|CS.SCT1  ;
;  OUT5[1]  ; MAIN:inst8|CS.SCT1  ; 9.041  ; 9.041  ; Fall       ; MAIN:inst8|CS.SCT1  ;
;  OUT5[2]  ; MAIN:inst8|CS.SCT1  ; 8.247  ; 8.247  ; Fall       ; MAIN:inst8|CS.SCT1  ;
;  OUT5[3]  ; MAIN:inst8|CS.SCT1  ; 8.512  ; 8.512  ; Fall       ; MAIN:inst8|CS.SCT1  ;
;  OUT5[4]  ; MAIN:inst8|CS.SCT1  ; 8.286  ; 8.286  ; Fall       ; MAIN:inst8|CS.SCT1  ;
;  OUT5[5]  ; MAIN:inst8|CS.SCT1  ; 10.598 ; 10.598 ; Fall       ; MAIN:inst8|CS.SCT1  ;
;  OUT5[6]  ; MAIN:inst8|CS.SCT1  ; 9.695  ; 9.695  ; Fall       ; MAIN:inst8|CS.SCT1  ;
; OUT6[*]   ; MAIN:inst8|CS.SCT1  ; 11.120 ; 11.120 ; Fall       ; MAIN:inst8|CS.SCT1  ;
;  OUT6[0]  ; MAIN:inst8|CS.SCT1  ; 9.819  ; 9.819  ; Fall       ; MAIN:inst8|CS.SCT1  ;
;  OUT6[1]  ; MAIN:inst8|CS.SCT1  ; 8.607  ; 8.607  ; Fall       ; MAIN:inst8|CS.SCT1  ;
;  OUT6[2]  ; MAIN:inst8|CS.SCT1  ; 9.194  ; 9.194  ; Fall       ; MAIN:inst8|CS.SCT1  ;
;  OUT6[3]  ; MAIN:inst8|CS.SCT1  ; 11.120 ; 11.120 ; Fall       ; MAIN:inst8|CS.SCT1  ;
;  OUT6[4]  ; MAIN:inst8|CS.SCT1  ; 10.885 ; 10.885 ; Fall       ; MAIN:inst8|CS.SCT1  ;
;  OUT6[5]  ; MAIN:inst8|CS.SCT1  ; 10.773 ; 10.773 ; Fall       ; MAIN:inst8|CS.SCT1  ;
;  OUT6[6]  ; MAIN:inst8|CS.SCT1  ; 9.009  ; 9.009  ; Fall       ; MAIN:inst8|CS.SCT1  ;
; OUT7[*]   ; MAIN:inst8|CS.SCT1  ; 10.535 ; 10.535 ; Fall       ; MAIN:inst8|CS.SCT1  ;
;  OUT7[0]  ; MAIN:inst8|CS.SCT1  ; 8.956  ; 8.956  ; Fall       ; MAIN:inst8|CS.SCT1  ;
;  OUT7[1]  ; MAIN:inst8|CS.SCT1  ; 10.244 ; 10.244 ; Fall       ; MAIN:inst8|CS.SCT1  ;
;  OUT7[2]  ; MAIN:inst8|CS.SCT1  ; 9.374  ; 9.374  ; Fall       ; MAIN:inst8|CS.SCT1  ;
;  OUT7[3]  ; MAIN:inst8|CS.SCT1  ; 8.885  ; 8.885  ; Fall       ; MAIN:inst8|CS.SCT1  ;
;  OUT7[4]  ; MAIN:inst8|CS.SCT1  ; 9.108  ; 9.108  ; Fall       ; MAIN:inst8|CS.SCT1  ;
;  OUT7[5]  ; MAIN:inst8|CS.SCT1  ; 10.535 ; 10.535 ; Fall       ; MAIN:inst8|CS.SCT1  ;
;  OUT7[6]  ; MAIN:inst8|CS.SCT1  ; 10.102 ; 10.102 ; Fall       ; MAIN:inst8|CS.SCT1  ;
; OUT0[*]   ; MAIN:inst8|CS.SRUN0 ; 49.898 ; 49.898 ; Fall       ; MAIN:inst8|CS.SRUN0 ;
;  OUT0[0]  ; MAIN:inst8|CS.SRUN0 ; 48.878 ; 48.878 ; Fall       ; MAIN:inst8|CS.SRUN0 ;
;  OUT0[1]  ; MAIN:inst8|CS.SRUN0 ; 49.898 ; 49.898 ; Fall       ; MAIN:inst8|CS.SRUN0 ;
;  OUT0[2]  ; MAIN:inst8|CS.SRUN0 ; 49.415 ; 49.415 ; Fall       ; MAIN:inst8|CS.SRUN0 ;
;  OUT0[3]  ; MAIN:inst8|CS.SRUN0 ; 49.833 ; 49.833 ; Fall       ; MAIN:inst8|CS.SRUN0 ;
;  OUT0[4]  ; MAIN:inst8|CS.SRUN0 ; 49.668 ; 49.668 ; Fall       ; MAIN:inst8|CS.SRUN0 ;
;  OUT0[5]  ; MAIN:inst8|CS.SRUN0 ; 49.622 ; 49.622 ; Fall       ; MAIN:inst8|CS.SRUN0 ;
;  OUT0[6]  ; MAIN:inst8|CS.SRUN0 ; 48.945 ; 48.945 ; Fall       ; MAIN:inst8|CS.SRUN0 ;
; OUT1[*]   ; MAIN:inst8|CS.SRUN0 ; 50.156 ; 50.156 ; Fall       ; MAIN:inst8|CS.SRUN0 ;
;  OUT1[0]  ; MAIN:inst8|CS.SRUN0 ; 49.780 ; 49.780 ; Fall       ; MAIN:inst8|CS.SRUN0 ;
;  OUT1[1]  ; MAIN:inst8|CS.SRUN0 ; 49.673 ; 49.673 ; Fall       ; MAIN:inst8|CS.SRUN0 ;
;  OUT1[2]  ; MAIN:inst8|CS.SRUN0 ; 49.944 ; 49.944 ; Fall       ; MAIN:inst8|CS.SRUN0 ;
;  OUT1[3]  ; MAIN:inst8|CS.SRUN0 ; 49.867 ; 49.867 ; Fall       ; MAIN:inst8|CS.SRUN0 ;
;  OUT1[4]  ; MAIN:inst8|CS.SRUN0 ; 49.990 ; 49.990 ; Fall       ; MAIN:inst8|CS.SRUN0 ;
;  OUT1[5]  ; MAIN:inst8|CS.SRUN0 ; 49.722 ; 49.722 ; Fall       ; MAIN:inst8|CS.SRUN0 ;
;  OUT1[6]  ; MAIN:inst8|CS.SRUN0 ; 50.156 ; 50.156 ; Fall       ; MAIN:inst8|CS.SRUN0 ;
; OUT2[*]   ; MAIN:inst8|CS.SRUN0 ; 43.919 ; 43.919 ; Fall       ; MAIN:inst8|CS.SRUN0 ;
;  OUT2[0]  ; MAIN:inst8|CS.SRUN0 ; 42.405 ; 42.405 ; Fall       ; MAIN:inst8|CS.SRUN0 ;
;  OUT2[1]  ; MAIN:inst8|CS.SRUN0 ; 43.919 ; 43.919 ; Fall       ; MAIN:inst8|CS.SRUN0 ;
;  OUT2[2]  ; MAIN:inst8|CS.SRUN0 ; 42.130 ; 42.130 ; Fall       ; MAIN:inst8|CS.SRUN0 ;
;  OUT2[3]  ; MAIN:inst8|CS.SRUN0 ; 41.919 ; 41.919 ; Fall       ; MAIN:inst8|CS.SRUN0 ;
;  OUT2[4]  ; MAIN:inst8|CS.SRUN0 ; 42.143 ; 42.143 ; Fall       ; MAIN:inst8|CS.SRUN0 ;
;  OUT2[5]  ; MAIN:inst8|CS.SRUN0 ; 42.372 ; 42.372 ; Fall       ; MAIN:inst8|CS.SRUN0 ;
;  OUT2[6]  ; MAIN:inst8|CS.SRUN0 ; 41.990 ; 41.990 ; Fall       ; MAIN:inst8|CS.SRUN0 ;
; OUT3[*]   ; MAIN:inst8|CS.SRUN0 ; 35.365 ; 35.365 ; Fall       ; MAIN:inst8|CS.SRUN0 ;
;  OUT3[0]  ; MAIN:inst8|CS.SRUN0 ; 35.054 ; 35.054 ; Fall       ; MAIN:inst8|CS.SRUN0 ;
;  OUT3[1]  ; MAIN:inst8|CS.SRUN0 ; 35.078 ; 35.078 ; Fall       ; MAIN:inst8|CS.SRUN0 ;
;  OUT3[2]  ; MAIN:inst8|CS.SRUN0 ; 35.070 ; 35.070 ; Fall       ; MAIN:inst8|CS.SRUN0 ;
;  OUT3[3]  ; MAIN:inst8|CS.SRUN0 ; 35.024 ; 35.024 ; Fall       ; MAIN:inst8|CS.SRUN0 ;
;  OUT3[4]  ; MAIN:inst8|CS.SRUN0 ; 35.365 ; 35.365 ; Fall       ; MAIN:inst8|CS.SRUN0 ;
;  OUT3[5]  ; MAIN:inst8|CS.SRUN0 ; 35.046 ; 35.046 ; Fall       ; MAIN:inst8|CS.SRUN0 ;
;  OUT3[6]  ; MAIN:inst8|CS.SRUN0 ; 35.046 ; 35.046 ; Fall       ; MAIN:inst8|CS.SRUN0 ;
+-----------+---------------------+--------+--------+------------+---------------------+


+------------------------------------------------------------------------------------+
; Minimum Clock to Output Times                                                      ;
+-----------+---------------------+-------+-------+------------+---------------------+
; Data Port ; Clock Port          ; Rise  ; Fall  ; Clock Edge ; Clock Reference     ;
+-----------+---------------------+-------+-------+------------+---------------------+
; OUT0[*]   ; FD2:inst1|Q1        ; 6.522 ; 6.522 ; Rise       ; FD2:inst1|Q1        ;
;  OUT0[0]  ; FD2:inst1|Q1        ; 6.523 ; 6.523 ; Rise       ; FD2:inst1|Q1        ;
;  OUT0[1]  ; FD2:inst1|Q1        ; 6.923 ; 6.923 ; Rise       ; FD2:inst1|Q1        ;
;  OUT0[2]  ; FD2:inst1|Q1        ; 6.702 ; 6.702 ; Rise       ; FD2:inst1|Q1        ;
;  OUT0[3]  ; FD2:inst1|Q1        ; 6.874 ; 6.874 ; Rise       ; FD2:inst1|Q1        ;
;  OUT0[4]  ; FD2:inst1|Q1        ; 6.850 ; 6.850 ; Rise       ; FD2:inst1|Q1        ;
;  OUT0[5]  ; FD2:inst1|Q1        ; 6.780 ; 6.780 ; Rise       ; FD2:inst1|Q1        ;
;  OUT0[6]  ; FD2:inst1|Q1        ; 6.522 ; 6.522 ; Rise       ; FD2:inst1|Q1        ;
; OUT1[*]   ; FD2:inst1|Q1        ; 6.358 ; 6.358 ; Rise       ; FD2:inst1|Q1        ;
;  OUT1[0]  ; FD2:inst1|Q1        ; 6.435 ; 6.435 ; Rise       ; FD2:inst1|Q1        ;
;  OUT1[1]  ; FD2:inst1|Q1        ; 6.358 ; 6.358 ; Rise       ; FD2:inst1|Q1        ;
;  OUT1[2]  ; FD2:inst1|Q1        ; 6.497 ; 6.497 ; Rise       ; FD2:inst1|Q1        ;
;  OUT1[3]  ; FD2:inst1|Q1        ; 6.470 ; 6.470 ; Rise       ; FD2:inst1|Q1        ;
;  OUT1[4]  ; FD2:inst1|Q1        ; 6.524 ; 6.524 ; Rise       ; FD2:inst1|Q1        ;
;  OUT1[5]  ; FD2:inst1|Q1        ; 6.423 ; 6.423 ; Rise       ; FD2:inst1|Q1        ;
;  OUT1[6]  ; FD2:inst1|Q1        ; 6.582 ; 6.582 ; Rise       ; FD2:inst1|Q1        ;
; OUT2[*]   ; FD2:inst1|Q1        ; 6.897 ; 6.897 ; Rise       ; FD2:inst1|Q1        ;
;  OUT2[0]  ; FD2:inst1|Q1        ; 7.135 ; 7.135 ; Rise       ; FD2:inst1|Q1        ;
;  OUT2[1]  ; FD2:inst1|Q1        ; 7.759 ; 7.759 ; Rise       ; FD2:inst1|Q1        ;
;  OUT2[2]  ; FD2:inst1|Q1        ; 7.025 ; 7.025 ; Rise       ; FD2:inst1|Q1        ;
;  OUT2[3]  ; FD2:inst1|Q1        ; 6.928 ; 6.928 ; Rise       ; FD2:inst1|Q1        ;
;  OUT2[4]  ; FD2:inst1|Q1        ; 6.959 ; 6.959 ; Rise       ; FD2:inst1|Q1        ;
;  OUT2[5]  ; FD2:inst1|Q1        ; 7.022 ; 7.022 ; Rise       ; FD2:inst1|Q1        ;
;  OUT2[6]  ; FD2:inst1|Q1        ; 6.897 ; 6.897 ; Rise       ; FD2:inst1|Q1        ;
; OUT3[*]   ; FD2:inst1|Q1        ; 6.004 ; 6.004 ; Rise       ; FD2:inst1|Q1        ;
;  OUT3[0]  ; FD2:inst1|Q1        ; 6.034 ; 6.034 ; Rise       ; FD2:inst1|Q1        ;
;  OUT3[1]  ; FD2:inst1|Q1        ; 6.061 ; 6.061 ; Rise       ; FD2:inst1|Q1        ;
;  OUT3[2]  ; FD2:inst1|Q1        ; 6.050 ; 6.050 ; Rise       ; FD2:inst1|Q1        ;
;  OUT3[3]  ; FD2:inst1|Q1        ; 6.004 ; 6.004 ; Rise       ; FD2:inst1|Q1        ;
;  OUT3[4]  ; FD2:inst1|Q1        ; 6.183 ; 6.183 ; Rise       ; FD2:inst1|Q1        ;
;  OUT3[5]  ; FD2:inst1|Q1        ; 6.026 ; 6.026 ; Rise       ; FD2:inst1|Q1        ;
;  OUT3[6]  ; FD2:inst1|Q1        ; 6.026 ; 6.026 ; Rise       ; FD2:inst1|Q1        ;
; OUT4[*]   ; FD2:inst1|Q1        ; 5.933 ; 5.933 ; Rise       ; FD2:inst1|Q1        ;
;  OUT4[0]  ; FD2:inst1|Q1        ; 6.359 ; 6.359 ; Rise       ; FD2:inst1|Q1        ;
;  OUT4[1]  ; FD2:inst1|Q1        ; 5.933 ; 5.933 ; Rise       ; FD2:inst1|Q1        ;
;  OUT4[2]  ; FD2:inst1|Q1        ; 6.613 ; 6.613 ; Rise       ; FD2:inst1|Q1        ;
;  OUT4[3]  ; FD2:inst1|Q1        ; 5.962 ; 5.962 ; Rise       ; FD2:inst1|Q1        ;
;  OUT4[4]  ; FD2:inst1|Q1        ; 5.983 ; 5.983 ; Rise       ; FD2:inst1|Q1        ;
;  OUT4[5]  ; FD2:inst1|Q1        ; 6.739 ; 6.739 ; Rise       ; FD2:inst1|Q1        ;
;  OUT4[6]  ; FD2:inst1|Q1        ; 6.136 ; 6.136 ; Rise       ; FD2:inst1|Q1        ;
; OUT5[*]   ; FD2:inst1|Q1        ; 6.204 ; 6.204 ; Rise       ; FD2:inst1|Q1        ;
;  OUT5[0]  ; FD2:inst1|Q1        ; 6.283 ; 6.283 ; Rise       ; FD2:inst1|Q1        ;
;  OUT5[1]  ; FD2:inst1|Q1        ; 6.556 ; 6.556 ; Rise       ; FD2:inst1|Q1        ;
;  OUT5[2]  ; FD2:inst1|Q1        ; 6.204 ; 6.204 ; Rise       ; FD2:inst1|Q1        ;
;  OUT5[3]  ; FD2:inst1|Q1        ; 6.326 ; 6.326 ; Rise       ; FD2:inst1|Q1        ;
;  OUT5[4]  ; FD2:inst1|Q1        ; 6.231 ; 6.231 ; Rise       ; FD2:inst1|Q1        ;
;  OUT5[5]  ; FD2:inst1|Q1        ; 7.397 ; 7.397 ; Rise       ; FD2:inst1|Q1        ;
;  OUT5[6]  ; FD2:inst1|Q1        ; 6.937 ; 6.937 ; Rise       ; FD2:inst1|Q1        ;
; OUT6[*]   ; FD2:inst1|Q1        ; 5.732 ; 5.732 ; Rise       ; FD2:inst1|Q1        ;
;  OUT6[0]  ; FD2:inst1|Q1        ; 6.371 ; 6.371 ; Rise       ; FD2:inst1|Q1        ;
;  OUT6[1]  ; FD2:inst1|Q1        ; 5.732 ; 5.732 ; Rise       ; FD2:inst1|Q1        ;
;  OUT6[2]  ; FD2:inst1|Q1        ; 6.000 ; 6.000 ; Rise       ; FD2:inst1|Q1        ;
;  OUT6[3]  ; FD2:inst1|Q1        ; 6.880 ; 6.880 ; Rise       ; FD2:inst1|Q1        ;
;  OUT6[4]  ; FD2:inst1|Q1        ; 6.883 ; 6.883 ; Rise       ; FD2:inst1|Q1        ;
;  OUT6[5]  ; FD2:inst1|Q1        ; 6.785 ; 6.785 ; Rise       ; FD2:inst1|Q1        ;
;  OUT6[6]  ; FD2:inst1|Q1        ; 5.932 ; 5.932 ; Rise       ; FD2:inst1|Q1        ;
; OUT7[*]   ; FD2:inst1|Q1        ; 6.179 ; 6.179 ; Rise       ; FD2:inst1|Q1        ;
;  OUT7[0]  ; FD2:inst1|Q1        ; 6.187 ; 6.187 ; Rise       ; FD2:inst1|Q1        ;
;  OUT7[1]  ; FD2:inst1|Q1        ; 6.764 ; 6.764 ; Rise       ; FD2:inst1|Q1        ;
;  OUT7[2]  ; FD2:inst1|Q1        ; 6.392 ; 6.392 ; Rise       ; FD2:inst1|Q1        ;
;  OUT7[3]  ; FD2:inst1|Q1        ; 6.179 ; 6.179 ; Rise       ; FD2:inst1|Q1        ;
;  OUT7[4]  ; FD2:inst1|Q1        ; 6.257 ; 6.257 ; Rise       ; FD2:inst1|Q1        ;
;  OUT7[5]  ; FD2:inst1|Q1        ; 6.905 ; 6.905 ; Rise       ; FD2:inst1|Q1        ;
;  OUT7[6]  ; FD2:inst1|Q1        ; 6.670 ; 6.670 ; Rise       ; FD2:inst1|Q1        ;
; OUT0[*]   ; FD:inst|Q1          ; 6.529 ; 6.529 ; Rise       ; FD:inst|Q1          ;
;  OUT0[0]  ; FD:inst|Q1          ; 6.530 ; 6.530 ; Rise       ; FD:inst|Q1          ;
;  OUT0[1]  ; FD:inst|Q1          ; 6.930 ; 6.930 ; Rise       ; FD:inst|Q1          ;
;  OUT0[2]  ; FD:inst|Q1          ; 6.709 ; 6.709 ; Rise       ; FD:inst|Q1          ;
;  OUT0[3]  ; FD:inst|Q1          ; 6.881 ; 6.881 ; Rise       ; FD:inst|Q1          ;
;  OUT0[4]  ; FD:inst|Q1          ; 6.857 ; 6.857 ; Rise       ; FD:inst|Q1          ;
;  OUT0[5]  ; FD:inst|Q1          ; 6.787 ; 6.787 ; Rise       ; FD:inst|Q1          ;
;  OUT0[6]  ; FD:inst|Q1          ; 6.529 ; 6.529 ; Rise       ; FD:inst|Q1          ;
; OUT1[*]   ; FD:inst|Q1          ; 6.498 ; 6.498 ; Rise       ; FD:inst|Q1          ;
;  OUT1[0]  ; FD:inst|Q1          ; 6.575 ; 6.575 ; Rise       ; FD:inst|Q1          ;
;  OUT1[1]  ; FD:inst|Q1          ; 6.498 ; 6.498 ; Rise       ; FD:inst|Q1          ;
;  OUT1[2]  ; FD:inst|Q1          ; 6.637 ; 6.637 ; Rise       ; FD:inst|Q1          ;
;  OUT1[3]  ; FD:inst|Q1          ; 6.610 ; 6.610 ; Rise       ; FD:inst|Q1          ;
;  OUT1[4]  ; FD:inst|Q1          ; 6.664 ; 6.664 ; Rise       ; FD:inst|Q1          ;
;  OUT1[5]  ; FD:inst|Q1          ; 6.563 ; 6.563 ; Rise       ; FD:inst|Q1          ;
;  OUT1[6]  ; FD:inst|Q1          ; 6.722 ; 6.722 ; Rise       ; FD:inst|Q1          ;
; OUT2[*]   ; FD:inst|Q1          ; 6.289 ; 6.289 ; Rise       ; FD:inst|Q1          ;
;  OUT2[0]  ; FD:inst|Q1          ; 6.528 ; 6.528 ; Rise       ; FD:inst|Q1          ;
;  OUT2[1]  ; FD:inst|Q1          ; 7.151 ; 7.151 ; Rise       ; FD:inst|Q1          ;
;  OUT2[2]  ; FD:inst|Q1          ; 6.411 ; 6.411 ; Rise       ; FD:inst|Q1          ;
;  OUT2[3]  ; FD:inst|Q1          ; 6.317 ; 6.317 ; Rise       ; FD:inst|Q1          ;
;  OUT2[4]  ; FD:inst|Q1          ; 6.348 ; 6.348 ; Rise       ; FD:inst|Q1          ;
;  OUT2[5]  ; FD:inst|Q1          ; 6.411 ; 6.411 ; Rise       ; FD:inst|Q1          ;
;  OUT2[6]  ; FD:inst|Q1          ; 6.289 ; 6.289 ; Rise       ; FD:inst|Q1          ;
; OUT3[*]   ; FD:inst|Q1          ; 5.213 ; 5.213 ; Rise       ; FD:inst|Q1          ;
;  OUT3[0]  ; FD:inst|Q1          ; 5.243 ; 5.243 ; Rise       ; FD:inst|Q1          ;
;  OUT3[1]  ; FD:inst|Q1          ; 5.270 ; 5.270 ; Rise       ; FD:inst|Q1          ;
;  OUT3[2]  ; FD:inst|Q1          ; 5.259 ; 5.259 ; Rise       ; FD:inst|Q1          ;
;  OUT3[3]  ; FD:inst|Q1          ; 5.213 ; 5.213 ; Rise       ; FD:inst|Q1          ;
;  OUT3[4]  ; FD:inst|Q1          ; 5.392 ; 5.392 ; Rise       ; FD:inst|Q1          ;
;  OUT3[5]  ; FD:inst|Q1          ; 5.235 ; 5.235 ; Rise       ; FD:inst|Q1          ;
;  OUT3[6]  ; FD:inst|Q1          ; 5.235 ; 5.235 ; Rise       ; FD:inst|Q1          ;
; OUT4[*]   ; FD:inst|Q1          ; 5.327 ; 5.327 ; Rise       ; FD:inst|Q1          ;
;  OUT4[0]  ; FD:inst|Q1          ; 5.753 ; 5.753 ; Rise       ; FD:inst|Q1          ;
;  OUT4[1]  ; FD:inst|Q1          ; 5.327 ; 5.327 ; Rise       ; FD:inst|Q1          ;
;  OUT4[2]  ; FD:inst|Q1          ; 6.007 ; 6.007 ; Rise       ; FD:inst|Q1          ;
;  OUT4[3]  ; FD:inst|Q1          ; 5.356 ; 5.356 ; Rise       ; FD:inst|Q1          ;
;  OUT4[4]  ; FD:inst|Q1          ; 5.377 ; 5.377 ; Rise       ; FD:inst|Q1          ;
;  OUT4[5]  ; FD:inst|Q1          ; 6.133 ; 6.133 ; Rise       ; FD:inst|Q1          ;
;  OUT4[6]  ; FD:inst|Q1          ; 5.530 ; 5.530 ; Rise       ; FD:inst|Q1          ;
; OUT5[*]   ; FD:inst|Q1          ; 5.511 ; 5.511 ; Rise       ; FD:inst|Q1          ;
;  OUT5[0]  ; FD:inst|Q1          ; 5.592 ; 5.592 ; Rise       ; FD:inst|Q1          ;
;  OUT5[1]  ; FD:inst|Q1          ; 5.864 ; 5.864 ; Rise       ; FD:inst|Q1          ;
;  OUT5[2]  ; FD:inst|Q1          ; 5.511 ; 5.511 ; Rise       ; FD:inst|Q1          ;
;  OUT5[3]  ; FD:inst|Q1          ; 5.635 ; 5.635 ; Rise       ; FD:inst|Q1          ;
;  OUT5[4]  ; FD:inst|Q1          ; 5.535 ; 5.535 ; Rise       ; FD:inst|Q1          ;
;  OUT5[5]  ; FD:inst|Q1          ; 6.706 ; 6.706 ; Rise       ; FD:inst|Q1          ;
;  OUT5[6]  ; FD:inst|Q1          ; 6.243 ; 6.243 ; Rise       ; FD:inst|Q1          ;
; OUT6[*]   ; FD:inst|Q1          ; 5.693 ; 5.693 ; Rise       ; FD:inst|Q1          ;
;  OUT6[0]  ; FD:inst|Q1          ; 6.332 ; 6.332 ; Rise       ; FD:inst|Q1          ;
;  OUT6[1]  ; FD:inst|Q1          ; 5.693 ; 5.693 ; Rise       ; FD:inst|Q1          ;
;  OUT6[2]  ; FD:inst|Q1          ; 5.961 ; 5.961 ; Rise       ; FD:inst|Q1          ;
;  OUT6[3]  ; FD:inst|Q1          ; 6.841 ; 6.841 ; Rise       ; FD:inst|Q1          ;
;  OUT6[4]  ; FD:inst|Q1          ; 6.844 ; 6.844 ; Rise       ; FD:inst|Q1          ;
;  OUT6[5]  ; FD:inst|Q1          ; 6.746 ; 6.746 ; Rise       ; FD:inst|Q1          ;
;  OUT6[6]  ; FD:inst|Q1          ; 5.893 ; 5.893 ; Rise       ; FD:inst|Q1          ;
; OUT7[*]   ; FD:inst|Q1          ; 6.275 ; 6.275 ; Rise       ; FD:inst|Q1          ;
;  OUT7[0]  ; FD:inst|Q1          ; 6.282 ; 6.282 ; Rise       ; FD:inst|Q1          ;
;  OUT7[1]  ; FD:inst|Q1          ; 6.860 ; 6.860 ; Rise       ; FD:inst|Q1          ;
;  OUT7[2]  ; FD:inst|Q1          ; 6.488 ; 6.488 ; Rise       ; FD:inst|Q1          ;
;  OUT7[3]  ; FD:inst|Q1          ; 6.275 ; 6.275 ; Rise       ; FD:inst|Q1          ;
;  OUT7[4]  ; FD:inst|Q1          ; 6.353 ; 6.353 ; Rise       ; FD:inst|Q1          ;
;  OUT7[5]  ; FD:inst|Q1          ; 7.001 ; 7.001 ; Rise       ; FD:inst|Q1          ;
;  OUT7[6]  ; FD:inst|Q1          ; 6.768 ; 6.768 ; Rise       ; FD:inst|Q1          ;
; OUT4[*]   ; MAIN:inst8|CS.SCT0  ; 3.583 ; 3.583 ; Rise       ; MAIN:inst8|CS.SCT0  ;
;  OUT4[0]  ; MAIN:inst8|CS.SCT0  ; 4.009 ; 4.009 ; Rise       ; MAIN:inst8|CS.SCT0  ;
;  OUT4[1]  ; MAIN:inst8|CS.SCT0  ; 3.583 ; 3.583 ; Rise       ; MAIN:inst8|CS.SCT0  ;
;  OUT4[2]  ; MAIN:inst8|CS.SCT0  ; 4.263 ; 4.263 ; Rise       ; MAIN:inst8|CS.SCT0  ;
;  OUT4[3]  ; MAIN:inst8|CS.SCT0  ; 3.612 ; 3.612 ; Rise       ; MAIN:inst8|CS.SCT0  ;
;  OUT4[4]  ; MAIN:inst8|CS.SCT0  ; 3.633 ; 3.633 ; Rise       ; MAIN:inst8|CS.SCT0  ;
;  OUT4[5]  ; MAIN:inst8|CS.SCT0  ; 4.389 ; 4.389 ; Rise       ; MAIN:inst8|CS.SCT0  ;
;  OUT4[6]  ; MAIN:inst8|CS.SCT0  ; 3.786 ; 3.786 ; Rise       ; MAIN:inst8|CS.SCT0  ;
; OUT5[*]   ; MAIN:inst8|CS.SCT0  ; 3.574 ; 3.574 ; Rise       ; MAIN:inst8|CS.SCT0  ;
;  OUT5[0]  ; MAIN:inst8|CS.SCT0  ; 3.653 ; 3.653 ; Rise       ; MAIN:inst8|CS.SCT0  ;
;  OUT5[1]  ; MAIN:inst8|CS.SCT0  ; 3.926 ; 3.926 ; Rise       ; MAIN:inst8|CS.SCT0  ;
;  OUT5[2]  ; MAIN:inst8|CS.SCT0  ; 3.574 ; 3.574 ; Rise       ; MAIN:inst8|CS.SCT0  ;
;  OUT5[3]  ; MAIN:inst8|CS.SCT0  ; 3.696 ; 3.696 ; Rise       ; MAIN:inst8|CS.SCT0  ;
;  OUT5[4]  ; MAIN:inst8|CS.SCT0  ; 3.601 ; 3.601 ; Rise       ; MAIN:inst8|CS.SCT0  ;
;  OUT5[5]  ; MAIN:inst8|CS.SCT0  ; 4.767 ; 4.767 ; Rise       ; MAIN:inst8|CS.SCT0  ;
;  OUT5[6]  ; MAIN:inst8|CS.SCT0  ; 4.307 ; 4.307 ; Rise       ; MAIN:inst8|CS.SCT0  ;
; OUT6[*]   ; MAIN:inst8|CS.SCT0  ; 4.003 ; 4.003 ; Rise       ; MAIN:inst8|CS.SCT0  ;
;  OUT6[0]  ; MAIN:inst8|CS.SCT0  ; 4.642 ; 4.642 ; Rise       ; MAIN:inst8|CS.SCT0  ;
;  OUT6[1]  ; MAIN:inst8|CS.SCT0  ; 4.003 ; 4.003 ; Rise       ; MAIN:inst8|CS.SCT0  ;
;  OUT6[2]  ; MAIN:inst8|CS.SCT0  ; 4.271 ; 4.271 ; Rise       ; MAIN:inst8|CS.SCT0  ;
;  OUT6[3]  ; MAIN:inst8|CS.SCT0  ; 5.151 ; 5.151 ; Rise       ; MAIN:inst8|CS.SCT0  ;
;  OUT6[4]  ; MAIN:inst8|CS.SCT0  ; 5.154 ; 5.154 ; Rise       ; MAIN:inst8|CS.SCT0  ;
;  OUT6[5]  ; MAIN:inst8|CS.SCT0  ; 5.056 ; 5.056 ; Rise       ; MAIN:inst8|CS.SCT0  ;
;  OUT6[6]  ; MAIN:inst8|CS.SCT0  ; 4.203 ; 4.203 ; Rise       ; MAIN:inst8|CS.SCT0  ;
; OUT7[*]   ; MAIN:inst8|CS.SCT0  ; 4.117 ; 4.117 ; Rise       ; MAIN:inst8|CS.SCT0  ;
;  OUT7[0]  ; MAIN:inst8|CS.SCT0  ; 4.124 ; 4.124 ; Rise       ; MAIN:inst8|CS.SCT0  ;
;  OUT7[1]  ; MAIN:inst8|CS.SCT0  ; 4.707 ; 4.707 ; Rise       ; MAIN:inst8|CS.SCT0  ;
;  OUT7[2]  ; MAIN:inst8|CS.SCT0  ; 4.326 ; 4.326 ; Rise       ; MAIN:inst8|CS.SCT0  ;
;  OUT7[3]  ; MAIN:inst8|CS.SCT0  ; 4.117 ; 4.117 ; Rise       ; MAIN:inst8|CS.SCT0  ;
;  OUT7[4]  ; MAIN:inst8|CS.SCT0  ; 4.192 ; 4.192 ; Rise       ; MAIN:inst8|CS.SCT0  ;
;  OUT7[5]  ; MAIN:inst8|CS.SCT0  ; 4.852 ; 4.852 ; Rise       ; MAIN:inst8|CS.SCT0  ;
;  OUT7[6]  ; MAIN:inst8|CS.SCT0  ; 4.622 ; 4.622 ; Rise       ; MAIN:inst8|CS.SCT0  ;
; dot1      ; MAIN:inst8|CS.SCT0  ; 5.951 ; 5.951 ; Rise       ; MAIN:inst8|CS.SCT0  ;
; OUT4[*]   ; MAIN:inst8|CS.SCT0  ; 3.583 ; 3.583 ; Fall       ; MAIN:inst8|CS.SCT0  ;
;  OUT4[0]  ; MAIN:inst8|CS.SCT0  ; 4.009 ; 4.009 ; Fall       ; MAIN:inst8|CS.SCT0  ;
;  OUT4[1]  ; MAIN:inst8|CS.SCT0  ; 3.583 ; 3.583 ; Fall       ; MAIN:inst8|CS.SCT0  ;
;  OUT4[2]  ; MAIN:inst8|CS.SCT0  ; 4.263 ; 4.263 ; Fall       ; MAIN:inst8|CS.SCT0  ;
;  OUT4[3]  ; MAIN:inst8|CS.SCT0  ; 3.612 ; 3.612 ; Fall       ; MAIN:inst8|CS.SCT0  ;
;  OUT4[4]  ; MAIN:inst8|CS.SCT0  ; 3.633 ; 3.633 ; Fall       ; MAIN:inst8|CS.SCT0  ;
;  OUT4[5]  ; MAIN:inst8|CS.SCT0  ; 4.389 ; 4.389 ; Fall       ; MAIN:inst8|CS.SCT0  ;
;  OUT4[6]  ; MAIN:inst8|CS.SCT0  ; 3.786 ; 3.786 ; Fall       ; MAIN:inst8|CS.SCT0  ;
; OUT5[*]   ; MAIN:inst8|CS.SCT0  ; 3.574 ; 3.574 ; Fall       ; MAIN:inst8|CS.SCT0  ;
;  OUT5[0]  ; MAIN:inst8|CS.SCT0  ; 3.653 ; 3.653 ; Fall       ; MAIN:inst8|CS.SCT0  ;
;  OUT5[1]  ; MAIN:inst8|CS.SCT0  ; 3.926 ; 3.926 ; Fall       ; MAIN:inst8|CS.SCT0  ;
;  OUT5[2]  ; MAIN:inst8|CS.SCT0  ; 3.574 ; 3.574 ; Fall       ; MAIN:inst8|CS.SCT0  ;
;  OUT5[3]  ; MAIN:inst8|CS.SCT0  ; 3.696 ; 3.696 ; Fall       ; MAIN:inst8|CS.SCT0  ;
;  OUT5[4]  ; MAIN:inst8|CS.SCT0  ; 3.601 ; 3.601 ; Fall       ; MAIN:inst8|CS.SCT0  ;
;  OUT5[5]  ; MAIN:inst8|CS.SCT0  ; 4.767 ; 4.767 ; Fall       ; MAIN:inst8|CS.SCT0  ;
;  OUT5[6]  ; MAIN:inst8|CS.SCT0  ; 4.307 ; 4.307 ; Fall       ; MAIN:inst8|CS.SCT0  ;
; OUT6[*]   ; MAIN:inst8|CS.SCT0  ; 4.003 ; 4.003 ; Fall       ; MAIN:inst8|CS.SCT0  ;
;  OUT6[0]  ; MAIN:inst8|CS.SCT0  ; 4.642 ; 4.642 ; Fall       ; MAIN:inst8|CS.SCT0  ;
;  OUT6[1]  ; MAIN:inst8|CS.SCT0  ; 4.003 ; 4.003 ; Fall       ; MAIN:inst8|CS.SCT0  ;
;  OUT6[2]  ; MAIN:inst8|CS.SCT0  ; 4.271 ; 4.271 ; Fall       ; MAIN:inst8|CS.SCT0  ;
;  OUT6[3]  ; MAIN:inst8|CS.SCT0  ; 5.151 ; 5.151 ; Fall       ; MAIN:inst8|CS.SCT0  ;
;  OUT6[4]  ; MAIN:inst8|CS.SCT0  ; 5.154 ; 5.154 ; Fall       ; MAIN:inst8|CS.SCT0  ;
;  OUT6[5]  ; MAIN:inst8|CS.SCT0  ; 5.056 ; 5.056 ; Fall       ; MAIN:inst8|CS.SCT0  ;
;  OUT6[6]  ; MAIN:inst8|CS.SCT0  ; 4.203 ; 4.203 ; Fall       ; MAIN:inst8|CS.SCT0  ;
; OUT7[*]   ; MAIN:inst8|CS.SCT0  ; 4.117 ; 4.117 ; Fall       ; MAIN:inst8|CS.SCT0  ;
;  OUT7[0]  ; MAIN:inst8|CS.SCT0  ; 4.124 ; 4.124 ; Fall       ; MAIN:inst8|CS.SCT0  ;
;  OUT7[1]  ; MAIN:inst8|CS.SCT0  ; 4.707 ; 4.707 ; Fall       ; MAIN:inst8|CS.SCT0  ;
;  OUT7[2]  ; MAIN:inst8|CS.SCT0  ; 4.326 ; 4.326 ; Fall       ; MAIN:inst8|CS.SCT0  ;
;  OUT7[3]  ; MAIN:inst8|CS.SCT0  ; 4.117 ; 4.117 ; Fall       ; MAIN:inst8|CS.SCT0  ;
;  OUT7[4]  ; MAIN:inst8|CS.SCT0  ; 4.192 ; 4.192 ; Fall       ; MAIN:inst8|CS.SCT0  ;
;  OUT7[5]  ; MAIN:inst8|CS.SCT0  ; 4.852 ; 4.852 ; Fall       ; MAIN:inst8|CS.SCT0  ;
;  OUT7[6]  ; MAIN:inst8|CS.SCT0  ; 4.622 ; 4.622 ; Fall       ; MAIN:inst8|CS.SCT0  ;
; OUT4[*]   ; MAIN:inst8|CS.SCT1  ; 3.714 ; 3.714 ; Rise       ; MAIN:inst8|CS.SCT1  ;
;  OUT4[0]  ; MAIN:inst8|CS.SCT1  ; 4.140 ; 4.140 ; Rise       ; MAIN:inst8|CS.SCT1  ;
;  OUT4[1]  ; MAIN:inst8|CS.SCT1  ; 3.714 ; 3.714 ; Rise       ; MAIN:inst8|CS.SCT1  ;
;  OUT4[2]  ; MAIN:inst8|CS.SCT1  ; 4.394 ; 4.394 ; Rise       ; MAIN:inst8|CS.SCT1  ;
;  OUT4[3]  ; MAIN:inst8|CS.SCT1  ; 3.743 ; 3.743 ; Rise       ; MAIN:inst8|CS.SCT1  ;
;  OUT4[4]  ; MAIN:inst8|CS.SCT1  ; 3.764 ; 3.764 ; Rise       ; MAIN:inst8|CS.SCT1  ;
;  OUT4[5]  ; MAIN:inst8|CS.SCT1  ; 4.520 ; 4.520 ; Rise       ; MAIN:inst8|CS.SCT1  ;
;  OUT4[6]  ; MAIN:inst8|CS.SCT1  ; 3.917 ; 3.917 ; Rise       ; MAIN:inst8|CS.SCT1  ;
; OUT5[*]   ; MAIN:inst8|CS.SCT1  ; 3.705 ; 3.705 ; Rise       ; MAIN:inst8|CS.SCT1  ;
;  OUT5[0]  ; MAIN:inst8|CS.SCT1  ; 3.784 ; 3.784 ; Rise       ; MAIN:inst8|CS.SCT1  ;
;  OUT5[1]  ; MAIN:inst8|CS.SCT1  ; 4.057 ; 4.057 ; Rise       ; MAIN:inst8|CS.SCT1  ;
;  OUT5[2]  ; MAIN:inst8|CS.SCT1  ; 3.705 ; 3.705 ; Rise       ; MAIN:inst8|CS.SCT1  ;
;  OUT5[3]  ; MAIN:inst8|CS.SCT1  ; 3.827 ; 3.827 ; Rise       ; MAIN:inst8|CS.SCT1  ;
;  OUT5[4]  ; MAIN:inst8|CS.SCT1  ; 3.732 ; 3.732 ; Rise       ; MAIN:inst8|CS.SCT1  ;
;  OUT5[5]  ; MAIN:inst8|CS.SCT1  ; 4.898 ; 4.898 ; Rise       ; MAIN:inst8|CS.SCT1  ;
;  OUT5[6]  ; MAIN:inst8|CS.SCT1  ; 4.438 ; 4.438 ; Rise       ; MAIN:inst8|CS.SCT1  ;
; OUT6[*]   ; MAIN:inst8|CS.SCT1  ; 4.134 ; 4.134 ; Rise       ; MAIN:inst8|CS.SCT1  ;
;  OUT6[0]  ; MAIN:inst8|CS.SCT1  ; 4.773 ; 4.773 ; Rise       ; MAIN:inst8|CS.SCT1  ;
;  OUT6[1]  ; MAIN:inst8|CS.SCT1  ; 4.134 ; 4.134 ; Rise       ; MAIN:inst8|CS.SCT1  ;
;  OUT6[2]  ; MAIN:inst8|CS.SCT1  ; 4.402 ; 4.402 ; Rise       ; MAIN:inst8|CS.SCT1  ;
;  OUT6[3]  ; MAIN:inst8|CS.SCT1  ; 5.282 ; 5.282 ; Rise       ; MAIN:inst8|CS.SCT1  ;
;  OUT6[4]  ; MAIN:inst8|CS.SCT1  ; 5.285 ; 5.285 ; Rise       ; MAIN:inst8|CS.SCT1  ;
;  OUT6[5]  ; MAIN:inst8|CS.SCT1  ; 5.187 ; 5.187 ; Rise       ; MAIN:inst8|CS.SCT1  ;
;  OUT6[6]  ; MAIN:inst8|CS.SCT1  ; 4.334 ; 4.334 ; Rise       ; MAIN:inst8|CS.SCT1  ;
; OUT7[*]   ; MAIN:inst8|CS.SCT1  ; 4.248 ; 4.248 ; Rise       ; MAIN:inst8|CS.SCT1  ;
;  OUT7[0]  ; MAIN:inst8|CS.SCT1  ; 4.255 ; 4.255 ; Rise       ; MAIN:inst8|CS.SCT1  ;
;  OUT7[1]  ; MAIN:inst8|CS.SCT1  ; 4.838 ; 4.838 ; Rise       ; MAIN:inst8|CS.SCT1  ;
;  OUT7[2]  ; MAIN:inst8|CS.SCT1  ; 4.457 ; 4.457 ; Rise       ; MAIN:inst8|CS.SCT1  ;
;  OUT7[3]  ; MAIN:inst8|CS.SCT1  ; 4.248 ; 4.248 ; Rise       ; MAIN:inst8|CS.SCT1  ;
;  OUT7[4]  ; MAIN:inst8|CS.SCT1  ; 4.323 ; 4.323 ; Rise       ; MAIN:inst8|CS.SCT1  ;
;  OUT7[5]  ; MAIN:inst8|CS.SCT1  ; 4.983 ; 4.983 ; Rise       ; MAIN:inst8|CS.SCT1  ;
;  OUT7[6]  ; MAIN:inst8|CS.SCT1  ; 4.753 ; 4.753 ; Rise       ; MAIN:inst8|CS.SCT1  ;
; dot1      ; MAIN:inst8|CS.SCT1  ; 5.956 ; 5.956 ; Rise       ; MAIN:inst8|CS.SCT1  ;
; OUT4[*]   ; MAIN:inst8|CS.SCT1  ; 3.714 ; 3.714 ; Fall       ; MAIN:inst8|CS.SCT1  ;
;  OUT4[0]  ; MAIN:inst8|CS.SCT1  ; 4.140 ; 4.140 ; Fall       ; MAIN:inst8|CS.SCT1  ;
;  OUT4[1]  ; MAIN:inst8|CS.SCT1  ; 3.714 ; 3.714 ; Fall       ; MAIN:inst8|CS.SCT1  ;
;  OUT4[2]  ; MAIN:inst8|CS.SCT1  ; 4.394 ; 4.394 ; Fall       ; MAIN:inst8|CS.SCT1  ;
;  OUT4[3]  ; MAIN:inst8|CS.SCT1  ; 3.743 ; 3.743 ; Fall       ; MAIN:inst8|CS.SCT1  ;
;  OUT4[4]  ; MAIN:inst8|CS.SCT1  ; 3.764 ; 3.764 ; Fall       ; MAIN:inst8|CS.SCT1  ;
;  OUT4[5]  ; MAIN:inst8|CS.SCT1  ; 4.520 ; 4.520 ; Fall       ; MAIN:inst8|CS.SCT1  ;
;  OUT4[6]  ; MAIN:inst8|CS.SCT1  ; 3.917 ; 3.917 ; Fall       ; MAIN:inst8|CS.SCT1  ;
; OUT5[*]   ; MAIN:inst8|CS.SCT1  ; 3.705 ; 3.705 ; Fall       ; MAIN:inst8|CS.SCT1  ;
;  OUT5[0]  ; MAIN:inst8|CS.SCT1  ; 3.784 ; 3.784 ; Fall       ; MAIN:inst8|CS.SCT1  ;
;  OUT5[1]  ; MAIN:inst8|CS.SCT1  ; 4.057 ; 4.057 ; Fall       ; MAIN:inst8|CS.SCT1  ;
;  OUT5[2]  ; MAIN:inst8|CS.SCT1  ; 3.705 ; 3.705 ; Fall       ; MAIN:inst8|CS.SCT1  ;
;  OUT5[3]  ; MAIN:inst8|CS.SCT1  ; 3.827 ; 3.827 ; Fall       ; MAIN:inst8|CS.SCT1  ;
;  OUT5[4]  ; MAIN:inst8|CS.SCT1  ; 3.732 ; 3.732 ; Fall       ; MAIN:inst8|CS.SCT1  ;
;  OUT5[5]  ; MAIN:inst8|CS.SCT1  ; 4.898 ; 4.898 ; Fall       ; MAIN:inst8|CS.SCT1  ;
;  OUT5[6]  ; MAIN:inst8|CS.SCT1  ; 4.438 ; 4.438 ; Fall       ; MAIN:inst8|CS.SCT1  ;
; OUT6[*]   ; MAIN:inst8|CS.SCT1  ; 4.134 ; 4.134 ; Fall       ; MAIN:inst8|CS.SCT1  ;
;  OUT6[0]  ; MAIN:inst8|CS.SCT1  ; 4.773 ; 4.773 ; Fall       ; MAIN:inst8|CS.SCT1  ;
;  OUT6[1]  ; MAIN:inst8|CS.SCT1  ; 4.134 ; 4.134 ; Fall       ; MAIN:inst8|CS.SCT1  ;
;  OUT6[2]  ; MAIN:inst8|CS.SCT1  ; 4.402 ; 4.402 ; Fall       ; MAIN:inst8|CS.SCT1  ;
;  OUT6[3]  ; MAIN:inst8|CS.SCT1  ; 5.282 ; 5.282 ; Fall       ; MAIN:inst8|CS.SCT1  ;
;  OUT6[4]  ; MAIN:inst8|CS.SCT1  ; 5.285 ; 5.285 ; Fall       ; MAIN:inst8|CS.SCT1  ;
;  OUT6[5]  ; MAIN:inst8|CS.SCT1  ; 5.187 ; 5.187 ; Fall       ; MAIN:inst8|CS.SCT1  ;
;  OUT6[6]  ; MAIN:inst8|CS.SCT1  ; 4.334 ; 4.334 ; Fall       ; MAIN:inst8|CS.SCT1  ;
; OUT7[*]   ; MAIN:inst8|CS.SCT1  ; 4.248 ; 4.248 ; Fall       ; MAIN:inst8|CS.SCT1  ;
;  OUT7[0]  ; MAIN:inst8|CS.SCT1  ; 4.255 ; 4.255 ; Fall       ; MAIN:inst8|CS.SCT1  ;
;  OUT7[1]  ; MAIN:inst8|CS.SCT1  ; 4.838 ; 4.838 ; Fall       ; MAIN:inst8|CS.SCT1  ;
;  OUT7[2]  ; MAIN:inst8|CS.SCT1  ; 4.457 ; 4.457 ; Fall       ; MAIN:inst8|CS.SCT1  ;
;  OUT7[3]  ; MAIN:inst8|CS.SCT1  ; 4.248 ; 4.248 ; Fall       ; MAIN:inst8|CS.SCT1  ;
;  OUT7[4]  ; MAIN:inst8|CS.SCT1  ; 4.323 ; 4.323 ; Fall       ; MAIN:inst8|CS.SCT1  ;
;  OUT7[5]  ; MAIN:inst8|CS.SCT1  ; 4.983 ; 4.983 ; Fall       ; MAIN:inst8|CS.SCT1  ;
;  OUT7[6]  ; MAIN:inst8|CS.SCT1  ; 4.753 ; 4.753 ; Fall       ; MAIN:inst8|CS.SCT1  ;
; OUT0[*]   ; MAIN:inst8|CS.SRUN0 ; 7.914 ; 7.914 ; Fall       ; MAIN:inst8|CS.SRUN0 ;
;  OUT0[0]  ; MAIN:inst8|CS.SRUN0 ; 7.914 ; 7.914 ; Fall       ; MAIN:inst8|CS.SRUN0 ;
;  OUT0[1]  ; MAIN:inst8|CS.SRUN0 ; 8.327 ; 8.327 ; Fall       ; MAIN:inst8|CS.SRUN0 ;
;  OUT0[2]  ; MAIN:inst8|CS.SRUN0 ; 8.087 ; 8.087 ; Fall       ; MAIN:inst8|CS.SRUN0 ;
;  OUT0[3]  ; MAIN:inst8|CS.SRUN0 ; 8.275 ; 8.275 ; Fall       ; MAIN:inst8|CS.SRUN0 ;
;  OUT0[4]  ; MAIN:inst8|CS.SRUN0 ; 8.238 ; 8.238 ; Fall       ; MAIN:inst8|CS.SRUN0 ;
;  OUT0[5]  ; MAIN:inst8|CS.SRUN0 ; 8.165 ; 8.165 ; Fall       ; MAIN:inst8|CS.SRUN0 ;
;  OUT0[6]  ; MAIN:inst8|CS.SRUN0 ; 7.922 ; 7.922 ; Fall       ; MAIN:inst8|CS.SRUN0 ;
; OUT1[*]   ; MAIN:inst8|CS.SRUN0 ; 8.556 ; 8.556 ; Fall       ; MAIN:inst8|CS.SRUN0 ;
;  OUT1[0]  ; MAIN:inst8|CS.SRUN0 ; 8.633 ; 8.633 ; Fall       ; MAIN:inst8|CS.SRUN0 ;
;  OUT1[1]  ; MAIN:inst8|CS.SRUN0 ; 8.556 ; 8.556 ; Fall       ; MAIN:inst8|CS.SRUN0 ;
;  OUT1[2]  ; MAIN:inst8|CS.SRUN0 ; 8.695 ; 8.695 ; Fall       ; MAIN:inst8|CS.SRUN0 ;
;  OUT1[3]  ; MAIN:inst8|CS.SRUN0 ; 8.668 ; 8.668 ; Fall       ; MAIN:inst8|CS.SRUN0 ;
;  OUT1[4]  ; MAIN:inst8|CS.SRUN0 ; 8.722 ; 8.722 ; Fall       ; MAIN:inst8|CS.SRUN0 ;
;  OUT1[5]  ; MAIN:inst8|CS.SRUN0 ; 8.621 ; 8.621 ; Fall       ; MAIN:inst8|CS.SRUN0 ;
;  OUT1[6]  ; MAIN:inst8|CS.SRUN0 ; 8.780 ; 8.780 ; Fall       ; MAIN:inst8|CS.SRUN0 ;
; OUT2[*]   ; MAIN:inst8|CS.SRUN0 ; 9.126 ; 9.126 ; Fall       ; MAIN:inst8|CS.SRUN0 ;
;  OUT2[0]  ; MAIN:inst8|CS.SRUN0 ; 9.365 ; 9.365 ; Fall       ; MAIN:inst8|CS.SRUN0 ;
;  OUT2[1]  ; MAIN:inst8|CS.SRUN0 ; 9.988 ; 9.988 ; Fall       ; MAIN:inst8|CS.SRUN0 ;
;  OUT2[2]  ; MAIN:inst8|CS.SRUN0 ; 9.248 ; 9.248 ; Fall       ; MAIN:inst8|CS.SRUN0 ;
;  OUT2[3]  ; MAIN:inst8|CS.SRUN0 ; 9.154 ; 9.154 ; Fall       ; MAIN:inst8|CS.SRUN0 ;
;  OUT2[4]  ; MAIN:inst8|CS.SRUN0 ; 9.185 ; 9.185 ; Fall       ; MAIN:inst8|CS.SRUN0 ;
;  OUT2[5]  ; MAIN:inst8|CS.SRUN0 ; 9.248 ; 9.248 ; Fall       ; MAIN:inst8|CS.SRUN0 ;
;  OUT2[6]  ; MAIN:inst8|CS.SRUN0 ; 9.126 ; 9.126 ; Fall       ; MAIN:inst8|CS.SRUN0 ;
; OUT3[*]   ; MAIN:inst8|CS.SRUN0 ; 9.524 ; 9.524 ; Fall       ; MAIN:inst8|CS.SRUN0 ;
;  OUT3[0]  ; MAIN:inst8|CS.SRUN0 ; 9.553 ; 9.553 ; Fall       ; MAIN:inst8|CS.SRUN0 ;
;  OUT3[1]  ; MAIN:inst8|CS.SRUN0 ; 9.575 ; 9.575 ; Fall       ; MAIN:inst8|CS.SRUN0 ;
;  OUT3[2]  ; MAIN:inst8|CS.SRUN0 ; 9.554 ; 9.554 ; Fall       ; MAIN:inst8|CS.SRUN0 ;
;  OUT3[3]  ; MAIN:inst8|CS.SRUN0 ; 9.524 ; 9.524 ; Fall       ; MAIN:inst8|CS.SRUN0 ;
;  OUT3[4]  ; MAIN:inst8|CS.SRUN0 ; 9.695 ; 9.695 ; Fall       ; MAIN:inst8|CS.SRUN0 ;
;  OUT3[5]  ; MAIN:inst8|CS.SRUN0 ; 9.537 ; 9.537 ; Fall       ; MAIN:inst8|CS.SRUN0 ;
;  OUT3[6]  ; MAIN:inst8|CS.SRUN0 ; 9.541 ; 9.541 ; Fall       ; MAIN:inst8|CS.SRUN0 ;
+-----------+---------------------+-------+-------+------------+---------------------+


+--------------------------------------------------------------+
; Progagation Delay                                            ;
+------------+-------------+--------+--------+--------+--------+
; Input Port ; Output Port ; RR     ; RF     ; FR     ; FF     ;
+------------+-------------+--------+--------+--------+--------+
; SHOW_DIS   ; OUT4[0]     ; 15.730 ; 15.730 ; 15.730 ; 15.730 ;
; SHOW_DIS   ; OUT4[1]     ; 14.748 ; 14.748 ; 14.748 ; 14.748 ;
; SHOW_DIS   ; OUT4[2]     ; 16.337 ; 16.337 ; 16.337 ; 16.337 ;
; SHOW_DIS   ; OUT4[3]     ; 14.834 ; 14.834 ; 14.834 ; 14.834 ;
; SHOW_DIS   ; OUT4[4]     ; 14.861 ; 14.861 ; 14.861 ; 14.861 ;
; SHOW_DIS   ; OUT4[5]     ; 16.711 ; 16.711 ; 16.711 ; 16.711 ;
; SHOW_DIS   ; OUT4[6]     ; 15.171 ; 15.171 ; 15.171 ; 15.171 ;
; SHOW_DIS   ; OUT5[0]     ; 15.301 ; 15.301 ; 15.301 ; 15.301 ;
; SHOW_DIS   ; OUT5[1]     ; 15.935 ; 15.935 ; 15.935 ; 15.935 ;
; SHOW_DIS   ; OUT5[2]     ; 15.141 ; 15.141 ; 15.141 ; 15.141 ;
; SHOW_DIS   ; OUT5[3]     ; 15.406 ; 15.406 ; 15.406 ; 15.406 ;
; SHOW_DIS   ; OUT5[4]     ; 15.180 ; 15.180 ; 15.180 ; 15.180 ;
; SHOW_DIS   ; OUT5[5]     ; 17.492 ; 17.492 ; 17.492 ; 17.492 ;
; SHOW_DIS   ; OUT5[6]     ; 16.589 ; 16.589 ; 16.589 ; 16.589 ;
; SHOW_DIS   ; OUT6[0]     ; 16.713 ; 16.713 ; 16.713 ; 16.713 ;
; SHOW_DIS   ; OUT6[1]     ; 15.501 ; 15.501 ; 15.501 ; 15.501 ;
; SHOW_DIS   ; OUT6[2]     ; 16.088 ; 16.088 ; 16.088 ; 16.088 ;
; SHOW_DIS   ; OUT6[3]     ; 18.014 ; 18.014 ; 18.014 ; 18.014 ;
; SHOW_DIS   ; OUT6[4]     ; 17.779 ; 17.779 ; 17.779 ; 17.779 ;
; SHOW_DIS   ; OUT6[5]     ; 17.667 ; 17.667 ; 17.667 ; 17.667 ;
; SHOW_DIS   ; OUT6[6]     ; 15.903 ; 15.903 ; 15.903 ; 15.903 ;
; SHOW_DIS   ; OUT7[0]     ; 15.850 ; 15.850 ; 15.850 ; 15.850 ;
; SHOW_DIS   ; OUT7[1]     ; 17.138 ; 17.138 ; 17.138 ; 17.138 ;
; SHOW_DIS   ; OUT7[2]     ; 16.268 ; 16.268 ; 16.268 ; 16.268 ;
; SHOW_DIS   ; OUT7[3]     ; 15.779 ; 15.779 ; 15.779 ; 15.779 ;
; SHOW_DIS   ; OUT7[4]     ; 16.002 ; 16.002 ; 16.002 ; 16.002 ;
; SHOW_DIS   ; OUT7[5]     ; 17.429 ; 17.429 ; 17.429 ; 17.429 ;
; SHOW_DIS   ; OUT7[6]     ; 16.996 ; 16.996 ; 16.996 ; 16.996 ;
; SHOW_DIS   ; dot5        ;        ; 8.252  ; 8.252  ;        ;
+------------+-------------+--------+--------+--------+--------+


+----------------------------------------------------------+
; Minimum Progagation Delay                                ;
+------------+-------------+-------+-------+-------+-------+
; Input Port ; Output Port ; RR    ; RF    ; FR    ; FF    ;
+------------+-------------+-------+-------+-------+-------+
; SHOW_DIS   ; OUT4[0]     ; 8.153 ; 8.153 ; 8.153 ; 8.153 ;
; SHOW_DIS   ; OUT4[1]     ; 7.727 ; 7.727 ; 7.727 ; 7.727 ;
; SHOW_DIS   ; OUT4[2]     ; 8.407 ; 8.407 ; 8.407 ; 8.407 ;
; SHOW_DIS   ; OUT4[3]     ; 7.756 ; 7.756 ; 7.756 ; 7.756 ;
; SHOW_DIS   ; OUT4[4]     ; 7.777 ; 7.777 ; 7.777 ; 7.777 ;
; SHOW_DIS   ; OUT4[5]     ; 8.533 ; 8.533 ; 8.533 ; 8.533 ;
; SHOW_DIS   ; OUT4[6]     ; 7.930 ; 7.930 ; 7.930 ; 7.930 ;
; SHOW_DIS   ; OUT5[0]     ; 7.797 ; 7.797 ; 7.797 ; 7.797 ;
; SHOW_DIS   ; OUT5[1]     ; 8.070 ; 8.070 ; 8.070 ; 8.070 ;
; SHOW_DIS   ; OUT5[2]     ; 7.718 ; 7.718 ; 7.718 ; 7.718 ;
; SHOW_DIS   ; OUT5[3]     ; 7.840 ; 7.840 ; 7.840 ; 7.840 ;
; SHOW_DIS   ; OUT5[4]     ; 7.745 ; 7.745 ; 7.745 ; 7.745 ;
; SHOW_DIS   ; OUT5[5]     ; 8.911 ; 8.911 ; 8.911 ; 8.911 ;
; SHOW_DIS   ; OUT5[6]     ; 8.451 ; 8.451 ; 8.451 ; 8.451 ;
; SHOW_DIS   ; OUT6[0]     ; 8.786 ; 8.786 ; 8.786 ; 8.786 ;
; SHOW_DIS   ; OUT6[1]     ; 8.147 ; 8.147 ; 8.147 ; 8.147 ;
; SHOW_DIS   ; OUT6[2]     ; 8.415 ; 8.415 ; 8.415 ; 8.415 ;
; SHOW_DIS   ; OUT6[3]     ; 9.295 ; 9.295 ; 9.295 ; 9.295 ;
; SHOW_DIS   ; OUT6[4]     ; 9.298 ; 9.298 ; 9.298 ; 9.298 ;
; SHOW_DIS   ; OUT6[5]     ; 9.200 ; 9.200 ; 9.200 ; 9.200 ;
; SHOW_DIS   ; OUT6[6]     ; 8.347 ; 8.347 ; 8.347 ; 8.347 ;
; SHOW_DIS   ; OUT7[0]     ; 8.268 ; 8.268 ; 8.268 ; 8.268 ;
; SHOW_DIS   ; OUT7[1]     ; 8.851 ; 8.851 ; 8.851 ; 8.851 ;
; SHOW_DIS   ; OUT7[2]     ; 8.470 ; 8.470 ; 8.470 ; 8.470 ;
; SHOW_DIS   ; OUT7[3]     ; 8.261 ; 8.261 ; 8.261 ; 8.261 ;
; SHOW_DIS   ; OUT7[4]     ; 8.336 ; 8.336 ; 8.336 ; 8.336 ;
; SHOW_DIS   ; OUT7[5]     ; 8.996 ; 8.996 ; 8.996 ; 8.996 ;
; SHOW_DIS   ; OUT7[6]     ; 8.766 ; 8.766 ; 8.766 ; 8.766 ;
; SHOW_DIS   ; dot5        ;       ; 4.714 ; 4.714 ;       ;
+------------+-------------+-------+-------+-------+-------+


+-------------------------------------------------------------------------------------------+
; Setup Transfers                                                                           ;
+---------------------+---------------------+--------------+----------+----------+----------+
; From Clock          ; To Clock            ; RR Paths     ; FR Paths ; RF Paths ; FF Paths ;
+---------------------+---------------------+--------------+----------+----------+----------+
; CLK                 ; CLK                 ; 828          ; 0        ; 0        ; 0        ;
; CT0                 ; CT0                 ; 151          ; 0        ; 0        ; 0        ;
; FD2:inst1|Q1        ; CT0                 ; 49           ; 0        ; 0        ; 0        ;
; MAIN:inst8|CS.SCT0  ; CT0                 ; 151          ; 0        ; 0        ; 0        ;
; MAIN:inst8|CS.SCT1  ; CT0                 ; 151          ; 0        ; 0        ; 0        ;
; CT0                 ; FD2:inst1|Q1        ; 553          ; 0        ; 0        ; 0        ;
; FD2:inst1|Q1        ; FD2:inst1|Q1        ; > 2147483647 ; 0        ; 0        ; 0        ;
; FD:inst|Q1          ; FD2:inst1|Q1        ; 80           ; 0        ; 0        ; 0        ;
; MAIN:inst8|CS.SCT0  ; FD2:inst1|Q1        ; 553          ; 0        ; 0        ; 0        ;
; MAIN:inst8|CS.SCT1  ; FD2:inst1|Q1        ; 553          ; 0        ; 0        ; 0        ;
; MAIN:inst8|CS.SRUN0 ; FD2:inst1|Q1        ; 111          ; 126      ; 0        ; 0        ;
; CT0                 ; FD:inst|Q1          ; 4            ; 4        ; 0        ; 0        ;
; FD:inst|Q1          ; FD:inst|Q1          ; 36           ; 0        ; 0        ; 0        ;
; MAIN:inst8|CS.S1    ; FD:inst|Q1          ; 5            ; 5        ; 0        ; 0        ;
; MAIN:inst8|CS.SCT0  ; FD:inst|Q1          ; 7            ; 7        ; 0        ; 0        ;
; MAIN:inst8|CS.SCT1  ; FD:inst|Q1          ; 7            ; 7        ; 0        ; 0        ;
; MAIN:inst8|CS.SRUN0 ; FD:inst|Q1          ; 1            ; 1        ; 0        ; 0        ;
; FD:inst|Q1          ; MAIN:inst8|CS.S1    ; 0            ; 0        ; 1        ; 0        ;
; CT0                 ; MAIN:inst8|CS.SCT0  ; 159          ; 0        ; 0        ; 0        ;
; FD2:inst1|Q1        ; MAIN:inst8|CS.SCT0  ; 49           ; 0        ; 0        ; 0        ;
; FD:inst|Q1          ; MAIN:inst8|CS.SCT0  ; 9            ; 0        ; 0        ; 0        ;
; MAIN:inst8|CS.SCT0  ; MAIN:inst8|CS.SCT0  ; 159          ; 0        ; 0        ; 0        ;
; MAIN:inst8|CS.SCT1  ; MAIN:inst8|CS.SCT0  ; 167          ; 8        ; 0        ; 0        ;
; CT0                 ; MAIN:inst8|CS.SCT1  ; 159          ; 0        ; 0        ; 0        ;
; FD2:inst1|Q1        ; MAIN:inst8|CS.SCT1  ; 57           ; 0        ; 0        ; 0        ;
; FD:inst|Q1          ; MAIN:inst8|CS.SCT1  ; 9            ; 0        ; 0        ; 0        ;
; MAIN:inst8|CS.SCT0  ; MAIN:inst8|CS.SCT1  ; 167          ; 8        ; 0        ; 0        ;
; MAIN:inst8|CS.SCT1  ; MAIN:inst8|CS.SCT1  ; 159          ; 0        ; 0        ; 0        ;
; FD2:inst1|Q1        ; MAIN:inst8|CS.SRUN0 ; 0            ; 0        ; 105      ; 0        ;
; MAIN:inst8|CS.SRUN0 ; MAIN:inst8|CS.SRUN0 ; 0            ; 0        ; 0        ; 105      ;
+---------------------+---------------------+--------------+----------+----------+----------+
Entries labeled "false path" only account for clock-to-clock false paths and not path-based false paths. As a result, actual path counts may be lower than reported.


+-------------------------------------------------------------------------------------------+
; Hold Transfers                                                                            ;
+---------------------+---------------------+--------------+----------+----------+----------+
; From Clock          ; To Clock            ; RR Paths     ; FR Paths ; RF Paths ; FF Paths ;
+---------------------+---------------------+--------------+----------+----------+----------+
; CLK                 ; CLK                 ; 828          ; 0        ; 0        ; 0        ;
; CT0                 ; CT0                 ; 151          ; 0        ; 0        ; 0        ;
; FD2:inst1|Q1        ; CT0                 ; 49           ; 0        ; 0        ; 0        ;
; MAIN:inst8|CS.SCT0  ; CT0                 ; 151          ; 0        ; 0        ; 0        ;
; MAIN:inst8|CS.SCT1  ; CT0                 ; 151          ; 0        ; 0        ; 0        ;
; CT0                 ; FD2:inst1|Q1        ; 553          ; 0        ; 0        ; 0        ;
; FD2:inst1|Q1        ; FD2:inst1|Q1        ; > 2147483647 ; 0        ; 0        ; 0        ;
; FD:inst|Q1          ; FD2:inst1|Q1        ; 80           ; 0        ; 0        ; 0        ;
; MAIN:inst8|CS.SCT0  ; FD2:inst1|Q1        ; 553          ; 0        ; 0        ; 0        ;
; MAIN:inst8|CS.SCT1  ; FD2:inst1|Q1        ; 553          ; 0        ; 0        ; 0        ;
; MAIN:inst8|CS.SRUN0 ; FD2:inst1|Q1        ; 111          ; 126      ; 0        ; 0        ;
; CT0                 ; FD:inst|Q1          ; 4            ; 4        ; 0        ; 0        ;
; FD:inst|Q1          ; FD:inst|Q1          ; 36           ; 0        ; 0        ; 0        ;
; MAIN:inst8|CS.S1    ; FD:inst|Q1          ; 5            ; 5        ; 0        ; 0        ;
; MAIN:inst8|CS.SCT0  ; FD:inst|Q1          ; 7            ; 7        ; 0        ; 0        ;
; MAIN:inst8|CS.SCT1  ; FD:inst|Q1          ; 7            ; 7        ; 0        ; 0        ;
; MAIN:inst8|CS.SRUN0 ; FD:inst|Q1          ; 1            ; 1        ; 0        ; 0        ;
; FD:inst|Q1          ; MAIN:inst8|CS.S1    ; 0            ; 0        ; 1        ; 0        ;
; CT0                 ; MAIN:inst8|CS.SCT0  ; 159          ; 0        ; 0        ; 0        ;
; FD2:inst1|Q1        ; MAIN:inst8|CS.SCT0  ; 49           ; 0        ; 0        ; 0        ;
; FD:inst|Q1          ; MAIN:inst8|CS.SCT0  ; 9            ; 0        ; 0        ; 0        ;
; MAIN:inst8|CS.SCT0  ; MAIN:inst8|CS.SCT0  ; 159          ; 0        ; 0        ; 0        ;
; MAIN:inst8|CS.SCT1  ; MAIN:inst8|CS.SCT0  ; 167          ; 8        ; 0        ; 0        ;
; CT0                 ; MAIN:inst8|CS.SCT1  ; 159          ; 0        ; 0        ; 0        ;
; FD2:inst1|Q1        ; MAIN:inst8|CS.SCT1  ; 57           ; 0        ; 0        ; 0        ;
; FD:inst|Q1          ; MAIN:inst8|CS.SCT1  ; 9            ; 0        ; 0        ; 0        ;
; MAIN:inst8|CS.SCT0  ; MAIN:inst8|CS.SCT1  ; 167          ; 8        ; 0        ; 0        ;
; MAIN:inst8|CS.SCT1  ; MAIN:inst8|CS.SCT1  ; 159          ; 0        ; 0        ; 0        ;
; FD2:inst1|Q1        ; MAIN:inst8|CS.SRUN0 ; 0            ; 0        ; 105      ; 0        ;
; MAIN:inst8|CS.SRUN0 ; MAIN:inst8|CS.SRUN0 ; 0            ; 0        ; 0        ; 105      ;
+---------------------+---------------------+--------------+----------+----------+----------+
Entries labeled "false path" only account for clock-to-clock false paths and not path-based false paths. As a result, actual path counts may be lower than reported.


+---------------------------------------------------------------------------------------+
; Recovery Transfers                                                                    ;
+---------------------+---------------------+----------+----------+----------+----------+
; From Clock          ; To Clock            ; RR Paths ; FR Paths ; RF Paths ; FF Paths ;
+---------------------+---------------------+----------+----------+----------+----------+
; MAIN:inst8|CS.SRUN0 ; FD2:inst1|Q1        ; 49       ; 49       ; 0        ; 0        ;
; MAIN:inst8|CS.SCT0  ; FD:inst|Q1          ; 1        ; 1        ; 0        ; 0        ;
; MAIN:inst8|CS.SCT1  ; FD:inst|Q1          ; 1        ; 1        ; 0        ; 0        ;
; MAIN:inst8|CS.S1    ; MAIN:inst8|CS.SRUN0 ; 0        ; 0        ; 0        ; 14       ;
+---------------------+---------------------+----------+----------+----------+----------+
Entries labeled "false path" only account for clock-to-clock false paths and not path-based false paths. As a result, actual path counts may be lower than reported.


+---------------------------------------------------------------------------------------+
; Removal Transfers                                                                     ;
+---------------------+---------------------+----------+----------+----------+----------+
; From Clock          ; To Clock            ; RR Paths ; FR Paths ; RF Paths ; FF Paths ;
+---------------------+---------------------+----------+----------+----------+----------+
; MAIN:inst8|CS.SRUN0 ; FD2:inst1|Q1        ; 49       ; 49       ; 0        ; 0        ;
; MAIN:inst8|CS.SCT0  ; FD:inst|Q1          ; 1        ; 1        ; 0        ; 0        ;
; MAIN:inst8|CS.SCT1  ; FD:inst|Q1          ; 1        ; 1        ; 0        ; 0        ;
; MAIN:inst8|CS.S1    ; MAIN:inst8|CS.SRUN0 ; 0        ; 0        ; 0        ; 14       ;
+---------------------+---------------------+----------+----------+----------+----------+
Entries labeled "false path" only account for clock-to-clock false paths and not path-based false paths. As a result, actual path counts may be lower than reported.


---------------
; Report TCCS ;
---------------
No dedicated SERDES Transmitter circuitry present in device or used in design


---------------
; Report RSKM ;
---------------
No dedicated SERDES Receiver circuitry present in device or used in design


+------------------------------------------------+
; Unconstrained Paths                            ;
+---------------------------------+-------+------+
; Property                        ; Setup ; Hold ;
+---------------------------------+-------+------+
; Illegal Clocks                  ; 0     ; 0    ;
; Unconstrained Clocks            ; 0     ; 0    ;
; Unconstrained Input Ports       ; 11    ; 11   ;
; Unconstrained Input Port Paths  ; 270   ; 270  ;
; Unconstrained Output Ports      ; 58    ; 58   ;
; Unconstrained Output Port Paths ; 849   ; 849  ;
+---------------------------------+-------+------+


+------------------------------------+
; TimeQuest Timing Analyzer Messages ;
+------------------------------------+
Info: *******************************************************************
Info: Running Quartus II 64-Bit TimeQuest Timing Analyzer
    Info: Version 13.0.1 Build 232 06/12/2013 Service Pack 1 SJ Web Edition
    Info: Processing started: Sun Apr 20 19:51:17 2025
Info: Command: quartus_sta taxi -c taxi
Info: qsta_default_script.tcl version: #1
Warning (20028): Parallel compilation is not licensed and has been disabled
Info (21077): Low junction temperature is 0 degrees C
Info (21077): High junction temperature is 85 degrees C
Warning (335093): TimeQuest Timing Analyzer is analyzing 29 combinational loops as latches.
Critical Warning (332012): Synopsys Design Constraints File file not found: 'taxi.sdc'. A Synopsys Design Constraints File is required by the TimeQuest Timing Analyzer to get proper timing constraints. Without it, the Compiler will not properly optimize the design.
Info (332142): No user constrained base clocks found in the design. Calling "derive_clocks -period 1.0"
Info (332105): Deriving Clocks
    Info (332105): create_clock -period 1.000 -name MAIN:inst8|CS.SRUN0 MAIN:inst8|CS.SRUN0
    Info (332105): create_clock -period 1.000 -name FD2:inst1|Q1 FD2:inst1|Q1
    Info (332105): create_clock -period 1.000 -name FD:inst|Q1 FD:inst|Q1
    Info (332105): create_clock -period 1.000 -name CLK CLK
    Info (332105): create_clock -period 1.000 -name CT0 CT0
    Info (332105): create_clock -period 1.000 -name MAIN:inst8|CS.SCT1 MAIN:inst8|CS.SCT1
    Info (332105): create_clock -period 1.000 -name MAIN:inst8|CS.SCT0 MAIN:inst8|CS.SCT0
    Info (332105): create_clock -period 1.000 -name MAIN:inst8|CS.S1 MAIN:inst8|CS.S1
Info (332097): The following timing edges are non-unate.  TimeQuest will assume pos-unate behavior for these edges in the clock network.
    Info (332098): Cell: inst3|MCLK  from: datac  to: combout
    Info (332098): Cell: inst4|MCLK  from: datac  to: combout
Info: Found TIMEQUEST_REPORT_SCRIPT_INCLUDE_DEFAULT_ANALYSIS = ON
Info: Analyzing Slow Model
Critical Warning (332148): Timing requirements not met
Info (332146): Worst-case setup slack is -68.168
    Info (332119):     Slack End Point TNS Clock 
    Info (332119): ========= ============= =====================
    Info (332119):   -68.168     -1641.460 FD2:inst1|Q1 
    Info (332119):    -6.141       -96.506 MAIN:inst8|CS.SCT1 
    Info (332119):    -6.040       -93.960 MAIN:inst8|CS.SCT0 
    Info (332119):    -4.706      -106.210 CLK 
    Info (332119):    -2.941       -17.489 CT0 
    Info (332119):    -2.196        -2.196 MAIN:inst8|CS.S1 
    Info (332119):    -1.511        -6.228 FD:inst|Q1 
    Info (332119):    -1.358       -11.535 MAIN:inst8|CS.SRUN0 
Info (332146): Worst-case hold slack is -6.023
    Info (332119):     Slack End Point TNS Clock 
    Info (332119): ========= ============= =====================
    Info (332119):    -6.023       -53.430 MAIN:inst8|CS.SCT0 
    Info (332119):    -5.779       -48.114 MAIN:inst8|CS.SCT1 
    Info (332119):    -3.929       -51.095 CT0 
    Info (332119):    -2.261       -14.063 FD:inst|Q1 
    Info (332119):    -1.084       -32.524 FD2:inst1|Q1 
    Info (332119):    -0.620        -5.157 MAIN:inst8|CS.SRUN0 
    Info (332119):     0.538         0.000 CLK 
    Info (332119):     2.224         0.000 MAIN:inst8|CS.S1 
Info (332146): Worst-case recovery slack is 1.530
    Info (332119):     Slack End Point TNS Clock 
    Info (332119): ========= ============= =====================
    Info (332119):     1.530         0.000 FD:inst|Q1 
    Info (332119):     1.607         0.000 FD2:inst1|Q1 
    Info (332119):     3.586         0.000 MAIN:inst8|CS.SRUN0 
Info (332146): Worst-case removal slack is -2.816
    Info (332119):     Slack End Point TNS Clock 
    Info (332119): ========= ============= =====================
    Info (332119):    -2.816       -39.424 MAIN:inst8|CS.SRUN0 
    Info (332119):    -1.721       -79.661 FD2:inst1|Q1 
    Info (332119):    -1.294        -1.294 FD:inst|Q1 
Info (332146): Worst-case minimum pulse width slack is -1.380
    Info (332119):     Slack End Point TNS Clock 
    Info (332119): ========= ============= =====================
    Info (332119):    -1.380       -25.380 CLK 
    Info (332119):    -1.222       -18.222 CT0 
    Info (332119):    -0.500       -89.000 FD2:inst1|Q1 
    Info (332119):    -0.500       -17.000 FD:inst|Q1 
    Info (332119):    -0.500       -17.000 MAIN:inst8|CS.SCT0 
    Info (332119):    -0.500       -17.000 MAIN:inst8|CS.SCT1 
    Info (332119):    -0.500       -14.000 MAIN:inst8|CS.SRUN0 
    Info (332119):     0.500         0.000 MAIN:inst8|CS.S1 
Info (332001): The selected device family is not supported by the report_metastability command.
Info: Analyzing Fast Model
Info (332097): The following timing edges are non-unate.  TimeQuest will assume pos-unate behavior for these edges in the clock network.
    Info (332098): Cell: inst3|MCLK  from: datac  to: combout
    Info (332098): Cell: inst4|MCLK  from: datac  to: combout
Critical Warning (332148): Timing requirements not met
Info (332146): Worst-case setup slack is -30.854
    Info (332119):     Slack End Point TNS Clock 
    Info (332119): ========= ============= =====================
    Info (332119):   -30.854      -700.773 FD2:inst1|Q1 
    Info (332119):    -2.944       -38.042 MAIN:inst8|CS.SCT1 
    Info (332119):    -2.882       -35.859 MAIN:inst8|CS.SCT0 
    Info (332119):    -1.506       -33.119 CLK 
    Info (332119):    -1.199        -2.006 CT0 
    Info (332119):    -0.865        -0.865 MAIN:inst8|CS.S1 
    Info (332119):    -0.476        -0.932 FD:inst|Q1 
    Info (332119):    -0.096        -0.183 MAIN:inst8|CS.SRUN0 
Info (332146): Worst-case hold slack is -3.279
    Info (332119):     Slack End Point TNS Clock 
    Info (332119): ========= ============= =====================
    Info (332119):    -3.279       -27.940 MAIN:inst8|CS.SCT0 
    Info (332119):    -3.091       -24.930 MAIN:inst8|CS.SCT1 
    Info (332119):    -2.008       -27.055 CT0 
    Info (332119):    -1.495       -10.361 FD:inst|Q1 
    Info (332119):    -0.891       -43.168 FD2:inst1|Q1 
    Info (332119):    -0.073        -0.342 MAIN:inst8|CS.SRUN0 
    Info (332119):     0.247         0.000 CLK 
    Info (332119):     1.467         0.000 MAIN:inst8|CS.S1 
Info (332146): Worst-case recovery slack is 1.065
    Info (332119):     Slack End Point TNS Clock 
    Info (332119): ========= ============= =====================
    Info (332119):     1.065         0.000 FD2:inst1|Q1 
    Info (332119):     1.311         0.000 FD:inst|Q1 
    Info (332119):     2.679         0.000 MAIN:inst8|CS.SRUN0 
Info (332146): Worst-case removal slack is -1.799
    Info (332119):     Slack End Point TNS Clock 
    Info (332119): ========= ============= =====================
    Info (332119):    -1.799       -25.186 MAIN:inst8|CS.SRUN0 
    Info (332119):    -0.936        -0.936 FD:inst|Q1 
    Info (332119):    -0.857       -39.942 FD2:inst1|Q1 
Info (332146): Worst-case minimum pulse width slack is -1.380
    Info (332119):     Slack End Point TNS Clock 
    Info (332119): ========= ============= =====================
    Info (332119):    -1.380       -25.380 CLK 
    Info (332119):    -1.222       -18.222 CT0 
    Info (332119):    -0.500       -89.000 FD2:inst1|Q1 
    Info (332119):    -0.500       -17.000 FD:inst|Q1 
    Info (332119):    -0.500       -17.000 MAIN:inst8|CS.SCT0 
    Info (332119):    -0.500       -17.000 MAIN:inst8|CS.SCT1 
    Info (332119):    -0.500       -14.000 MAIN:inst8|CS.SRUN0 
    Info (332119):     0.500         0.000 MAIN:inst8|CS.S1 
Info (332001): The selected device family is not supported by the report_metastability command.
Info (332102): Design is not fully constrained for setup requirements
Info (332102): Design is not fully constrained for hold requirements
Info: Quartus II 64-Bit TimeQuest Timing Analyzer was successful. 0 errors, 5 warnings
    Info: Peak virtual memory: 4675 megabytes
    Info: Processing ended: Sun Apr 20 19:51:20 2025
    Info: Elapsed time: 00:00:03
    Info: Total CPU time (on all processors): 00:00:03


